id,source,template_id,variety,indicator_name,indicator_title,risk_level,risk_category,conflict_type,conflict_reason,blacklist_id,blacklist_rule_name,matched_name,verify_status,is_duplicate,duplicate_of,root_cause_category,root_cause_explanation,fix_option_1,fix_option_2,fix_option_3,primary_fix,fix_cost,fix_priority,can_automate,requires_manual,recommended_fix,gate_blocking,can_whitelist,whitelist_condition,gate_status,release_condition,unhit_reason,unhit_fix_feasibility,unhit_recommended_action,miss_gate_blocking,v86_fix_priority,miss_root_cause,miss_candidate_rule,miss_replay_result,miss_recommendation
RISK-001,PDF,TPL-AL-013,AL,LME主要仓库场内库存,LME主要仓库场内库存,P0,库存口径,互斥,场内库存与非仓单库存互斥,BL-005,场内库存与非仓单库存互斥,LME：非仓单库存：欧洲（日）,,NO,,A,模糊匹配算法缺陷：'场内库存'（注册仓单/期货库存）被错误匹配到'非仓单库存'（现货库存）。二者虽同为库存概念但统计口径完全互斥,方案1：BL-005已覆盖，需检查匹配算法是否因'库存'子串匹配导致误匹配。增加'场内'/'非仓单'的显式区分。,方案2：建立'场内库存'、'非仓单库存'的明确别名映射，区分LME主要仓库场内库存与非仓单库存。,方案3：PDF模板'LME主要仓库场内库存'名称清晰，无需修改。,rule_optimize,低,P0,是,否,方案1（黑名单已覆盖）+ 方案2（别名映射确认）,YES,NO,必须修复后上线,BLOCKED,别名映射表+黑名单修复+回放测试通过,N/A,N/A,N/A,N/A,N/A,,,,
RISK-002,PDF,TPL-LC-054,LC,碳酸锂 三元523需求,碳酸锂 三元523需求,P0,经济口径,口径冲突,利润与需求口径冲突,BL-009,利润与需求互斥,SMM: 碳酸锂现金生产利润: 外购三元极片黑粉（Li: 5.5%-6.5%）:,,NO,,A,模糊匹配算法缺陷：'需求'（三元523需求）被匹配到'利润'（碳酸锂现金生产利润）。二者虽同属碳酸锂产业链，但经济含义完全不同,方案1：BL-009已覆盖，需检查匹配算法是否因'碳酸锂'前缀匹配导致误匹配。增加'需求'/'利润'的显式区分。,方案2：建立'碳酸锂需求'、'碳酸锂利润'的明确别名映射，限制匹配仅在语义一致范围内。,方案3：PDF模板'碳酸锂 三元523需求'名称清晰，无需修改。,rule_optimize,低,P0,是,否,方案1（黑名单已覆盖）+ 方案2（别名映射确认）,YES,NO,必须修复后上线,BLOCKED,别名映射表+黑名单修复+回放测试通过,,,,YES,P0-高优先,匹配方向性缺失,BL-009a,新增TP: 1条（RISK-002正确拦截） | 新增FP: 0条（BL-009a仅匹配需求→利润反向组合，在488模板中无其他类似组合） | 回归风险: 低（方向性与BL-009对称，不引入新语义冲突） | 建议: confirmed_new,confirmed_new
RISK-003,PDF,TPL-LC-084,LC,其他电池(磷酸铁锂) 销量,其他电池(磷酸铁锂) 销量,P0,供需口径,互斥,销量与产量互斥,BL-003,销量与产量互斥,SMM: 境内其他电池产量: 月度,,NO,,A,模糊匹配算法缺陷：'产量'（production）与'销量'（sales volume）被错误匹配。二者虽同属供需指标但统计口径不同（生产端 vs 销售端）,方案1：BL-002/BL-003已覆盖，需检查匹配算法是否因品种/品类前缀（如'新能源乘用车'、'其他电池'）匹配导致误匹配。,方案2：建立'新能源乘用车产量'、'其他电池销量'等品类+口径的明确别名映射。,方案3：PDF模板'新能源乘用车 产量'、'其他电池(磷酸铁锂) 销量'名称清晰，无需修改。,rule_optimize,低,P0,是,否,方案1（黑名单已覆盖）+ 方案2（别名映射确认）,YES,NO,必须修复后上线,BLOCKED,别名映射表+黑名单修复+回放测试通过,N/A,N/A,N/A,N/A,N/A,,,,
RISK-004,PDF,TPL-LC-086,LC,其他电池(磷酸铁锂) 销量,其他电池(磷酸铁锂) 销量,P0,供需口径,互斥,销量与产量互斥,BL-003,销量与产量互斥,SMM: 境内其他电池产量: 月度,,YES,PDF:TPL-LC-084,,,,,,,,,,,,YES,NO,必须修复后上线,DUP_OF_PDF:TPL-LC-084,别名映射表+黑名单修复+回放测试通过,N/A,N/A,N/A,N/A,N/A,,,,
RISK-005,PDF,TPL-LC-087,LC,磷酸铁锂 电池 国内销量,磷酸铁锂 电池 国内销量,P0,贸易口径,互斥,国内销量与出口互斥(反向),BL-015,国内销量与出口互斥(反向),,,NO,,C,上游数据源问题：PDF模板'磷酸铁锂 电池 国内销量'被BL-015（国内销量与出口互斥）触发，但matched_name为空。推测PDF模板原始周报可能在同一图表/章节中同时提及'国内销量'与'出口'，导致算法无法判断该指标究竟属于哪一口径,方案1：黑名单BL-015已覆盖，但根因在于PDF模板的内容描述模糊。无法仅通过黑名单规则解决。,方案2：对'磷酸铁锂 电池 国内销量'建立人工别名映射，明确该指标仅对应国内销量数据源。,方案3：建议PDF周报上游修改：将'磷酸铁锂 电池 国内销量'模板明确标注为'国内销量'口径，避免与出口数据混用。,source_fix,高,P0,否,是,方案3（上游修正）优先，方案2（别名映射）兜底,YES,YES,人工确认TPL-LC-087国内销量口径正确,CONDITIONAL_PASS,人工白名单确认后放行,数据缺失,无法通过规则修复,上游数据修复或白名单放行,N/A,P2-低优先（需上游数据修复）,,,,
RISK-006,PDF,TPL-LC-091,LC,新能源乘用车 产量,新能源乘用车 产量,P0,供需口径,互斥,产量与销量互斥,BL-002,产量与销量互斥,SMM: 国产乘用车销量-新能源汽车: 周度,,NO,,A,模糊匹配算法缺陷：'产量'（production）与'销量'（sales volume）被错误匹配。二者虽同属供需指标但统计口径不同（生产端 vs 销售端）,方案1：BL-002/BL-003已覆盖，需检查匹配算法是否因品种/品类前缀（如'新能源乘用车'、'其他电池'）匹配导致误匹配。,方案2：建立'新能源乘用车产量'、'其他电池销量'等品类+口径的明确别名映射。,方案3：PDF模板'新能源乘用车 产量'、'其他电池(磷酸铁锂) 销量'名称清晰，无需修改。,rule_optimize,低,P0,是,否,方案1（黑名单已覆盖）+ 方案2（别名映射确认）,YES,NO,必须修复后上线,BLOCKED,别名映射表+黑名单修复+回放测试通过,N/A,N/A,N/A,N/A,N/A,,,,
RISK-007,PDF,TPL-LC-092,LC,新能源乘用车 产量,新能源乘用车 产量,P0,供需口径,互斥,产量与销量互斥,BL-002,产量与销量互斥,SMM: 国产乘用车销量-新能源汽车: 周度,,YES,PDF:TPL-LC-091,,,,,,,,,,,,YES,NO,必须修复后上线,DUP_OF_PDF:TPL-LC-091,别名映射表+黑名单修复+回放测试通过,N/A,N/A,N/A,N/A,N/A,,,,
RISK-008,PDF,TPL-LC-099,LC,其他电池(磷酸铁锂) 销量,其他电池(磷酸铁锂) 销量,P0,供需口径,互斥,销量与产量互斥,BL-003,销量与产量互斥,SMM: 境内其他电池产量: 月度,,YES,PDF:TPL-LC-084,,,,,,,,,,,,YES,NO,必须修复后上线,DUP_OF_PDF:TPL-LC-084,别名映射表+黑名单修复+回放测试通过,N/A,N/A,N/A,N/A,N/A,,,,
RISK-009,PDF,TPL-LC-100,LC,磷酸铁锂 电池 国内销量,磷酸铁锂 电池 国内销量,P0,贸易口径,互斥,国内销量与出口互斥(反向),BL-015,国内销量与出口互斥(反向),,,YES,PDF:TPL-LC-087,,,,,,,,,,,,YES,NO,必须修复后上线,DUP_OF_PDF:TPL-LC-087,别名映射表+黑名单修复+回放测试通过,N/A,N/A,N/A,N/A,N/A,,,,
RISK-010,PDF,TPL-NI-008,NI,中国电解镍净进口量,中国电解镍净进口量,P0,品种口径,跨品种,镍与铜跨品种禁止,BL-022,镍与铜跨品种禁止,,,NO,,A,模糊匹配算法缺陷：镍系指标被错误匹配到铜系数据。'镍'与'铜'在TC（加工费）、持仓、库存等通用金融指标术语上高度相似，算法未有效区分品种前缀,方案1：BL-022已覆盖，但需加强匹配算法中的品种前置过滤——当检测到'镍'/'铜'等品种关键词时，强制约束匹配目标品种一致。,方案2：建立金属品种别名映射表，将'镍精矿TC'、'COMEX镍持仓'等明确映射至镍系指标池，排除铜系匹配。,方案3：PDF模板'中国电解镍净进口量'名称清晰；THS模板如'COMEX镍持仓量（手）'也明确标注品种。建议无需修改。,rule_optimize,中,P0,是,否,优先方案2（别名映射）+ 方案1（黑名单加强）,YES,NO,必须修复后上线,BLOCKED,别名映射表+黑名单修复+回放测试通过,,,,YES,P2-低优先,数据缺失,NOT_FIXABLE_BL-022,新增TP: 0条（无匹配数据，规则无法触发） | 新增FP: 0条 | 回归风险: N/A | 建议: not_recommended（无法通过规则修复）,not_recommended
RISK-011,PDF,TPL-SI-014,SI,工业硅样本工厂库存(SMM),工业硅样本工厂库存(SMM),P0,品种口径,跨品种,硅与苯乙烯跨品种禁止,BL-020,硅与苯乙烯跨品种禁止,,,NO,,A,模糊匹配算法缺陷：工业硅指标被错误匹配到苯乙烯相关数据，二者完全属于不同品种,方案1：黑名单BL-020已覆盖，但需检查匹配算法是否因'硅'子串匹配导致误匹配。建议增加负向过滤：当匹配目标包含'苯乙烯'时强制拒绝。,方案2：建立品种隔离别名表，确保'工业硅'、'多晶硅'等仅匹配至硅系指标，排除'苯乙烯'等化工品。,方案3：PDF模板中'工业硅样本工厂库存(SMM)'的(SMM)后缀可能被算法误解为品种标识。建议在PDF模板中移除数据源标注或改用标准格式。,rule_optimize,中,P0,是,否,优先方案2（别名映射）+ 方案1（黑名单补充）,YES,NO,必须修复后上线,BLOCKED,别名映射表+黑名单修复+回放测试通过,,,,YES,P2-低优先,数据缺失,NOT_FIXABLE_BL-020,新增TP: 0条（无匹配数据，规则无法触发） | 新增FP: 0条 | 回归风险: N/A | 建议: not_recommended（无法通过规则修复）,not_recommended
RISK-012,PDF,TPL-SI-017,SI,工业硅样本工厂库存(SMM),工业硅样本工厂库存(SMM),P0,品种口径,跨品种,硅与苯乙烯跨品种禁止,BL-020,硅与苯乙烯跨品种禁止,,,YES,PDF:TPL-SI-014,,,,,,,,,,,,YES,NO,必须修复后上线,DUP_OF_PDF:TPL-SI-014,别名映射表+黑名单修复+回放测试通过,N/A,N/A,N/A,N/A,N/A,,,,
RISK-013,PDF,TPL-SI-019,SI,工业硅供需平衡,工业硅供需平衡,P0,品种口径,跨品种,硅与黄金跨品种禁止,BL-021,硅与黄金跨品种禁止,,,NO,,A,模糊匹配算法缺陷：工业硅供需平衡被错误匹配到黄金相关数据，BL-021修复版已排除'金'子串误匹配，但仍有残留匹配路径,方案1：BL-021已修复'金'→'黄金'，需继续排查残留匹配路径，增加'供需平衡'组合词的正向约束。,方案2：建立品种-指标白名单，'工业硅供需平衡'仅允许匹配至硅系供需指标。,方案3：PDF模板'工业硅供需平衡'名称清晰，无需修改。,rule_optimize,低,P0,是,否,方案1（黑名单已修复）+ 方案2（别名映射补充）,YES,NO,必须修复后上线,BLOCKED,别名映射表+黑名单修复+回放测试通过,,,,YES,P2-低优先,数据缺失,NOT_FIXABLE_BL-021,新增TP: 0条（无匹配数据，规则无法触发） | 新增FP: 0条 | 回归风险: N/A | 建议: not_recommended（无法通过规则修复）,not_recommended
RISK-014,THS,THS-NI-2.3,NI,COMEX镍持仓量（手）,COMEX镍持仓量（手）,P0,品种口径,跨品种,BL-022(镍与铜跨品种禁止),BL-022,镍与铜跨品种禁止,COMEX：铜：主力合约：持仓量（日）,FILLED,NO,,A,模糊匹配算法缺陷：镍系指标被错误匹配到铜系数据。'镍'与'铜'在TC（加工费）、持仓、库存等通用金融指标术语上高度相似，算法未有效区分品种前缀,方案1：BL-022已覆盖，但需加强匹配算法中的品种前置过滤——当检测到'镍'/'铜'等品种关键词时，强制约束匹配目标品种一致。,方案2：建立金属品种别名映射表，将'镍精矿TC'、'COMEX镍持仓'等明确映射至镍系指标池，排除铜系匹配。,方案3：PDF模板'中国电解镍净进口量'名称清晰；THS模板如'COMEX镍持仓量（手）'也明确标注品种。建议无需修改。,rule_optimize,中,P0,是,否,优先方案2（别名映射）+ 方案1（黑名单加强）,YES,NO,必须修复后上线,BLOCKED,别名映射表+黑名单修复+回放测试通过,N/A,N/A,N/A,N/A,N/A,,,,
RISK-015,THS,THS-NI-2.3,NI,LME镍现金价格（美元/吨）、LME镍3个月期货价格（美元/吨）、现金-3个月月差（美元/吨）,LME镍现金价格（美元/吨）、LME镍3个月期货价格（美元/吨）、现金-3个月月差（美元/吨）,P0,品种口径,跨品种,BL-022(镍与铜跨品种禁止),BL-022,镍与铜跨品种禁止,LME：铜：期货价格：全球（月）,VALID,NO,,A,模糊匹配算法缺陷：镍系指标被错误匹配到铜系数据。'镍'与'铜'在TC（加工费）、持仓、库存等通用金融指标术语上高度相似，算法未有效区分品种前缀,方案1：BL-022已覆盖，但需加强匹配算法中的品种前置过滤——当检测到'镍'/'铜'等品种关键词时，强制约束匹配目标品种一致。,方案2：建立金属品种别名映射表，将'镍精矿TC'、'COMEX镍持仓'等明确映射至镍系指标池，排除铜系匹配。,方案3：PDF模板'中国电解镍净进口量'名称清晰；THS模板如'COMEX镍持仓量（手）'也明确标注品种。建议无需修改。,rule_optimize,中,P0,是,否,优先方案2（别名映射）+ 方案1（黑名单加强）,YES,NO,必须修复后上线,BLOCKED,别名映射表+黑名单修复+回放测试通过,N/A,N/A,N/A,N/A,N/A,,,,
RISK-016,THS,THS-NI-3.1,NI,印尼镍精矿TC（美元/吨干矿）,印尼镍精矿TC（美元/吨干矿）,P0,品种口径,跨品种,BL-022(镍与铜跨品种禁止),BL-022,镍与铜跨品种禁止,铜精矿：长单TC价（年）,VALID,NO,,A,模糊匹配算法缺陷：镍系指标被错误匹配到铜系数据。'镍'与'铜'在TC（加工费）、持仓、库存等通用金融指标术语上高度相似，算法未有效区分品种前缀,方案1：BL-022已覆盖，但需加强匹配算法中的品种前置过滤——当检测到'镍'/'铜'等品种关键词时，强制约束匹配目标品种一致。,方案2：建立金属品种别名映射表，将'镍精矿TC'、'COMEX镍持仓'等明确映射至镍系指标池，排除铜系匹配。,方案3：PDF模板'中国电解镍净进口量'名称清晰；THS模板如'COMEX镍持仓量（手）'也明确标注品种。建议无需修改。,rule_optimize,中,P0,是,否,优先方案2（别名映射）+ 方案1（黑名单加强）,YES,NO,必须修复后上线,BLOCKED,别名映射表+黑名单修复+回放测试通过,N/A,N/A,N/A,N/A,N/A,,,,
RISK-017,THS,THS-NI-3.1,NI,菲律宾镍精矿TC（美元/吨干矿）,菲律宾镍精矿TC（美元/吨干矿）,P0,品种口径,跨品种,BL-022(镍与铜跨品种禁止),BL-022,镍与铜跨品种禁止,铜精矿：长单TC价（年）,VALID,NO,,A,模糊匹配算法缺陷：镍系指标被错误匹配到铜系数据。'镍'与'铜'在TC（加工费）、持仓、库存等通用金融指标术语上高度相似，算法未有效区分品种前缀,方案1：BL-022已覆盖，但需加强匹配算法中的品种前置过滤——当检测到'镍'/'铜'等品种关键词时，强制约束匹配目标品种一致。,方案2：建立金属品种别名映射表，将'镍精矿TC'、'COMEX镍持仓'等明确映射至镍系指标池，排除铜系匹配。,方案3：PDF模板'中国电解镍净进口量'名称清晰；THS模板如'COMEX镍持仓量（手）'也明确标注品种。建议无需修改。,rule_optimize,中,P0,是,否,优先方案2（别名映射）+ 方案1（黑名单加强）,YES,NO,必须修复后上线,BLOCKED,别名映射表+黑名单修复+回放测试通过,N/A,N/A,N/A,N/A,N/A,,,,
RISK-018,THS,THS-NI-3.1.5,NI,印尼镍精矿TC（美元/吨干矿）,印尼镍精矿TC（美元/吨干矿）,P0,品种口径,跨品种,BL-022(镍与铜跨品种禁止),BL-022,镍与铜跨品种禁止,铜精矿：长单TC价（年）,VALID,YES,THS:THS-NI-3.1,,,,,,,,,,,,YES,NO,必须修复后上线,DUP_OF_THS:THS-NI-3.1,别名映射表+黑名单修复+回放测试通过,N/A,N/A,N/A,N/A,N/A,,,,
RISK-019,THS,THS-NI-3.1.5,NI,菲律宾镍精矿TC（美元/吨干矿）,菲律宾镍精矿TC（美元/吨干矿）,P0,品种口径,跨品种,BL-022(镍与铜跨品种禁止),BL-022,镍与铜跨品种禁止,铜精矿：长单TC价（年）,VALID,YES,THS:THS-NI-3.1,,,,,,,,,,,,YES,NO,必须修复后上线,DUP_OF_THS:THS-NI-3.1,别名映射表+黑名单修复+回放测试通过,N/A,N/A,N/A,N/A,N/A,,,,
RISK-020,THS,THS-NI-4.4,NI,Mysteel镍精矿TC、Mysteel镍厂库存总量,Mysteel镍精矿TC、Mysteel镍厂库存总量,P0,品种口径,跨品种,BL-022(镍与铜跨品种禁止),BL-022,镍与铜跨品种禁止,铜精矿：长单TC价（年）,VALID,NO,,A,模糊匹配算法缺陷：镍系指标被错误匹配到铜系数据。'镍'与'铜'在TC（加工费）、持仓、库存等通用金融指标术语上高度相似，算法未有效区分品种前缀,方案1：BL-022已覆盖，但需加强匹配算法中的品种前置过滤——当检测到'镍'/'铜'等品种关键词时，强制约束匹配目标品种一致。,方案2：建立金属品种别名映射表，将'镍精矿TC'、'COMEX镍持仓'等明确映射至镍系指标池，排除铜系匹配。,方案3：PDF模板'中国电解镍净进口量'名称清晰；THS模板如'COMEX镍持仓量（手）'也明确标注品种。建议无需修改。,rule_optimize,中,P0,是,否,优先方案2（别名映射）+ 方案1（黑名单加强）,YES,NO,必须修复后上线,BLOCKED,别名映射表+黑名单修复+回放测试通过,N/A,N/A,N/A,N/A,N/A,,,,
RISK-021,THS,THS-NI-4.5,NI,Mysteel镍精矿TC、Mysteel中国精炼镍在途库存,Mysteel镍精矿TC、Mysteel中国精炼镍在途库存,P0,品种口径,跨品种,BL-022(镍与铜跨品种禁止),BL-022,镍与铜跨品种禁止,铜精矿：长单TC价（年）,VALID,NO,,A,模糊匹配算法缺陷：镍系指标被错误匹配到铜系数据。'镍'与'铜'在TC（加工费）、持仓、库存等通用金融指标术语上高度相似，算法未有效区分品种前缀,方案1：BL-022已覆盖，但需加强匹配算法中的品种前置过滤——当检测到'镍'/'铜'等品种关键词时，强制约束匹配目标品种一致。,方案2：建立金属品种别名映射表，将'镍精矿TC'、'COMEX镍持仓'等明确映射至镍系指标池，排除铜系匹配。,方案3：PDF模板'中国电解镍净进口量'名称清晰；THS模板如'COMEX镍持仓量（手）'也明确标注品种。建议无需修改。,rule_optimize,中,P0,是,否,优先方案2（别名映射）+ 方案1（黑名单加强）,YES,NO,必须修复后上线,BLOCKED,别名映射表+黑名单修复+回放测试通过,N/A,N/A,N/A,N/A,N/A,,,,
RISK-022,THS,THS-SI-3.1.3,SI,国内硅矿月加工费TC（元/吨）,国内硅矿月加工费TC（元/吨）,P0,品种口径,跨品种,BL-019(硅与铜跨品种禁止),BL-019,硅与铜跨品种禁止,铜管：H62：加工费：安徽（月）,VALID,NO,,A,模糊匹配算法缺陷：硅矿加工费TC被匹配到铜管加工费。'加工费'和'TC'是跨金属通用术语，算法未区分金属品种,方案1：BL-019已覆盖，但需增加'加工费'+'TC'的组合品种约束——当出现'加工费'术语时，必须品种一致。,方案2：建立'硅-加工费'、'铜-加工费'等品种+术语组合的强绑定映射表。,方案3：THS模板'国内硅矿月加工费TC（元/吨）'名称清晰，无需修改。,rule_optimize,中,P0,是,否,优先方案2（别名映射）+ 方案1（黑名单补充）,YES,NO,必须修复后上线,BLOCKED,别名映射表+黑名单修复+回放测试通过,N/A,N/A,N/A,N/A,N/A,,,,
RISK-023,THS,THS-SI-3.1.4,SI,国内硅矿月加工费TC（元/吨）,国内硅矿月加工费TC（元/吨）,P0,品种口径,跨品种,BL-019(硅与铜跨品种禁止),BL-019,硅与铜跨品种禁止,铜管：H62：加工费：安徽（月）,VALID,YES,THS:THS-SI-3.1.3,,,,,,,,,,,,YES,NO,必须修复后上线,DUP_OF_THS:THS-SI-3.1.3,别名映射表+黑名单修复+回放测试通过,N/A,N/A,N/A,N/A,N/A,,,,
RISK-024,THS,THS-SN-2.3,SN,LME锡库存（吨）,LME锡库存（吨）,P0,品种口径,跨品种,BL-018(跨品种匹配禁止),BL-018,跨品种匹配禁止,LME：镍：注册仓单（日）,VALID,NO,,A,模糊匹配算法缺陷：锡系指标被错误匹配到镍/钢铁等其他品种数据。通用金融术语（库存、产量、仓单）在多种金属间高度重叠，算法未正确约束品种边界,方案1：BL-018是通用跨品种禁止规则，需扩展为品种对级规则（如BL-018a锡↔镍、BL-018b锡↔钢铁），或在匹配算法层增加品种隔离门。,方案2：建立'锡-库存'、'锡-产量'等指标→品种的强绑定映射表，限制匹配仅在锡系指标池内进行。,方案3：THS模板如'LME锡库存（吨）'名称清晰，无需修改。,rule_optimize,高,P0,是,否,优先方案2（别名映射）+ 方案1（黑名单扩展）,YES,NO,必须修复后上线,BLOCKED,别名映射表+黑名单修复+回放测试通过,N/A,N/A,N/A,N/A,N/A,,,,
RISK-025,THS,THS-SN-2.3,SN,LME锡库存时序图,LME锡库存时序图,P0,品种口径,跨品种,BL-018(跨品种匹配禁止),BL-018,跨品种匹配禁止,LME：镍：注册仓单（日）,VALID,NO,,A,模糊匹配算法缺陷：锡系指标被错误匹配到镍/钢铁等其他品种数据。通用金融术语（库存、产量、仓单）在多种金属间高度重叠，算法未正确约束品种边界,方案1：BL-018是通用跨品种禁止规则，需扩展为品种对级规则（如BL-018a锡↔镍、BL-018b锡↔钢铁），或在匹配算法层增加品种隔离门。,方案2：建立'锡-库存'、'锡-产量'等指标→品种的强绑定映射表，限制匹配仅在锡系指标池内进行。,方案3：THS模板如'LME锡库存（吨）'名称清晰，无需修改。,rule_optimize,高,P0,是,否,优先方案2（别名映射）+ 方案1（黑名单扩展）,YES,NO,必须修复后上线,BLOCKED,别名映射表+黑名单修复+回放测试通过,N/A,N/A,N/A,N/A,N/A,,,,
RISK-026,THS,THS-SN-3.1.2,SN,印尼锡精矿产量（万吨）,印尼锡精矿产量（万吨）,P0,品种口径,跨品种,BL-018(跨品种匹配禁止),BL-018,跨品种匹配禁止,印尼精炼镍产量,FILLED,NO,,A,模糊匹配算法缺陷：锡系指标被错误匹配到镍/钢铁等其他品种数据。通用金融术语（库存、产量、仓单）在多种金属间高度重叠，算法未正确约束品种边界,方案1：BL-018是通用跨品种禁止规则，需扩展为品种对级规则（如BL-018a锡↔镍、BL-018b锡↔钢铁），或在匹配算法层增加品种隔离门。,方案2：建立'锡-库存'、'锡-产量'等指标→品种的强绑定映射表，限制匹配仅在锡系指标池内进行。,方案3：THS模板如'LME锡库存（吨）'名称清晰，无需修改。,rule_optimize,高,P0,是,否,优先方案2（别名映射）+ 方案1（黑名单扩展）,YES,NO,必须修复后上线,BLOCKED,别名映射表+黑名单修复+回放测试通过,N/A,N/A,N/A,N/A,N/A,,,,
RISK-027,THS,THS-SN-3.1.2,SN,印尼锡精矿产量占比（%）,印尼锡精矿产量占比（%）,P0,品种口径,跨品种,BL-018(跨品种匹配禁止),BL-018,跨品种匹配禁止,印尼精炼镍产量,FILLED,NO,,A,模糊匹配算法缺陷：锡系指标被错误匹配到镍/钢铁等其他品种数据。通用金融术语（库存、产量、仓单）在多种金属间高度重叠，算法未正确约束品种边界,方案1：BL-018是通用跨品种禁止规则，需扩展为品种对级规则（如BL-018a锡↔镍、BL-018b锡↔钢铁），或在匹配算法层增加品种隔离门。,方案2：建立'锡-库存'、'锡-产量'等指标→品种的强绑定映射表，限制匹配仅在锡系指标池内进行。,方案3：THS模板如'LME锡库存（吨）'名称清晰，无需修改。,rule_optimize,高,P0,是,否,优先方案2（别名映射）+ 方案1（黑名单扩展）,YES,NO,必须修复后上线,BLOCKED,别名映射表+黑名单修复+回放测试通过,N/A,N/A,N/A,N/A,N/A,,,,
RISK-028,THS,THS-SN-3.1.2,SN,印尼锡精矿产量时序图,印尼锡精矿产量时序图,P0,品种口径,跨品种,BL-018(跨品种匹配禁止),BL-018,跨品种匹配禁止,印尼精炼镍产量,FILLED,NO,,A,模糊匹配算法缺陷：锡系指标被错误匹配到镍/钢铁等其他品种数据。通用金融术语（库存、产量、仓单）在多种金属间高度重叠，算法未正确约束品种边界,方案1：BL-018是通用跨品种禁止规则，需扩展为品种对级规则（如BL-018a锡↔镍、BL-018b锡↔钢铁），或在匹配算法层增加品种隔离门。,方案2：建立'锡-库存'、'锡-产量'等指标→品种的强绑定映射表，限制匹配仅在锡系指标池内进行。,方案3：THS模板如'LME锡库存（吨）'名称清晰，无需修改。,rule_optimize,高,P0,是,否,优先方案2（别名映射）+ 方案1（黑名单扩展）,YES,NO,必须修复后上线,BLOCKED,别名映射表+黑名单修复+回放测试通过,N/A,N/A,N/A,N/A,N/A,,,,
RISK-029,THS,THS-SN-4.1,SN,LME锡交易所库存（手）,LME锡交易所库存（手）,P0,品种口径,跨品种,BL-018(跨品种匹配禁止),BL-018,跨品种匹配禁止,LME：镍：注册仓单（日）,VALID,NO,,A,模糊匹配算法缺陷：锡系指标被错误匹配到镍/钢铁等其他品种数据。通用金融术语（库存、产量、仓单）在多种金属间高度重叠，算法未正确约束品种边界,方案1：BL-018是通用跨品种禁止规则，需扩展为品种对级规则（如BL-018a锡↔镍、BL-018b锡↔钢铁），或在匹配算法层增加品种隔离门。,方案2：建立'锡-库存'、'锡-产量'等指标→品种的强绑定映射表，限制匹配仅在锡系指标池内进行。,方案3：THS模板如'LME锡库存（吨）'名称清晰，无需修改。,rule_optimize,高,P0,是,否,优先方案2（别名映射）+ 方案1（黑名单扩展）,YES,NO,必须修复后上线,BLOCKED,别名映射表+黑名单修复+回放测试通过,N/A,N/A,N/A,N/A,N/A,,,,
RISK-030,THS,THS-SN-4.1,SN,LME锡交易所库存时序图,LME锡交易所库存时序图,P0,品种口径,跨品种,BL-018(跨品种匹配禁止),BL-018,跨品种匹配禁止,LME：镍：注册仓单（日）,VALID,NO,,A,模糊匹配算法缺陷：锡系指标被错误匹配到镍/钢铁等其他品种数据。通用金融术语（库存、产量、仓单）在多种金属间高度重叠，算法未正确约束品种边界,方案1：BL-018是通用跨品种禁止规则，需扩展为品种对级规则（如BL-018a锡↔镍、BL-018b锡↔钢铁），或在匹配算法层增加品种隔离门。,方案2：建立'锡-库存'、'锡-产量'等指标→品种的强绑定映射表，限制匹配仅在锡系指标池内进行。,方案3：THS模板如'LME锡库存（吨）'名称清晰，无需修改。,rule_optimize,高,P0,是,否,优先方案2（别名映射）+ 方案1（黑名单扩展）,YES,NO,必须修复后上线,BLOCKED,别名映射表+黑名单修复+回放测试通过,N/A,N/A,N/A,N/A,N/A,,,,
RISK-031,THS,THS-SN-5.1,SN,锡表观消费量（万吨）,锡表观消费量（万吨）,P0,供需口径,口径冲突,BL-025(消费量与产量互斥(反向)),BL-025,消费量与产量互斥(反向),镀锌板卷：钢铁企业：产量：中国（周）,VALID,NO,,A,模糊匹配算法缺陷：'消费量'（consumption）被错误匹配到'产量'（production）。'锡表观消费量'匹配到'镀锌板卷产量'——完全属于不同品种且口径相反,方案1：BL-025已覆盖，需检查匹配算法是否因'表观'、'消费'等模糊词匹配导致误匹配。,方案2：建立'锡表观消费量'、'锌锭消费量'等品种的明确别名映射，限制匹配仅在消费类指标内。,方案3：THS模板'锡表观消费量（万吨）'、'国内锌锭消费量（万吨）'名称清晰，无需修改。,rule_optimize,中,P0,是,否,优先方案2（别名映射）+ 方案1（黑名单加强）,YES,NO,必须修复后上线,BLOCKED,别名映射表+黑名单修复+回放测试通过,N/A,N/A,N/A,N/A,N/A,,,,
RISK-032,THS,THS-SN-5.1,SN,焊锡表观消费量时序图,焊锡表观消费量时序图,P0,供需口径,口径冲突,BL-025(消费量与产量互斥(反向)),BL-025,消费量与产量互斥(反向),镀锌板卷：钢铁企业：产量：中国（周）,VALID,NO,,A,模糊匹配算法缺陷：'消费量'（consumption）被错误匹配到'产量'（production）。'锡表观消费量'匹配到'镀锌板卷产量'——完全属于不同品种且口径相反,方案1：BL-025已覆盖，需检查匹配算法是否因'表观'、'消费'等模糊词匹配导致误匹配。,方案2：建立'锡表观消费量'、'锌锭消费量'等品种的明确别名映射，限制匹配仅在消费类指标内。,方案3：THS模板'锡表观消费量（万吨）'、'国内锌锭消费量（万吨）'名称清晰，无需修改。,rule_optimize,中,P0,是,否,优先方案2（别名映射）+ 方案1（黑名单加强）,YES,NO,必须修复后上线,BLOCKED,别名映射表+黑名单修复+回放测试通过,N/A,N/A,N/A,N/A,N/A,,,,
RISK-033,THS,THS-ZN-5.2,ZN,国内锌锭消费量（万吨）,国内锌锭消费量（万吨）,P0,供需口径,口径冲突,BL-025(消费量与产量互斥(反向)),BL-025,消费量与产量互斥(反向),国内锡锭产量,FILLED,NO,,A,模糊匹配算法缺陷：'消费量'（consumption）被错误匹配到'产量'（production）。'锡表观消费量'匹配到'镀锌板卷产量'——完全属于不同品种且口径相反,方案1：BL-025已覆盖，需检查匹配算法是否因'表观'、'消费'等模糊词匹配导致误匹配。,方案2：建立'锡表观消费量'、'锌锭消费量'等品种的明确别名映射，限制匹配仅在消费类指标内。,方案3：THS模板'锡表观消费量（万吨）'、'国内锌锭消费量（万吨）'名称清晰，无需修改。,rule_optimize,中,P0,是,否,优先方案2（别名映射）+ 方案1（黑名单加强）,YES,NO,必须修复后上线,BLOCKED,别名映射表+黑名单修复+回放测试通过,N/A,N/A,N/A,N/A,N/A,,,,
RISK-034,THS,THS-LI-2.5,LI,盐湖提锂利润（元/吨）,盐湖提锂利润（元/吨）,P1,经济口径,警告,BL-016(利润与产量互斥),BL-016,利润与产量互斥,盐湖提锂产量,FILLED,NO,,A,模糊匹配算法缺陷：'利润'（profit）与'产量'（production）被错误匹配。'盐湖提锂利润'匹配到'盐湖提锂产量'——共享长前缀'盐湖提锂'但核心指标不同（盈利能力 vs 生产规模）,方案1：BL-016（利润与产量互斥）为P1警告，规则本身正确。需优化匹配算法：当匹配到同一品类下的不同口径指标时，应检查核心指标词（利润 vs 产量）是否一致。,方案2：建立'盐湖提锂利润'、'工业级碳酸锂利润'、'电池级碳酸锂利润'等明确别名映射，限制匹配仅在利润类指标内。,方案3：THS模板如'盐湖提锂利润（元/吨）'名称清晰，无需修改。,rule_optimize,中,P1,是,否,优先方案2（别名映射）+ 方案1（黑名单加强）,NO,N/A,N/A,PASS,上线后抽检,N/A,N/A,N/A,N/A,N/A,,,,
RISK-035,THS,THS-LI-2.5,LI,工业级碳酸锂利润（元/吨）,工业级碳酸锂利润（元/吨）,P1,经济口径,警告,BL-016(利润与产量互斥),BL-016,利润与产量互斥,工业级碳酸锂产量,FILLED,NO,,A,模糊匹配算法缺陷：'利润'（profit）与'产量'（production）被错误匹配。'盐湖提锂利润'匹配到'盐湖提锂产量'——共享长前缀'盐湖提锂'但核心指标不同（盈利能力 vs 生产规模）,方案1：BL-016（利润与产量互斥）为P1警告，规则本身正确。需优化匹配算法：当匹配到同一品类下的不同口径指标时，应检查核心指标词（利润 vs 产量）是否一致。,方案2：建立'盐湖提锂利润'、'工业级碳酸锂利润'、'电池级碳酸锂利润'等明确别名映射，限制匹配仅在利润类指标内。,方案3：THS模板如'盐湖提锂利润（元/吨）'名称清晰，无需修改。,rule_optimize,中,P1,是,否,优先方案2（别名映射）+ 方案1（黑名单加强）,NO,N/A,N/A,PASS,上线后抽检,N/A,N/A,N/A,N/A,N/A,,,,
RISK-036,THS,THS-LI-2.5,LI,电池级碳酸锂利润（元/吨）,电池级碳酸锂利润（元/吨）,P1,经济口径,警告,BL-016(利润与产量互斥),BL-016,利润与产量互斥,电池级碳酸锂产量,FILLED,NO,,A,模糊匹配算法缺陷：'利润'（profit）与'产量'（production）被错误匹配。'盐湖提锂利润'匹配到'盐湖提锂产量'——共享长前缀'盐湖提锂'但核心指标不同（盈利能力 vs 生产规模）,方案1：BL-016（利润与产量互斥）为P1警告，规则本身正确。需优化匹配算法：当匹配到同一品类下的不同口径指标时，应检查核心指标词（利润 vs 产量）是否一致。,方案2：建立'盐湖提锂利润'、'工业级碳酸锂利润'、'电池级碳酸锂利润'等明确别名映射，限制匹配仅在利润类指标内。,方案3：THS模板如'盐湖提锂利润（元/吨）'名称清晰，无需修改。,rule_optimize,中,P1,是,否,优先方案2（别名映射）+ 方案1（黑名单加强）,NO,N/A,N/A,PASS,上线后抽检,N/A,N/A,N/A,N/A,N/A,,,,
RISK-037,THS,THS-LI-3.2.4,LI,电池级碳酸锂冶炼利润（元/吨）,电池级碳酸锂冶炼利润（元/吨）,P1,经济口径,警告,BL-016(利润与产量互斥),BL-016,利润与产量互斥,电池级碳酸锂产量,FILLED,NO,,A,模糊匹配算法缺陷：'利润'（profit）与'产量'（production）被错误匹配。'盐湖提锂利润'匹配到'盐湖提锂产量'——共享长前缀'盐湖提锂'但核心指标不同（盈利能力 vs 生产规模）,方案1：BL-016（利润与产量互斥）为P1警告，规则本身正确。需优化匹配算法：当匹配到同一品类下的不同口径指标时，应检查核心指标词（利润 vs 产量）是否一致。,方案2：建立'盐湖提锂利润'、'工业级碳酸锂利润'、'电池级碳酸锂利润'等明确别名映射，限制匹配仅在利润类指标内。,方案3：THS模板如'盐湖提锂利润（元/吨）'名称清晰，无需修改。,rule_optimize,中,P1,是,否,优先方案2（别名映射）+ 方案1（黑名单加强）,NO,N/A,N/A,PASS,上线后抽检,N/A,N/A,N/A,N/A,N/A,,,,
RISK-038,THS,THS-LI-4.3,LI,库存天数（天）,库存天数（天）,P1,库存口径,警告,BL-012(库存天数与库存量互斥),BL-012,库存天数与库存量互斥,碳酸锂工厂库存天数,FILLED,NO,,B,行业术语歧义：'库存天数'（days of inventory）与'库存量'（inventory volume）在有色金属行业常被混用。BL-012规则设计过于宽泛——当模板指标和匹配指标都是'库存天数'时仍触发互斥警告，属于规则误报（类似BL-021修复前的误报问题）,方案1：修复BL-012规则——当left和right同时包含'库存天数'时不应触发互斥（与BL-021修复思路一致）。建议修改right_patterns排除'库存天数'。,方案2：建立'库存天数'指标的同义映射表，将'碳酸锂工厂库存天数'、'厂内库存天数'等归为同一语义类。,方案3：THS模板如'库存天数（天）'名称清晰，无需修改。,rule_optimize,低,P1,是,否,方案1（黑名单规则修复）,NO,N/A,N/A,PASS,上线后抽检,N/A,N/A,N/A,N/A,N/A,,,,
RISK-039,THS,THS-LI-4.4,LI,厂内库存天数（天）,厂内库存天数（天）,P1,库存口径,警告,BL-012(库存天数与库存量互斥),BL-012,库存天数与库存量互斥,碳酸锂工厂库存天数,FILLED,NO,,B,行业术语歧义：'库存天数'（days of inventory）与'库存量'（inventory volume）在有色金属行业常被混用。BL-012规则设计过于宽泛——当模板指标和匹配指标都是'库存天数'时仍触发互斥警告，属于规则误报（类似BL-021修复前的误报问题）,方案1：修复BL-012规则——当left和right同时包含'库存天数'时不应触发互斥（与BL-021修复思路一致）。建议修改right_patterns排除'库存天数'。,方案2：建立'库存天数'指标的同义映射表，将'碳酸锂工厂库存天数'、'厂内库存天数'等归为同一语义类。,方案3：THS模板如'库存天数（天）'名称清晰，无需修改。,rule_optimize,低,P1,是,否,方案1（黑名单规则修复）,NO,N/A,N/A,PASS,上线后抽检,N/A,N/A,N/A,N/A,N/A,,,,
RISK-040,THS,THS-NI-4.4,NI,电解镍厂库存天数（天）,电解镍厂库存天数（天）,P1,库存口径,警告,BL-012(库存天数与库存量互斥),BL-012,库存天数与库存量互斥,碳酸锂工厂库存天数,FILLED,NO,,A,模糊匹配算法缺陷：库存天数指标跨品种匹配。模板品种为NI但匹配到LI系的库存天数指标，'库存天数'作为通用术语在多种金属间高度重叠，算法未约束品种边界,方案1：BL-012（库存天数与库存量互斥）为P1警告，但跨品种库存天数匹配应升级为P0。建议增加品种级黑名单规则（如BL-026：镍库存天数↔锂库存天数禁止）。,方案2：建立品种-库存天数指标的强绑定映射表，确保'电解镍厂库存天数'仅匹配至镍系库存天数指标。,方案3：THS模板如'电解镍厂库存天数（天）'名称清晰，无需修改。,rule_optimize,中,P1,是,否,优先方案2（别名映射）+ 方案1（黑名单扩展）,NO,N/A,N/A,PASS,上线后抽检,N/A,N/A,N/A,N/A,N/A,,,,
RISK-041,THS,THS-NI-4.4,NI,高冰镍厂库存天数（天）,高冰镍厂库存天数（天）,P1,库存口径,警告,BL-012(库存天数与库存量互斥),BL-012,库存天数与库存量互斥,碳酸锂工厂库存天数,FILLED,NO,,A,模糊匹配算法缺陷：库存天数指标跨品种匹配。模板品种为NI但匹配到LI系的库存天数指标，'库存天数'作为通用术语在多种金属间高度重叠，算法未约束品种边界,方案1：BL-012（库存天数与库存量互斥）为P1警告，但跨品种库存天数匹配应升级为P0。建议增加品种级黑名单规则（如BL-026：镍库存天数↔锂库存天数禁止）。,方案2：建立品种-库存天数指标的强绑定映射表，确保'电解镍厂库存天数'仅匹配至镍系库存天数指标。,方案3：THS模板如'电解镍厂库存天数（天）'名称清晰，无需修改。,rule_optimize,中,P1,是,否,优先方案2（别名映射）+ 方案1（黑名单扩展）,NO,N/A,N/A,PASS,上线后抽检,N/A,N/A,N/A,N/A,N/A,,,,
RISK-042,THS,THS-SI-4.4,SI,多晶硅工厂库存天数（天）,多晶硅工厂库存天数（天）,P1,库存口径,警告,BL-012(库存天数与库存量互斥),BL-012,库存天数与库存量互斥,碳酸锂工厂库存天数,FILLED,NO,,A,模糊匹配算法缺陷：库存天数指标跨品种匹配。模板品种为SI但匹配到LI系的库存天数指标，'库存天数'作为通用术语在多种金属间高度重叠，算法未约束品种边界,方案1：BL-012（库存天数与库存量互斥）为P1警告，但跨品种库存天数匹配应升级为P0。建议增加品种级黑名单规则（如BL-026：镍库存天数↔锂库存天数禁止）。,方案2：建立品种-库存天数指标的强绑定映射表，确保'电解镍厂库存天数'仅匹配至镍系库存天数指标。,方案3：THS模板如'电解镍厂库存天数（天）'名称清晰，无需修改。,rule_optimize,中,P1,是,否,优先方案2（别名映射）+ 方案1（黑名单扩展）,NO,N/A,N/A,PASS,上线后抽检,N/A,N/A,N/A,N/A,N/A,,,,
RISK-043,THS,THS-SI-4.4,SI,金属硅工厂库存天数（天）,金属硅工厂库存天数（天）,P1,库存口径,警告,BL-012(库存天数与库存量互斥),BL-012,库存天数与库存量互斥,碳酸锂工厂库存天数,FILLED,NO,,A,模糊匹配算法缺陷：库存天数指标跨品种匹配。模板品种为SI但匹配到LI系的库存天数指标，'库存天数'作为通用术语在多种金属间高度重叠，算法未约束品种边界,方案1：BL-012（库存天数与库存量互斥）为P1警告，但跨品种库存天数匹配应升级为P0。建议增加品种级黑名单规则（如BL-026：镍库存天数↔锂库存天数禁止）。,方案2：建立品种-库存天数指标的强绑定映射表，确保'电解镍厂库存天数'仅匹配至镍系库存天数指标。,方案3：THS模板如'电解镍厂库存天数（天）'名称清晰，无需修改。,rule_optimize,中,P1,是,否,优先方案2（别名映射）+ 方案1（黑名单扩展）,NO,N/A,N/A,PASS,上线后抽检,N/A,N/A,N/A,N/A,N/A,,,,
RISK-044,THS,THS-SN-4.3,SN,社会库存天数（天）,社会库存天数（天）,P1,库存口径,警告,BL-012(库存天数与库存量互斥),BL-012,库存天数与库存量互斥,锡锭：库存：中国（周）,VALID,NO,,B,行业术语歧义：'库存天数'（衍生指标，表示库存可持续天数）与'库存量'（绝对值指标，表示库存吨数）在有色金属行业常被混用。BL-012规则正确标记了此冲突，但术语歧义是根本原因,方案1：BL-012规则正确，但需进一步区分'库存天数'与'库存量'的语义边界。建议增加子规则：当left含'库存天数'且right含'库存'（不含'天数'）时触发。,方案2：建立'库存天数'、'库存量'的明确语义区分表，并在匹配算法中加入语义类型约束。,方案3：THS模板如'社会库存天数（天）'、'在途库存天数（天）'名称清晰，无需修改。,rule_optimize,低,P1,是,否,方案1（黑名单规则细化）+ 方案2（别名映射）,NO,N/A,N/A,PASS,上线后抽检,N/A,N/A,N/A,N/A,N/A,,,,
RISK-045,THS,THS-SN-4.4,SN,工厂库存天数（天）,工厂库存天数（天）,P1,库存口径,警告,BL-012(库存天数与库存量互斥),BL-012,库存天数与库存量互斥,碳酸锂工厂库存天数,FILLED,NO,,A,模糊匹配算法缺陷：库存天数指标跨品种匹配。模板品种为SN但匹配到LI系的库存天数指标，'库存天数'作为通用术语在多种金属间高度重叠，算法未约束品种边界,方案1：BL-012（库存天数与库存量互斥）为P1警告，但跨品种库存天数匹配应升级为P0。建议增加品种级黑名单规则（如BL-026：镍库存天数↔锂库存天数禁止）。,方案2：建立品种-库存天数指标的强绑定映射表，确保'电解镍厂库存天数'仅匹配至镍系库存天数指标。,方案3：THS模板如'电解镍厂库存天数（天）'名称清晰，无需修改。,rule_optimize,中,P1,是,否,优先方案2（别名映射）+ 方案1（黑名单扩展）,NO,N/A,N/A,PASS,上线后抽检,N/A,N/A,N/A,N/A,N/A,,,,
RISK-046,THS,THS-SN-4.4,SN,工厂库存天数时序图,工厂库存天数时序图,P1,库存口径,警告,BL-012(库存天数与库存量互斥),BL-012,库存天数与库存量互斥,碳酸锂工厂库存天数,FILLED,NO,,A,模糊匹配算法缺陷：库存天数指标跨品种匹配。模板品种为SN但匹配到LI系的库存天数指标，'库存天数'作为通用术语在多种金属间高度重叠，算法未约束品种边界,方案1：BL-012（库存天数与库存量互斥）为P1警告，但跨品种库存天数匹配应升级为P0。建议增加品种级黑名单规则（如BL-026：镍库存天数↔锂库存天数禁止）。,方案2：建立品种-库存天数指标的强绑定映射表，确保'电解镍厂库存天数'仅匹配至镍系库存天数指标。,方案3：THS模板如'电解镍厂库存天数（天）'名称清晰，无需修改。,rule_optimize,中,P1,是,否,优先方案2（别名映射）+ 方案1（黑名单扩展）,NO,N/A,N/A,PASS,上线后抽检,N/A,N/A,N/A,N/A,N/A,,,,
RISK-047,THS,THS-SN-4.5,SN,在途库存天数（天）,在途库存天数（天）,P1,库存口径,警告,BL-012(库存天数与库存量互斥),BL-012,库存天数与库存量互斥,锂矿 外采 在途库存,FILLED,NO,,A,模糊匹配算法缺陷：库存天数指标跨品种匹配。模板品种为SN但匹配到LI系的库存天数指标，'库存天数'作为通用术语在多种金属间高度重叠，算法未约束品种边界,方案1：BL-012（库存天数与库存量互斥）为P1警告，但跨品种库存天数匹配应升级为P0。建议增加品种级黑名单规则（如BL-026：镍库存天数↔锂库存天数禁止）。,方案2：建立品种-库存天数指标的强绑定映射表，确保'电解镍厂库存天数'仅匹配至镍系库存天数指标。,方案3：THS模板如'电解镍厂库存天数（天）'名称清晰，无需修改。,rule_optimize,中,P1,是,否,优先方案2（别名映射）+ 方案1（黑名单扩展）,NO,N/A,N/A,PASS,上线后抽检,N/A,N/A,N/A,N/A,N/A,,,,
RISK-048,THS,THS-SN-5.1,SN,库存天数（天）,库存天数（天）,P1,库存口径,警告,BL-012(库存天数与库存量互斥),BL-012,库存天数与库存量互斥,碳酸锂工厂库存天数,FILLED,NO,,A,模糊匹配算法缺陷：库存天数指标跨品种匹配。模板品种为SN但匹配到LI系的库存天数指标，'库存天数'作为通用术语在多种金属间高度重叠，算法未约束品种边界,方案1：BL-012（库存天数与库存量互斥）为P1警告，但跨品种库存天数匹配应升级为P0。建议增加品种级黑名单规则（如BL-026：镍库存天数↔锂库存天数禁止）。,方案2：建立品种-库存天数指标的强绑定映射表，确保'电解镍厂库存天数'仅匹配至镍系库存天数指标。,方案3：THS模板如'电解镍厂库存天数（天）'名称清晰，无需修改。,rule_optimize,中,P1,是,否,优先方案2（别名映射）+ 方案1（黑名单扩展）,NO,N/A,N/A,PASS,上线后抽检,N/A,N/A,N/A,N/A,N/A,,,,
RISK-049,THS,THS-SN-5.3,SN,库存天数（天）,库存天数（天）,P1,库存口径,警告,BL-012(库存天数与库存量互斥),BL-012,库存天数与库存量互斥,碳酸锂工厂库存天数,FILLED,YES,THS:THS-SN-5.1,,,,,,,,,,,,NO,N/A,N/A,DUP_OF_THS:THS-SN-5.1,上线后抽检,N/A,N/A,N/A,N/A,N/A,,,,
RISK-050,THS,THS-ZN-4.4,ZN,国内锌厂内库存天数（天）,国内锌厂内库存天数（天）,P1,库存口径,警告,BL-012(库存天数与库存量互斥),BL-012,库存天数与库存量互斥,碳酸锂工厂库存天数,FILLED,NO,,A,模糊匹配算法缺陷：库存天数指标跨品种匹配。模板品种为ZN但匹配到LI系的库存天数指标，'库存天数'作为通用术语在多种金属间高度重叠，算法未约束品种边界,方案1：BL-012（库存天数与库存量互斥）为P1警告，但跨品种库存天数匹配应升级为P0。建议增加品种级黑名单规则（如BL-026：镍库存天数↔锂库存天数禁止）。,方案2：建立品种-库存天数指标的强绑定映射表，确保'电解镍厂库存天数'仅匹配至镍系库存天数指标。,方案3：THS模板如'电解镍厂库存天数（天）'名称清晰，无需修改。,rule_optimize,中,P1,是,否,优先方案2（别名映射）+ 方案1（黑名单扩展）,NO,N/A,N/A,PASS,上线后抽检,N/A,N/A,N/A,N/A,N/A,,,,
