blocker_id,description,current_status,current_value,target_value,responsible,estimated_hours,acceptance_criteria,completion_flag,related_files,dependencies,notes
H1,THS匹配率<80%（当前0%，155模板无zhiji_id）,阻塞中,0% (0/155),>=80% (>=124/155),模板指标评审人,1天（864高置信候选回写）,匹配率>=80%，即>=124/155模板有zhiji_id,PENDING,"review_batches_v5/batch_A_review_v5.csv, review_batches_v5/batch_B_review_v5.csv, indicator_alias_library.csv",人工回写864高置信候选zhiji_id,候选映射已备864高置信，待人工确认回写
H2,P0未全部处置（232阻塞+5白名单，232模板无法渲染）,阻塞中,232阻塞 + 5白名单,全部P0已阻塞或白名单/评审通过,模板指标评审人,2-3天（Batch-C 244条评审）,所有P0条目有明确处置方案（修复/白名单/人工观察）,PENDING,"review_batches_v5/batch_C_review_v5.csv, v85_p0_risk_human_workbook.csv, gate_block_tracker.csv",人工评审Batch-C,含4条漏拦截P0（RISK-002/010/011/013）需优先处理
H3,渲染就绪率<50%（当前19.9%，97/488可渲染）,阻塞中,19.9% (97/488),>=50% (>=244/488),联合（H1+H4依赖）,依赖H1+H4完成后自动重算,渲染就绪率>=50%，即>=244/488模板可渲染,PENDING,"v85_gate_rerun_check_result.md, v85_final_acceptance_summary.md",H1（THS匹配）+ H4（人工评审）完成后自动解除,H3为衍生阻塞，依赖H1和H4解除
H4,评审完成率<90%（当前0%，0/488评审完成）,阻塞中,0% (0/488),>=90% (>=439/488),模板指标评审人 + 风险规则评审人,3-5天（Batch-A 97 + Batch-B 1188 + Batch-C 244）,评审完成率>=90%，即>=439/488模板已评审,PENDING,"review_batches_v5/batch_A_review_v5.csv, review_batches_v5/batch_B_review_v5.csv, review_batches_v5/batch_C_review_v5.csv, human_review_operation_guide.md",人工评审3-5天工作量,优先级：Batch-A(1天) → Batch-B(2天) → Batch-C(1天)
H5,DSHB风险库最终版未落盘（HERMES等价版v2.0-fixed可用）,阻塞中（等价版可用）,DSHB未交付，HERMES等价版可用,DSHB最终版落地或正式采用HERMES等价版,DSHB团队,取决于DSHB交付进度,DSHB semantic_blacklist_v85_final.json 落盘或正式决策采用HERMES等价版,PENDING,"semantic_blacklist_v85_final.json, semantic_blacklist_hermes_fixed.json, unified_indicator_risk_db_v2.csv",DSHB交付或架构决策,HERMES等价版v2.0-fixed可用，31条规则完整
G-01,P0模板全部处置完成（DSHB侧Gate G-01）,PARTIAL,33条P0 BLOCKED需别名映射+黑名单修复+回放,全部P0已处置,HERMES团队 + 人工评审,2-3天,33条P0 BLOCKED全部有处置方案,PENDING,"dsh_gate_self_check_v2.md, unified_indicator_risk_db_v2.csv",HERMES执行别名映射+黑名单修复+回放,DSHB侧Gate，与H2部分重叠
G-03,风险库与回放结果对齐（DSHB侧Gate G-03）,PARTIAL,5条未命中（3数据缺失+1方向性+1白名单）,全部P0命中或根因明确处置,风险规则评审人 + DSHB团队,0.5天（方向性）+ 3-6天（数据修复）,BL-009a确认 + 4条数据缺失有处置方案,PENDING,"dsh_gate_self_check_v2.md, bl009a_review_package.md, data_missing_p0_summary.md",BL-009a评审 + 上游PDF数据修复,V2降级：5条根因已定位，1条可规则修复，4条需上游修复
G-05,488模板全量回放完成（DSHB侧Gate G-05）,PARTIAL,34条跨品种P0中30拦截(88.2%)，4条漏拦截,全部跨品种P0已拦截,风险规则评审人,0.5天（BL-009a确认）,BL-009a纳入后31/34拦截；数据缺失3条有处置方案,PENDING,"dsh_gate_self_check_v2.md, cross_variety_p0_validation.csv",BL-009a评审确认,4条根因已全部定位，1条可规则修复
G-06,漏拦截P0专项处置（DSHB侧Gate G-06，V2新增）,PENDING,4条漏拦截P0（1方向性+3数据缺失）,4条漏拦截P0全部有明确处置方案,风险规则评审人 + 模板指标评审人,0.5天（BL-009a）+ 3-6天（数据修复）,RISK-002: BL-009a确认；RISK-010/011/013: 上游修复或人工观察,PENDING,"bl009a_review_package.md, data_missing_p0_summary.md, v85_p0_risk_human_workbook.csv",BL-009a评审 + 上游PDF数据修复,V2新增Gate，4条漏拦截P0专项跟踪
WL-EXPIRY,白名单过期检查（v5新增，6天有效期）,已配置,6天有效期已配置,白名单过期自动提醒,自动化（已配置）,0（已配置）,白名单过期检查逻辑已实现,DONE,review_batches_v5/review_checklist_v5.md,无,v5新增检查项，已完成
