template_id,source,variety,chart_type,title,series_count,risk_level,routed_group,alias_match,alias_recommendation,confusion_hit,blacklist_hit,whitelist_status,manual_zhiji_id,decision,remark,reviewer,review_time,risk_id,disposal_suggestion,gate_blocked,inconsistent_risk,human_review_result
THS-AL-3.1,THS,AL,,沪铝主力收盘价,11,CLEAN,pending_match,有,SHFE：铝：主力合约：收盘价（日）,无,,无,,,,,,,可直接放行,NO,,
THS-AL-3.2,THS,AL,,氧化铝现货均价/指数,11,P1,pending_match,有,氧化铝(河南)平均价,无,P1命中,无,,,,,,,复核,NO,,
THS-AL-3.3,THS,AL,,动力煤价格指数,12,P1,pending_match,有,,无,P1命中,无,,,,,,,复核,NO,,
THS-AL-4.1,THS,AL,,上期所沪铝期货仓单,3,CLEAN,pending_match,有,,无,,无,,,,,,,可直接放行,NO,,
THS-AL-4.2,THS,AL,,中国主要地区/市场电解铝社会库存,9,P1,pending_match,有,,无,P1命中,无,,,,,,,复核,NO,,
THS-AL-4.3,THS,AL,,中国电解铝企业厂内铝锭库存,9,CLEAN,pending_match,有,电解铝：厂内库存：中国（日）,无,,无,,,,,,,可直接放行,NO,,
THS-AL-6.1,THS,AL,,中国废铝进口量,5,P0,pending_match,有,铝合金进口量,无,P0命中,无,,,,,,,阻塞待处置,YES,,
THS-AL-6.2,THS,AL,,中国未锻轧铝及铝材月度出口量,4,P0,pending_match,有,未锻轧铝及铝材：出口数量终值：中国（月）,无,P0命中,无,,,,,,,阻塞待处置,YES,,
THS-AL-6.3,THS,AL,,中国铝材月度出口量,5,CLEAN,pending_match,有,铝材出口-总量,无,,无,,,,,,,可直接放行,NO,,
THS-CU-2.3,THS,CU,,沪铜主力/连续收盘价,14,CLEAN,pending_match,有,,无,,无,,,,,,,可直接放行,NO,,
THS-CU-4.1,THS,CU,,LME铜库存、上期所铜库存、COMEX铜库存 vs 各LME仓库/地点铜库存,2,CLEAN,pending_match,有,,无,,无,,,,,,,可直接放行,NO,,
THS-CU-4.2,THS,CU,,SHFE铜仓单、沪铜主力价格、现货升贴水,4,CLEAN,pending_match,无,,无,,无,,,,,,,可直接放行,NO,,
THS-CU-4.3,THS,CU,,SMM中国主流地区电解铜社会库存,6,CLEAN,pending_match,无,,无,,无,,,,,,,可直接放行,NO,,
THS-CU-4.4,THS,CU,,LME-approved warehouses,7,CLEAN,pending_match,无,,无,,无,,,,,,,可直接放行,NO,,
THS-CU-4.5,THS,CU,,精铜杆企业原料库存,6,CLEAN,pending_match,无,,无,,无,,,,,,,可直接放行,NO,,
THS-LI-2.1,THS,LI,,期货主力合约收盘价（元/吨）,13,CLEAN,pending_match,有,碳酸锂期货主力合约收盘价,无,,无,,,,,,,可直接放行,NO,,
THS-LI-2.2,THS,LI,,电池级碳酸锂现货升贴水（元/吨）,14,CLEAN,pending_match,有,工业级碳酸锂现货升贴水,无,,无,,,,,,,可直接放行,NO,,
THS-LI-2.3,THS,LI,,LME锂价（美元/吨）,12,P0,pending_match,有,,无,P0命中,无,,,,,,,阻塞待处置,YES,,
THS-LI-2.4,THS,LI,,月差（元/吨）,10,CLEAN,pending_match,有,,无,,无,,,,,,,可直接放行,NO,,
THS-LI-2.5,THS,LI,,估值分位（%）,13,CLEAN,pending_match,有,,无,,无,,,,,,"RISK-034,RISK-035,RISK-036",可直接放行,NO,,
THS-LI-2.6,THS,LI,,多头前20持仓量（手）,13,CLEAN,pending_match,有,多头前20持仓量,无,,无,,,,,,,可直接放行,NO,,
THS-LI-3.1.1,THS,LI,,海外锂矿产量（万吨LCE）,11,P1,pending_match,有,海外碳酸锂产量(智利),无,P1命中,无,,,,,,,复核,NO,,
THS-LI-3.1.2,THS,LI,,澳大利亚锂矿产量（万吨LCE）,10,P0,pending_match,有,澳洲/巴西/非洲锂矿产量,无,P0命中,无,,,,,,,阻塞待处置,YES,,
THS-LI-3.1.3,THS,LI,,锂云母产量（万吨LCE）,12,P1,pending_match,有,锂云母产量,无,P1命中,无,,,,,,,复核,NO,,
THS-LI-3.1.4,THS,LI,,锂矿进口总量（万吨LCE）,15,CLEAN,pending_match,有,锂精矿进口 巴西,无,,无,,,,,,,可直接放行,NO,,
THS-LI-3.1.5,THS,LI,,锂矿TC（元/吨）,11,CLEAN,pending_match,有,,无,,无,,,,,,,可直接放行,NO,,
THS-LI-3.2.1,THS,LI,,电池级碳酸锂产量（万吨LCE）,13,P1,pending_match,有,电池级碳酸锂产量,无,P1命中,无,,,,,,,复核,NO,,
THS-LI-3.2.2,THS,LI,,国内锂盐精炼开工率（%）,14,P1,pending_match,有,国内锂盐精炼开工率,无,P1命中,无,,,,,,,复核,NO,,
THS-LI-3.2.3,THS,LI,,再生碳酸锂产量（万吨LCE）,12,P1,pending_match,有,海外碳酸锂产量(智利),无,P1命中,无,,,,,,,复核,NO,,
THS-LI-3.2.4,THS,LI,,电池级碳酸锂冶炼利润（元/吨）,14,CLEAN,pending_match,有,电池级碳酸锂产量,无,,无,,,,,,RISK-037,可直接放行,NO,,
THS-LI-4.1,THS,LI,,碳酸锂交易所库存（万吨LCE）,10,P1,pending_match,有,碳酸锂库存中国（月）,无,P1命中,无,,,,,,,复核,NO,,
THS-LI-4.2,THS,LI,,碳酸锂仓单数量（万吨LCE）,11,P1,pending_match,有,碳酸锂 仓单量,无,P1命中,无,,,,,,,复核,NO,,
THS-LI-4.3,THS,LI,,碳酸锂社会库存（万吨LCE）,10,CLEAN,pending_match,有,碳酸锂社会库存,无,,无,,,,,,,可直接放行,NO,,
THS-LI-4.4,THS,LI,,碳酸锂工厂库存（万吨LCE）,10,CLEAN,pending_match,有,碳酸锂工厂库存天数,无,,无,,,,,,,可直接放行,NO,,
THS-NI-2.1,THS,NI,,沪镍主力合约收盘价（元/吨）,25,CLEAN,pending_match,有,SHFE：镍：主力合约：收盘价（日）,无,,无,,,,,,,可直接放行,NO,,
THS-NI-2.2,THS,NI,,镍现货升贴水（元/吨）,31,CLEAN,pending_match,有,,无,,无,,,,,,,可直接放行,NO,,
THS-NI-2.3,THS,NI,,LME镍主力合约收盘价（美元/吨）,31,CLEAN,pending_match,有,SHFE：镍：主力合约：收盘价（日）,无,,无,,,,,,"RISK-014,RISK-015",可直接放行,NO,N/A,
THS-NI-2.4,THS,NI,,沪镍近月合约价格（元/吨）,33,CLEAN,pending_match,有,镍铁价格（江苏，7%≤Ni≤13%）,无,,无,,,,,,,可直接放行,NO,,
THS-NI-2.5,THS,NI,,沪镍主力合约收盘价（元/吨）,30,P1,pending_match,有,SHFE：镍：主力合约：收盘价（日）,无,P1命中,无,,,,,,,复核,NO,,
THS-NI-2.6,THS,NI,,沪镍主力合约前20名多头持仓量（手）,23,CLEAN,pending_match,有,,无,,无,,,,,,,可直接放行,NO,,
THS-NI-3.1,THS,NI,,印尼镍矿产量,44,P0,pending_match,有,印尼冰镍产量（分品味）,无,P0命中,无,,,,,,"RISK-016,RISK-017",阻塞待处置,YES,N/A,
THS-NI-3.1.1,THS,NI,,印尼镍矿产量（万吨）,22,P1,pending_match,有,印尼冰镍产量（分品味）,无,P1命中,无,,,,,,,复核,NO,,
THS-NI-3.1.2,THS,NI,,印尼镍矿产量（万吨）,18,CLEAN,pending_match,有,印尼冰镍产量（分品味）,无,,无,,,,,,,可直接放行,NO,,
THS-NI-3.1.3,THS,NI,,甘肃镍矿产量（万吨）,21,P1,pending_match,有,,无,P1命中,无,,,,,,,复核,NO,,
THS-NI-3.1.4,THS,NI,,镍精矿进口总量（万吨）,20,CLEAN,pending_match,有,镍铁进口量,无,,无,,,,,,,可直接放行,NO,,
THS-NI-3.1.5,THS,NI,,镍精矿TC（美元/吨干矿）,13,CLEAN,pending_match,有,,无,,无,,,,,,,可直接放行,NO,,
THS-NI-3.2,THS,NI,,电解镍产量,43,CLEAN,pending_match,有,中国镍铁产量,无,,无,,,,,,,可直接放行,NO,,
THS-NI-3.2.1,THS,NI,,电解镍产量（万吨）,12,CLEAN,pending_match,有,中国镍铁产量,无,,无,,,,,,,可直接放行,NO,,
THS-NI-3.2.2,THS,NI,,电解镍开工率（%）,12,CLEAN,pending_match,有,,无,,无,,,,,,,可直接放行,NO,,
THS-NI-3.2.3,THS,NI,,再生镍产量（万吨）,13,CLEAN,pending_match,有,中国镍铁产量,无,,无,,,,,,,可直接放行,NO,,
THS-NI-3.2.4,THS,NI,,电解镍冶炼利润（元/吨）,12,CLEAN,pending_match,有,,无,,无,,,,,,,可直接放行,NO,,
THS-NI-4.1,THS,NI,,上期所镍仓单量（手）,30,P1,pending_match,有,,无,P1命中,无,,,,,,,复核,NO,,
THS-NI-4.2,THS,NI,,上期所镍仓单量（手）,30,P1,pending_match,有,,无,P1命中,无,,,,,,,复核,NO,,
THS-NI-4.3,THS,NI,,镍社会库存总量（万吨）,33,P1,pending_match,有,镍铁库存,无,P1命中,无,,,,,,,复核,NO,,
THS-NI-4.4,THS,NI,,电解镍厂库存（万吨）,28,CLEAN,pending_match,有,镍铁库存,无,,无,,,,,,"RISK-020,RISK-040,RISK-041",可直接放行,NO,N/A,
THS-NI-4.5,THS,NI,,镍在途库存总量（万吨）,33,P0,pending_match,有,镍铁库存,无,P0命中,无,,,,,,RISK-021,阻塞待处置,YES,N/A,
THS-NI-5.1,THS,NI,,不锈钢开工率（%）,18,P0,pending_match,有,,无,P0命中,无,,,,,,,阻塞待处置,YES,,
THS-NI-5.2,THS,NI,,不锈钢终端产量（万吨）,18,P0,pending_match,有,,无,P0命中,无,,,,,,,阻塞待处置,YES,,
THS-NI-5.3,THS,NI,,不锈钢排产计划（万吨）,24,CLEAN,pending_match,有,,无,,无,,,,,,,可直接放行,NO,,
THS-NI-6.1,THS,NI,,镍矿进口量（万吨）,16,CLEAN,pending_match,有,镍铁进口量,无,,无,,,,,,,可直接放行,NO,,
THS-NI-6.2,THS,NI,,电解镍进口量（万吨）,16,P0,pending_match,有,镍铁进口量,无,P0命中,无,,,,,,,阻塞待处置,YES,,
THS-NI-6.3,THS,NI,,不锈钢出口量（万吨）,16,CLEAN,pending_match,有,不锈钢出口量,无,,无,,,,,,,可直接放行,NO,,
THS-NI-6.4,THS,NI,,印尼镍矿对华发运量（万吨）,15,CLEAN,pending_match,有,,无,,无,,,,,,,可直接放行,NO,,
THS-NI-7.1,THS,NI,,电解镍现金成本（元/吨）,26,P1,pending_match,有,,无,P1命中,无,,,,,,,复核,NO,,
THS-NI-7.2,THS,NI,,电解镍日度利润（元/吨）,25,P1,pending_match,有,,无,P1命中,无,,,,,,,复核,NO,,
THS-NI-7.3,THS,NI,,电价（元/度）,27,P1,pending_match,有,,无,P1命中,无,,,,,,,复核,NO,,
THS-SI-2.1,THS,SI,,工业硅期货主力合约收盘价（元/吨）,11,CLEAN,pending_match,有,工业硅主力合约收盘价,无,,无,,,,,,,可直接放行,NO,,
THS-SI-2.2,THS,SI,,工业硅现货升贴水（元/吨）,10,CLEAN,pending_match,有,工业硅现货价421#,无,,无,,,,,,,可直接放行,NO,,
THS-SI-2.3,THS,SI,,LME工业硅收盘价（美元/吨）,12,CLEAN,pending_match,有,工业硅主力合约收盘价,无,,无,,,,,,,可直接放行,NO,,
THS-SI-2.4,THS,SI,,工业硅期货月差（元/吨）,9,CLEAN,pending_match,有,工业硅期货月差,无,,无,,,,,,,可直接放行,NO,,
THS-SI-2.5,THS,SI,,工业硅冶炼利润（元/吨）,11,CLEAN,pending_match,有,工业硅冶炼利润,无,,无,,,,,,,可直接放行,NO,,
THS-SI-2.6,THS,SI,,工业硅期货多头前20持仓量（手）,11,CLEAN,pending_match,有,工业硅空头前20持仓量,无,,无,,,,,,,可直接放行,NO,,
THS-SI-3.1.1,THS,SI,,海外硅矿季度产量（万吨）,10,P1,pending_match,有,硅片周度产量,无,P1命中,无,,,,,,,复核,NO,,
THS-SI-3.1.2,THS,SI,,中国硅矿月产量（万吨）,23,P1,pending_match,有,中国工业硅月产量,无,P1命中,无,,,,,,,复核,NO,,
THS-SI-3.1.3,THS,SI,,国内硅矿月产量（万吨）,10,P1,pending_match,有,中国工业硅月产量,无,P1命中,无,,,,,,RISK-022,复核,NO,N/A,
THS-SI-3.1.4,THS,SI,,国内硅矿月进口总量（万吨）,13,CLEAN,pending_match,有,,无,,无,,,,,,,可直接放行,NO,,
THS-SI-3.1.5,THS,SI,,工业硅矿端TC加工费（元/吨）,10,P1,pending_match,有,工业硅终端消费量,无,P1命中,无,,,,,,,复核,NO,,
THS-SI-3.2.1,THS,SI,,工业硅精炼月产量（万吨）,12,P1,pending_match,有,工业硅精炼月产量,无,P1命中,无,,,,,,,复核,NO,,
THS-SI-3.2.2,THS,SI,,工业硅精炼月开工率（%）,13,P1,pending_match,有,中国工业硅开工率,无,P1命中,无,,,,,,,复核,NO,,
THS-SI-3.2.3,THS,SI,,工业硅再生月产量（万吨）,12,P1,pending_match,有,工业硅再生月产量,无,P1命中,无,,,,,,,复核,NO,,
THS-SI-3.2.4,THS,SI,,工业硅冶炼利润（元/吨）,11,P1,pending_match,有,工业硅冶炼利润,无,P1命中,无,,,,,,,复核,NO,,
THS-SI-4.1,THS,SI,,工业硅交易所库存总量（吨）,10,P1,pending_match,有,工业硅社会库存,无,P1命中,无,,,,,,,复核,NO,,
THS-SI-4.2,THS,SI,,工业硅仓单注册量（吨）,11,CLEAN,pending_match,有,工业硅主力合约持仓量,无,,无,,,,,,,可直接放行,NO,,
THS-SI-4.3,THS,SI,,工业硅社会库存总量（万吨）,11,CLEAN,pending_match,有,工业硅社会库存,无,,无,,,,,,,可直接放行,NO,,
THS-SI-4.4,THS,SI,,工业硅工厂库存总量（万吨）,12,CLEAN,pending_match,有,工业硅工厂库存总量,无,,无,,,,,,"RISK-042,RISK-043",可直接放行,NO,,
THS-SI-4.5,THS,SI,,工业硅隐性库存总量（万吨）,11,CLEAN,pending_match,有,工业硅显性总库存,无,,无,,,,,,,可直接放行,NO,,
THS-SI-5.1,THS,SI,,工业硅下游开工率（%）,12,P0,pending_match,有,中国工业硅开工率,无,P0命中,无,,,,,,,阻塞待处置,YES,,
THS-SI-5.2,THS,SI,,工业硅下游终端产量（万吨）,11,P0,pending_match,有,工业硅终端消费量,无,P0命中,无,,,,,,,阻塞待处置,YES,,
THS-SI-5.3,THS,SI,,工业硅下游排产计划量（万吨）,10,CLEAN,pending_match,有,美国工业硅产量,无,,无,,,,,,,可直接放行,NO,,
THS-SI-6.1,THS,SI,,工业硅进口量（万吨）,13,CLEAN,pending_match,有,工业硅精炼月进口量,无,,无,,,,,,,可直接放行,NO,,
THS-SI-6.2,THS,SI,,工业硅出口量（万吨）,13,CLEAN,pending_match,有,工业硅进口量,无,,无,,,,,,,可直接放行,NO,,
THS-SI-6.3,THS,SI,,工业硅制品出口量（万吨）,13,CLEAN,pending_match,有,工业硅出口量,无,,无,,,,,,,可直接放行,NO,,
THS-SI-6.4,THS,SI,,工业硅海外发运量（万吨）,13,P0,pending_match,有,工业硅进口量,无,P0命中,无,,,,,,,阻塞待处置,YES,,
THS-SI-7.1,THS,SI,,工业硅冶炼成本（元/吨）,13,CLEAN,pending_match,有,工业硅冶炼成本,无,,无,,,,,,,可直接放行,NO,,
THS-SI-7.2,THS,SI,,工业硅冶炼利润（元/吨）,12,P1,pending_match,有,工业硅冶炼利润,无,P1命中,无,,,,,,,复核,NO,,
THS-SN-2.1,THS,SN,,沪锡主力合约收盘价（元/吨）,18,P1,pending_match,有,SHFE：锡：主力合约：收盘价（日）,无,P1命中,无,,,,,,,复核,NO,,
THS-SN-2.2,THS,SN,,锡锭现货升贴水（元/吨）,15,CLEAN,pending_match,有,LME锡升贴水,无,,无,,,,,,,可直接放行,NO,,
THS-SN-2.3,THS,SN,,LME锡期货收盘价（美元/吨）,16,CLEAN,pending_match,有,LME：锡：3个月合约：收盘价（日）,无,,无,,,,,,"RISK-024,RISK-025",可直接放行,NO,N/A,
THS-SN-2.4,THS,SN,,沪锡月差（元/吨）,17,CLEAN,pending_match,有,沪锡近半年月差变化,无,,无,,,,,,,可直接放行,NO,,
THS-SN-2.5,THS,SN,,沪锡估值分位（%）,21,P1,pending_match,有,,无,P1命中,无,,,,,,,复核,NO,,
THS-SN-2.6,THS,SN,,多头前20持仓量（手）,18,CLEAN,pending_match,有,多头前20持仓量,无,,无,,,,,,,可直接放行,NO,,
THS-SN-3.1.1,THS,SN,,缅甸锡矿产量（万吨）,15,P1,pending_match,有,国内锡矿产量,无,P1命中,无,,,,,,,复核,NO,,
THS-SN-3.1.2,THS,SN,,缅甸锡矿产量（万吨）,17,CLEAN,pending_match,有,国内锡矿产量,无,,无,,,,,,"RISK-026,RISK-027,RISK-028",可直接放行,NO,N/A,
THS-SN-3.1.3,THS,SN,,国内锡精矿产量（万吨）,16,P1,pending_match,有,国内锡矿产量,无,P1命中,无,,,,,,,复核,NO,,
THS-SN-3.1.4,THS,SN,,缅甸锡矿进口量（万吨）,18,P0,pending_match,有,国内锡矿进口量,无,P0命中,无,,,,,,,阻塞待处置,YES,,
THS-SN-3.1.5,THS,SN,,国内锡矿加工费TC（美元/吨）,17,P0,pending_match,有,,无,P0命中,无,,,,,,,阻塞待处置,YES,,
THS-SN-3.2.1,THS,SN,,国内精炼锡产量（万吨）,17,P0,pending_match,有,国内锡矿产量,无,P0命中,无,,,,,,,阻塞待处置,YES,,
THS-SN-3.2.2,THS,SN,,国内精炼锡开工率（%）,19,P1,pending_match,有,国内锡开工率,无,P1命中,无,,,,,,,复核,NO,,
THS-SN-3.2.3,THS,SN,,再生锡产量（万吨）,23,P1,pending_match,有,国内再生锡产量,无,P1命中,无,,,,,,,复核,NO,,
THS-SN-3.2.4,THS,SN,,国内精炼锡冶炼利润（元/吨）,18,CLEAN,pending_match,有,,无,,无,,,,,,,可直接放行,NO,,
THS-SN-4.1,THS,SN,,沪锡交易所库存（手）,16,P1,pending_match,有,,无,P1命中,无,,,,,,"RISK-029,RISK-030",复核,NO,N/A,
THS-SN-4.2,THS,SN,,沪锡仓单总量（手）,15,CLEAN,pending_match,有,沪锡总持仓量,无,,无,,,,,,,可直接放行,NO,,
THS-SN-4.3,THS,SN,,国内社会库存总量（万吨）,20,CLEAN,pending_match,有,中国锡锭社会库存,无,,无,,,,,,,可直接放行,NO,,
THS-SN-4.4,THS,SN,,国内工厂库存总量（万吨）,18,CLEAN,pending_match,有,,无,,无,,,,,,"RISK-045,RISK-046",可直接放行,NO,,
THS-SN-4.5,THS,SN,,隐性库存总量（万吨）,18,CLEAN,pending_match,有,,无,,无,,,,,,RISK-047,可直接放行,NO,,
THS-SN-5.1,THS,SN,,焊锡/锡焊料开工率（%）,19,P0,pending_match,有,国内锡开工率,无,P0命中,无,,,,,,"RISK-031,RISK-032,RISK-048",阻塞待处置,YES,N/A,
THS-SN-5.2,THS,SN,,焊锡/锡焊料终端产量（万吨）,20,P0,pending_match,有,,无,P0命中,无,,,,,,,阻塞待处置,YES,,
THS-SN-5.3,THS,SN,,焊锡/锡焊料订单量（万吨）,18,CLEAN,pending_match,有,,无,,无,,,,,,,可直接放行,NO,,
THS-SN-6.1,THS,SN,,锡精矿进口量（万吨）,21,P0,pending_match,有,国内锡矿进口量,无,P0命中,无,,,,,,,阻塞待处置,YES,,
THS-SN-6.2,THS,SN,,精炼锡进口量（万吨）,22,P0,pending_match,有,巴西精炼锡出口量,无,P0命中,无,,,,,,,阻塞待处置,YES,,
THS-SN-6.3,THS,SN,,锡焊料/焊锡出口量（万吨）,20,CLEAN,pending_match,有,,无,,无,,,,,,,可直接放行,NO,,
THS-SN-6.4,THS,SN,,海外发运量（万吨）,19,CLEAN,pending_match,有,,无,,无,,,,,,,可直接放行,NO,,
THS-SN-7.1,THS,SN,,冶炼成本（元/吨）,15,P1,pending_match,有,,无,P1命中,无,,,,,,,复核,NO,,
THS-SN-7.2,THS,SN,,冶炼利润（元/吨）,16,P1,pending_match,有,,无,P1命中,无,,,,,,,复核,NO,,
THS-SN-7.3,THS,SN,,电价（元/度）,19,P1,pending_match,有,,无,P1命中,无,,,,,,,复核,NO,,
THS-ZN-2.1,THS,ZN,,锌主力合约收盘价（元/吨）,17,CLEAN,pending_match,有,SHFE：锌：主力合约：收盘价（日）,无,,无,,,,,,,可直接放行,NO,,
THS-ZN-2.2,THS,ZN,,锌基差（元/吨）,17,CLEAN,pending_match,有,,无,,无,,,,,,,可直接放行,NO,,
THS-ZN-2.3,THS,ZN,,LME锌收盘价（美元/吨）,11,CLEAN,pending_match,有,LME: 锌 3M收盘价: 日度,无,,无,,,,,,,可直接放行,NO,,
THS-ZN-2.4,THS,ZN,,锌近月合约收盘价（元/吨）,14,CLEAN,pending_match,有,LME：锌：3个月合约：收盘价（日）,无,,无,,,,,,,可直接放行,NO,,
THS-ZN-2.5,THS,ZN,,电解锌冶炼利润（元/吨）,13,P1,pending_match,有,,无,P1命中,无,,,,,,,复核,NO,,
THS-ZN-2.6,THS,ZN,,前20大多头持仓量（手）,11,CLEAN,pending_match,有,空头前20持仓量,无,,无,,,,,,,可直接放行,NO,,
THS-ZN-3.1.1,THS,ZN,,海外锌矿产量（万吨）,12,P1,pending_match,有,,无,P1命中,无,,,,,,,复核,NO,,
THS-ZN-3.1.2,THS,ZN,,秘鲁锌矿产量（万吨）,30,P1,pending_match,无,,无,P1命中,无,,,,,,,复核,NO,,
THS-ZN-3.1.3,THS,ZN,,国内锌矿产量（万吨）,12,P1,pending_match,有,,无,P1命中,无,,,,,,,复核,NO,,
THS-ZN-3.1.4,THS,ZN,,国内锌矿进口总量（万吨）,15,CLEAN,pending_match,有,,无,,无,,,,,,,可直接放行,NO,,
THS-ZN-3.1.5,THS,ZN,,锌精矿TC（美元/吨干矿）,10,CLEAN,pending_match,有,,无,,无,,,,,,,可直接放行,NO,,
THS-ZN-3.2.1,THS,ZN,,国内锌精炼产量（万吨）,12,P1,pending_match,有,,无,P1命中,无,,,,,,,复核,NO,,
THS-ZN-3.2.2,THS,ZN,,国内锌精炼开工率（%）,11,P1,pending_match,有,,无,P1命中,无,,,,,,,复核,NO,,
THS-ZN-3.2.3,THS,ZN,,国内再生锌产量（万吨）,13,P1,pending_match,有,再生锌：产量：中国（月）,无,P1命中,无,,,,,,,复核,NO,,
THS-ZN-3.2.4,THS,ZN,,电解锌冶炼利润（元/吨）,11,CLEAN,pending_match,有,,无,,无,,,,,,,可直接放行,NO,,
THS-ZN-4.1,THS,ZN,,上期所锌库存（手）,10,CLEAN,pending_match,有,,无,,无,,,,,,,可直接放行,NO,,
THS-ZN-4.2,THS,ZN,,上期所锌仓单注册量（手）,10,CLEAN,pending_match,有,,无,,无,,,,,,,可直接放行,NO,,
THS-ZN-4.3,THS,ZN,,国内锌社会库存总量（万吨）,10,CLEAN,pending_match,有,,无,,无,,,,,,,可直接放行,NO,,
THS-ZN-4.4,THS,ZN,,国内锌厂内锌锭库存（万吨）,10,P1,pending_match,有,,无,P1命中,无,,,,,,RISK-050,复核,NO,,
THS-ZN-4.5,THS,ZN,,国内锌隐性库存总量（万吨）,8,CLEAN,pending_match,有,,无,,无,,,,,,,可直接放行,NO,,
THS-ZN-5.1,THS,ZN,,国内锌表观消费量（万吨）,12,P0,pending_match,无,,无,P0命中,无,,,,,,,阻塞待处置,YES,,
THS-ZN-5.2,THS,ZN,,国内镀锌板产量（万吨）,10,P0,pending_match,有,,无,P0命中,无,,,,,,RISK-033,阻塞待处置,YES,N/A,
THS-ZN-5.3,THS,ZN,,国内镀锌板订单量（万吨）,15,P0,pending_match,有,,无,P0命中,无,,,,,,,阻塞待处置,YES,,
THS-ZN-6.1,THS,ZN,,国内锌精矿进口量（万吨）,13,CLEAN,pending_match,有,中国海关: 锌精矿进口量: 月度,无,,无,,,,,,,可直接放行,NO,,
THS-ZN-6.2,THS,ZN,,国内电锌进口量（万吨）,11,P0,pending_match,无,,无,P0命中,无,,,,,,,阻塞待处置,YES,,
THS-ZN-6.3,THS,ZN,,国内镀锌板出口量（万吨）,15,CLEAN,pending_match,有,中国海关: 镀锌板出口量: 月度,无,,无,,,,,,,可直接放行,NO,,
THS-ZN-6.4,THS,ZN,,海外对华锌精矿发运量（万吨）,14,P0,pending_match,有,,无,P0命中,无,,,,,,,阻塞待处置,YES,,
THS-ZN-7.1,THS,ZN,,国内锌冶炼成本（元/吨）,11,P1,pending_match,无,,无,P1命中,无,,,,,,,复核,NO,,
THS-ZN-7.2,THS,ZN,,国内锌冶炼日度利润（元/吨）,10,P1,pending_match,无,,无,P1命中,无,,,,,,,复核,NO,,
THS-ZN-7.3,THS,ZN,,国内锌冶炼月电价（元/度）,13,CLEAN,pending_match,有,,无,,无,,,,,,,可直接放行,NO,,
