sample_id,sample_group,stratum,source_file,source_row_id,variety,series_name,candidate_name,series_norm,candidate_norm,alias_norm_match_rows,alias_relation,alias_review_flag,alias_confidence,canonical_key,dice_upstream,dice_computed,dice_delta_pp,v86_accept,v86_review,v86_reason_engine,v86_reason_csv,v86_reason_consistent,blacklist_hits_engine,primary_metric_left,primary_metric_right,variety_left,variety_right,metric_left,metric_right,qualifier_left,qualifier_right,cross_subtype,rerated_level,orig_risk_level,rerate_basis,orig_expected_level,orig_consistent,in_high_risk_pairs,template_id,tpl488_rows,tpl488_hit_csv,verdict,verdict_label,error_type,error_reason,audit_confidence,human_recheck_required,notes
S-001,STRATIFIED_100,W3_高风险 / RISK_DB_P0,ambiguous_indicator_rerated.csv,AMB-0004,LC,磷酸铁锂 电池 国内销量,,磷酸铁锂电池国内销量,,1,unregistered,register_pending,0.30,,,0.0,,False,False,empty_input,empty_input,1,,销量,,LI,,销量,,,,,W3_高风险,P0,RISK_DB_P0,W3_高风险,Y,N,TPL-LC-087,1,Y,NO_TARGET,NO_TARGET_数据缺失不可判,数据缺失(候选匹配为空),candidate_match/matched_name 为空，别名映射不可判定,HIGH,YES,
S-002,STRATIFIED_100,W3_高风险 / RISK_DB_P0,ambiguous_indicator_rerated.csv,AMB-0006,NI,中国电解镍净进口量,,中国电解镍净进口量,,1,unregistered,register_pending,0.30,,,0.0,,False,False,empty_input,empty_input,1,,净进口量,,NI,,净进口|进口,,中国,,,W3_高风险,P0,RISK_DB_P0,W3_高风险,Y,N,TPL-NI-008,1,Y,NO_TARGET,NO_TARGET_数据缺失不可判,数据缺失(候选匹配为空),candidate_match/matched_name 为空，别名映射不可判定,HIGH,YES,
S-003,STRATIFIED_100,W3_高风险 / RISK_DB_P0,ambiguous_indicator_rerated.csv,AMB-0007,SI,工业硅样本工厂库存(SMM),,工业硅样本工厂库存(SMM,,0,,,,,,0.0,,False,False,empty_input,empty_input,1,,工厂库存,,SI,,库存,,SMM|厂库,,,W3_高风险,P0,RISK_DB_P0,W3_高风险,Y,N,TPL-SI-014,2,Y,NO_TARGET,NO_TARGET_数据缺失不可判,数据缺失(候选匹配为空),candidate_match/matched_name 为空，别名映射不可判定,HIGH,YES,
S-004,STRATIFIED_100,W3_高风险 / RISK_DB_P0,ambiguous_indicator_rerated.csv,AMB-0008,SI,工业硅供需平衡,,工业硅供需平衡,,1,unregistered,register_pending,0.30,,,0.0,,False,False,empty_input,empty_input,1,,供需平衡,,SI,,供需平衡,,,,,W3_高风险,P0,RISK_DB_P0,W3_高风险,Y,N,TPL-SI-019,1,Y,NO_TARGET,NO_TARGET_数据缺失不可判,数据缺失(候选匹配为空),candidate_match/matched_name 为空，别名映射不可判定,HIGH,YES,
S-005,STRATIFIED_100,W3_高风险 / V86降级复核(variety_neutral_target_review),ambiguous_indicator_rerated.csv,AMB-0303,通用,LME库存,LME镍库存,LME库存,LME镍库存,1,synonym_with_confusable_neighbor,manual_review,0.75,LME库存,0.9091,0.9091,0.00,False,True,variety_neutral_target_review,variety_neutral_target_review,1,,库存,库存,,NI,库存,库存,LME,LME,,W3_高风险,P0,V86降级复核(variety_neutral_target_review),W3_高风险,Y,N,,0,N,OK,OK_正确别名,无,同品种 + 同主度量词 + 无黑名单命中，口径粒度一致,HIGH,YES,
S-006,STRATIFIED_100,W3_高风险 / V86降级复核(variety_neutral_target_review),ambiguous_indicator_rerated.csv,AMB-0304,通用,LME库存,LME铅库存,LME库存,LME铅库存,1,synonym_with_confusable_neighbor,manual_review,0.75,LME库存,0.9091,0.9091,0.00,False,True,variety_neutral_target_review,variety_neutral_target_review,1,,库存,库存,,PB,库存,库存,LME,LME,,W3_高风险,P0,V86降级复核(variety_neutral_target_review),W3_高风险,Y,N,,0,N,OK,OK_正确别名,无,同品种 + 同主度量词 + 无黑名单命中，口径粒度一致,HIGH,YES,
S-007,STRATIFIED_100,W2_待复核 / dice边界(0.8333),ambiguous_indicator_rerated.csv,AMB-0350,通用,SMM-四川样本周度库存,SMM-新疆样本周度库存,SMM-四川样本周度库存,SMM-新疆样本周度库存,1,synonym_with_confusable_neighbor,manual_review,0.75,wr224,0.8333,0.8333,0.00,True,False,mid_dice_same_variety,mid_dice_same_variety,1,,库存,库存,,,库存,库存,SMM,SMM,,W2_待复核,P1,dice边界(0.8333),W2_待复核,Y,N,,0,N,OK,OK_正确别名,无,同品种 + 同主度量词 + 无黑名单命中，口径粒度一致,HIGH,YES,
S-008,STRATIFIED_100,W2_待复核 / dice边界(0.8333),ambiguous_indicator_rerated.csv,AMB-0351,通用,SMM-云南样本周度库存,SMM-新疆样本周度库存,SMM-云南样本周度库存,SMM-新疆样本周度库存,1,synonym_with_confusable_neighbor,manual_review,0.75,wr223,0.8333,0.8333,0.00,True,False,mid_dice_same_variety,mid_dice_same_variety,1,,库存,库存,,,库存,库存,SMM,SMM,,W2_待复核,P1,dice边界(0.8333),W2_待复核,Y,N,,0,N,OK,OK_正确别名,无,同品种 + 同主度量词 + 无黑名单命中，口径粒度一致,HIGH,YES,
S-009,STRATIFIED_100,W2_待复核 / dice边界(0.8333),ambiguous_indicator_rerated.csv,AMB-0352,通用,SMM-云南样本周度库存,SMM-四川样本周度库存,SMM-云南样本周度库存,SMM-四川样本周度库存,1,synonym_with_confusable_neighbor,manual_review,0.75,wr223,0.8333,0.8333,0.00,True,False,mid_dice_same_variety,mid_dice_same_variety,1,,库存,库存,,,库存,库存,SMM,SMM,,W2_待复核,P1,dice边界(0.8333),W2_待复核,Y,N,,0,N,OK,OK_正确别名,无,同品种 + 同主度量词 + 无黑名单命中，口径粒度一致,HIGH,YES,
S-010,STRATIFIED_100,W1_可靠同义 / V86通过(high_dice),ambiguous_indicator_rerated.csv,AMB-0270,通用,CAAM: 中国汽车月度销量: 月度,CAAM: 中国汽车销量: 月度,CAAM:中国汽车月度销量:月度,CAAM:中国汽车销量:月度,1,synonym_with_confusable_neighbor,manual_review,0.75,pb_52_aux_2,0.9333,0.9333,0.00,True,False,high_dice,high_dice,1,,销量,销量,,,销量,销量,中国,中国,,W1_可靠同义,P0,V86通过(high_dice),W3_高风险,N,N,,0,N,OK,OK_正确别名,无,同品种 + 同主度量词 + 无黑名单命中，口径粒度一致,HIGH,YES,
S-011,STRATIFIED_100,W1_可靠同义 / V86通过(high_dice),ambiguous_indicator_rerated.csv,AMB-0275,通用,SMM: 云南地区冶炼酸(硫酸)价格(出厂价) - 涨跌: 日度,SMM: 广西地区冶炼酸(硫酸)价格(出厂价) - 涨跌: 日度,SMM:云南地区冶炼酸(硫酸)价格(出厂价)-涨跌:日度,SMM:广西地区冶炼酸(硫酸)价格(出厂价)-涨跌:日度,0,,,,,0.9286,0.9048,2.38,True,False,high_dice,high_dice,1,,价格,价格,,,价格,价格,SMM,SMM,,W1_可靠同义,P0,V86通过(high_dice),W3_高风险,N,N,,0,N,OK,OK_正确别名,无,同品种 + 同主度量词 + 无黑名单命中，口径粒度一致,HIGH,YES,
S-012,STRATIFIED_100,W0_错误别名 / V86硬拦截(blacklist_precheck),ambiguous_indicator_rerated.csv,AMB-0026,LI,盐湖提锂利润（元/吨）,盐湖提锂产量,盐湖提锂利润(元/吨,盐湖提锂产量,0,,,,,0.5,0.6667,-16.67,False,False,blacklist_precheck,blacklist_precheck,1,BL-016;BL-016a,利润,产量,LI,LI,利润,产量,,,,W0_错误别名,P1,V86硬拦截(blacklist_precheck),W2_待复核,N,N,THS-LI-2.5,13,Y,E3,E3_语义不匹配,语义不匹配,主度量词 利润 vs 产量 不同，且黑名单命中,HIGH,NO,
S-013,STRATIFIED_100,W0_错误别名 / V86硬拦截(blacklist_precheck),ambiguous_indicator_rerated.csv,AMB-0039,SN,在途库存天数（天）,锂矿 外采 在途库存,在途库存天数(天,锂矿外采在途库存,1,confusable_warn,manual_review,0.60,,0.5,0.5,0.00,False,False,blacklist_precheck,blacklist_precheck,1,BL-012,库存天数,在途库存,,LI,库存|库存天数,库存,,,,W0_错误别名,P1,V86硬拦截(blacklist_precheck),W2_待复核,N,N,THS-SN-4.5,18,Y,E3,E3_语义不匹配,语义不匹配,主度量词 库存天数 vs 在途库存 不同，且黑名单命中,HIGH,NO,
S-014,STRATIFIED_100,W0_错误别名 / V86硬拦截(blacklist_precheck),ambiguous_indicator_rerated.csv,AMB-0040,SN,库存天数（天）,碳酸锂工厂库存天数,库存天数(天,碳酸锂工厂库存天数,1,confusable_warn,manual_review,0.60,,0.5333,0.5333,0.00,False,False,blacklist_precheck,blacklist_precheck,1,BL-012;BL-026,库存天数,库存天数,,LI,库存|库存天数,库存|库存天数,,厂库,,W0_错误别名,P1,V86硬拦截(blacklist_precheck),W2_待复核,N,N,THS-SN-5.1,19,Y,OK,OK_正确别名,无,同品种 + 同主度量词 + 无黑名单命中，口径粒度差异未达阈值,LOW,YES,口径不一致: engine=blacklist_precheck vs csv=blacklist_precheck
S-015,STRATIFIED_100,W0_错误别名 / V86硬拦截(blacklist_precheck),ambiguous_indicator_rerated.csv,AMB-0051,通用,场内库存,社会库存,场内库存,社会库存,0,,,,,0.5,0.5,0.00,False,False,blacklist_precheck,blacklist_precheck,1,BL-005;BL-006,场内库存,社会库存,,,库存,库存|社会库存,场内,社会|社会库存,,W0_错误别名,P0,V86硬拦截(blacklist_precheck),W3_高风险,Y,N,,0,N,E3,E3_语义不匹配,语义不匹配,主度量词 场内库存 vs 社会库存 不同，且黑名单命中,HIGH,NO,
S-016,STRATIFIED_100,W0_错误别名 / V86硬拦截(blacklist_precheck),ambiguous_indicator_rerated.csv,AMB-0055,通用,库存天数,库存总计,库存天数,库存总计,0,,,,,0.5,0.6667,-16.67,False,False,blacklist_precheck,blacklist_precheck,1,BL-012,库存天数,库存,,,库存|库存天数,库存,,,,W0_错误别名,P1,V86硬拦截(blacklist_precheck),W2_待复核,N,N,,0,N,E3,E3_语义不匹配,语义不匹配,主度量词 库存天数 vs 库存 不同，且黑名单命中,HIGH,NO,
S-017,STRATIFIED_100,W0_错误别名 / V86硬拦截(blacklist_precheck),ambiguous_indicator_rerated.csv,AMB-0060,通用,场内库存,非仓单库存,场内库存,非仓单库存,0,,,,,0.4444,0.4444,0.00,False,False,blacklist_precheck,blacklist_precheck,1,BL-005,场内库存,非仓单,,,库存,仓单|库存|非仓单库存,场内,非仓单,,W0_错误别名,P0,V86硬拦截(blacklist_precheck),W3_高风险,Y,N,,0,N,E3,E3_语义不匹配,语义不匹配,主度量词 场内库存 vs 非仓单 不同，且黑名单命中,HIGH,NO,
S-018,STRATIFIED_100,W0_错误别名 / V86硬拦截(blacklist_precheck),ambiguous_indicator_rerated.csv,AMB-0063,通用,注册仓单库存,非仓单,注册仓单库存,非仓单,0,,,,,0.4444,0.4444,0.00,False,False,blacklist_precheck,blacklist_precheck,1,BL-005,注册仓单,非仓单,,,仓单|库存|注册仓单,仓单,注册仓单,非仓单,,W0_错误别名,P0,V86硬拦截(blacklist_precheck),W3_高风险,Y,N,,0,N,E3,E3_语义不匹配,语义不匹配,主度量词 注册仓单 vs 非仓单 不同，且黑名单命中,HIGH,NO,
S-019,STRATIFIED_100,W0_错误别名 / V86硬拦截(blacklist_precheck),ambiguous_indicator_rerated.csv,AMB-0074,通用,消费量,销量,消费量,销量,0,,,,,0.4,0.4,0.00,False,False,blacklist_precheck,blacklist_precheck,1,BL-004,消费量,销量,,,消费量,销量,,,,W0_错误别名,P1,V86硬拦截(blacklist_precheck),W2_待复核,N,N,,0,N,E3,E3_语义不匹配,语义不匹配,主度量词 消费量 vs 销量 不同，且黑名单命中,HIGH,NO,
S-020,STRATIFIED_100,W0_错误别名 / V86硬拦截(blacklist_precheck),ambiguous_indicator_rerated.csv,AMB-0078,通用,注册仓单库存,厂内库存,注册仓单库存,厂内库存,0,,,,,0.4,0.4,0.00,False,False,blacklist_precheck,blacklist_precheck,1,BL-005,注册仓单,厂内库存,,,仓单|库存|注册仓单,库存,注册仓单,,,W0_错误别名,P0,V86硬拦截(blacklist_precheck),W3_高风险,Y,N,,0,N,E3,E3_语义不匹配,语义不匹配,主度量词 注册仓单 vs 厂内库存 不同，且黑名单命中,HIGH,NO,
S-021,STRATIFIED_100,W0_错误别名 / V86硬拦截(blacklist_precheck),ambiguous_indicator_rerated.csv,AMB-0080,SI,金属硅,黄金,金属硅,黄金,0,,,,,0.4,0.4,0.00,False,False,blacklist_precheck,blacklist_precheck,1,BL-021,,,SI,,,,,,,W0_错误别名,P0,V86硬拦截(blacklist_precheck),W3_高风险,Y,N,,0,N,OK,OK_正确别名,无,同品种 + 同主度量词 + 无黑名单命中，口径粒度一致,LOW,YES,口径不一致: engine=blacklist_precheck vs csv=blacklist_precheck
S-022,STRATIFIED_100,W0_错误别名 / V86硬拦截(blacklist_precheck),ambiguous_indicator_rerated.csv,AMB-0086,通用,产出量,消费量,产出量,消费量,0,,,,,0.3333,0.3333,0.00,False,False,blacklist_precheck,blacklist_precheck,1,BL-001;BL-025,产出量,消费量,,,,消费量,,,,W0_错误别名,P0,V86硬拦截(blacklist_precheck),W3_高风险,Y,N,,0,N,E3,E3_语义不匹配,语义不匹配,主度量词 产出量 vs 消费量 不同，且黑名单命中,HIGH,NO,
S-023,STRATIFIED_100,W0_错误别名 / V86硬拦截(blacklist_precheck),ambiguous_indicator_rerated.csv,AMB-0090,通用,消费量,生产量,消费量,生产量,0,,,,,0.3333,0.3333,0.00,False,False,blacklist_precheck,blacklist_precheck,1,BL-001;BL-025,消费量,生产量,,,消费量,产量,,,,W0_错误别名,P0,V86硬拦截(blacklist_precheck),W3_高风险,Y,N,,0,N,E3,E3_语义不匹配,语义不匹配,主度量词 消费量 vs 生产量 不同，且黑名单命中,HIGH,NO,
S-024,STRATIFIED_100,W0_错误别名 / V86硬拦截(blacklist_precheck),ambiguous_indicator_rerated.csv,AMB-0092,通用,国内销量,出口量,国内销量,出口量,0,,,,,0.2857,0.2857,0.00,False,False,blacklist_precheck,blacklist_precheck,1,BL-008;BL-015,销量,出口量,,,销量,出口,,,,W0_错误别名,P0,V86硬拦截(blacklist_precheck),W3_高风险,Y,N,,0,N,E3,E3_语义不匹配,语义不匹配,主度量词 销量 vs 出口量 不同，且黑名单命中,HIGH,NO,
S-025,STRATIFIED_100,W0_错误别名 / V86硬拦截(blacklist_precheck),ambiguous_indicator_rerated.csv,AMB-0097,通用,产出,消费,产出,消费,0,,,,,0.0,0.0,0.00,False,False,blacklist_precheck,blacklist_precheck,1,BL-001;BL-025,产出,消费,,,,,,,,W0_错误别名,P0,V86硬拦截(blacklist_precheck),W3_高风险,Y,N,,0,N,E3,E3_语义不匹配,语义不匹配,主度量词 产出 vs 消费 不同，且黑名单命中,HIGH,NO,
S-026,STRATIFIED_100,W0_错误别名 / V86硬拦截(blacklist_precheck),ambiguous_indicator_rerated.csv,AMB-0101,通用,产出量,消费,产出量,消费,0,,,,,0.0,0.0,0.00,False,False,blacklist_precheck,blacklist_precheck,1,BL-001;BL-025,产出量,消费,,,,,,,,W0_错误别名,P0,V86硬拦截(blacklist_precheck),W3_高风险,Y,N,,0,N,E3,E3_语义不匹配,语义不匹配,主度量词 产出量 vs 消费 不同，且黑名单命中,HIGH,NO,
S-027,STRATIFIED_100,W0_错误别名 / V86硬拦截(blacklist_precheck),ambiguous_indicator_rerated.csv,AMB-0126,通用,出口额,内销,出口额,内销,0,,,,,0.0,0.0,0.00,False,False,blacklist_precheck,blacklist_precheck,1,BL-008;BL-015,,,,,出口,,,,,W0_错误别名,P0,V86硬拦截(blacklist_precheck),W3_高风险,Y,N,,0,N,OK,OK_正确别名,无,同品种 + 同主度量词 + 无黑名单命中，口径粒度一致,LOW,YES,口径不一致: engine=blacklist_precheck vs csv=blacklist_precheck
S-028,STRATIFIED_100,W0_错误别名 / V86硬拦截(blacklist_precheck),ambiguous_indicator_rerated.csv,AMB-0128,通用,利润,需求,利润,需求,0,,,,,0.0,0.0,0.00,False,False,blacklist_precheck,blacklist_precheck,1,BL-009,利润,需求,,,利润,需求,,,,W0_错误别名,P0,V86硬拦截(blacklist_precheck),W3_高风险,Y,N,,0,N,E3,E3_语义不匹配,语义不匹配,主度量词 利润 vs 需求 不同，且黑名单命中,HIGH,NO,
S-029,STRATIFIED_100,W0_错误别名 / V86硬拦截(blacklist_precheck),ambiguous_indicator_rerated.csv,AMB-0137,通用,毛利,需求,毛利,需求,0,,,,,0.0,0.0,0.00,False,False,blacklist_precheck,blacklist_precheck,1,BL-009,毛利,需求,,,毛利,需求,,,,W0_错误别名,P0,V86硬拦截(blacklist_precheck),W3_高风险,Y,N,,0,N,E3,E3_语义不匹配,语义不匹配,主度量词 毛利 vs 需求 不同，且黑名单命中,HIGH,NO,
S-030,STRATIFIED_100,W0_错误别名 / V86硬拦截(blacklist_precheck),ambiguous_indicator_rerated.csv,AMB-0141,通用,库存,开工率,库存,开工率,0,,,,,0.0,0.0,0.00,False,False,blacklist_precheck,blacklist_precheck,1,BL-010,库存,开工率,,,库存,开工|开工率,,,,W0_错误别名,P0,V86硬拦截(blacklist_precheck),W3_高风险,Y,N,,0,N,E3,E3_语义不匹配,语义不匹配,主度量词 库存 vs 开工率 不同，且黑名单命中,HIGH,NO,
S-031,STRATIFIED_100,W0_错误别名 / V86硬拦截(blacklist_precheck),ambiguous_indicator_rerated.csv,AMB-0142,通用,库存,运行产能,库存,运行产能,0,,,,,0.0,0.0,0.00,False,False,blacklist_precheck,blacklist_precheck,1,BL-010,库存,运行产能,,,库存,产能,,,,W0_错误别名,P0,V86硬拦截(blacklist_precheck),W3_高风险,Y,N,,0,N,E3,E3_语义不匹配,语义不匹配,主度量词 库存 vs 运行产能 不同，且黑名单命中,HIGH,NO,
S-032,STRATIFIED_100,W0_错误别名 / V86硬拦截(blacklist_precheck),ambiguous_indicator_rerated.csv,AMB-0144,通用,库存,产能利用率,库存,产能利用率,0,,,,,0.0,0.0,0.00,False,False,blacklist_precheck,blacklist_precheck,1,BL-010,库存,产能利用率,,,库存,产能|产能利用率,,,,W0_错误别名,P0,V86硬拦截(blacklist_precheck),W3_高风险,Y,N,,0,N,E3,E3_语义不匹配,语义不匹配,主度量词 库存 vs 产能利用率 不同，且黑名单命中,HIGH,NO,
S-033,STRATIFIED_100,W0_错误别名 / V86硬拦截(blacklist_precheck),ambiguous_indicator_rerated.csv,AMB-0150,通用,库存天数,产能,库存天数,产能,0,,,,,0.0,0.0,0.00,False,False,blacklist_precheck,blacklist_precheck,1,BL-010,库存天数,产能,,,库存|库存天数,产能,,,,W0_错误别名,P0,V86硬拦截(blacklist_precheck),W3_高风险,Y,N,,0,N,E3,E3_语义不匹配,语义不匹配,主度量词 库存天数 vs 产能 不同，且黑名单命中,HIGH,NO,
S-034,STRATIFIED_100,W0_错误别名 / V86硬拦截(blacklist_precheck),ambiguous_indicator_rerated.csv,AMB-0153,通用,库存天数,建成产能,库存天数,建成产能,0,,,,,0.0,0.0,0.00,False,False,blacklist_precheck,blacklist_precheck,1,BL-010,库存天数,建成产能,,,库存|库存天数,产能,,,,W0_错误别名,P0,V86硬拦截(blacklist_precheck),W3_高风险,Y,N,,0,N,E3,E3_语义不匹配,语义不匹配,主度量词 库存天数 vs 建成产能 不同，且黑名单命中,HIGH,NO,
S-035,STRATIFIED_100,W0_错误别名 / V86硬拦截(blacklist_precheck),ambiguous_indicator_rerated.csv,AMB-0155,通用,价格,库存,价格,库存,0,,,,,0.0,0.0,0.00,False,False,blacklist_precheck,blacklist_precheck,1,BL-011,价格,库存,,,价格,库存,,,,W0_错误别名,P1,V86硬拦截(blacklist_precheck),W2_待复核,N,N,,0,N,E3,E3_语义不匹配,语义不匹配,主度量词 价格 vs 库存 不同，且黑名单命中,HIGH,NO,
S-036,STRATIFIED_100,W0_错误别名 / V86硬拦截(blacklist_precheck),ambiguous_indicator_rerated.csv,AMB-0163,通用,市场价,库存天数,市场价,库存天数,0,,,,,0.0,0.0,0.00,False,False,blacklist_precheck,blacklist_precheck,1,BL-011,,库存天数,,,,库存|库存天数,,,,W0_错误别名,P1,V86硬拦截(blacklist_precheck),W2_待复核,N,N,,0,N,OK,OK_正确别名,无,同品种 + 同主度量词 + 无黑名单命中，口径粒度一致,LOW,YES,口径不一致: engine=blacklist_precheck vs csv=blacklist_precheck
S-037,STRATIFIED_100,W0_错误别名 / V86硬拦截(blacklist_precheck),ambiguous_indicator_rerated.csv,AMB-0173,通用,加工费,单位成本,加工费,单位成本,1,confusable_warn,manual_review,0.60,,0.0,0.0,0.00,False,False,blacklist_precheck,blacklist_precheck,1,BL-013,加工费,单位成本,,,加工费,成本,,,,W0_错误别名,P1,V86硬拦截(blacklist_precheck),W2_待复核,N,N,,0,N,E3,E3_语义不匹配,语义不匹配,主度量词 加工费 vs 单位成本 不同，且黑名单命中,HIGH,NO,
S-038,STRATIFIED_100,W0_错误别名 / V86硬拦截(blacklist_precheck),ambiguous_indicator_rerated.csv,AMB-0177,通用,平衡表,价格,平衡表,价格,0,,,,,0.0,0.0,0.00,False,False,blacklist_precheck,blacklist_precheck,1,BL-014,,价格,,,,价格,,,,W0_错误别名,P2,V86硬拦截(blacklist_precheck),W1_可靠同义,N,N,,0,N,OK,OK_正确别名,无,同品种 + 同主度量词 + 无黑名单命中，口径粒度一致,LOW,YES,口径不一致: engine=blacklist_precheck vs csv=blacklist_precheck
S-039,STRATIFIED_100,W0_错误别名 / V86硬拦截(blacklist_precheck),ambiguous_indicator_rerated.csv,AMB-0180,通用,国内销量,出口,国内销量,出口,0,,,,,0.0,0.0,0.00,False,False,blacklist_precheck,blacklist_precheck,1,BL-008;BL-015,销量,,,,销量,出口,,,,W0_错误别名,P0,V86硬拦截(blacklist_precheck),W3_高风险,Y,N,,0,N,OK,OK_正确别名,无,同品种 + 同主度量词 + 无黑名单命中，口径粒度一致,LOW,YES,口径不一致: engine=blacklist_precheck vs csv=blacklist_precheck
S-040,STRATIFIED_100,W0_错误别名 / V86硬拦截(blacklist_precheck),ambiguous_indicator_rerated.csv,AMB-0186,通用,利润,产出,利润,产出,0,,,,,0.0,0.0,0.00,False,False,blacklist_precheck,blacklist_precheck,1,BL-016,利润,产出,,,利润,,,,,W0_错误别名,P1,V86硬拦截(blacklist_precheck),W2_待复核,N,N,,0,N,E3,E3_语义不匹配,语义不匹配,主度量词 利润 vs 产出 不同，且黑名单命中,HIGH,NO,
S-041,STRATIFIED_100,W0_错误别名 / V86硬拦截(blacklist_precheck),ambiguous_indicator_rerated.csv,AMB-0190,通用,盈亏,产出,盈亏,产出,0,,,,,0.0,0.0,0.00,False,False,blacklist_precheck,blacklist_precheck,1,BL-016,盈亏,产出,,,,,,,,W0_错误别名,P1,V86硬拦截(blacklist_precheck),W2_待复核,N,N,,0,N,E3,E3_语义不匹配,语义不匹配,主度量词 盈亏 vs 产出 不同，且黑名单命中,HIGH,NO,
S-042,STRATIFIED_100,W0_错误别名 / V86硬拦截(blacklist_precheck),ambiguous_indicator_rerated.csv,AMB-0193,通用,均价,利润,均价,利润,0,,,,,0.0,0.0,0.00,False,False,blacklist_precheck,blacklist_precheck,1,BL-017,均价,利润,,,均价,利润,,,,W0_错误别名,P2,V86硬拦截(blacklist_precheck),W1_可靠同义,N,N,,0,N,E3,E3_语义不匹配,语义不匹配,主度量词 均价 vs 利润 不同，且黑名单命中,HIGH,NO,
S-043,STRATIFIED_100,W0_错误别名 / V86硬拦截(blacklist_precheck),ambiguous_indicator_rerated.csv,AMB-0195,通用,市场价,利润,市场价,利润,0,,,,,0.0,0.0,0.00,False,False,blacklist_precheck,blacklist_precheck,1,BL-017,,利润,,,,利润,,,,W0_错误别名,P2,V86硬拦截(blacklist_precheck),W1_可靠同义,N,N,,0,N,OK,OK_正确别名,无,同品种 + 同主度量词 + 无黑名单命中，口径粒度一致,LOW,YES,口径不一致: engine=blacklist_precheck vs csv=blacklist_precheck
S-044,STRATIFIED_100,W0_错误别名 / V86硬拦截(blacklist_precheck),ambiguous_indicator_rerated.csv,AMB-0225,SI,金属硅,苯乙烯,金属硅,苯乙烯,0,,,,,0.0,0.0,0.00,False,False,blacklist_precheck,blacklist_precheck,1,BL-020,,,SI,,,,,,,W0_错误别名,P0,V86硬拦截(blacklist_precheck),W3_高风险,Y,N,,0,N,OK,OK_正确别名,无,同品种 + 同主度量词 + 无黑名单命中，口径粒度一致,LOW,YES,口径不一致: engine=blacklist_precheck vs csv=blacklist_precheck
S-045,STRATIFIED_100,W0_错误别名 / V86硬拦截(blacklist_precheck),ambiguous_indicator_rerated.csv,AMB-0233,通用,升贴水,价格,升贴水,价格,1,confusable_warn,manual_review,0.60,,0.0,0.0,0.00,False,False,blacklist_precheck,blacklist_precheck,1,BL-023,升贴水,价格,,,升贴水,价格,,,,W0_错误别名,P2,V86硬拦截(blacklist_precheck),W1_可靠同义,N,N,,0,N,E3,E3_语义不匹配,语义不匹配,主度量词 升贴水 vs 价格 不同，且黑名单命中,HIGH,NO,
S-046,STRATIFIED_100,W0_错误别名 / V86硬拦截(blacklist_precheck),ambiguous_indicator_rerated.csv,AMB-0236,通用,贴水,价格,贴水,价格,0,,,,,0.0,0.0,0.00,False,False,blacklist_precheck,blacklist_precheck,1,BL-023,贴水,价格,,,,价格,,,,W0_错误别名,P2,V86硬拦截(blacklist_precheck),W1_可靠同义,N,N,,0,N,E3,E3_语义不匹配,语义不匹配,主度量词 贴水 vs 价格 不同，且黑名单命中,HIGH,NO,
S-047,STRATIFIED_100,W0_错误别名 / V86硬拦截(blacklist_precheck),ambiguous_indicator_rerated.csv,AMB-0238,通用,贴水,市场价,贴水,市场价,0,,,,,0.0,0.0,0.00,False,False,blacklist_precheck,blacklist_precheck,1,BL-023,贴水,,,,,,,,,W0_错误别名,P2,V86硬拦截(blacklist_precheck),W1_可靠同义,N,N,,0,N,OK,OK_正确别名,无,同品种 + 同主度量词 + 无黑名单命中，口径粒度一致,LOW,YES,口径不一致: engine=blacklist_precheck vs csv=blacklist_precheck
S-048,STRATIFIED_100,W0_错误别名 / V86硬拦截(blacklist_precheck),ambiguous_indicator_rerated.csv,AMB-0240,通用,消费,产量,消费,产量,0,,,,,0.0,0.0,0.00,False,False,blacklist_precheck,blacklist_precheck,1,BL-001;BL-025,消费,产量,,,,产量,,,,W0_错误别名,P0,V86硬拦截(blacklist_precheck),W3_高风险,Y,N,,0,N,E3,E3_语义不匹配,语义不匹配,主度量词 消费 vs 产量 不同，且黑名单命中,HIGH,NO,
S-049,STRATIFIED_100,W0_错误别名 / V86硬拦截(metric_exclusion_hard),ambiguous_indicator_rerated.csv,AMB-0355,通用,注册仓单(日),注销仓单(日),注册仓单(日,注销仓单(日,1,synonym_with_confusable_neighbor,manual_review,0.75,pb_22_aux_8,0.8333,0.8333,0.00,False,False,metric_exclusion_hard,metric_exclusion_hard,1,,注册仓单,注销仓单,,,仓单|注册仓单,仓单,注册仓单,,,W0_错误别名,P1,V86硬拦截(metric_exclusion_hard),W2_待复核,N,N,,0,N,E3,E3_语义不匹配,语义不匹配,主度量词 注册仓单 vs 注销仓单 不同，且 dice=0.8333>=0.75,HIGH,NO,
S-050,STRATIFIED_100,W0_错误别名 / V86硬拦截(variety_anchor_violation),ambiguous_indicator_rerated.csv,AMB-0015,SI,国内硅矿月加工费TC（元/吨）,铜管：H62：加工费：安徽（月）,国内硅矿月加工费TC(元/吨,铜管:H62:加工费:安徽(月,0,,,,,0.3448,0.32,2.48,False,False,variety_anchor_violation,variety_anchor_violation,1,,加工费TC,加工费,SI,CU,TC|加工费,加工费,,,,W0_错误别名,P0,V86硬拦截(variety_anchor_violation),W3_高风险,Y,N,THS-SI-3.1.3,10,Y,E2,E2_品种混淆,品种混淆,品种族 ['SI'] vs ['CU'] 无交集,HIGH,NO,
S-051,STRATIFIED_100,W0_错误别名 / V86硬拦截(variety_anchor_violation),ambiguous_indicator_rerated.csv,AMB-0018,SN,印尼锡精矿产量（万吨）,印尼精炼镍产量,印尼锡精矿产量(万吨,印尼精炼镍产量,0,,,,,0.5882,0.7143,-12.61,False,False,variety_anchor_violation,variety_anchor_violation,1,BL-018a,产量,产量,SN,NI,产量,产量,印尼,印尼,,W0_错误别名,P0,V86硬拦截(variety_anchor_violation),W3_高风险,Y,N,THS-SN-3.1.2,17,Y,E2,E2_品种混淆,品种混淆,品种族 ['SN'] vs ['NI'] 无交集,HIGH,NO,
S-052,STRATIFIED_100,W0_错误别名 / V86硬拦截(variety_anchor_violation),ambiguous_indicator_rerated.csv,AMB-0034,SI,多晶硅工厂库存天数（天）,碳酸锂工厂库存天数,多晶硅工厂库存天数(天,碳酸锂工厂库存天数,1,confusable_warn,manual_review,0.60,,0.6,0.6,0.00,False,False,variety_anchor_violation,variety_anchor_violation,1,BL-012;BL-026,库存天数,库存天数,SI,LI,库存|库存天数,库存|库存天数,厂库,厂库,,W0_错误别名,P1,V86硬拦截(variety_anchor_violation),W2_待复核,N,N,THS-SI-4.4,12,Y,E2,E2_品种混淆,品种混淆,品种族 ['SI'] vs ['LI'] 无交集,HIGH,NO,
S-053,STRATIFIED_100,W0_错误别名 / V86硬拦截(variety_anchor_violation),ambiguous_indicator_rerated.csv,AMB-0204,SN,锡锭,镍豆,锡锭,镍豆,0,,,,,0.0,0.0,0.00,False,False,variety_anchor_violation,variety_anchor_violation,1,BL-018;BL-018a,,,SN,NI,,,,,,W0_错误别名,P0,V86硬拦截(variety_anchor_violation),W3_高风险,Y,N,,0,N,E2,E2_品种混淆,品种混淆,品种族 ['SN'] vs ['NI'] 无交集,HIGH,NO,
S-054,STRATIFIED_100,W0_错误别名 / V86硬拦截(variety_anchor_violation),ambiguous_indicator_rerated.csv,AMB-0207,SN,锡矿,镍,锡矿,镍,0,,,,,0.0,0.0,0.00,False,False,variety_anchor_violation,variety_anchor_violation,1,,,,SN,NI,,,,,,W0_错误别名,P0,V86硬拦截(variety_anchor_violation),W3_高风险,Y,N,,0,N,E2,E2_品种混淆,品种混淆,品种族 ['SN'] vs ['NI'] 无交集,HIGH,NO,
S-055,STRATIFIED_100,W0_错误别名 / V86硬拦截(variety_anchor_violation),ambiguous_indicator_rerated.csv,AMB-0211,SI,工业硅,铜,工业硅,铜,0,,,,,0.0,0.0,0.00,False,False,variety_anchor_violation,variety_anchor_violation,1,,,,SI,CU,,,,,,W0_错误别名,P0,V86硬拦截(variety_anchor_violation),W3_高风险,Y,N,,0,N,E2,E2_品种混淆,品种混淆,品种族 ['SI'] vs ['CU'] 无交集,HIGH,NO,
S-056,STRATIFIED_100,W0_错误别名 / V86硬拦截(variety_anchor_violation),ambiguous_indicator_rerated.csv,AMB-0220,SI,硅,电解铜,硅,电解铜,0,,,,,0.0,0.0,0.00,False,False,variety_anchor_violation,variety_anchor_violation,1,,,,SI,CU,,,,,,W0_错误别名,P0,V86硬拦截(variety_anchor_violation),W3_高风险,Y,N,,0,N,E2,E2_品种混淆,品种混淆,品种族 ['SI'] vs ['CU'] 无交集,HIGH,NO,
S-057,STRATIFIED_100,W0_错误别名 / V86硬拦截(variety_anchor_violation),ambiguous_indicator_rerated.csv,AMB-0221,SI,硅,铜锭,硅,铜锭,0,,,,,0.0,0.0,0.00,False,False,variety_anchor_violation,variety_anchor_violation,1,,,,SI,CU,,,,,,W0_错误别名,P0,V86硬拦截(variety_anchor_violation),W3_高风险,Y,N,,0,N,E2,E2_品种混淆,品种混淆,品种族 ['SI'] vs ['CU'] 无交集,HIGH,NO,
S-058,STRATIFIED_100,W0_错误别名 / V86硬拦截(variety_anchor_violation),ambiguous_indicator_rerated.csv,AMB-0222,SI,硅,铜矿,硅,铜矿,0,,,,,0.0,0.0,0.00,False,False,variety_anchor_violation,variety_anchor_violation,1,,,,SI,CU,,,,,,W0_错误别名,P0,V86硬拦截(variety_anchor_violation),W3_高风险,Y,N,,0,N,E2,E2_品种混淆,品种混淆,品种族 ['SI'] vs ['CU'] 无交集,HIGH,NO,
S-059,STRATIFIED_100,W0_错误别名 / V86硬拦截(variety_anchor_violation),ambiguous_indicator_rerated.csv,AMB-0230,NI,电解镍,铜,电解镍,铜,0,,,,,0.0,0.0,0.00,False,False,variety_anchor_violation,variety_anchor_violation,1,,,,NI,CU,,,,,,W0_错误别名,P0,V86硬拦截(variety_anchor_violation),W3_高风险,Y,N,,0,N,E2,E2_品种混淆,品种混淆,品种族 ['NI'] vs ['CU'] 无交集,HIGH,NO,
S-060,STRATIFIED_100,W0_错误别名 / V86硬拦截(variety_anchor_violation),ambiguous_indicator_rerated.csv,AMB-0232,NI,精炼镍,电解铜,精炼镍,电解铜,0,,,,,0.0,0.0,0.00,False,False,variety_anchor_violation,variety_anchor_violation,1,BL-022,,,NI,CU,,,,,,W0_错误别名,P0,V86硬拦截(variety_anchor_violation),W3_高风险,Y,N,,0,N,E2,E2_品种混淆,品种混淆,品种族 ['NI'] vs ['CU'] 无交集,HIGH,NO,
S-061,STRATIFIED_100,W0_错误别名 / V86硬拦截(variety_anchor_violation),ambiguous_indicator_rerated.csv,AMB-0247,SN,SHFE：锡：主力合约：单边交易：成交量（日）,SHFE：镍：主力合约：单边交易：成交量（日）,SHFE:锡:主力合约:单边交易:成交量(日,SHFE:镍:主力合约:单边交易:成交量(日,1,synonym_with_confusable_neighbor,manual_review,0.75,sn_21_shfe_volume_front,0.9545,0.9545,0.00,False,False,variety_anchor_violation,variety_anchor_violation,1,,成交量,成交量,SN,NI,成交量,成交量,SHFE|主力合约,SHFE|主力合约,,W0_错误别名,P0,V86硬拦截(variety_anchor_violation),W3_高风险,Y,N,,0,N,E2,E2_品种混淆,品种混淆,品种族 ['SN'] vs ['NI'] 无交集,HIGH,NO,
S-062,STRATIFIED_100,W0_错误别名 / V86硬拦截(variety_anchor_violation),ambiguous_indicator_rerated.csv,AMB-0248,SN,SHFE：锡：主力合约：单边交易：持仓量（日）,SHFE：镍：主力合约：单边交易：持仓量（日）,SHFE:锡:主力合约:单边交易:持仓量(日,SHFE:镍:主力合约:单边交易:持仓量(日,1,synonym_with_confusable_neighbor,manual_review,0.75,sn_21_shfe_openinterest_front,0.9545,0.9545,0.00,False,False,variety_anchor_violation,variety_anchor_violation,1,,持仓量,持仓量,SN,NI,持仓|持仓量,持仓|持仓量,SHFE|主力合约,SHFE|主力合约,,W0_错误别名,P0,V86硬拦截(variety_anchor_violation),W3_高风险,Y,N,,0,N,E2,E2_品种混淆,品种混淆,品种族 ['SN'] vs ['NI'] 无交集,HIGH,NO,
S-063,STRATIFIED_100,W0_错误别名 / V86硬拦截(variety_anchor_violation),ambiguous_indicator_rerated.csv,AMB-0251,PB,SMM: 进口盈亏: 铅: 现货: LME价格: 日度,SMM: 进口盈亏: 锡: 现货: LME价格: 日度,SMM:进口盈亏:铅:现货:LME价格:日度,SMM:进口盈亏:锡:现货:LME价格:日度,1,canonical_conflict,manual_review,0.55,pb_23_aux_3|pb_23_aux_4,0.9545,0.9545,0.00,False,False,variety_anchor_violation,variety_anchor_violation,1,,价格,价格,PB,SN,价格|现货|进口,价格|现货|进口,LME|SMM|现货,LME|SMM|现货,,W0_错误别名,P0,V86硬拦截(variety_anchor_violation),W3_高风险,Y,N,,0,N,E2,E2_品种混淆,品种混淆,品种族 ['PB'] vs ['SN'] 无交集,HIGH,NO,
S-064,STRATIFIED_100,W0_错误别名 / V86硬拦截(variety_anchor_violation),ambiguous_indicator_rerated.csv,AMB-0253,PB,LME：铅：CASH-3M合约：结算价差（日）,LME：铝：CASH-3M合约：结算价差（日）,LME:铅:CASH-3M合约:结算价差(日,LME:铝:CASH-3M合约:结算价差(日,1,synonym_with_confusable_neighbor,manual_review,0.75,pb_23_aux_2,0.9545,0.9545,0.00,False,False,variety_anchor_violation,variety_anchor_violation,1,,结算价,结算价,PB,AL,结算价,结算价,LME,LME,,W0_错误别名,P0,V86硬拦截(variety_anchor_violation),W3_高风险,Y,N,,0,N,E2,E2_品种混淆,品种混淆,品种族 ['PB'] vs ['AL'] 无交集,HIGH,NO,
S-065,STRATIFIED_100,W0_错误别名 / V86硬拦截(variety_anchor_violation),ambiguous_indicator_rerated.csv,AMB-0255,AL,SHFE：铝：主力合约：单边交易：成交量（日）,SHFE：锡：主力合约：单边交易：成交量（日）,SHFE:铝:主力合约:单边交易:成交量(日,SHFE:锡:主力合约:单边交易:成交量(日,1,synonym_with_confusable_neighbor,manual_review,0.75,al_00_volume_front,0.9545,0.9545,0.00,False,False,variety_anchor_violation,variety_anchor_violation,1,,成交量,成交量,AL,SN,成交量,成交量,SHFE|主力合约,SHFE|主力合约,,W0_错误别名,P0,V86硬拦截(variety_anchor_violation),W3_高风险,Y,N,,0,N,E2,E2_品种混淆,品种混淆,品种族 ['AL'] vs ['SN'] 无交集,HIGH,NO,
S-066,STRATIFIED_100,W0_错误别名 / V86硬拦截(variety_anchor_violation),ambiguous_indicator_rerated.csv,AMB-0256,AL,SHFE：铝：主力合约：单边交易：成交量（日）,SHFE：镍：主力合约：单边交易：成交量（日）,SHFE:铝:主力合约:单边交易:成交量(日,SHFE:镍:主力合约:单边交易:成交量(日,1,synonym_with_confusable_neighbor,manual_review,0.75,al_00_volume_front,0.9545,0.9545,0.00,False,False,variety_anchor_violation,variety_anchor_violation,1,,成交量,成交量,AL,NI,成交量,成交量,SHFE|主力合约,SHFE|主力合约,,W0_错误别名,P0,V86硬拦截(variety_anchor_violation),W3_高风险,Y,N,,0,N,E2,E2_品种混淆,品种混淆,品种族 ['AL'] vs ['NI'] 无交集,HIGH,NO,
S-067,STRATIFIED_100,W0_错误别名 / V86硬拦截(variety_anchor_violation),ambiguous_indicator_rerated.csv,AMB-0268,AL,LME：铝：3个月合约：成交量（日）,LME：镍：3个月合约：成交量（日）,LME:铝:3个月合约:成交量(日,LME:镍:3个月合约:成交量(日,1,synonym_with_confusable_neighbor,manual_review,0.75,al_23_lme_volume,0.9412,0.9412,0.00,False,False,variety_anchor_violation,variety_anchor_violation,1,,成交量,成交量,AL,NI,成交量,成交量,3个月合约|LME,3个月合约|LME,,W0_错误别名,P0,V86硬拦截(variety_anchor_violation),W3_高风险,Y,N,,0,N,E2,E2_品种混淆,品种混淆,品种族 ['AL'] vs ['NI'] 无交集,HIGH,NO,
S-068,STRATIFIED_100,W0_错误别名 / V86硬拦截(variety_anchor_violation),ambiguous_indicator_rerated.csv,AMB-0271,PB,中国海关: 铅合金出口量: 月度,中国海关: 锌合金出口量: 月度,中国海关:铅合金出口量:月度,中国海关:锌合金出口量:月度,1,synonym_with_confusable_neighbor,manual_review,0.75,pb_63_alloy_export,0.9286,0.9286,0.00,False,False,variety_anchor_violation,variety_anchor_violation,1,,出口量,出口量,PB,ZN,出口,出口,中国,中国,,W0_错误别名,P0,V86硬拦截(variety_anchor_violation),W3_高风险,Y,N,,0,N,E2,E2_品种混淆,品种混淆,品种族 ['PB'] vs ['ZN'] 无交集,HIGH,NO,
S-069,STRATIFIED_100,W0_错误别名 / V86硬拦截(variety_anchor_violation),ambiguous_indicator_rerated.csv,AMB-0277,CU,铜精矿：产量：澳大利亚（季）,锌精矿：产量：澳大利亚（季）,铜精矿:产量:澳大利亚(季,锌精矿:产量:澳大利亚(季,1,synonym_with_confusable_neighbor,manual_review,0.75,cu_312_output_conc,0.9231,0.9231,0.00,False,False,variety_anchor_violation,variety_anchor_violation,1,,产量,产量,CU,ZN,产量,产量,,,,W0_错误别名,P0,V86硬拦截(variety_anchor_violation),W3_高风险,Y,N,,0,N,E2,E2_品种混淆,品种混淆,品种族 ['CU'] vs ['ZN'] 无交集,HIGH,NO,
S-070,STRATIFIED_100,W0_错误别名 / V86硬拦截(variety_anchor_violation),ambiguous_indicator_rerated.csv,AMB-0282,CU,LME：铜：注册仓单（日）,LME：锡：注册仓单（日）,LME:铜:注册仓单(日,LME:锡:注册仓单(日,1,synonym_with_confusable_neighbor,manual_review,0.75,cu_42_warrant_reg,0.9167,0.9167,0.00,False,False,variety_anchor_violation,variety_anchor_violation,1,,注册仓单,注册仓单,CU,SN,仓单|注册仓单,仓单|注册仓单,LME|注册仓单,LME|注册仓单,,W0_错误别名,P0,V86硬拦截(variety_anchor_violation),W3_高风险,Y,N,,0,N,E2,E2_品种混淆,品种混淆,品种族 ['CU'] vs ['SN'] 无交集,HIGH,NO,
S-071,STRATIFIED_100,W0_错误别名 / V86硬拦截(variety_anchor_violation),ambiguous_indicator_rerated.csv,AMB-0287,CU,LME：铜：注销仓单（日）,LME：铝：注销仓单（日）,LME:铜:注销仓单(日,LME:铝:注销仓单(日,1,synonym_with_confusable_neighbor,manual_review,0.75,cu_42_warrant_cancel,0.9167,0.9167,0.00,False,False,variety_anchor_violation,variety_anchor_violation,1,,注销仓单,注销仓单,CU,AL,仓单,仓单,LME,LME,,W0_错误别名,P0,V86硬拦截(variety_anchor_violation),W3_高风险,Y,N,,0,N,E2,E2_品种混淆,品种混淆,品种族 ['CU'] vs ['AL'] 无交集,HIGH,NO,
S-072,STRATIFIED_100,W0_错误别名 / V86硬拦截(variety_anchor_violation),ambiguous_indicator_rerated.csv,AMB-0289,AL,LME：铝：注销仓单（日）,LME：锡：注销仓单（日）,LME:铝:注销仓单(日,LME:锡:注销仓单(日,1,canonical_conflict,manual_review,0.55,al_41_lme_warrant|al_41_warrant|al_41_warrant_ratio,0.9167,0.9167,0.00,False,False,variety_anchor_violation,variety_anchor_violation,1,,注销仓单,注销仓单,AL,SN,仓单,仓单,LME,LME,,W0_错误别名,P0,V86硬拦截(variety_anchor_violation),W3_高风险,Y,N,,0,N,E2,E2_品种混淆,品种混淆,品种族 ['AL'] vs ['SN'] 无交集,HIGH,NO,
S-073,STRATIFIED_100,W0_错误别名 / V86硬拦截(variety_anchor_violation),ambiguous_indicator_rerated.csv,AMB-0290,AL,LME：铝：注销仓单（日）,LME：镍：注销仓单（日）,LME:铝:注销仓单(日,LME:镍:注销仓单(日,1,canonical_conflict,manual_review,0.55,al_41_lme_warrant|al_41_warrant|al_41_warrant_ratio,0.9167,0.9167,0.00,False,False,variety_anchor_violation,variety_anchor_violation,1,,注销仓单,注销仓单,AL,NI,仓单,仓单,LME,LME,,W0_错误别名,P0,V86硬拦截(variety_anchor_violation),W3_高风险,Y,N,,0,N,E2,E2_品种混淆,品种混淆,品种族 ['AL'] vs ['NI'] 无交集,HIGH,NO,
S-074,STRATIFIED_100,W0_错误别名 / V86硬拦截(variety_anchor_violation),ambiguous_indicator_rerated.csv,AMB-0307,LI,USGS：锂矿：含锂：产量：澳大利亚（年）,USGS：镍矿：含镍：产量：澳大利亚（年）,USGS:锂矿:含锂:产量:澳大利亚(年,USGS:镍矿:含镍:产量:澳大利亚(年,1,synonym_with_confusable_neighbor,manual_review,0.75,li_312_output,0.9,0.9,0.00,False,False,variety_anchor_violation,variety_anchor_violation,1,,产量,产量,LI,NI,产量,产量,,,,W0_错误别名,P0,V86硬拦截(variety_anchor_violation),W3_高风险,Y,N,,0,N,E2,E2_品种混淆,品种混淆,品种族 ['LI'] vs ['NI'] 无交集,HIGH,NO,
S-075,STRATIFIED_100,W0_错误别名 / V86硬拦截(variety_anchor_violation),ambiguous_indicator_rerated.csv,AMB-0310,SN,USGS：锡矿：含锡：产量：印尼（年）,USGS：镍矿：含镍：产量：印尼（年）,USGS:锡矿:含锡:产量:印尼(年,USGS:镍矿:含镍:产量:印尼(年,1,synonym_with_confusable_neighbor,manual_review,0.75,sn_31_usgs_output_tin_ore,0.8889,0.8889,0.00,False,False,variety_anchor_violation,variety_anchor_violation,1,BL-018;BL-018a,产量,产量,SN,NI,产量,产量,印尼,印尼,,W0_错误别名,P0,V86硬拦截(variety_anchor_violation),W3_高风险,Y,N,,0,N,E2,E2_品种混淆,品种混淆,品种族 ['SN'] vs ['NI'] 无交集,HIGH,NO,
S-076,STRATIFIED_100,W0_错误别名 / V86硬拦截(variety_anchor_violation),ambiguous_indicator_rerated.csv,AMB-0314,PB,SHFE: 铅: 六月合约: 成交量: 日度,SHFE: 锌: 一月合约: 成交量: 日度,SHFE:铅:六月合约:成交量:日度,SHFE:锌:一月合约:成交量:日度,1,synonym_with_confusable_neighbor,manual_review,0.75,pb_21_aux_4,0.8889,0.8889,0.00,False,False,variety_anchor_violation,variety_anchor_violation,1,,成交量,成交量,PB,ZN,成交量,成交量,SHFE,SHFE,,W0_错误别名,P0,V86硬拦截(variety_anchor_violation),W3_高风险,Y,N,,0,N,E2,E2_品种混淆,品种混淆,品种族 ['PB'] vs ['ZN'] 无交集,HIGH,NO,
S-077,STRATIFIED_100,W0_错误别名 / V86硬拦截(variety_anchor_violation),ambiguous_indicator_rerated.csv,AMB-0320,AL|AO,铝土矿：产量：澳大利亚（季）,锡矿：产量：澳大利亚（季）,铝土矿:产量:澳大利亚(季,锡矿:产量:澳大利亚(季,1,synonym_with_confusable_neighbor,manual_review,0.75,al_3_1_2_output,0.88,0.88,0.00,False,False,variety_anchor_violation,variety_anchor_violation,1,,产量,产量,AL,SN,产量,产量,,,,W0_错误别名,P0,V86硬拦截(variety_anchor_violation),W3_高风险,Y,N,,0,N,E2,E2_品种混淆,品种混淆,品种族 ['AL'] vs ['SN'] 无交集,HIGH,NO,
S-078,STRATIFIED_100,W0_错误别名 / V86硬拦截(variety_anchor_violation),ambiguous_indicator_rerated.csv,AMB-0328,AL|AO,中国海关: 铝土矿进口量: 月度,中国海关: 锌精矿进口量: 月度,中国海关:铝土矿进口量:月度,中国海关:锌精矿进口量:月度,1,synonym_with_confusable_neighbor,manual_review,0.75,al_6_1_import_8,0.8571,0.8571,0.00,False,False,variety_anchor_violation,variety_anchor_violation,1,,进口量,进口量,AL,ZN,进口,进口,中国,中国,,W0_错误别名,P0,V86硬拦截(variety_anchor_violation),W3_高风险,Y,N,,0,N,E2,E2_品种混淆,品种混淆,品种族 ['AL'] vs ['ZN'] 无交集,HIGH,NO,
S-079,STRATIFIED_100,W0_错误别名 / V86硬拦截(variety_anchor_violation),ambiguous_indicator_rerated.csv,AMB-0333,CU,铜精矿：产量：澳大利亚（季）,铝土矿：产量：澳大利亚（季）,铜精矿:产量:澳大利亚(季,铝土矿:产量:澳大利亚(季,1,synonym_with_confusable_neighbor,manual_review,0.75,cu_312_output_conc,0.8462,0.8462,0.00,False,False,variety_anchor_violation,variety_anchor_violation,1,,产量,产量,CU,AL,产量,产量,,,,W0_错误别名,P1,V86硬拦截(variety_anchor_violation),W2_待复核,N,N,,0,N,E2,E2_品种混淆,品种混淆,品种族 ['CU'] vs ['AL'] 无交集,HIGH,NO,
S-080,STRATIFIED_100,W0_错误别名 / V86硬拦截(variety_anchor_violation),ambiguous_indicator_rerated.csv,AMB-0337,AL|AO,铝土矿：产量：澳大利亚（季）,锌：矿山产量：澳大利亚（季）,铝土矿:产量:澳大利亚(季,锌:矿山产量:澳大利亚(季,1,synonym_with_confusable_neighbor,manual_review,0.75,al_3_1_2_output,0.8462,0.8462,0.00,False,False,variety_anchor_violation,variety_anchor_violation,1,,产量,产量,AL,ZN,产量,产量,,,,W0_错误别名,P1,V86硬拦截(variety_anchor_violation),W2_待复核,N,N,,0,N,E2,E2_品种混淆,品种混淆,品种族 ['AL'] vs ['ZN'] 无交集,HIGH,NO,
S-081,STRATIFIED_100,W0_错误别名 / V86硬拦截(variety_anchor_violation),ambiguous_indicator_rerated.csv,AMB-0343,CU,中国有色金属工业年鉴：铜精矿：含铜：产量：中国（年）,中国有色金属工业年鉴：锡精矿：含锡：产量：云南（年）,中国有色金属工业年鉴:铜精矿:含铜:产量:中国(年,中国有色金属工业年鉴:锡精矿:含锡:产量:云南(年,1,synonym_with_confusable_neighbor,manual_review,0.75,cu_311_output_conc,0.84,0.84,0.00,False,False,variety_anchor_violation,variety_anchor_violation,1,,产量,产量,CU,SN,产量,产量,中国,中国,,W0_错误别名,P1,V86硬拦截(variety_anchor_violation),W2_待复核,N,N,,0,N,E2,E2_品种混淆,品种混淆,品种族 ['CU'] vs ['SN'] 无交集,HIGH,NO,
S-082,STRATIFIED_100,W0_错误别名 / V86硬拦截(variety_anchor_violation),ambiguous_indicator_rerated.csv,AMB-0348,ZN,USGS：锌矿：含锌：产量：印度（年）,USGS：锡矿：含锡：产量：印尼（年）,USGS:锌矿:含锌:产量:印度(年,USGS:锡矿:含锡:产量:印尼(年,1,synonym_with_confusable_neighbor,manual_review,0.75,zn_312_output_recycle_3,0.8333,0.8333,0.00,False,False,variety_anchor_violation,variety_anchor_violation,1,,产量,产量,ZN,SN,产量,产量,,印尼,,W0_错误别名,P1,V86硬拦截(variety_anchor_violation),W2_待复核,N,N,,0,N,E2,E2_品种混淆,品种混淆,品种族 ['ZN'] vs ['SN'] 无交集,HIGH,NO,
S-083,STRATIFIED_100,W0_错误别名 / V86硬拦截(variety_anchor_violation),ambiguous_indicator_rerated.csv,AMB-0360,CU,LME：铜：注册仓单（日）,LME：铝：注销仓单（日）,LME:铜:注册仓单(日,LME:铝:注销仓单(日,1,synonym_with_confusable_neighbor,manual_review,0.75,cu_42_warrant_reg,0.8333,0.8333,0.00,False,False,variety_anchor_violation,variety_anchor_violation,1,,注册仓单,注销仓单,CU,AL,仓单|注册仓单,仓单,LME|注册仓单,LME,,W0_错误别名,P1,V86硬拦截(variety_anchor_violation),W2_待复核,N,N,,0,N,E2,E2_品种混淆,品种混淆,品种族 ['CU'] vs ['AL'] 无交集,HIGH,NO,
S-084,STRATIFIED_100,W0_错误别名 / V86硬拦截(variety_anchor_violation),ambiguous_indicator_rerated.csv,AMB-0372,AL|AO,中国海关: 铝土矿进口量: 月度,中国海关: 镍矿进口量: 总: 月度,中国海关:铝土矿进口量:月度,中国海关:镍矿进口量:总:月度,1,synonym_with_confusable_neighbor,manual_review,0.75,al_6_1_import_8,0.8276,0.8276,0.00,False,False,variety_anchor_violation,variety_anchor_violation,1,,进口量,进口量,AL,NI,进口,进口,中国,中国,,W0_错误别名,P1,V86硬拦截(variety_anchor_violation),W2_待复核,N,N,,0,N,E2,E2_品种混淆,品种混淆,品种族 ['AL'] vs ['NI'] 无交集,HIGH,NO,
S-085,STRATIFIED_100,W0_错误别名 / V86硬拦截(variety_anchor_violation),ambiguous_indicator_rerated.csv,AMB-0382,PB,铅锭：进口盈亏（日）,铜：进口盈亏（日）,铅锭:进口盈亏(日,铜:进口盈亏(日,1,synonym_with_confusable_neighbor,manual_review,0.75,pb_23_aux_5,0.8235,0.8235,0.00,False,False,variety_anchor_violation,variety_anchor_violation,1,,盈亏,盈亏,PB,CU,进口,进口,,,,W0_错误别名,P1,V86硬拦截(variety_anchor_violation),W2_待复核,N,N,,0,N,E2,E2_品种混淆,品种混淆,品种族 ['PB'] vs ['CU'] 无交集,HIGH,NO,
S-086,STRATIFIED_100,W0_错误别名 / V86硬拦截(variety_anchor_violation),ambiguous_indicator_rerated.csv,AMB-0386,SN,SHFE：锡：单边交易：持仓量（日）,SHFE：镍：主力合约：单边交易：持仓量（日）,SHFE:锡:单边交易:持仓量(日,SHFE:镍:主力合约:单边交易:持仓量(日,1,canonical_conflict,manual_review,0.55,sn_21_openinterest_2|sn_26_openinterest_top20|sn_26_openinterest_top20_2|sn_26_openinterest_top20_3|sn_26_openinterest_top20_4|sn_26_openinterest_top20_5,0.8205,0.8205,0.00,False,False,variety_anchor_violation,variety_anchor_violation,1,,持仓量,持仓量,SN,NI,持仓|持仓量,持仓|持仓量,SHFE,SHFE|主力合约,,W0_错误别名,P1,V86硬拦截(variety_anchor_violation),W2_待复核,N,N,,0,N,E2,E2_品种混淆,品种混淆,品种族 ['SN'] vs ['NI'] 无交集,HIGH,NO,
S-087,STRATIFIED_100,W0_错误别名 / V86硬拦截(variety_anchor_violation),ambiguous_indicator_rerated.csv,AMB-0390,PB,SHFE：铅：单边交易：持仓量（日）,SHFE：铝：主力合约：单边交易：持仓量（日）,SHFE:铅:单边交易:持仓量(日,SHFE:铝:主力合约:单边交易:持仓量(日,1,synonym_with_confusable_neighbor,manual_review,0.75,pb_21_aux_7,0.8205,0.8205,0.00,False,False,variety_anchor_violation,variety_anchor_violation,1,,持仓量,持仓量,PB,AL,持仓|持仓量,持仓|持仓量,SHFE,SHFE|主力合约,,W0_错误别名,P1,V86硬拦截(variety_anchor_violation),W2_待复核,N,N,,0,N,E2,E2_品种混淆,品种混淆,品种族 ['PB'] vs ['AL'] 无交集,HIGH,NO,
S-088,STRATIFIED_100,W0_错误别名 / V86硬拦截(variety_anchor_violation),ambiguous_indicator_rerated.csv,AMB-0393,PB,SHFE：铅：单边交易：成交量（日）,SHFE：铝：主力合约：单边交易：成交量（日）,SHFE:铅:单边交易:成交量(日,SHFE:铝:主力合约:单边交易:成交量(日,1,synonym_with_confusable_neighbor,manual_review,0.75,pb_21_aux_5,0.8205,0.8205,0.00,False,False,variety_anchor_violation,variety_anchor_violation,1,,成交量,成交量,PB,AL,成交量,成交量,SHFE,SHFE|主力合约,,W0_错误别名,P1,V86硬拦截(variety_anchor_violation),W2_待复核,N,N,,0,N,E2,E2_品种混淆,品种混淆,品种族 ['PB'] vs ['AL'] 无交集,HIGH,NO,
S-089,STRATIFIED_100,W0_错误别名 / V86硬拦截(variety_anchor_violation),ambiguous_indicator_rerated.csv,AMB-0402,CU,精铜杆：产量：中国（月）,锌精矿：产量：中国（月）,精铜杆:产量:中国(月,锌精矿:产量:中国(月,1,synonym_with_confusable_neighbor,manual_review,0.75,cu_53_output_copper_rod_2,0.8182,0.8182,0.00,False,False,variety_anchor_violation,variety_anchor_violation,1,,产量,产量,CU,ZN,产量,产量,中国,中国,,W0_错误别名,P1,V86硬拦截(variety_anchor_violation),W2_待复核,N,N,,0,N,E2,E2_品种混淆,品种混淆,品种族 ['CU'] vs ['ZN'] 无交集,HIGH,NO,
S-090,STRATIFIED_100,W0_错误别名 / V86硬拦截(variety_anchor_violation),ambiguous_indicator_rerated.csv,AMB-0405,ZN,中国海关: 氧化锌出口量: 月度,中国海关: 铜材出口量: 月度,中国海关:氧化锌出口量:月度,中国海关:铜材出口量:月度,1,synonym_with_confusable_neighbor,manual_review,0.75,zn_63_zno_trade,0.8148,0.8148,0.00,False,False,variety_anchor_violation,variety_anchor_violation,1,,出口量,出口量,ZN,CU,出口,出口,中国,中国,,W0_错误别名,P1,V86硬拦截(variety_anchor_violation),W2_待复核,N,N,,0,N,E2,E2_品种混淆,品种混淆,品种族 ['ZN'] vs ['CU'] 无交集,HIGH,NO,
S-091,STRATIFIED_100,W0_错误别名 / V86硬拦截(variety_anchor_violation),ambiguous_indicator_rerated.csv,AMB-0407,ZN,中国海关: 精炼锌出口量: 月度,中国海关: 铅板出口量: 月度,中国海关:精炼锌出口量:月度,中国海关:铅板出口量:月度,1,synonym_with_confusable_neighbor,manual_review,0.75,zn_53_export,0.8148,0.8148,0.00,False,False,variety_anchor_violation,variety_anchor_violation,1,,出口量,出口量,ZN,PB,出口,出口,中国,中国,,W0_错误别名,P1,V86硬拦截(variety_anchor_violation),W2_待复核,N,N,,0,N,E2,E2_品种混淆,品种混淆,品种族 ['ZN'] vs ['PB'] 无交集,HIGH,NO,
S-092,STRATIFIED_100,W0_错误别名 / V86硬拦截(variety_anchor_violation),ambiguous_indicator_rerated.csv,AMB-0409,SN,LME：锡：注销占比（日）,LME：镍：注销占比：香港（日）,LME:锡:注销占比(日,LME:镍:注销占比:香港(日,1,canonical_conflict,manual_review,0.55,sn_42_ratio|sn_43_ratio,0.8148,0.8148,0.00,False,False,variety_anchor_violation,variety_anchor_violation,1,,占比,占比,SN,NI,占比,占比,LME,LME,,W0_错误别名,P1,V86硬拦截(variety_anchor_violation),W2_待复核,N,N,,0,N,E2,E2_品种混淆,品种混淆,品种族 ['SN'] vs ['NI'] 无交集,HIGH,NO,
S-093,STRATIFIED_100,W0_错误别名 / V86硬拦截(variety_anchor_violation),ambiguous_indicator_rerated.csv,AMB-0414,PB,中国海关: 铅板进口量: 月度,中国海关: 铝土矿进口量: 月度,中国海关:铅板进口量:月度,中国海关:铝土矿进口量:月度,1,synonym_with_confusable_neighbor,manual_review,0.75,pb_62_plate_import,0.8148,0.8148,0.00,False,False,variety_anchor_violation,variety_anchor_violation,1,,进口量,进口量,PB,AL,进口,进口,中国,中国,,W0_错误别名,P1,V86硬拦截(variety_anchor_violation),W2_待复核,N,N,,0,N,E2,E2_品种混淆,品种混淆,品种族 ['PB'] vs ['AL'] 无交集,HIGH,NO,
S-094,STRATIFIED_100,W0_错误别名 / V86硬拦截(variety_anchor_violation),ambiguous_indicator_rerated.csv,AMB-0415,PB,中国海关: 铅板出口量: 月度,中国海关: 锌合金出口量: 月度,中国海关:铅板出口量:月度,中国海关:锌合金出口量:月度,1,synonym_with_confusable_neighbor,manual_review,0.75,pb_62_plate_export,0.8148,0.8148,0.00,False,False,variety_anchor_violation,variety_anchor_violation,1,,出口量,出口量,PB,ZN,出口,出口,中国,中国,,W0_错误别名,P1,V86硬拦截(variety_anchor_violation),W2_待复核,N,N,,0,N,E2,E2_品种混淆,品种混淆,品种族 ['PB'] vs ['ZN'] 无交集,HIGH,NO,
S-095,STRATIFIED_100,W0_错误别名 / V86硬拦截(variety_anchor_violation),ambiguous_indicator_rerated.csv,AMB-0426,CU,中国海关: 其他精炼铜丝进口量: 月度,中国海关: 其他铅材进口量: 月度,中国海关:其他精炼铜丝进口量:月度,中国海关:其他铅材进口量:月度,1,synonym_with_confusable_neighbor,manual_review,0.75,cu_6_4_import_5,0.8125,0.8125,0.00,False,False,variety_anchor_violation,variety_anchor_violation,1,,进口量,进口量,CU,PB,进口,进口,中国,中国,,W0_错误别名,P1,V86硬拦截(variety_anchor_violation),W2_待复核,N,N,,0,N,E2,E2_品种混淆,品种混淆,品种族 ['CU'] vs ['PB'] 无交集,HIGH,NO,
S-096,STRATIFIED_100,W0_错误别名 / V86硬拦截(variety_anchor_violation),ambiguous_indicator_rerated.csv,AMB-0427,AL,LME：原铝：原产国库存：巴林（月）,LME：锌：特高级：原产国库存：巴林（月）,LME:原铝:原产国库存:巴林(月,LME:锌:特高级:原产国库存:巴林(月,1,synonym_with_confusable_neighbor,manual_review,0.75,al_2_lme_inv,0.8108,0.8108,0.00,False,False,variety_anchor_violation,variety_anchor_violation,1,,库存,库存,AL,ZN,库存,库存,LME,LME,,W0_错误别名,P1,V86硬拦截(variety_anchor_violation),W2_待复核,N,N,,0,N,E2,E2_品种混淆,品种混淆,品种族 ['AL'] vs ['ZN'] 无交集,HIGH,NO,
S-097,STRATIFIED_100,W0_错误别名 / V86硬拦截(variety_anchor_violation),ambiguous_indicator_rerated.csv,AMB-0432,ZN,ILZSG：锌矿：产量：全球（月）,ILZSG 全球铅矿产量: 月度,ILZSG:锌矿:产量:全球(月,ILZSG全球铅矿产量:月度,1,synonym_with_confusable_neighbor,manual_review,0.75,zn_311_output,0.8,0.8,0.00,False,False,variety_anchor_violation,variety_anchor_violation,1,,产量,产量,ZN,PB,产量,产量,全球,全球,,W0_错误别名,P1,V86硬拦截(variety_anchor_violation),W2_待复核,N,N,,0,N,E2,E2_品种混淆,品种混淆,品种族 ['ZN'] vs ['PB'] 无交集,HIGH,NO,
S-098,STRATIFIED_100,W0_错误别名 / V86硬拦截(variety_anchor_violation),ambiguous_indicator_rerated.csv,AMB-0440,LI,USGS：锂矿：产量：智利（年）,USGS：锌矿：产量：秘鲁（年）,USGS:锂矿:产量:智利(年,USGS:锌矿:产量:秘鲁(年,1,synonym_with_confusable_neighbor,manual_review,0.75,li_31_chile_ore_usgs,0.8,0.8,0.00,False,False,variety_anchor_violation,variety_anchor_violation,1,,产量,产量,LI,ZN,产量,产量,,,,W0_错误别名,P1,V86硬拦截(variety_anchor_violation),W2_待复核,N,N,,0,N,E2,E2_品种混淆,品种混淆,品种族 ['LI'] vs ['ZN'] 无交集,HIGH,NO,
S-099,STRATIFIED_100,W0_错误别名 / V86硬拦截(variety_anchor_violation),ambiguous_indicator_rerated.csv,AMB-0446,CU,USGS：铜矿：产量：波兰（年）,USGS：锡矿：产量：缅甸（年）,USGS:铜矿:产量:波兰(年,USGS:锡矿:产量:缅甸(年,1,synonym_with_confusable_neighbor,manual_review,0.75,cu_312_output,0.8,0.8,0.00,False,False,variety_anchor_violation,variety_anchor_violation,1,,产量,产量,CU,SN,产量,产量,,,,W0_错误别名,P1,V86硬拦截(variety_anchor_violation),W2_待复核,N,N,,0,N,E2,E2_品种混淆,品种混淆,品种族 ['CU'] vs ['SN'] 无交集,HIGH,NO,
S-100,STRATIFIED_100,W0_错误别名 / 别名库标注(canonical_conflict),ambiguous_indicator_rerated.csv,AMB-0322,通用,多头前20持仓量,空头前20持仓量,多头前20持仓量,空头前20持仓量,1,canonical_conflict,manual_review,0.55,li_26_openinterest_top20_long|li_26_openinterest_top20_long_2|li_26_openinterest_top20_long_3,0.875,0.875,0.00,True,False,high_dice,high_dice,1,,持仓量,持仓量,,,持仓|持仓量,持仓|持仓量,,,,W0_错误别名,P0,别名库标注(canonical_conflict),W3_高风险,Y,N,,0,N,OK,OK_正确别名,无,同品种 + 同主度量词 + 无黑名单命中，口径粒度一致,HIGH,NO,
S-101,CROSS_VARIETY,P0_UNREG_NO_CANDIDATE / SI,ths_missing_alias.csv,seq=155/THS-SI-3.1.1,SI,近3年同季产量标准差（万吨）,沪锡近半年月差变化,,,0,,,,wr172,31.58,0.3529,,False,True,variety_neutral_target_review,,,,产量,月差,,SN,产量,月差,,,X2_语义无关,,,,,,,THS-SI-3.1.1,10,,E2,E2_品种混淆,品种混淆,X2_语义无关: [] vs ['SN'] (best_match_score=31.58),HIGH,NO,
S-102,CROSS_VARIETY,P0_UNREG_NO_CANDIDATE / SN,ths_missing_alias.csv,seq=211/THS-SN-5.3,SN,缅甸需求增速（%）,碳酸锂 总需求,,,0,,,,wr120,33.33,0.3333,,False,True,variety_neutral_target_review,,,,增速,需求,,LI,需求,需求,,,X1_同名异品种,,,,,,,THS-SN-5.3,18,,E2,E2_品种混淆,品种混淆,X1_同名异品种: [] vs ['LI'] (best_match_score=33.33),HIGH,NO,
S-103,CROSS_VARIETY,P0_UNREG_NO_CANDIDATE / ZN,ths_missing_alias.csv,seq=254/THS-ZN-3.1.4,ZN,近3年同月秘鲁进口量标准差（万吨）,碳酸锂 月度进口量,,,0,,,,wr144,38.1,0.381,,False,True,variety_neutral_target_review,,,,进口量,进口量,,LI,进口,进口,,,X1_同名异品种,,,,,,,THS-ZN-3.1.4,15,,E2,E2_品种混淆,品种混淆,X1_同名异品种: [] vs ['LI'] (best_match_score=38.1),HIGH,NO,
S-104,CROSS_VARIETY,P0_UNREG_NO_CANDIDATE / ZN,ths_missing_alias.csv,seq=258/THS-ZN-3.2.2,ZN,近3年同月检修量均值（万吨）,沪锡近半年月差变化,,,0,,,,wr172,31.58,0.3529,,False,True,variety_neutral_target_review,,,,,月差,,SN,,月差,,,X2_语义无关,,,,,,,THS-ZN-3.2.2,11,,E2,E2_品种混淆,品种混淆,X2_语义无关: [] vs ['SN'] (best_match_score=31.58),HIGH,NO,
S-105,CROSS_VARIETY,P0_UNREG_NO_CANDIDATE / ZN,ths_missing_alias.csv,seq=268/THS-ZN-4.3,ZN,近3年同周库存标准差（万吨）,沪锡近半年月差变化,,,0,,,,wr172,31.58,0.3529,,False,True,variety_neutral_target_review,,,,库存,月差,,SN,库存,月差,,,X2_语义无关,,,,,,,THS-ZN-4.3,10,,E2,E2_品种混淆,品种混淆,X2_语义无关: [] vs ['SN'] (best_match_score=31.58),HIGH,NO,
S-106,CROSS_VARIETY,P0_UNREG_NO_CANDIDATE / ZN,ths_missing_alias.csv,seq=276/THS-ZN-5.2,ZN,近3年同月产量均值（万吨）,三元材料 月度产量,,,0,,,,wr136,37.5,0.3529,,False,True,variety_neutral_target_review,,,,产量,产量,,LI,产量,产量,,,X1_同名异品种,,,,,,,THS-ZN-5.2,10,,E2,E2_品种混淆,品种混淆,X1_同名异品种: [] vs ['LI'] (best_match_score=37.5),HIGH,NO,
S-107,CROSS_VARIETY,P0_TGT_NO_CANDIDATE / NI,ths_missing_alias.csv,seq=303/THS-NI-7.3,NI,8,硅片价格-N型182mm,,,0,,,,wr219,9.09,0.1538,,False,True,variety_neutral_target_review,,,,,价格,,SI,,价格,,,X2_语义无关,,,,,,,THS-NI-7.3,27,,E2,E2_品种混淆,品种混淆,X2_语义无关: [] vs ['SI'] (best_match_score=9.09),HIGH,NO,
S-108,CROSS_VARIETY,P1_UNREG_AMBIGUOUS / LI,ths_missing_alias.csv,seq=400/THS-LI-2.4,LI,基差（元/吨）,工业硅基差,,,0,,,,si_22_basis,40.0,0.5714,,False,True,variety_neutral_target_review,,,,基差,基差,,SI,基差,基差,,,X1_同名异品种,,,,,,,THS-LI-2.4,10,,E2,E2_品种混淆,品种混淆,X1_同名异品种: [] vs ['SI'] (best_match_score=40.0),HIGH,NO,
S-109,CROSS_VARIETY,P1_UNREG_AMBIGUOUS / LI,ths_missing_alias.csv,seq=427/THS-LI-3.1.4,LI,澳大利亚进口占比（%）,铝土矿进口-澳大利亚,,,0,,,,wr88,47.06,0.6667,,False,True,variety_neutral_target_review,,,,占比,,,AL,占比|进口,进口,,,X1_同名异品种,,,,,,,THS-LI-3.1.4,15,,E2,E2_品种混淆,品种混淆,X1_同名异品种: [] vs ['AL'] (best_match_score=47.06),HIGH,NO,
S-110,CROSS_VARIETY,P1_UNREG_AMBIGUOUS / LI,ths_missing_alias.csv,seq=454/THS-LI-3.2.4,LI,冶炼利润（元/吨）,冶炼锡：毛利（日）,,,0,,,,sn_72_idx,60.0,0.5,,False,True,variety_neutral_target_review,,,,冶炼利润,毛利,,SN,利润,毛利,,,X2_语义无关,,,,,,,THS-LI-3.2.4,14,,E2,E2_品种混淆,品种混淆,X2_语义无关: [] vs ['SN'] (best_match_score=60.0),HIGH,NO,
S-111,CROSS_VARIETY,P1_UNREG_AMBIGUOUS / NI,ths_missing_alias.csv,seq=510/THS-NI-2.3,NI,升贴水（美元/吨）,LME 铅(现货/三个月)升贴水,,,0,,,,j23_lme_sp3,42.86,0.3333,,False,True,variety_neutral_target_review,,,,升贴水,升贴水,,PB,升贴水,升贴水|现货,,LME|现货,X1_同名异品种,,,,,,,THS-NI-2.3,31,,E2,E2_品种混淆,品种混淆,X1_同名异品种: [] vs ['PB'] (best_match_score=42.86),HIGH,NO,
S-112,CROSS_VARIETY,P1_UNREG_AMBIGUOUS / NI,ths_missing_alias.csv,seq=709/THS-NI-4.3,NI,上海地区社会库存（万吨）,工业硅社会库存,,,0,,,,si_313_inv_social|si_313_social_inv,53.33,0.5333,,False,True,variety_neutral_target_review,,,,社会库存,社会库存,,SI,库存|社会库存,库存|社会库存,社会|社会库存,社会|社会库存,X1_同名异品种,,,,,,,THS-NI-4.3,33,,E2,E2_品种混淆,品种混淆,X1_同名异品种: [] vs ['SI'] (best_match_score=53.33),HIGH,NO,
S-113,CROSS_VARIETY,P1_UNREG_AMBIGUOUS / SN,ths_missing_alias.csv,seq=999/THS-SN-2.5,SN,近3年同月冶炼利润均值（元/吨）,工业硅冶炼利润,,,0,,,,si_25_profit_smelt|si_25_profit_smelt_2,44.44,0.4444,,False,True,variety_neutral_target_review,,,,冶炼利润,冶炼利润,,SI,利润,利润,,,X1_同名异品种,,,,,,,THS-SN-2.5,21,,E2,E2_品种混淆,品种混淆,X1_同名异品种: [] vs ['SI'] (best_match_score=44.44),HIGH,NO,
S-114,CROSS_VARIETY,P1_UNREG_AMBIGUOUS / SN,ths_missing_alias.csv,seq=1049/THS-SN-3.2.1,SN,近3年同月开工率均值（%）,硅片开工率,,,0,,,,wr235,40.0,0.4,,False,True,variety_neutral_target_review,,,,开工率,开工率,,SI,开工|开工率,开工|开工率,,,X1_同名异品种,,,,,,,THS-SN-3.2.1,17,,E2,E2_品种混淆,品种混淆,X1_同名异品种: [] vs ['SI'] (best_match_score=40.0),HIGH,NO,
S-115,CROSS_VARIETY,P1_UNREG_AMBIGUOUS / SN,ths_missing_alias.csv,seq=1133/THS-SN-4.4,SN,国内厂内库存（万吨）,锂矿 外采 厂内库存,,,0,,,,wr151,57.14,0.5714,,False,True,variety_neutral_target_review,,,,厂内库存,厂内库存,,LI,库存,库存,,,X1_同名异品种,,,,,,,THS-SN-4.4,18,,E2,E2_品种混淆,品种混淆,X1_同名异品种: [] vs ['LI'] (best_match_score=57.14),HIGH,NO,
S-116,CROSS_VARIETY,P1_UNREG_AMBIGUOUS / SN,ths_missing_alias.csv,seq=1222/THS-SN-6.4,SN,俄罗斯发运占比（%）,原铝进口-俄罗斯,,,0,,,,wr24,42.86,0.4,,False,True,variety_neutral_target_review,,,,占比,,,AL,占比,进口,俄罗斯,俄罗斯,X2_语义无关,,,,,,,THS-SN-6.4,19,,E2,E2_品种混淆,品种混淆,X2_语义无关: [] vs ['AL'] (best_match_score=42.86),HIGH,NO,
S-117,CROSS_VARIETY,P1_UNREG_AMBIGUOUS / SN,ths_missing_alias.csv,seq=1229/THS-SN-7.1,SN,电价（元/度）,工业硅电价,,,0,,,,si_71_power|si_71_power_2,40.0,0.5714,,False,True,variety_neutral_target_review,,,,,,,SI,,,,,X2_语义无关,,,,,,,THS-SN-7.1,15,,E2,E2_品种混淆,品种混淆,X2_语义无关: [] vs ['SI'] (best_match_score=40.0),HIGH,NO,
S-118,CROSS_VARIETY,P1_UNREG_AMBIGUOUS / SN,ths_missing_alias.csv,seq=1247/THS-SN-7.2,SN,近3年同月冶炼成本标准差（元/吨）,工业硅冶炼成本,,,0,,,,si_25_cost_smelt|si_25_cost_smelt_2,42.11,0.4211,,False,True,variety_neutral_target_review,,,,成本,成本,,SI,成本,成本,,,X1_同名异品种,,,,,,,THS-SN-7.2,16,,E2,E2_品种混淆,品种混淆,X1_同名异品种: [] vs ['SI'] (best_match_score=42.11),HIGH,NO,
S-119,CROSS_VARIETY,P2_UNREG_HIGHCONF / ZN,ths_missing_alias.csv,seq=2258/THS-ZN-3.1.4,ZN,沪伦比（元/吨）,锡沪伦比,,,0,,,,wr173,75.0,0.8571,,False,True,variety_neutral_target_review,,,,,,,SN,,,,,X2_语义无关,,,,,,,THS-ZN-3.1.4,15,,E2,E2_品种混淆,品种混淆,X2_语义无关: [] vs ['SN'] (best_match_score=75.0),HIGH,NO,
S-120,CROSS_VARIETY,P2_UNREG_HIGHCONF / ZN,ths_missing_alias.csv,seq=2270/THS-ZN-3.2.3,ZN,沪伦比（元/吨）,锡沪伦比,,,0,,,,wr173,75.0,0.8571,,False,True,variety_neutral_target_review,,,,,,,SN,,,,,X2_语义无关,,,,,,,THS-ZN-3.2.3,13,,E2,E2_品种混淆,品种混淆,X2_语义无关: [] vs ['SN'] (best_match_score=75.0),HIGH,NO,
