rule_id,severity,rule_name,n_L_tokens,n_R_tokens,L_tokens,R_tokens,gate_iter_order,shadowed_by,reachable_in_current_gate,same_sev_L_overlap_rules,n_overlap_rules,testset_referenced,testset_cases,real_trigger_pairs_found,example_positive_pair,example_tokens,neg_single_example,lint_warnings,coverage_status
BL-001,P0,产量与消费量互斥,4,3,产出|产出量|产量|生产量,消费|消费量|消费额,1,-,YES,BL-002,1,NO,-,3,3C铝型材:产量:中国(年  <->  SEAISI:镀锡板(带):表观消费量:印尼(年,产量 vs 消费,-,3,UNCOVERED_REACHABLE
BL-002,P0,产量与销量互斥,3,3,产出|产量|生产量,销售量|销售金额|销量,2,-,YES,BL-001,1,NO,-,2,3C铝型材:产量:中国(年  <->  CAAM:中国汽车月度销量:月度,产量 vs 销量,-,2,UNCOVERED_REACHABLE
BL-003,P0,销量与产量互斥,2,3,销售量|销量,产出|产量|生产量,3,-,YES,-,0,NO,-,2,CAAM:中国汽车月度销量:月度  <->  3C铝型材:产量:中国(年,销量 vs 产量,-,2,UNCOVERED_REACHABLE
BL-004,P1,消费量与销量互斥,2,2,消费|消费量,销售量|销量,4,-,YES,-,0,NO,-,2,SEAISI:镀锡板(带):表观消费量:印尼(年  <->  CAAM:中国汽车月度销量:月度,消费 vs 销量,SEAISI:镀锡板(带):表观消费量:印尼(年|SMM:电解铜供需平衡表-预测值:终端消费量:月度|SMM:电解铜供需平衡表:终端消费量:月度,1,UNCOVERED_REACHABLE
BL-005,P0,场内库存与非仓单库存互斥,4,5,场内库存|期货库存|注册仓单|注册仓单库存,厂内库存|社会仓库库存|社会库存|非仓单|非仓单库存,5,-,YES,BL-006,1,NO,-,3,LME主要仓库场内库存  <->  SMM:国内电解铝厂内库存:周度,场内库存 vs 厂内库存,LME主要仓库场内库存,0,UNCOVERED_REACHABLE
BL-006,P0,场内库存与社会库存互斥,3,3,场内库存|期货库存|注册仓单,社会库存|社会库存量|社会总库存,6,-,YES,BL-005,1,NO,-,3,LME主要仓库场内库存  <->  Mysteel/SMM社会库存,场内库存 vs 社会库存,LME主要仓库场内库存,0,UNCOVERED_REACHABLE
BL-007,P1,非仓单库存与社会库存互斥,2,2,非仓单|非仓单库存,社会库存|社会库存量,7,-,YES,-,0,NO,-,2,LME:原铝:非仓单库存:全球(日  <->  Mysteel/SMM社会库存,非仓单 vs 社会库存,LME:原铝:非仓单库存:全球(日|LME:铅:非仓单库存:亚洲:新加坡(日|LME:镍:非仓单库存:欧洲(日,0,UNCOVERED_REACHABLE
BL-008,P0,出口与国内销量互斥,3,3,出口|出口量|出口额,内销|国内销售|国内销量,8,-,YES,-,0,NO,-,3,SMM:精炼铅出口盈亏:中国台湾:日度  <->  其他电池国内销量,出口 vs 内销,SMM:精炼铅出口盈亏:中国台湾:日度|不锈钢:出口金额:辽宁(月|不锈钢出口量,2,UNCOVERED_REACHABLE
BL-009,P0,利润与需求互斥,4,3,利润|毛利|盈亏|盈利,需求|需求侧|需求量,9,-,YES,-,0,YES,BOUNDARY-001|BOUNDARY-002|BOUNDARY-003|BOUNDARY-004,3,Mysteel再生铅反射炉利润:日度  <->  SMM:铜产业链平衡:铜精矿需求量:季度,利润 vs 需求,Mysteel再生铅反射炉利润:日度|Mysteel再生铅富氧侧吹炉利润:日度|NPI冶炼利润,2,COVERED
BL-010,P0,库存与产能开工互斥,3,5,库存|库存天数|库存量,产能|产能利用率|建成产能|开工率|运行产能,10,-,YES,BL-026,1,NO,-,3,COMEX:铜:期货库存(日  <->  Mysteel再生铅产能利用率(30家样本,库存 vs 产能,COMEX:铜:期货库存(日|COMEX:铝:期货库存(日|COMEX:锌:期货库存(日,2,UNCOVERED_REACHABLE
BL-011,P1,价格与库存互斥,5,3,价格|均价|市场价|现货价格|结算价,库存|库存天数|库存量,11,-,YES,-,0,NO,-,3,LME:铜:期货价格:全球(月  <->  COMEX:铜:期货库存(日,价格 vs 库存,LME:铜:期货价格:全球(月|LME工业硅现金价格|LME镍3个月期货价格,2,UNCOVERED_REACHABLE
BL-012,P1,库存天数与库存量互斥,1,3,库存天数,库存|库存总计|库存量,12,-,YES,-,0,YES,BOUNDARY-014|BOUNDARY-015,0,-,-,SMM:再生铅冶炼企业原料库存天数:周度|SMM:原生铅冶炼企业月度原料库存天数:月度|SMM再生铅原料库存天数,1,COVERED
BL-013,P1,加工费与完全成本互斥,1,4,加工费,单位成本|完全成本|总成本|生产成本,13,-,YES,-,0,NO,-,2,"1A60铝杆加工费-内蒙  <->  SMM1#电解镍价格,电解镍冶炼完全成本,电解镍冶炼利润",加工费 vs 完全成本,1A60铝杆加工费-内蒙|1A60铝杆加工费-山东|HTE铜箔:35μm:加工费:中国(日,1,UNCOVERED_REACHABLE
BL-014,P2,供需平衡与价格互斥,2,3,供需平衡|平衡表,价格|均价|市场价,14,-,YES,-,0,NO,-,3,SMM:电解铜供需平衡表-预测值:终端消费量:月度  <->  LME:铜:期货价格:全球(月,供需平衡 vs 价格,SMM:电解铜供需平衡表-预测值:终端消费量:月度|SMM:电解铜供需平衡表:终端消费量:月度|SMM碳酸锂供需平衡需求(月,1,UNCOVERED_REACHABLE
BL-015,P0,国内销量与出口互斥(反向),3,2,内销|国内销售|国内销量,出口|出口量,15,-,YES,-,0,YES,BOUNDARY-024,3,其他电池国内销量  <->  SMM:精炼铅出口盈亏:中国台湾:日度,内销 vs 出口,其他电池国内销量|磷酸铁锂电池国内销量,2,COVERED
BL-016,P1,利润与产量互斥,3,2,利润|盈亏|盈利,产出|产量,16,-,YES,-,0,NO,-,3,Mysteel再生铅反射炉利润:日度  <->  3C铝型材:产量:中国(年,利润 vs 产量,Mysteel再生铅反射炉利润:日度|Mysteel再生铅富氧侧吹炉利润:日度|NPI冶炼利润,3,UNCOVERED_REACHABLE
BL-016a,P1,利润与产量互斥（含碳酸锂子品类）,5,4,冶炼利润|工业级碳酸锂利润|电池级碳酸锂利润|盐湖提锂利润|碳酸锂利润,工业级碳酸锂产量|电池级碳酸锂产量|盐湖提锂产量|碳酸锂产量,29,-,YES,-,0,NO,-,3,NPI冶炼利润  <->  工业级碳酸锂产量,冶炼利润 vs 工业级碳酸锂产量,"NPI冶炼利润|SMM1#电解镍价格,SMM8-12%高镍生铁价格,SMM高冰镍价格,冶炼利润|SMM1#电解镍价格,电解镍冶炼完全成本,电解镍冶炼利润",0,UNCOVERED_REACHABLE
BL-017,P2,价格与利润互斥,3,2,价格|均价|市场价,利润|盈利,17,-,YES,-,0,NO,-,3,LME:铜:期货价格:全球(月  <->  Mysteel再生铅反射炉利润:日度,价格 vs 利润,LME:铜:期货价格:全球(月|LME工业硅现金价格|LME镍3个月期货价格,2,UNCOVERED_REACHABLE
BL-018,P0,跨品种匹配禁止,2,4,锡矿|锡锭,镍板|镍矿|镍豆|镍铁,18,-,YES,BL-018a|BL-018b,2,YES,BOUNDARY-022,3,USGS:锡矿:产量:缅甸(年  <->  镍板:产量:国外(季,锡矿 vs 镍板,USGS:锡矿:产量:缅甸(年|USGS:锡矿:含锡:产量:中国(年|USGS:锡矿:含锡:产量:俄罗斯(年,2,COVERED
BL-018a,P0,锡与镍跨品种禁止,6,7,LME锡|焊锡|表观消费量|锡矿|锡精矿|锡锭,COMEX镍|LME镍|精炼镍|镍板|镍矿|镍豆|镍铁,26,-,YES,BL-018|BL-018b,2,YES,BOUNDARY-022,3,LME锡交易所库存  <->  COMEX镍持仓量,LME锡 vs COMEX镍,LME锡交易所库存|LME锡仓单总量|LME锡仓单注册量,2,COVERED
BL-018b,P0,锡与钢铁跨品种禁止,2,5,锡矿|锡锭,冷轧|热轧|钢铁|钢铁企业|镀锌板卷,27,-,YES,BL-018|BL-018a,2,NO,-,3,USGS:锡矿:产量:缅甸(年  <->  不锈钢库存:300系(冷轧,锡矿 vs 冷轧,USGS:锡矿:产量:缅甸(年|USGS:锡矿:含锡:产量:中国(年|USGS:锡矿:含锡:产量:俄罗斯(年,2,UNCOVERED_REACHABLE
BL-019,P0,硅与铜跨品种禁止,2,3,工业硅|金属硅,电解铜|铜矿|铜锭,19,-,YES,BL-020|BL-021,2,NO,-,3,COMEX工业硅持仓量  <->  ICSG:电解铜:产量:全球(月,工业硅 vs 电解铜,COMEX工业硅持仓量|COMEX工业硅收盘价|COMEX工业硅现货升贴水,2,UNCOVERED_REACHABLE
BL-019a,P0,硅加工费与铜加工费跨品种禁止,4,4,工业硅TC|硅加工费|硅矿|金属硅TC,铜TC|铜加工费|铜管加工费|铜精矿TC,28,-,YES,-,0,NO,-,0,-,-,工业硅TC加工费,0,UNCOVERED_REACHABLE
BL-020,P0,硅与苯乙烯跨品种禁止,2,2,工业硅|金属硅,苯乙烯|苯乙烯库存,20,-,YES,BL-019|BL-021,2,NO,-,0,-,-,COMEX工业硅持仓量|COMEX工业硅收盘价|COMEX工业硅现货升贴水,0,UNCOVERED_REACHABLE
BL-021,P0,硅与黄金跨品种禁止,2,1,工业硅|金属硅,黄金,21,-,YES,BL-019|BL-020,2,NO,-,0,-,-,COMEX工业硅持仓量|COMEX工业硅收盘价|COMEX工业硅现货升贴水,0,UNCOVERED_REACHABLE
BL-022,P0,镍与铜跨品种禁止,2,1,电解镍|精炼镍,电解铜,22,-,YES,-,0,YES,BOUNDARY-020,2,LME:电解镍:调期费:3个月合约(日  <->  ICSG:电解铜:产量:全球(月,电解镍 vs 电解铜,"LME:电解镍:调期费:3个月合约(日|Mysteel电解镍厂库存|SMM1#电解镍价格,SMM8-12%高镍生铁价格,SMM高冰镍价格",2,COVERED
BL-023,P2,升贴水与价格互斥,3,3,升贴水|溢价|贴水,价格|均价|市场价,23,-,YES,-,0,NO,-,3,A00升贴水(上海  <->  LME:铜:期货价格:全球(月,升贴水 vs 价格,A00升贴水(上海|A00升贴水(佛山|A00升贴水(巩义,2,UNCOVERED_REACHABLE
BL-024,P1,出库量与库存互斥,2,2,出库|出库量,库存|库存量,24,-,YES,-,0,NO,-,3,LME:铅:出库量:新加坡(日  <->  COMEX:铜:期货库存(日,出库 vs 库存,LME:铅:出库量:新加坡(日|电解铝:出库量:中国|电解铝出库量-中国,2,UNCOVERED_REACHABLE
BL-025,P0,消费量与产量互斥(反向),2,3,消费|消费量,产出|产量|生产量,25,-,YES,-,0,NO,-,3,SEAISI:镀锡板(带):表观消费量:印尼(年  <->  3C铝型材:产量:中国(年,消费 vs 产量,SEAISI:镀锡板(带):表观消费量:印尼(年|SMM:电解铜供需平衡表-预测值:终端消费量:月度|SMM:电解铜供需平衡表:终端消费量:月度,3,UNCOVERED_REACHABLE
BL-025a,P0,消费量与产量互斥（含锡锌子品类）,4,4,国内锌锭消费量|焊锡表观消费量|锌锭消费量|锡表观消费量,国内锡锭产量|钢铁企业产量|锌锭产量|镀锌板卷产量,30,-,YES,-,0,NO,-,3,国内锌锭消费量  <->  国内锡锭产量,国内锌锭消费量 vs 国内锡锭产量,国内锌锭消费量,0,UNCOVERED_REACHABLE
BL-026,P0,库存天数跨品种禁止,1,1,库存天数,库存天数,31,-,YES,BL-010,1,YES,BOUNDARY-014|BOUNDARY-016,0,-,-,SMM:再生铅冶炼企业原料库存天数:周度|SMM:原生铅冶炼企业月度原料库存天数:月度|SMM再生铅原料库存天数,0,COVERED
