seq,alias_id,alias_norm,alias_name,n_atomic_keys,atomic_keys,variety_family,metric_noun,alias_type,alias_source,relation,confidence,review_flag,review_priority,conflict_class,conflict_subtype,n_unique_base,unique_base,recommended_action,action_mode
1,A-00023,COMEX:铜:主力合约:收盘价(日,COMEX：铜：主力合约：收盘价（日）,2,cu_23_comex_close|cu_24_comex_close_far,CU,未识别,cross_report_synonym,INDICATORS_V1_NAME|THS_MATCHED,canonical_conflict,0.55,manual_review,P0_manual,B_真实不同指标,不同序号不同度量词,2,cu_23_comex_close|cu_24_comex_close_far,人工裁决,manual
2,A-00054,GFEX:工业硅:主力合约:单边交易:持仓量(日,GFEX：工业硅：主力合约：单边交易：持仓量（日）,12,si_21_openinterest|si_21_openinterest_2|si_21_openinterest_industrial_si_2|si_21_openinterest_longshort_indus|si_21_percentile_openinterest_indu|si_26_openinterest_longshort_indus|si_26_openinterest_longshort_top20|si_26_openinterest_longshort_top20_2|si_26_openinterest_top20|si_26_openinterest_top20_2|si_26_openinterest_top20_industria|si_26_openinterest_top20_industria_2,SI,持仓量|持仓,mixed_script,INDICATORS_V1_NAME,canonical_conflict,0.55,manual_review,P0_manual,B_真实不同指标,不同序号不同度量词,8,si_21_openinterest|si_21_openinterest_industrial_si|si_21_openinterest_longshort_indus|si_21_percentile_openinterest_indu|si_26_openinterest_longshort_indus|si_26_openinterest_longshort_top20|si_26_openinterest_top20|si_26_openinterest_top20_industria,人工裁决,manual
3,A-00055,GFEX:工业硅:主力合约:收盘价(日,GFEX：工业硅：主力合约：收盘价（日）,6,si_21_close_front_industrial_si|si_23_close|si_23_close_2|si_24_close_far_industrial_si|si_24_close_near_industrial_si|si_71_close_front,SI,未识别,mixed_script,INDICATORS_V1_NAME,canonical_conflict,0.55,manual_review,P0_manual,B_真实不同指标,不同序号不同度量词,5,si_21_close_front_industrial_si|si_23_close|si_24_close_far_industrial_si|si_24_close_near_industrial_si|si_71_close_front,人工裁决,manual
4,A-00056,GFEX:工业硅:仓单数量(日,GFEX：工业硅：仓单数量（日）,10,si_21_warrant_industrial_si|si_22_warrant_industrial_si|si_24_warrant_industrial_si|si_42_warrant|si_42_warrant_2|si_42_warrant_industrial_si|si_42_warrant_ratio_industrial_si|si_62_warrant_industrial_si|si_63_warrant_industrial_si|si_64_warrant_shipment_industrial_,SI,仓单,mixed_script,INDICATORS_V1_NAME,canonical_conflict,0.55,manual_review,P0_manual,B_真实不同指标,不同序号不同度量词,9,si_21_warrant_industrial_si|si_22_warrant_industrial_si|si_24_warrant_industrial_si|si_42_warrant|si_42_warrant_industrial_si|si_42_warrant_ratio_industrial_si|si_62_warrant_industrial_si|si_63_warrant_industrial_si|si_64_warrant_shipment_industrial_,人工裁决,manual
5,A-00058,GFEX:工业硅:单边交易:持仓量(日,GFEX：工业硅：单边交易：持仓量（日）,2,si_21_openinterest_industrial_si|si_26_percentile_openinterest_indu,SI,持仓量|持仓,mixed_script,INDICATORS_V1_NAME,canonical_conflict,0.55,manual_review,P0_manual,B_真实不同指标,不同序号不同度量词,2,si_21_openinterest_industrial_si|si_26_percentile_openinterest_indu,人工裁决,manual
6,A-00059,GFEX:工业硅:基差(日,GFEX：工业硅：基差（日）,3,si_21_basis_industrial_si|si_22_basis_industrial_si|si_24_basis_industrial_si,SI,基差,mixed_script,INDICATORS_V1_NAME,canonical_conflict,0.55,manual_review,P0_manual,B_真实不同指标,不同序号同度量词,3,si_21_basis_industrial_si|si_22_basis_industrial_si|si_24_basis_industrial_si,人工裁决（建议保留最窄口径）,manual
7,A-00060,GFEX:碳酸锂:主力合约:单边交易:持仓量(日,GFEX：碳酸锂：主力合约：单边交易：持仓量（日）,7,li_21_openinterest_longshort|li_26_openinterest_longshort|li_26_openinterest_longshort_2|li_26_openinterest_top20|li_26_openinterest_top20_2|li_26_openinterest_top20_3|li_26_openinterest_top20_4,LI,持仓量|持仓,mixed_script,INDICATORS_V1_NAME,canonical_conflict,0.55,manual_review,P0_manual,B_真实不同指标,不同序号不同度量词,3,li_21_openinterest_longshort|li_26_openinterest_longshort|li_26_openinterest_top20,人工裁决,manual
8,A-00061,GFEX:碳酸锂:主力合约:收盘价(日,GFEX：碳酸锂：主力合约：收盘价（日）,3,li_21_close_front|li_24_close_far|li_24_close_near,LI,未识别,mixed_script,INDICATORS_V1_NAME,canonical_conflict,0.55,manual_review,P0_manual,B_真实不同指标,不同序号不同度量词,3,li_21_close_front|li_24_close_far|li_24_close_near,人工裁决,manual
9,A-00062,GFEX:碳酸锂:仓单数量(日,GFEX：碳酸锂：仓单数量（日）,8,li_21_warrant|li_41_warrant|li_41_warrant_2|li_42_inv_warrant_days|li_42_warrant_carbonate|li_42_warrant_carbonate_battery|li_42_warrant_carbonate_industrial|li_42_warrant_ratio,LI,仓单,mixed_script,INDICATORS_V1_NAME,canonical_conflict,0.55,manual_review,P0_manual,B_真实不同指标,不同序号不同度量词,7,li_21_warrant|li_41_warrant|li_42_inv_warrant_days|li_42_warrant_carbonate|li_42_warrant_carbonate_battery|li_42_warrant_carbonate_industrial|li_42_warrant_ratio,人工裁决,manual
10,A-00065,GFEX:碳酸锂:单边交易:持仓量(日,GFEX：碳酸锂：单边交易：持仓量（日）,3,li_21_openinterest|li_21_openinterest_2|li_21_openinterest_3,LI,持仓量|持仓,mixed_script,INDICATORS_V1_NAME,canonical_conflict,0.55,manual_review,P0_manual,A_重复注册,仅 _N 尾缀差异,1,li_21_openinterest,自动合并至 base,auto_merge
11,A-00066,GFEX:碳酸锂:基差(日,GFEX：碳酸锂：基差（日）,2,li_21_basis|li_22_basis_carbonate_battery,LI,基差,mixed_script,INDICATORS_V1_NAME,canonical_conflict,0.55,manual_review,P0_manual,B_真实不同指标,不同序号不同度量词,2,li_21_basis|li_22_basis_carbonate_battery,人工裁决,manual
12,A-00067,GFEX:碳酸锂:指数合约:收盘价(日,GFEX：碳酸锂：指数合约：收盘价（日）,2,li_21_close|li_21_close_2,LI,未识别,mixed_script,INDICATORS_V1_NAME,canonical_conflict,0.55,manual_review,P0_manual,A_重复注册,仅 _N 尾缀差异,1,li_21_close,自动合并至 base,auto_merge
13,A-00096,LME:铜:3个月合约:收盘价(日,LME：铜：3个月合约：收盘价（日）,2,cu_24_lme_close|cu_25_lme_close_front,CU,未识别,mixed_script,INDICATORS_V1_NAME,canonical_conflict,0.55,manual_review,P0_manual,B_真实不同指标,不同序号不同度量词,2,cu_24_lme_close|cu_25_lme_close_front,人工裁决,manual
14,A-00106,LME:铝:3个月合约:结算价(日,LME：铝：3个月合约：结算价（日）,2,al_23_lme_settle|al_24_lme_settle,AL,结算价,mixed_script,INDICATORS_V1_NAME,canonical_conflict,0.55,manual_review,P0_manual,B_真实不同指标,不同序号同度量词,2,al_23_lme_settle|al_24_lme_settle,人工裁决（建议保留最窄口径）,manual
15,A-00112,LME:铝:注销仓单(日,LME：铝：注销仓单（日）,3,al_41_lme_warrant|al_41_warrant|al_41_warrant_ratio,AL,注销仓单|仓单,mixed_script,INDICATORS_V1_NAME,canonical_conflict,0.55,manual_review,P0_manual,B_真实不同指标,同序号不同度量词,3,al_41_lme_warrant|al_41_warrant|al_41_warrant_ratio,人工裁决（建议按度量词择优）,manual
16,A-00128,LME:锡:其他报告头寸多头持仓量:投资基金(周,LME：锡：其他报告头寸多头持仓量：投资基金（周）,3,sn_21_openinterest|sn_21_openinterest_3|sn_21_openinterest_4,SN,持仓量|持仓,mixed_script,INDICATORS_V1_NAME,canonical_conflict,0.55,manual_review,P0_manual,A_重复注册,仅 _N 尾缀差异,1,sn_21_openinterest,自动合并至 base,auto_merge
17,A-00129,LME:锡:原产国库存:埃及(月,LME：锡：原产国库存：埃及（月）,2,sn_23_lme_inv|sn_41_lme_inv,SN,库存,cross_report_synonym,INDICATORS_V1_NAME|THS_MATCHED,canonical_conflict,0.55,manual_review,P0_manual,B_真实不同指标,不同序号同度量词,2,sn_23_lme_inv|sn_41_lme_inv,人工裁决（建议保留最窄口径）,manual
18,A-00131,LME:锡:注册仓单(日,LME：锡：注册仓单（日）,2,sn_42_warrant|sn_42_warrant_2,SN,注册仓单|仓单,cross_report_synonym,INDICATORS_V1_NAME|THS_MATCHED,canonical_conflict,0.55,manual_review,P0_manual,A_重复注册,仅 _N 尾缀差异,1,sn_42_warrant,自动合并至 base,auto_merge
19,A-00133,LME:锡:注销占比(日,LME：锡：注销占比（日）,2,sn_42_ratio|sn_43_ratio,SN,占比,mixed_script,INDICATORS_V1_NAME,canonical_conflict,0.55,manual_review,P0_manual,B_真实不同指标,不同序号同度量词,2,sn_42_ratio|sn_43_ratio,人工裁决（建议保留最窄口径）,manual
20,A-00139,LME:镍:原产国库存:埃及(月,LME：镍：原产国库存：埃及（月）,3,ni_43_inv_2|ni_43_inv_3|ni_43_inv_percentile,NI,库存,mixed_script,INDICATORS_V1_NAME,canonical_conflict,0.55,manual_review,P0_manual,B_真实不同指标,同序号不同度量词,2,ni_43_inv|ni_43_inv_percentile,人工裁决（建议按度量词择优）,manual
21,A-00233,"MHP:NI≥34%,CO≥2%:镍远期现货价格:中国主要港口(日",MHP：NI≥34%，CO≥2%：镍远期现货价格：中国主要港口（日）,7,ni_21_far_price|ni_21_front_price|ni_21_near_price|ni_24_far_price|ni_24_near_price|ni_24_price|ni_24_price_2,NI,现货价格|价格,mixed_script,INDICATORS_V1_NAME,canonical_conflict,0.55,manual_review,P0_manual,B_真实不同指标,不同序号不同度量词,6,ni_21_far_price|ni_21_front_price|ni_21_near_price|ni_24_far_price|ni_24_near_price|ni_24_price,人工裁决,manual
22,A-00293,SHFE:电解铜:主力合约:收盘价(日,SHFE：电解铜：主力合约：收盘价（日）,3,cu_22_close_front|cu_24_shfe_close_far|cu_24_shfe_close_near,CU,未识别,mixed_script,INDICATORS_V1_NAME,canonical_conflict,0.55,manual_review,P0_manual,B_真实不同指标,不同序号不同度量词,3,cu_22_close_front|cu_24_shfe_close_far|cu_24_shfe_close_near,人工裁决,manual
23,A-00297,SHFE:铅:主力合约:收盘价:日度,SHFE: 铅: 主力合约: 收盘价: 日度,2,pb_21_aux|pb_21_aux_2,PB,未识别,mixed_script,INDICATORS_V1_NAME,canonical_conflict,0.55,manual_review,P0_manual,A_重复注册,仅 _N 尾缀差异,1,pb_21_aux,自动合并至 base,auto_merge
24,A-00312,SHFE:铝:主力合约:收盘价(日,SHFE：铝：主力合约：收盘价（日）,2,al_00_close_front|al_53_close_front,AL,未识别,mixed_script,INDICATORS_V1_NAME,canonical_conflict,0.55,manual_review,P0_manual,B_真实不同指标,不同序号同度量词,2,al_00_close_front|al_53_close_front,人工裁决（建议保留最窄口径）,manual
25,A-00319,SHFE:锌:主力合约:收盘价(日,SHFE：锌：主力合约：收盘价（日）,5,zn_21_close_far|zn_21_close_front|zn_21_close_near|zn_23_close_front|zn_24_close_near,ZN,未识别,mixed_script,INDICATORS_V1_NAME,canonical_conflict,0.55,manual_review,P0_manual,B_真实不同指标,不同序号不同度量词,5,zn_21_close_far|zn_21_close_front|zn_21_close_near|zn_23_close_front|zn_24_close_near,人工裁决,manual
26,A-00325,SHFE:锌:单边交易:持仓量(日,SHFE：锌：单边交易：持仓量（日）,4,zn_26_openinterest|zn_26_openinterest_2|zn_26_openinterest_3|zn_26_openinterest_top20,ZN,持仓量|持仓,mixed_script,INDICATORS_V1_NAME,canonical_conflict,0.55,manual_review,P0_manual,B_真实不同指标,同序号不同度量词,2,zn_26_openinterest|zn_26_openinterest_top20,人工裁决（建议按度量词择优）,manual
27,A-00328,SHFE:锌:指数合约:收盘价(日,SHFE：锌：指数合约：收盘价（日）,4,zn_21_close|zn_21_close_2|zn_23_close|zn_23_close_2,ZN,未识别,mixed_script,INDICATORS_V1_NAME,canonical_conflict,0.55,manual_review,P0_manual,B_真实不同指标,不同序号不同度量词,2,zn_21_close|zn_23_close,人工裁决,manual
28,A-00333,SHFE:锡:单边交易:持仓量(日,SHFE：锡：单边交易：持仓量（日）,6,sn_21_openinterest_2|sn_26_openinterest_top20|sn_26_openinterest_top20_2|sn_26_openinterest_top20_3|sn_26_openinterest_top20_4|sn_26_openinterest_top20_5,SN,持仓量|持仓,mixed_script,INDICATORS_V1_NAME,canonical_conflict,0.55,manual_review,P0_manual,B_真实不同指标,不同序号不同度量词,2,sn_21_openinterest|sn_26_openinterest_top20,人工裁决,manual
29,A-00336,SHFE:锡:指数合约:收盘价(日,SHFE：锡：指数合约：收盘价（日）,4,sn_21_close|sn_21_close_2|sn_23_close|sn_23_close_2,SN,未识别,mixed_script,INDICATORS_V1_NAME,canonical_conflict,0.55,manual_review,P0_manual,B_真实不同指标,不同序号不同度量词,2,sn_21_close|sn_23_close,人工裁决,manual
30,A-00339,SHFE:镍:主力合约:单边交易:持仓量(日,SHFE：镍：主力合约：单边交易：持仓量（日）,3,ni_21_openinterest_front|ni_26_openinterest_top20_front|ni_26_openinterest_top20_front_2,NI,持仓量|持仓,mixed_script,INDICATORS_V1_NAME,canonical_conflict,0.55,manual_review,P0_manual,B_真实不同指标,不同序号不同度量词,2,ni_21_openinterest_front|ni_26_openinterest_top20_front,人工裁决,manual
31,A-00377,SMM:中国铜冶炼厂现货冶炼利润:日度,SMM：中国铜冶炼厂现货冶炼利润：日度,2,cu_25_profit|cu_324_profit,CU,冶炼利润|利润,mixed_script,INDICATORS_V1_NAME,canonical_conflict,0.55,manual_review,P0_manual,B_真实不同指标,不同序号同度量词,2,cu_25_profit|cu_324_profit,人工裁决（建议保留最窄口径）,manual
32,A-00430,SMM:电解镍进口盈亏(沪伦价格差,SMM: 电解镍进口盈亏（沪伦价格差）: 日度,3,ni_25_percentile_price|ni_25_percentile_price_2|ni_25_price,NI,盈亏|价格,unit_variant,INDICATORS_V1_NAME,canonical_conflict,0.55,manual_review,P0_manual,B_真实不同指标,同序号不同度量词,2,ni_25_percentile_price|ni_25_price,人工裁决（建议按度量词择优）,manual
33,A-00443,SMM:进口盈亏:铅:现货:LME价格:日度,SMM: 进口盈亏: 铅: 现货: LME价格: 日度,2,pb_23_aux_3|pb_23_aux_4,PB,盈亏|价格,mixed_script,INDICATORS_V1_NAME,canonical_conflict,0.55,manual_review,P0_manual,A_重复注册,仅 _N 尾缀差异,1,pb_23_aux,自动合并至 base,auto_merge
34,A-00448,SMM:铅精矿平衡(新,SMM: 铅精矿平衡(新): 其他含铅伴生矿产量: 月度,3,pb_313_aux_2|pb_313_aux_5|pb_81_aux,PB,未识别,unit_variant,INDICATORS_V1_NAME,canonical_conflict,0.55,manual_review,P0_manual,B_真实不同指标,不同序号不同度量词,2,pb_313_aux|pb_81_aux,人工裁决,manual
35,A-00463,SMM:锡锭社会库存:上海:周度,SMM: 锡锭社会库存: 上海: 周度,2,sn_43_inv|sn_43_inv_2,SN,社会库存|库存,cross_report_synonym,INDICATORS_V1_NAME|THS_MATCHED,canonical_conflict,0.55,manual_review,P0_manual,A_重复注册,仅 _N 尾缀差异,1,sn_43_inv,自动合并至 base,auto_merge
36,A-00524,SMM铅锭五地社库,SMM铅锭五地社库总计,2,i18|i3,PB,未识别,suffix_variant,INDICATORS_V1_NAME,canonical_conflict,0.55,manual_review,P0_manual,B_真实不同指标,同序号同度量词仅尾缀差异,2,i18|i3,自动合并至 base,auto_merge
37,A-00542,USGS:精炼锌:消费进口量:美国(年,USGS：精炼锌：消费进口量：美国（年）,2,zn_314_import_3|zn_314_import_4,ZN,进口量|消费,mixed_script,INDICATORS_V1_NAME,canonical_conflict,0.55,manual_review,P0_manual,A_重复注册,仅 _N 尾缀差异,1,zn_314_import,自动合并至 base,auto_merge
38,A-00543,USGS:精炼锌:表观消费量:美国(年,USGS：精炼锌：表观消费量：美国（年）,3,zn_51_cons|zn_51_cons_2|zn_51_cons_3,ZN,表观消费|消费量|消费,mixed_script,INDICATORS_V1_NAME,canonical_conflict,0.55,manual_review,P0_manual,A_重复注册,仅 _N 尾缀差异,1,zn_51_cons,自动合并至 base,auto_merge
39,A-00552,USGS:锂矿:含锂:产量:全球(年,USGS：锂矿：含锂：产量：全球（年）,2,li_311_output|li_312_output_2,LI,产量,mixed_script,INDICATORS_V1_NAME,canonical_conflict,0.55,manual_review,P0_manual,B_真实不同指标,不同序号不同度量词,2,li_311_output|li_312_output,人工裁决,manual
40,A-00559,USGS:锌矿石及精炼锌:产量:美国(年,USGS：锌矿石及精炼锌：产量：美国（年）,3,zn_311_output_recycle|zn_312_output_recycle_4|zn_313_output_recycle,ZN,产量,mixed_script,INDICATORS_V1_NAME,canonical_conflict,0.55,manual_review,P0_manual,B_真实不同指标,不同序号不同度量词,3,zn_311_output_recycle|zn_312_output_recycle|zn_313_output_recycle,人工裁决,manual
41,A-00566,USGS:镍矿:含镍:产量:印尼(年,USGS：镍矿：含镍：产量：印尼（年）,2,ni_311_output_nickel_ore|ni_311_output_nickel_ore_3,NI,产量,mixed_script,INDICATORS_V1_NAME,canonical_conflict,0.55,manual_review,P0_manual,A_重复注册,仅 _N 尾缀差异,1,ni_311_output_nickel_ore,自动合并至 base,auto_merge
42,A-02216,三元前驱体开工率,三元前驱体开工率,2,li_51_util|li_51_util_ternary_2,未识别,开工率|开工,canonical,INDICATORS_V1_NAME,canonical_conflict,0.55,manual_review,P0_manual,B_真实不同指标,同序号不同度量词,2,li_51_util|li_51_util_ternary,人工裁决（建议按度量词择优）,manual
43,A-02319,中国工业硅月产量,中国工业硅月产量,2,si_312_output_2|si_312_output_3,SI,产量,canonical,INDICATORS_V1_NAME,canonical_conflict,0.55,manual_review,P0_manual,A_重复注册,仅 _N 尾缀差异,1,si_312_output,自动合并至 base,auto_merge
44,A-02327,中国有色金属工业年鉴:锌锭:产量:秘鲁(年,中国有色金属工业年鉴：锌锭：产量：秘鲁（年）,3,zn_312_output_4|zn_312_output_8|zn_312_output_9,ZN,产量,canonical,INDICATORS_V1_NAME,canonical_conflict,0.55,manual_review,P0_manual,A_重复注册,仅 _N 尾缀差异,1,zn_312_output,自动合并至 base,auto_merge
45,A-02342,中国海关:其他铅(粗铅,中国海关: 其他铅(粗铅)进口量: 乌兹别克斯坦: 月度,2,pb_314_aux_2|pb_61_aux,PB,未识别,unit_variant,INDICATORS_V1_NAME,canonical_conflict,0.55,manual_review,P0_manual,B_真实不同指标,不同序号不同度量词,2,pb_314_aux|pb_61_aux,人工裁决,manual
46,A-02377,中国海关:镍矿进口量:总:月度,中国海关: 镍矿进口量: 总: 月度,2,ni_314_import|ni_61_import_4,NI,进口量,canonical,INDICATORS_V1_NAME,canonical_conflict,0.55,manual_review,P0_manual,B_真实不同指标,不同序号不同度量词,2,ni_314_import|ni_61_import,人工裁决,manual
47,A-02416,云南罗平锌电:营业利润(季,云南罗平锌电：营业利润（季）,3,zn_25_profit|zn_25_profit_2|zn_25_profit_3,ZN,利润,canonical,INDICATORS_V1_NAME,canonical_conflict,0.55,manual_review,P0_manual,A_重复注册,仅 _N 尾缀差异,1,zn_25_profit,自动合并至 base,auto_merge
48,A-02426,产业在线:碳酸锂:进口数量:中国(季,产业在线：碳酸锂：进口数量：中国（季）,3,li_314_import_2|li_314_import_3|li_314_import_4,LI,未识别,canonical,INDICATORS_V1_NAME,canonical_conflict,0.55,manual_review,P0_manual,A_重复注册,仅 _N 尾缀差异,1,li_314_import,自动合并至 base,auto_merge
49,A-02439,低镍生铁:成本(日,低镍生铁：成本（日）,2,ni_324_cost|ni_73_cost,NI,成本,canonical,INDICATORS_V1_NAME,canonical_conflict,0.55,manual_review,P0_manual,B_真实不同指标,不同序号同度量词,2,ni_324_cost|ni_73_cost,人工裁决（建议保留最窄口径）,manual
50,A-02504,冰镍:进口数量:印尼→中国(月,冰镍：进口数量：印尼→中国（月）,8,ni_314_import_3|ni_314_import_9|ni_323_import|ni_323_import_2|ni_45_import_2|ni_53_import|ni_61_import_5|ni_61_import_6,NI,未识别,canonical,INDICATORS_V1_NAME,canonical_conflict,0.55,manual_review,P0_manual,B_真实不同指标,不同序号不同度量词,5,ni_314_import|ni_323_import|ni_45_import|ni_53_import|ni_61_import,人工裁决,manual
51,A-02507,冰镍:进口数量合计:中国(月,冰镍：进口数量合计：中国（月）,5,ni_22_import|ni_313_import_2|ni_45_import|ni_45_import_3|ni_45_import_4,NI,未识别,canonical,INDICATORS_V1_NAME,canonical_conflict,0.55,manual_review,P0_manual,B_真实不同指标,不同序号不同度量词,3,ni_22_import|ni_313_import|ni_45_import,人工裁决,manual
52,A-02519,冷轧不锈钢:外购低镍铁:201/J1:利润:中国(日,冷轧不锈钢：外购低镍铁：201/J1：利润：中国（日）,8,ni_25_profit|ni_25_profit_2|ni_315_profit|ni_72_profit|ni_72_profit_3|ni_72_profit_4|ni_72_profit_5|ni_72_profit_percentile,NI,利润,mixed_script,INDICATORS_V1_NAME,canonical_conflict,0.55,manual_review,P0_manual,B_真实不同指标,不同序号不同度量词,4,ni_25_profit|ni_315_profit|ni_72_profit|ni_72_profit_percentile,人工裁决,manual
53,A-02531,分路线利润,分路线利润,3,li_25_by_route_profit|li_25_by_route_profit_2|li_25_profit_5,未识别,利润,canonical,INDICATORS_V1_NAME,canonical_conflict,0.55,manual_review,P0_manual,B_真实不同指标,同序号不同度量词,2,li_25_by_route_profit|li_25_profit,人工裁决（建议按度量词择优）,manual
54,A-02581,印尼:锡锭:出口数量:全球(月,印尼：锡锭：出口数量：全球（月）,3,sn_62_export_2|sn_62_export_3|sn_62_export_4,SN,未识别,canonical,INDICATORS_V1_NAME,canonical_conflict,0.55,manual_review,P0_manual,A_重复注册,仅 _N 尾缀差异,1,sn_62_export,自动合并至 base,auto_merge
55,A-02696,回收料产碳酸锂,回收料产碳酸锂,2,li_36_idx|li_36_recycle_lc,LI,未识别,canonical,INDICATORS_V1_NAME,canonical_conflict,0.55,manual_review,P0_manual,B_真实不同指标,同序号不同度量词,2,li_36_idx|li_36_recycle_lc,人工裁决（建议按度量词择优）,manual
56,A-02893,国际铝业协会:原铝:产量:全球(月,国际铝业协会：原铝：产量：全球（月）,2,al_2_output_2|al_312_global_output,AL,产量,canonical,INDICATORS_V1_NAME,canonical_conflict,0.55,manual_review,P0_manual,B_真实不同指标,不同序号不同度量词,2,al_2_output|al_312_global_output,人工裁决,manual
57,A-02906,多头前20持仓量,多头前20持仓量,3,li_26_openinterest_top20_long|li_26_openinterest_top20_long_2|li_26_openinterest_top20_long_3,LI,持仓量|持仓,unit_variant,INDICATORS_V1_NAME|THS_MATCHED|THS_SERIES,canonical_conflict,0.55,manual_review,P0_manual,A_重复注册,仅 _N 尾缀差异,1,li_26_openinterest_top20_long,自动合并至 base,auto_merge
58,A-02908,多晶硅:产能:中国(年,多晶硅：产能：中国（年）,2,si_321_capacity_polysilicon|si_323_recycle_capacity_polysilicon,SI,产能,canonical,INDICATORS_V1_NAME,canonical_conflict,0.55,manual_review,P0_manual,B_真实不同指标,不同序号不同度量词,2,si_321_capacity_polysilicon|si_323_recycle_capacity_polysilicon,人工裁决,manual
59,A-02911,多晶硅:产量:中国(月,多晶硅：产量：中国（月）,4,si_321_output_polysilicon|si_323_output_recycle_polysilicon|si_51_output_polysilicon|si_52_output_polysilicon,SI,产量,canonical,INDICATORS_V1_NAME,canonical_conflict,0.55,manual_review,P0_manual,B_真实不同指标,不同序号不同度量词,4,si_321_output_polysilicon|si_323_output_recycle_polysilicon|si_51_output_polysilicon|si_52_output_polysilicon,人工裁决,manual
60,A-02914,多晶硅:出口数量合计:中国(月,多晶硅：出口数量合计：中国（月）,2,si_62_export_polysilicon|si_63_export_polysilicon,SI,未识别,canonical,INDICATORS_V1_NAME,canonical_conflict,0.55,manual_review,P0_manual,B_真实不同指标,不同序号同度量词,2,si_62_export_polysilicon|si_63_export_polysilicon,人工裁决（建议保留最窄口径）,manual
61,A-02915,多晶硅:库存:中国(周,多晶硅：库存：中国（周）,5,si_41_inv_polysilicon|si_44_inv_days_polysilicon|si_44_inv_polysilicon|si_45_inv_implicit_polysilicon|si_45_inv_polysilicon,SI,库存,canonical,INDICATORS_V1_NAME,canonical_conflict,0.55,manual_review,P0_manual,B_真实不同指标,不同序号不同度量词,5,si_41_inv_polysilicon|si_44_inv_days_polysilicon|si_44_inv_polysilicon|si_45_inv_implicit_polysilicon|si_45_inv_polysilicon,人工裁决,manual
62,A-02977,工业硅:421#:利润:新疆(周,工业硅：421#：利润：新疆（周）,9,si_25_profit|si_25_profit_2|si_25_profit_industrial_si|si_25_profit_percentile_industrial|si_324_profit|si_324_profit_2|si_72_profit|si_72_profit_2|si_72_profit_3,SI,利润,numeric_code,INDICATORS_V1_NAME,canonical_conflict,0.55,manual_review,P0_manual,B_真实不同指标,不同序号不同度量词,5,si_25_profit|si_25_profit_industrial_si|si_25_profit_percentile_industrial|si_324_profit|si_72_profit,人工裁决,manual
63,A-02979,工业硅:421#:成本:新疆(周,工业硅：421#：成本：新疆（周）,6,si_25_cost_industrial_si|si_71_cost|si_71_cost_2|si_71_cost_3|si_71_cost_industrial_si_2|si_71_cost_percentile_industrial_s,SI,成本,numeric_code,INDICATORS_V1_NAME,canonical_conflict,0.55,manual_review,P0_manual,B_真实不同指标,不同序号不同度量词,4,si_25_cost_industrial_si|si_71_cost|si_71_cost_industrial_si|si_71_cost_percentile_industrial_s,人工裁决,manual
64,A-02980,工业硅:421#:现金成本:四川(周,工业硅：421#：现金成本：四川（周）,2,si_71_cost_industrial_si|si_72_profit_industrial_si,SI,成本,numeric_code,INDICATORS_V1_NAME,canonical_conflict,0.55,manual_review,P0_manual,B_真实不同指标,不同序号不同度量词,2,si_71_cost_industrial_si|si_72_profit_industrial_si,人工裁决,manual
65,A-02983,工业硅:Si＜99.99%:出口数量合计:中国(月,工业硅：Si＜99.99%：出口数量合计：中国（月）,6,si_62_export_industrial_si|si_62_export_shipment_days|si_62_export_tariff_industrial_si|si_63_export_industrial_si|si_63_export_shipment_days|si_63_export_tariff_industrial_si,SI,未识别,mixed_script,INDICATORS_V1_NAME,canonical_conflict,0.55,manual_review,P0_manual,B_真实不同指标,不同序号不同度量词,6,si_62_export_industrial_si|si_62_export_shipment_days|si_62_export_tariff_industrial_si|si_63_export_industrial_si|si_63_export_shipment_days|si_63_export_tariff_industrial_si,人工裁决,manual
66,A-02986,工业硅:Si＜99.99%:进口数量:江苏(月,工业硅：Si＜99.99%：进口数量：江苏（月）,6,si_314_import_3|si_314_import_4|si_315_import_industrial_si|si_61_import|si_61_import_industrial_si|si_61_import_industrial_si_3,SI,未识别,mixed_script,INDICATORS_V1_NAME,canonical_conflict,0.55,manual_review,P0_manual,B_真实不同指标,不同序号不同度量词,4,si_314_import|si_315_import_industrial_si|si_61_import|si_61_import_industrial_si,人工裁决,manual
67,A-02988,工业硅:Si＜99.99%:进口数量合计:中国(月,工业硅：Si＜99.99%：进口数量合计：中国（月）,5,si_61_import_2|si_61_import_industrial_si_2|si_61_import_industrial_si_4|si_61_import_shipment_days|si_61_import_tariff_industrial_si,SI,未识别,mixed_script,INDICATORS_V1_NAME,canonical_conflict,0.55,manual_review,P0_manual,B_真实不同指标,同序号不同度量词,4,si_61_import|si_61_import_industrial_si|si_61_import_shipment_days|si_61_import_tariff_industrial_si,人工裁决（建议按度量词择优）,manual
68,A-02990,工业硅:产能利用率:中国(月,工业硅：产能利用率：中国（月）,4,si_315_capacity_util_industrial_si|si_321_capacity_industrial_si|si_321_capacity_util_industrial_si|si_323_recycle_capacity_util,SI,产能利用率|产能,canonical,INDICATORS_V1_NAME,canonical_conflict,0.55,manual_review,P0_manual,B_真实不同指标,不同序号不同度量词,4,si_315_capacity_util_industrial_si|si_321_capacity_industrial_si|si_321_capacity_util_industrial_si|si_323_recycle_capacity_util,人工裁决,manual
69,A-02994,工业硅:开工率:中国(周,工业硅：开工率：中国（周）,3,si_315_util_industrial_si|si_51_util|si_51_util_industrial_si,SI,开工率|开工,canonical,INDICATORS_V1_NAME,canonical_conflict,0.55,manual_review,P0_manual,B_真实不同指标,不同序号不同度量词,3,si_315_util_industrial_si|si_51_util|si_51_util_industrial_si,人工裁决,manual
70,A-02995,工业硅:开工率:中国(月,工业硅：开工率：中国（月）,5,si_321_util_industrial_si|si_322_util|si_322_util_2|si_322_util_3|si_323_util_recycle_industrial_si,SI,开工率|开工,canonical,INDICATORS_V1_NAME,canonical_conflict,0.55,manual_review,P0_manual,B_真实不同指标,不同序号不同度量词,3,si_321_util_industrial_si|si_322_util|si_323_util_recycle_industrial_si,人工裁决,manual
71,A-03028,工业硅冶炼利润,工业硅冶炼利润,2,si_25_profit_smelt|si_25_profit_smelt_2,SI,冶炼利润|利润,unit_variant,INDICATORS_V1_NAME|THS_MATCHED|THS_SERIES,canonical_conflict,0.55,manual_review,P0_manual,A_重复注册,仅 _N 尾缀差异,1,si_25_profit_smelt,自动合并至 base,auto_merge
72,A-03034,工业硅冶炼成本,工业硅冶炼成本,2,si_25_cost_smelt|si_25_cost_smelt_2,SI,成本,unit_variant,INDICATORS_V1_NAME|THS_MATCHED|THS_SERIES,canonical_conflict,0.55,manual_review,P0_manual,A_重复注册,仅 _N 尾缀差异,1,si_25_cost_smelt,自动合并至 base,auto_merge
73,A-03042,工业硅出口量,工业硅出口量,2,si_62_export|si_62_export_2,SI,出口量,unit_variant,INDICATORS_V1_NAME|THS_MATCHED|THS_SERIES,canonical_conflict,0.55,manual_review,P0_manual,A_重复注册,仅 _N 尾缀差异,1,si_62_export,自动合并至 base,auto_merge
74,A-03059,工业硅多头前20持仓量,工业硅多头前20持仓量,3,si_26_openinterest_top20_long|si_26_openinterest_top20_long_2|si_26_openinterest_top20_long_3,SI,持仓量|持仓,canonical,INDICATORS_V1_NAME,canonical_conflict,0.55,manual_review,P0_manual,A_重复注册,仅 _N 尾缀差异,1,si_26_openinterest_top20_long,自动合并至 base,auto_merge
75,A-03071,工业硅月进口量分国别,工业硅月进口量分国别,2,si_314_by_country_import|si_314_by_country_import_2,SI,进口量,canonical,INDICATORS_V1_NAME,canonical_conflict,0.55,manual_review,P0_manual,A_重复注册,仅 _N 尾缀差异,1,si_314_by_country_import,自动合并至 base,auto_merge
76,A-03103,工业硅现货价421#,工业硅现货价421#,3,si_24_spot|si_24_spot_6|si_24_spot_7,SI,未识别,numeric_code,INDICATORS_V1_NAME,canonical_conflict,0.55,manual_review,P0_manual,A_重复注册,仅 _N 尾缀差异,1,si_24_spot,自动合并至 base,auto_merge
77,A-03104,工业硅现货价553#,工业硅现货价553#,4,si_24_spot_2|si_24_spot_3|si_24_spot_4|si_24_spot_5,SI,未识别,numeric_code,INDICATORS_V1_NAME,canonical_conflict,0.55,manual_review,P0_manual,A_重复注册,仅 _N 尾缀差异,1,si_24_spot,自动合并至 base,auto_merge
78,A-03108,工业硅现金成本,工业硅现金成本,2,si_71_cash_cost|si_71_cost_cash,SI,成本,unit_variant,INDICATORS_V1_NAME|THS_MATCHED|THS_SERIES,canonical_conflict,0.55,manual_review,P0_manual,B_真实不同指标,同序号不同度量词,2,si_71_cash_cost|si_71_cost_cash,人工裁决（建议按度量词择优）,manual
79,A-03109,工业硅电价,工业硅电价,4,si_71_power|si_71_power_2|si_71_power_3|si_71_power_4,SI,未识别,unit_variant,INDICATORS_V1_NAME|THS_MATCHED|THS_SERIES,canonical_conflict,0.55,manual_review,P0_manual,A_重复注册,仅 _N 尾缀差异,1,si_71_power,自动合并至 base,auto_merge
80,A-03113,工业硅社会库存,工业硅社会库存(SMM),3,si_313_inv_social|si_313_social_inv|wr227,SI,社会库存|库存,unit_variant,INDICATORS_V1_NAME|PDF_TEMPLATE,canonical_conflict,0.55,manual_review,P0_manual,B_真实不同指标,不同序号不同度量词,3,si_313_inv_social|si_313_social_inv|wr227,人工裁决,manual
81,A-03120,工业硅空头前20持仓量,工业硅空头前20持仓量,3,si_26_openinterest_top20_short|si_26_openinterest_top20_short_2|si_26_top20_openinterest,SI,持仓量|持仓,canonical,INDICATORS_V1_NAME,canonical_conflict,0.55,manual_review,P0_manual,B_真实不同指标,同序号不同度量词,2,si_26_openinterest_top20_short|si_26_top20_openinterest,人工裁决（建议按度量词择优）,manual
82,A-03127,工业硅精炼月进口量,工业硅精炼月进口量,2,si_321_import|si_321_import_2,SI,进口量,canonical,INDICATORS_V1_NAME,canonical_conflict,0.55,manual_review,P0_manual,A_重复注册,仅 _N 尾缀差异,1,si_321_import,自动合并至 base,auto_merge
83,A-03181,库存结构,库存结构,2,li_43_inv_struct|li_43_inv_struct_2,未识别,库存,canonical,INDICATORS_V1_NAME,canonical_conflict,0.55,manual_review,P0_manual,A_重复注册,仅 _N 尾缀差异,1,li_43_inv_struct,自动合并至 base,auto_merge
84,A-03270,"未锻轧非合金镍:镍钴总量≥99.99%,钴≤0.005%:进口金额:挪威→中国(月",未锻轧非合金镍：镍钴总量≥99.99%，钴≤0.005%：进口金额：挪威→中国（月）,2,ni_314_import_7|ni_314_import_8,NI,未识别,numeric_code,INDICATORS_V1_NAME,canonical_conflict,0.55,manual_review,P0_manual,A_重复注册,仅 _N 尾缀差异,1,ni_314_import,自动合并至 base,auto_merge
85,A-03274,样本企业:原生锌:产量:中国(月,样本企业：原生锌：产量：中国（月）,9,zn_312_output_7|zn_321_output|zn_321_output_recycle|zn_51_output|zn_52_output|zn_52_output_battery|zn_72_output|zn_72_output_2|zn_72_output_3,ZN,产量,canonical,INDICATORS_V1_NAME,canonical_conflict,0.55,manual_review,P0_manual,B_真实不同指标,不同序号不同度量词,7,zn_312_output|zn_321_output|zn_321_output_recycle|zn_51_output|zn_52_output|zn_52_output_battery|zn_72_output,人工裁决,manual
86,A-03290,氢氧化锂:产量:中国(月,氢氧化锂：产量：中国（月）,2,li_321_output|li_323_output_recycle,LI,产量,canonical,INDICATORS_V1_NAME,canonical_conflict,0.55,manual_review,P0_manual,B_真实不同指标,不同序号不同度量词,2,li_321_output|li_323_output_recycle,人工裁决,manual
87,A-03313,氧化铝:净进口数量:中国(月,氧化铝：净进口数量：中国（月）,2,al_314_alumina_net_imp|al_3_import_alumina,AL|AO,未识别,canonical,INDICATORS_V1_NAME,canonical_conflict,0.55,manual_review,P0_manual,B_真实不同指标,不同序号不同度量词,2,al_314_alumina_net_imp|al_3_import_alumina,人工裁决,manual
88,A-03315,氧化铝:库存:中国(周,氧化铝：库存：中国（周）,2,al_41_inv|al_45_inv_implicit_percentile,AL|AO,库存,canonical,INDICATORS_V1_NAME,canonical_conflict,0.55,manual_review,P0_manual,B_真实不同指标,不同序号不同度量词,2,al_41_inv|al_45_inv_implicit_percentile,人工裁决,manual
89,A-03316,氧化铝:港口库存:中国(周,氧化铝：港口库存：中国（周）,2,al_52_inv_alumina|al_61_alumina_port_inv,AL|AO,库存,canonical,INDICATORS_V1_NAME,canonical_conflict,0.55,manual_review,P0_manual,B_真实不同指标,不同序号不同度量词,2,al_52_inv_alumina|al_61_alumina_port_inv,人工裁决,manual
90,A-03344,水淬镍:15-22%Ni:印尼产:升贴水(日,水淬镍：15-22%Ni：印尼产：升贴水（日）,5,ni_21_premium|ni_22_premium|ni_22_premium_2|ni_22_premium_percentile|ni_23_premium,NI,升贴水|贴水,mixed_script,INDICATORS_V1_NAME,canonical_conflict,0.55,manual_review,P0_manual,B_真实不同指标,不同序号不同度量词,4,ni_21_premium|ni_22_premium|ni_22_premium_percentile|ni_23_premium,人工裁决,manual
91,A-03529,澳洲/巴西/非洲锂矿产量,澳洲/巴西/非洲锂矿产量,2,li_31_output_lithium_ore_au|li_31_output_lithium_ore_au_2,LI,产量,cross_report_synonym,INDICATORS_V1_NAME|THS_MATCHED,canonical_conflict,0.55,manual_review,P0_manual,A_重复注册,仅 _N 尾缀差异,1,li_31_output_lithium_ore_au,自动合并至 base,auto_merge
92,A-03564,电力成本分项,电力成本分项,3,si_72_cost|si_72_cost_power|si_72_cost_power_2,ENTITY,成本,cross_report_synonym,INDICATORS_V1_NAME|THS_MATCHED,canonical_conflict,0.55,manual_review,P0_manual,B_真实不同指标,同序号不同度量词,2,si_72_cost|si_72_cost_power,人工裁决（建议按度量词择优）,manual
93,A-03684,矿产粗铜:产量:中国(月,矿产粗铜：产量：中国（月）,3,cu_311_output_ratio_struct|cu_313_output|cu_321_output,CU,产量,canonical,INDICATORS_V1_NAME,canonical_conflict,0.55,manual_review,P0_manual,B_真实不同指标,不同序号不同度量词,3,cu_311_output_ratio_struct|cu_313_output|cu_321_output,人工裁决,manual
94,A-03685,硅片:产能:中国(年,硅片：产能：中国（年）,3,si_321_capacity|si_323_recycle_capacity|si_323_recycle_capacity_industrial_,SI,产能,canonical,INDICATORS_V1_NAME,canonical_conflict,0.55,manual_review,P0_manual,B_真实不同指标,不同序号不同度量词,3,si_321_capacity|si_323_recycle_capacity|si_323_recycle_capacity_industrial_,人工裁决,manual
95,A-03693,硅石价格,硅石价格,4,si_315_price_silica|si_315_price_silica_2|si_315_price_silica_3|si_315_price_silica_4,SI,价格,cross_report_synonym,INDICATORS_V1_NAME|THS_MATCHED,canonical_conflict,0.55,manual_review,P0_manual,A_重复注册,仅 _N 尾缀差异,1,si_315_price_silica,自动合并至 base,auto_merge
96,A-03694,硅铁:进口数量:中国(年,硅铁：进口数量：中国（年）,2,si_312_import|si_314_import,SI,未识别,canonical,INDICATORS_V1_NAME,canonical_conflict,0.55,manual_review,P0_manual,B_真实不同指标,不同序号同度量词,2,si_312_import|si_314_import,人工裁决（建议保留最窄口径）,manual
97,A-03697,硅锰:产量:内蒙古(月,硅锰：产量：内蒙古（月）,2,si_311_output|si_311_output_recycle,SI,产量,canonical,INDICATORS_V1_NAME,canonical_conflict,0.55,manual_review,P0_manual,B_真实不同指标,同序号不同度量词,2,si_311_output|si_311_output_recycle,人工裁决（建议按度量词择优）,manual
98,A-03700,硅锰企业:开工率:中国(周,硅锰企业：开工率：中国（周）,4,si_312_util_2|si_312_util_3|si_321_util_polysilicon|si_323_util_recycle_polysilicon,SI,开工率|开工,canonical,INDICATORS_V1_NAME,canonical_conflict,0.55,manual_review,P0_manual,B_真实不同指标,不同序号不同度量词,3,si_312_util|si_321_util_polysilicon|si_323_util_recycle_polysilicon,人工裁决,manual
99,A-03702,硫化镍矿:产量:伦丁矿业:Eagle矿区(季,硫化镍矿：产量：伦丁矿业：Eagle矿区（季）,7,ni_313_output_3|ni_313_output_nickel_ore|ni_313_output_nickel_ore_2|ni_313_output_nickel_ore_3|ni_313_output_nickel_ore_4|ni_313_output_nickel_ore_5|ni_313_output_nickel_ore_6,NI,产量,mixed_script,INDICATORS_V1_NAME,canonical_conflict,0.55,manual_review,P0_manual,B_真实不同指标,同序号不同度量词,2,ni_313_output|ni_313_output_nickel_ore,人工裁决（建议按度量词择优）,manual
100,A-03715,硫酸镍企业:开工率:中国(月,硫酸镍企业：开工率：中国（月）,2,ni_322_util_4|ni_322_util_5,ENTITY|NI,开工率|开工,canonical,INDICATORS_V1_NAME,canonical_conflict,0.55,manual_review,P0_manual,A_重复注册,仅 _N 尾缀差异,1,ni_322_util,自动合并至 base,auto_merge
101,A-03720,碳酸锂(原料盐湖卤水):产量:中国(月,碳酸锂（原料盐湖卤水）：产量：中国（月）,2,li_313_output_3|li_321_output_2,LI,产量,canonical,INDICATORS_V1_NAME,canonical_conflict,0.55,manual_review,P0_manual,B_真实不同指标,不同序号不同度量词,2,li_313_output|li_321_output,人工裁决,manual
102,A-03721,碳酸锂(原料锂云母):产量:中国(月,碳酸锂（原料锂云母）：产量：中国（月）,2,li_313_output|li_321_output_3,LI,产量,canonical,INDICATORS_V1_NAME,canonical_conflict,0.55,manual_review,P0_manual,B_真实不同指标,不同序号不同度量词,2,li_313_output|li_321_output,人工裁决,manual
103,A-03725,碳酸锂:产量:中国(月,碳酸锂：产量：中国（月）,3,li_321_output_carbonate_battery|li_321_output_carbonate_industrial|li_323_output_recycle_carbonate,LI,产量,canonical,INDICATORS_V1_NAME,canonical_conflict,0.55,manual_review,P0_manual,B_真实不同指标,不同序号不同度量词,3,li_321_output_carbonate_battery|li_321_output_carbonate_industrial|li_323_output_recycle_carbonate,人工裁决,manual
104,A-03727,碳酸锂:原料:外采锂精矿:生产利润(日,碳酸锂：原料：外采锂精矿：生产利润（日）,2,li_25_profit|li_25_profit_carbonate,LI,利润,canonical,INDICATORS_V1_NAME,canonical_conflict,0.55,manual_review,P0_manual,B_真实不同指标,同序号不同度量词,2,li_25_profit|li_25_profit_carbonate,人工裁决（建议按度量词择优）,manual
105,A-03733,碳酸锂:回收料:厂内库存:中国(月,碳酸锂：回收料：厂内库存：中国（月）,4,li_43_inv_plant|li_44_inv_plant_2|li_44_inv_plant_3|li_44_inv_plant_days,LI,厂内库存|库存,canonical,INDICATORS_V1_NAME,canonical_conflict,0.55,manual_review,P0_manual,B_真实不同指标,不同序号不同度量词,3,li_43_inv_plant|li_44_inv_plant|li_44_inv_plant_days,人工裁决,manual
106,A-03735,碳酸锂:工业级:Li2CO3≥99.2%:升贴水:中国:盐湖工业股份:蓝科(日,碳酸锂：工业级：Li2CO3≥99.2%：升贴水：中国：盐湖工业股份：蓝科（日）,2,li_22_premium_carbonate_industrial|li_22_premium_ratio_carbonate_2,LI,升贴水|贴水,mixed_script,INDICATORS_V1_NAME,canonical_conflict,0.55,manual_review,P0_manual,B_真实不同指标,同序号不同度量词,2,li_22_premium_carbonate_industrial|li_22_premium_ratio_carbonate,人工裁决（建议按度量词择优）,manual
107,A-03736,碳酸锂:库存:中国(月,碳酸锂：库存：中国（月）,7,li_41_inv_carbonate_battery|li_41_inv_carbonate_industrial|li_41_inv_implicit|li_43_inv_days|li_44_inv_carbonate|li_44_inv_carbonate_battery|li_44_inv_carbonate_industrial,LI,库存,canonical,INDICATORS_V1_NAME,canonical_conflict,0.55,manual_review,P0_manual,B_真实不同指标,不同序号不同度量词,7,li_41_inv_carbonate_battery|li_41_inv_carbonate_industrial|li_41_inv_implicit|li_43_inv_days|li_44_inv_carbonate|li_44_inv_carbonate_battery|li_44_inv_carbonate_industrial,人工裁决,manual
108,A-03737,碳酸锂:电池级:升贴水:中国(日,碳酸锂：电池级：升贴水：中国（日）,5,li_21_premium|li_22_premium|li_22_premium_2|li_22_premium_carbonate_battery|li_22_premium_ratio_carbonate,LI,升贴水|贴水,canonical,INDICATORS_V1_NAME,canonical_conflict,0.55,manual_review,P0_manual,B_真实不同指标,不同序号不同度量词,4,li_21_premium|li_22_premium|li_22_premium_carbonate_battery|li_22_premium_ratio_carbonate,人工裁决,manual
109,A-03738,碳酸锂:碳化法:生产利润(日,碳酸锂：碳化法：生产利润（日）,2,li_25_profit_3|li_25_profit_4,LI,利润,canonical,INDICATORS_V1_NAME,canonical_conflict,0.55,manual_review,P0_manual,A_重复注册,仅 _N 尾缀差异,1,li_25_profit,自动合并至 base,auto_merge
110,A-03782,碳酸锂期货月差,碳酸锂期货月差,2,li_24_lc_spread|li_24_spread_futures,LI,月差,canonical,INDICATORS_V1_NAME,canonical_conflict,0.55,manual_review,P0_manual,B_真实不同指标,同序号不同度量词,2,li_24_lc_spread|li_24_spread_futures,人工裁决（建议按度量词择优）,manual
111,A-03811,磷酸铁锂产量,磷酸铁锂产量,2,li_52_lfp_output|li_52_output,LI,产量,canonical,INDICATORS_V1_NAME,canonical_conflict,0.55,manual_review,P0_manual,B_真实不同指标,同序号不同度量词,2,li_52_lfp_output|li_52_output,人工裁决（建议按度量词择优）,manual
112,A-03832,空头前20持仓量,空头前20持仓量,3,li_26_openinterest_top20_short|li_26_openinterest_top20_short_2|li_26_top20_openinterest,LI,持仓量|持仓,unit_variant,INDICATORS_V1_NAME|THS_MATCHED|THS_SERIES,canonical_conflict,0.55,manual_review,P0_manual,B_真实不同指标,同序号不同度量词,2,li_26_openinterest_top20_short|li_26_top20_openinterest,人工裁决（建议按度量词择优）,manual
113,A-03839,精炼锌:进口数量:哈萨克斯坦→中国(月,精炼锌：进口数量：哈萨克斯坦→中国（月）,2,zn_323_import_recycle|zn_323_import_recycle_2,ZN,未识别,canonical,INDICATORS_V1_NAME,canonical_conflict,0.55,manual_review,P0_manual,A_重复注册,仅 _N 尾缀差异,1,zn_323_import_recycle,自动合并至 base,auto_merge
114,A-03840,精炼锌:进口数量:秘鲁→中国(月,精炼锌：进口数量：秘鲁→中国（月）,2,zn_314_import_5|zn_314_import_6,ZN,未识别,canonical,INDICATORS_V1_NAME,canonical_conflict,0.55,manual_review,P0_manual,A_重复注册,仅 _N 尾缀差异,1,zn_314_import,自动合并至 base,auto_merge
115,A-03841,精炼锡:产量:印尼:天马(季,精炼锡：产量：印尼：天马（季）,11,sn_311_output|sn_321_output|sn_323_output_recycle|sn_323_output_recycle_3|sn_323_output_recycle_4|sn_51_output|sn_52_output|sn_52_output_2|sn_52_output_3|sn_52_output_4|sn_52_output_5,SN,产量,canonical,INDICATORS_V1_NAME,canonical_conflict,0.55,manual_review,P0_manual,B_真实不同指标,不同序号不同度量词,5,sn_311_output|sn_321_output|sn_323_output_recycle|sn_51_output|sn_52_output,人工裁决,manual
116,A-03842,精炼锡:出口数量:马来西亚(月,精炼锡：出口数量：马来西亚（月）,8,sn_62_export|sn_63_export|sn_63_export_2|sn_63_export_3|sn_63_export_4|sn_63_export_5|sn_63_export_ratio|sn_63_export_ratio_2,SN,未识别,canonical,INDICATORS_V1_NAME,canonical_conflict,0.55,manual_review,P0_manual,B_真实不同指标,不同序号不同度量词,3,sn_62_export|sn_63_export|sn_63_export_ratio,人工裁决,manual
117,A-03843,精炼锡:成本(日,精炼锡：成本（日）,4,sn_71_cost|sn_71_cost_2|sn_71_cost_3|sn_71_cost_percentile,SN,成本,cross_report_synonym,INDICATORS_V1_NAME|THS_MATCHED,canonical_conflict,0.55,manual_review,P0_manual,B_真实不同指标,同序号不同度量词,2,sn_71_cost|sn_71_cost_percentile,人工裁决（建议按度量词择优）,manual
118,A-03844,精炼锡:进口数量:澳大利亚(季,精炼锡：进口数量：澳大利亚（季）,12,sn_314_import|sn_314_import_2|sn_314_import_3|sn_314_import_4|sn_314_import_5|sn_321_import|sn_323_import_recycle|sn_61_import_recycle|sn_61_import_recycle_2|sn_61_import_recycle_3|sn_62_import|sn_62_import_2,SN,未识别,canonical,INDICATORS_V1_NAME,canonical_conflict,0.55,manual_review,P0_manual,B_真实不同指标,不同序号不同度量词,5,sn_314_import|sn_321_import|sn_323_import_recycle|sn_61_import_recycle|sn_62_import,人工裁决,manual
119,A-03854,精炼镍:产量:中国(月,精炼镍：产量：中国（月）,5,ni_311_output_3|ni_313_output|ni_323_output_recycle|ni_52_output|ni_52_output_2,NI,产量,cross_report_synonym,INDICATORS_V1_NAME|THS_MATCHED,canonical_conflict,0.55,manual_review,P0_manual,B_真实不同指标,不同序号不同度量词,4,ni_311_output|ni_313_output|ni_323_output_recycle|ni_52_output,人工裁决,manual
120,A-03855,精炼镍:产量:华南地区(月,精炼镍：产量：华南地区（月）,4,ni_321_output|ni_321_output_2|ni_321_output_3|ni_321_output_4,NI,产量,canonical,INDICATORS_V1_NAME,canonical_conflict,0.55,manual_review,P0_manual,A_重复注册,仅 _N 尾缀差异,1,ni_321_output,自动合并至 base,auto_merge
121,A-03856,精炼镍:产量:印尼(月,精炼镍：产量：印尼（月）,4,ni_311_output|ni_311_output_2|ni_312_output_2|ni_312_output_3,NI,产量,canonical,INDICATORS_V1_NAME,canonical_conflict,0.55,manual_review,P0_manual,B_真实不同指标,不同序号不同度量词,2,ni_311_output|ni_312_output,人工裁决,manual
122,A-03858,精炼镍:库存:中国:27家样本仓库(周,精炼镍：库存：中国：27家样本仓库（周）,16,ni_43_inv|ni_43_inv_4|ni_43_inv_implicit|ni_44_inv_2|ni_44_inv_3|ni_44_inv_4|ni_44_inv_5|ni_44_inv_6|ni_44_inv_days|ni_44_inv_percentile|ni_45_inv|ni_45_inv_implicit|ni_45_inv_implicit_2|ni_45_inv_implicit_3|ni_45_inv_implicit_percentile|ni_45_inv_implicit_ratio,NI,库存,cross_report_synonym,INDICATORS_V1_NAME|THS_MATCHED,canonical_conflict,0.55,manual_review,P0_manual,B_真实不同指标,不同序号不同度量词,9,ni_43_inv|ni_43_inv_implicit|ni_44_inv|ni_44_inv_days|ni_44_inv_percentile|ni_45_inv|ni_45_inv_implicit|ni_45_inv_implicit_percentile|ni_45_inv_implicit_ratio,人工裁决,manual
123,A-03859,精炼镍:开工率:中国(月,精炼镍：开工率：中国（月）,4,ni_51_util|ni_51_util_battery|ni_51_util_cons|ni_53_util,NI,开工率|开工,canonical,INDICATORS_V1_NAME,canonical_conflict,0.55,manual_review,P0_manual,B_真实不同指标,不同序号不同度量词,4,ni_51_util|ni_51_util_battery|ni_51_util_cons|ni_53_util,人工裁决,manual
124,A-03860,精炼镍:开工率:印尼(月,精炼镍：开工率：印尼（月）,2,ni_322_util_2|ni_322_util_3,NI,开工率|开工,cross_report_synonym,INDICATORS_V1_NAME|THS_MATCHED,canonical_conflict,0.55,manual_review,P0_manual,A_重复注册,仅 _N 尾缀差异,1,ni_322_util,自动合并至 base,auto_merge
125,A-03862,精炼镍:生产利润:中国:外采:硫酸镍加工工艺(日,精炼镍：生产利润：中国：外采：硫酸镍加工工艺（日）,2,ni_324_profit_h2so4|ni_72_profit_2,ENTITY|NI,利润,canonical,INDICATORS_V1_NAME,canonical_conflict,0.55,manual_review,P0_manual,B_真实不同指标,不同序号不同度量词,2,ni_324_profit_h2so4|ni_72_profit,人工裁决,manual
126,A-03863,精炼镍:生产利润:中国:红土镍矿:高冰镍加工工艺(日,精炼镍：生产利润：中国：红土镍矿：高冰镍加工工艺（日）,2,ni_324_profit|ni_72_profit_nickel_powder,NI,利润,canonical,INDICATORS_V1_NAME,canonical_conflict,0.55,manual_review,P0_manual,B_真实不同指标,不同序号不同度量词,2,ni_324_profit|ni_72_profit_nickel_powder,人工裁决,manual
127,A-03864,精炼镍:生产成本:中国:外采:高冰镍加工工艺(日,精炼镍：生产成本：中国：外采：高冰镍加工工艺（日）,6,ni_71_cost|ni_71_cost_3|ni_71_cost_4|ni_71_cost_nickel_powder|ni_73_cost_3|ni_73_cost_4,NI,生产成本|成本,cross_report_synonym,INDICATORS_V1_NAME|THS_MATCHED,canonical_conflict,0.55,manual_review,P0_manual,B_真实不同指标,不同序号不同度量词,3,ni_71_cost|ni_71_cost_nickel_powder|ni_73_cost,人工裁决,manual
128,A-03865,精炼镍:生产成本:中国:红土镍矿:氢氧化镍加工工艺(日,精炼镍：生产成本：中国：红土镍矿：氢氧化镍加工工艺（日）,2,ni_324_cost_2|ni_73_cost_2,NI,生产成本|成本,canonical,INDICATORS_V1_NAME,canonical_conflict,0.55,manual_review,P0_manual,B_真实不同指标,不同序号同度量词,2,ni_324_cost|ni_73_cost,人工裁决（建议保留最窄口径）,manual
129,A-03866,精炼镍:生产成本:中国:红土镍矿:高冰镍加工工艺(日,精炼镍：生产成本：中国：红土镍矿：高冰镍加工工艺（日）,3,ni_71_cost_2|ni_71_cost_5|ni_71_cost_percentile,NI,生产成本|成本,canonical,INDICATORS_V1_NAME,canonical_conflict,0.55,manual_review,P0_manual,B_真实不同指标,同序号不同度量词,2,ni_71_cost|ni_71_cost_percentile,人工裁决（建议按度量词择优）,manual
130,A-04148,远期现货价,远期现货价,4,li_73_spot|li_73_spot_fwd|li_73_spot_fwd_2|li_73_spot_fwd_3,NI,未识别,cross_report_synonym,INDICATORS_V1_NAME|THS_MATCHED,canonical_conflict,0.55,manual_review,P0_manual,B_真实不同指标,同序号不同度量词,2,li_73_spot|li_73_spot_fwd,人工裁决（建议按度量词择优）,manual
131,A-04149,重点钢铁企业:产品营销:镀锌板(带):出口量占产量累计值(月,重点钢铁企业：产品营销：镀锌板（带）：出口量占产量累计值（月）,2,zn_62_export|zn_62_export_2,ENTITY|ZN,出口量|产量,canonical,INDICATORS_V1_NAME,canonical_conflict,0.55,manual_review,P0_manual,A_重复注册,仅 _N 尾缀差异,1,zn_62_export,自动合并至 base,auto_merge
132,A-04206,铜精矿:港口库存:中国(周,铜精矿：港口库存：中国（周）,2,cu_42_inv_conc|cu_64_cu_conc_port_inv,CU,库存,canonical,INDICATORS_V1_NAME,canonical_conflict,0.55,manual_review,P0_manual,B_真实不同指标,不同序号不同度量词,2,cu_42_inv_conc|cu_64_cu_conc_port_inv,人工裁决,manual
133,A-04231,铝土矿:进口:港口库存:中国(周,铝土矿：进口：港口库存：中国（周）,2,al_314_bauxite_port_inv|al_62_import,AL|AO,库存,canonical,INDICATORS_V1_NAME,canonical_conflict,0.55,manual_review,P0_manual,B_真实不同指标,不同序号不同度量词,2,al_314_bauxite_port_inv|al_62_import,人工裁决,manual
134,A-04273,铝棒:6063:Φ120:加工费:佛山(日,铝棒：6063：Φ120：加工费：佛山（日）,2,al_315_tc_tc|al_315_tc_tc_percentile,AL,加工费,numeric_code,INDICATORS_V1_NAME,canonical_conflict,0.55,manual_review,P0_manual,B_真实不同指标,同序号不同度量词,2,al_315_tc_tc|al_315_tc_tc_percentile,人工裁决（建议按度量词择优）,manual
135,A-04274,铝棒:6063:Φ120:加工费:无锡(日,铝棒：6063：Φ120：加工费：无锡（日）,2,sn_313_tc_tc|sn_313_tc_tc_2,AL|SN,加工费,numeric_code,INDICATORS_V1_NAME,canonical_conflict,0.55,manual_review,P0_manual,A_重复注册,仅 _N 尾缀差异,1,sn_313_tc_tc,自动合并至 base,auto_merge
136,A-04292,锂云母价格,锂云母价格,3,li_71_lepid_price|li_71_lepid_price_2|li_71_price,LI,价格,cross_report_synonym,INDICATORS_V1_NAME|THS_MATCHED,canonical_conflict,0.55,manual_review,P0_manual,B_真实不同指标,同序号不同度量词,2,li_71_lepid_price|li_71_price,人工裁决（建议按度量词择优）,manual
137,A-04315,锂精矿进口分国别,锂精矿进口分国别,4,li_32_by_country_import_conc|li_61_by_country_import_conc|li_61_by_country_import_conc_2|li_61_by_country_import_conc_3,LI,未识别,cross_report_synonym,INDICATORS_V1_NAME|THS_MATCHED,canonical_conflict,0.55,manual_review,P0_manual,B_真实不同指标,不同序号不同度量词,2,li_32_by_country_import_conc|li_61_by_country_import_conc,人工裁决,manual
138,A-04334,锂辉石精矿价格,锂辉石精矿价格,2,li_71_conc_price|li_71_spod_price_conc,LI,价格,cross_report_synonym,INDICATORS_V1_NAME|THS_MATCHED,canonical_conflict,0.55,manual_review,P0_manual,B_真实不同指标,同序号不同度量词,2,li_71_conc_price|li_71_spod_price_conc,人工裁决（建议按度量词择优）,manual
139,A-04345,锌合金:产量:中国(月,锌合金：产量：中国（月）,2,zn_323_output|zn_63_output,ZN,产量,cross_report_synonym,INDICATORS_V1_NAME|THS_MATCHED,canonical_conflict,0.55,manual_review,P0_manual,B_真实不同指标,不同序号同度量词,2,zn_323_output|zn_63_output,人工裁决（建议保留最窄口径）,manual
140,A-04358,锌矿砂及其精矿:进口数量:陕西(月,锌矿砂及其精矿：进口数量：陕西（月）,3,zn_311_import|zn_311_import_2|zn_314_import_2,ZN,未识别,canonical,INDICATORS_V1_NAME,canonical_conflict,0.55,manual_review,P0_manual,B_真实不同指标,不同序号不同度量词,2,zn_311_import|zn_314_import,人工裁决,manual
141,A-04362,锌粉及片状粉末:进口数量:辽宁(月,锌粉及片状粉末：进口数量：辽宁（月）,5,zn_321_import|zn_321_import_2|zn_62_import|zn_62_import_2|zn_62_import_3,ZN,未识别,canonical,INDICATORS_V1_NAME,canonical_conflict,0.55,manual_review,P0_manual,B_真实不同指标,不同序号不同度量词,2,zn_321_import|zn_62_import,人工裁决,manual
142,A-04364,锌精矿:48%Zn:远期现货TC价:中国(日,锌精矿：48%Zn：远期现货TC价：中国（日）,4,zn_25_tc_conc_2|zn_315_tc|zn_315_tc_2|zn_315_tc_percentile,ZN,TC,mixed_script,INDICATORS_V1_NAME,canonical_conflict,0.55,manual_review,P0_manual,B_真实不同指标,不同序号不同度量词,3,zn_25_tc_conc|zn_315_tc|zn_315_tc_percentile,人工裁决,manual
143,A-04367,锌精矿:产量:中国(月,锌精矿：产量：中国（月）,4,zn_311_output_3|zn_311_output_4|zn_313_output|zn_313_output_2,ZN,产量,canonical,INDICATORS_V1_NAME,canonical_conflict,0.55,manual_review,P0_manual,B_真实不同指标,不同序号不同度量词,2,zn_311_output|zn_313_output,人工裁决,manual
144,A-04392,锌锭:0#:Zn≥99.995%:升贴水:广东(日,锌锭：0#：Zn≥99.995%：升贴水：广东（日）,4,zn_21_premium|zn_22_premium_2|zn_22_premium_4|zn_43_premium,ZN,升贴水|贴水,mixed_script,INDICATORS_V1_NAME,canonical_conflict,0.55,manual_review,P0_manual,B_真实不同指标,不同序号不同度量词,3,zn_21_premium|zn_22_premium|zn_43_premium,人工裁决,manual
145,A-04393,锌锭:升贴水:广东(日,锌锭：升贴水：广东（日）,2,zn_22_premium_5|zn_22_premium_6,ZN,升贴水|贴水,canonical,INDICATORS_V1_NAME,canonical_conflict,0.55,manual_review,P0_manual,A_重复注册,仅 _N 尾缀差异,1,zn_22_premium,自动合并至 base,auto_merge
146,A-04396,锌锭:进口:理论成本(日,锌锭：进口：理论成本（日）,2,zn_71_cost|zn_71_cost_2,ZN,成本,canonical,INDICATORS_V1_NAME,canonical_conflict,0.55,manual_review,P0_manual,A_重复注册,仅 _N 尾缀差异,1,zn_71_cost,自动合并至 base,auto_merge
147,A-04397,锌锭:进口盈亏:含税(日,锌锭：进口盈亏：含税（日）,3,zn_21_import|zn_314_import|zn_323_import_recycle_3,ZN,盈亏,canonical,INDICATORS_V1_NAME,canonical_conflict,0.55,manual_review,P0_manual,B_真实不同指标,不同序号不同度量词,3,zn_21_import|zn_314_import|zn_323_import_recycle,人工裁决,manual
148,A-04403,锡:加工企业:开工率:中国(月,锡：加工企业：开工率：中国（月）,2,sn_321_util|sn_321_util_2,SN,开工率|开工,canonical,INDICATORS_V1_NAME,canonical_conflict,0.55,manual_review,P0_manual,A_重复注册,仅 _N 尾缀差异,1,sn_321_util,自动合并至 base,auto_merge
149,A-04421,锡矿:产量:刚果:阿尔法明(季,锡矿：产量：刚果：阿尔法明（季）,2,sn_311_output_tin_ore_2|sn_313_output_tin_ore,SN,产量,canonical,INDICATORS_V1_NAME,canonical_conflict,0.55,manual_review,P0_manual,B_真实不同指标,不同序号不同度量词,2,sn_311_output_tin_ore|sn_313_output_tin_ore,人工裁决,manual
150,A-04432,锡矿砂及其精矿:进口数量:缅甸→中国(月,锡矿砂及其精矿：进口数量：缅甸→中国（月）,2,sn_314_import_tin_ore|sn_314_import_tin_ore_5,SN,未识别,canonical,INDICATORS_V1_NAME,canonical_conflict,0.55,manual_review,P0_manual,A_重复注册,仅 _N 尾缀差异,1,sn_314_import_tin_ore,自动合并至 base,auto_merge
151,A-04434,锡精矿:1#:40%Sn:汇总价格:云南(日,锡精矿：1#：40%Sn：汇总价格：云南（日）,3,sn_25_price|sn_73_price|sn_73_price_2,SN,价格,mixed_script,INDICATORS_V1_NAME,canonical_conflict,0.55,manual_review,P0_manual,B_真实不同指标,不同序号不同度量词,2,sn_25_price|sn_73_price,人工裁决,manual
152,A-04435,锡精矿:40%Sn:加工费:云南(日,锡精矿：40%Sn：加工费：云南（日）,5,sn_71_tc|sn_71_tc_2|sn_71_tc_3|sn_72_tc|sn_72_tc_2,SN,加工费,mixed_script,INDICATORS_V1_NAME,canonical_conflict,0.55,manual_review,P0_manual,B_真实不同指标,不同序号不同度量词,2,sn_71_tc|sn_72_tc,人工裁决,manual
153,A-04436,锡精矿:产量:中国(月,锡精矿：产量：中国（月）,9,sn_311_output_2|sn_311_output_3|sn_312_output_2|sn_312_output_4|sn_312_output_5|sn_312_output_6|sn_312_output_ratio|sn_312_output_ratio_2|sn_312_output_ratio_3,SN,产量,canonical,INDICATORS_V1_NAME,canonical_conflict,0.55,manual_review,P0_manual,B_真实不同指标,不同序号不同度量词,3,sn_311_output|sn_312_output|sn_312_output_ratio,人工裁决,manual
154,A-04437,锡精矿:进口数量:缅甸→中国(月,锡精矿：进口数量：缅甸→中国（月）,4,sn_61_import|sn_61_import_2|sn_61_import_3|sn_61_import_4,SN,未识别,canonical,INDICATORS_V1_NAME,canonical_conflict,0.55,manual_review,P0_manual,A_重复注册,仅 _N 尾缀差异,1,sn_61_import,自动合并至 base,auto_merge
155,A-04445,锡锭:升贴水:中国:云锡(日,锡锭：升贴水：中国：云锡（日）,2,sn_22_premium_3|sn_22_premium_4,SN,升贴水|贴水,canonical,INDICATORS_V1_NAME,canonical_conflict,0.55,manual_review,P0_manual,A_重复注册,仅 _N 尾缀差异,1,sn_22_premium,自动合并至 base,auto_merge
156,A-04446,锡锭:升贴水:中国:小牌(日,锡锭：升贴水：中国：小牌（日）,2,sn_22_premium|sn_22_premium_2,SN,升贴水|贴水,canonical,INDICATORS_V1_NAME,canonical_conflict,0.55,manual_review,P0_manual,A_重复注册,仅 _N 尾缀差异,1,sn_22_premium,自动合并至 base,auto_merge
157,A-04449,锡锭:现货:进口盈亏(日,锡锭：现货：进口盈亏（日）,2,sn_22_import|sn_23_import,SN,盈亏,cross_report_synonym,INDICATORS_V1_NAME|THS_MATCHED,canonical_conflict,0.55,manual_review,P0_manual,B_真实不同指标,不同序号同度量词,2,sn_22_import|sn_23_import,人工裁决（建议保留最窄口径）,manual
158,A-04463,镀锌板卷:库存:中国(周,镀锌板卷：库存：中国（周）,6,zn_41_inv|zn_41_inv_2|zn_42_inv_implicit|zn_43_inv|zn_43_inv_2|zn_44_inv,ENTITY|ZN,库存,canonical,INDICATORS_V1_NAME,canonical_conflict,0.55,manual_review,P0_manual,B_真实不同指标,不同序号不同度量词,4,zn_41_inv|zn_42_inv_implicit|zn_43_inv|zn_44_inv,人工裁决,manual
159,A-04515,镍生铁:进口数量:中国:以金属量计(月,镍生铁：进口数量：中国：以金属量计（月）,5,ni_313_import|ni_314_import_2|ni_323_import_nickel_powder|ni_61_import|ni_61_import_nickel_ore_4,NI,未识别,canonical,INDICATORS_V1_NAME,canonical_conflict,0.55,manual_review,P0_manual,B_真实不同指标,不同序号不同度量词,5,ni_313_import|ni_314_import|ni_323_import_nickel_powder|ni_61_import|ni_61_import_nickel_ore,人工裁决,manual
160,A-04519,镍生铁企业:产能:以金属量计:印尼(月,镍生铁企业：产能：以金属量计：印尼（月）,2,ni_312_nickel_ore_capacity|ni_312_nickel_ore_capacity_2,NI,产能,canonical,INDICATORS_V1_NAME,canonical_conflict,0.55,manual_review,P0_manual,A_重复注册,仅 _N 尾缀差异,1,ni_312_nickel_ore_capacity,自动合并至 base,auto_merge
161,A-04525,镍矿:进口数量:印尼→中国(月,镍矿：进口数量：印尼→中国（月）,2,ni_61_import_nickel_ore|ni_61_import_nickel_ore_3,NI,未识别,canonical,INDICATORS_V1_NAME,canonical_conflict,0.55,manual_review,P0_manual,A_重复注册,仅 _N 尾缀差异,1,ni_61_import_nickel_ore,自动合并至 base,auto_merge
162,A-04526,镍矿:进口数量:新喀里多尼亚→中国(月,镍矿：进口数量：新喀里多尼亚→中国（月）,3,ni_314_import_5|ni_61_import_nickel_ore_5|ni_62_import_2,NI,未识别,canonical,INDICATORS_V1_NAME,canonical_conflict,0.55,manual_review,P0_manual,B_真实不同指标,不同序号不同度量词,3,ni_314_import|ni_61_import_nickel_ore|ni_62_import,人工裁决,manual
163,A-04531,镍矿石:出口数量:菲律宾→印尼(月,镍矿石：出口数量：菲律宾→印尼（月）,2,ni_63_export_3|ni_63_export_4,NI,未识别,canonical,INDICATORS_V1_NAME,canonical_conflict,0.55,manual_review,P0_manual,A_重复注册,仅 _N 尾缀差异,1,ni_63_export,自动合并至 base,auto_merge
164,A-04553,镍豆:进口盈亏(日,镍豆：进口盈亏（日）,3,ni_41_import|ni_61_import_3|ni_62_import,NI,盈亏,cross_report_synonym,INDICATORS_V1_NAME|THS_MATCHED,canonical_conflict,0.55,manual_review,P0_manual,B_真实不同指标,不同序号不同度量词,3,ni_41_import|ni_61_import|ni_62_import,人工裁决,manual
165,A-04561,镍铁:哥伦比亚产:进口盈亏:中国(日,镍铁：哥伦比亚产：进口盈亏：中国（日）,3,ni_61_import_2|ni_61_import_nickel_ore_2|ni_61_import_nickel_powder,NI,盈亏,canonical,INDICATORS_V1_NAME,canonical_conflict,0.55,manual_review,P0_manual,B_真实不同指标,同序号不同度量词,3,ni_61_import|ni_61_import_nickel_ore|ni_61_import_nickel_powder,人工裁决（建议按度量词择优）,manual
