seq,alias_norm,n_atomic_keys,atomic_keys,canonical_key_composite,canonical_name,alias_name,variety_family,metric_noun,variety_token,alias_type,relation,confidence,review_flag,review_priority,alias_source,distinct_form_count,evidence_count,confusable_neighbor_count,alias_id
1,COMEX:铜:主力合约:收盘价(日,2,cu_23_comex_close|cu_24_comex_close_far,cu_23_comex_close|cu_24_comex_close_far,COMEX：铜：主力合约：收盘价（日）||COMEX：铜：主力合约：收盘价（日）,COMEX：铜：主力合约：收盘价（日）,CU,未识别,铜,cross_report_synonym,canonical_conflict,0.55,manual_review,P0_manual,INDICATORS_V1_NAME|THS_MATCHED,1,3,0,A-00023
2,GFEX:工业硅:主力合约:单边交易:持仓量(日,12,si_21_openinterest|si_21_openinterest_2|si_21_openinterest_industrial_si_2|si_21_openinterest_longshort_indus|si_21_percentile_openinterest_indu|si_26_openinterest_longshort_indus|si_26_openinterest_longshort_top20|si_26_openinterest_longshort_top20_2|si_26_openinterest_top20|si_26_openinterest_top20_2|si_26_openinterest_top20_industria|si_26_openinterest_top20_industria_2,si_21_openinterest|si_21_openinterest_2|si_21_openinterest_industrial_si_2|si_21_openinterest_longshort_indus|si_21_percentile_openinterest_indu|si_26_openinterest_longshort_indus|si_26_openinterest_longshort_top20|si_26_openinterest_longshort_top20_2|si_26_openinterest_top20|si_26_openinterest_top20_2|si_26_openinterest_top20_industria|si_26_openinterest_top20_industria_2,GFEX：工业硅：主力合约：单边交易：持仓量（日）||GFEX：工业硅：主力合约：单边交易：持仓量（日）||GFEX：工业硅：主力合约：单边交易：持仓量（日）||GFEX：工业硅：主力合约：单边交易：持仓量（日）||GFEX：工业硅：主力合约：单边交易：持仓量（日）||GFEX：工业硅：主力合约：单边交易：持仓量（日）||GFEX：工业硅：主力合约：单边交易：持仓量（日）||GFEX：工业硅：主力合约：单边交易：持仓量（日）||GFEX：工业硅：主力合约：单边交易：持仓量（日）||GFEX：工业硅：主力合约：单边交易：持仓量（日）||GFEX：工业硅：主力合约：单边交易：持仓量（日）||GFEX：工业硅：主力合约：单边交易：持仓量（日）,GFEX：工业硅：主力合约：单边交易：持仓量（日）,SI,持仓量|持仓,工业硅|硅,mixed_script,canonical_conflict,0.55,manual_review,P0_manual,INDICATORS_V1_NAME,1,12,4,A-00054
3,GFEX:工业硅:主力合约:收盘价(日,6,si_21_close_front_industrial_si|si_23_close|si_23_close_2|si_24_close_far_industrial_si|si_24_close_near_industrial_si|si_71_close_front,si_21_close_front_industrial_si|si_23_close|si_23_close_2|si_24_close_far_industrial_si|si_24_close_near_industrial_si|si_71_close_front,GFEX：工业硅：主力合约：收盘价（日）||GFEX：工业硅：主力合约：收盘价（日）||GFEX：工业硅：主力合约：收盘价（日）||GFEX：工业硅：主力合约：收盘价（日）||GFEX：工业硅：主力合约：收盘价（日）||GFEX：工业硅：主力合约：收盘价（日）,GFEX：工业硅：主力合约：收盘价（日）,SI,未识别,工业硅|硅,mixed_script,canonical_conflict,0.55,manual_review,P0_manual,INDICATORS_V1_NAME,1,6,0,A-00055
4,GFEX:工业硅:仓单数量(日,10,si_21_warrant_industrial_si|si_22_warrant_industrial_si|si_24_warrant_industrial_si|si_42_warrant|si_42_warrant_2|si_42_warrant_industrial_si|si_42_warrant_ratio_industrial_si|si_62_warrant_industrial_si|si_63_warrant_industrial_si|si_64_warrant_shipment_industrial_,si_21_warrant_industrial_si|si_22_warrant_industrial_si|si_24_warrant_industrial_si|si_42_warrant|si_42_warrant_2|si_42_warrant_industrial_si|si_42_warrant_ratio_industrial_si|si_62_warrant_industrial_si|si_63_warrant_industrial_si|si_64_warrant_shipment_industrial_,GFEX：工业硅：仓单数量（日）||GFEX：工业硅：仓单数量（日）||GFEX：工业硅：仓单数量（日）||GFEX：工业硅：仓单数量（日）||GFEX：工业硅：仓单数量（日）||GFEX：工业硅：仓单数量（日）||GFEX：工业硅：仓单数量（日）||GFEX：工业硅：仓单数量（日）||GFEX：工业硅：仓单数量（日）||GFEX：工业硅：仓单数量（日）,GFEX：工业硅：仓单数量（日）,SI,仓单,工业硅|硅,mixed_script,canonical_conflict,0.55,manual_review,P0_manual,INDICATORS_V1_NAME,1,10,1,A-00056
5,GFEX:工业硅:单边交易:持仓量(日,2,si_21_openinterest_industrial_si|si_26_percentile_openinterest_indu,si_21_openinterest_industrial_si|si_26_percentile_openinterest_indu,GFEX：工业硅：单边交易：持仓量（日）||GFEX：工业硅：单边交易：持仓量（日）,GFEX：工业硅：单边交易：持仓量（日）,SI,持仓量|持仓,工业硅|硅,mixed_script,canonical_conflict,0.55,manual_review,P0_manual,INDICATORS_V1_NAME,1,2,5,A-00058
6,GFEX:工业硅:基差(日,3,si_21_basis_industrial_si|si_22_basis_industrial_si|si_24_basis_industrial_si,si_21_basis_industrial_si|si_22_basis_industrial_si|si_24_basis_industrial_si,GFEX：工业硅：基差（日）||GFEX：工业硅：基差（日）||GFEX：工业硅：基差（日）,GFEX：工业硅：基差（日）,SI,基差,工业硅|硅,mixed_script,canonical_conflict,0.55,manual_review,P0_manual,INDICATORS_V1_NAME,1,3,1,A-00059
7,GFEX:碳酸锂:主力合约:单边交易:持仓量(日,7,li_21_openinterest_longshort|li_26_openinterest_longshort|li_26_openinterest_longshort_2|li_26_openinterest_top20|li_26_openinterest_top20_2|li_26_openinterest_top20_3|li_26_openinterest_top20_4,li_21_openinterest_longshort|li_26_openinterest_longshort|li_26_openinterest_longshort_2|li_26_openinterest_top20|li_26_openinterest_top20_2|li_26_openinterest_top20_3|li_26_openinterest_top20_4,GFEX：碳酸锂：主力合约：单边交易：持仓量（日）||GFEX：碳酸锂：主力合约：单边交易：持仓量（日）||GFEX：碳酸锂：主力合约：单边交易：持仓量（日）||GFEX：碳酸锂：主力合约：单边交易：持仓量（日）||GFEX：碳酸锂：主力合约：单边交易：持仓量（日）||GFEX：碳酸锂：主力合约：单边交易：持仓量（日）||GFEX：碳酸锂：主力合约：单边交易：持仓量（日）,GFEX：碳酸锂：主力合约：单边交易：持仓量（日）,LI,持仓量|持仓,碳酸锂|锂,mixed_script,canonical_conflict,0.55,manual_review,P0_manual,INDICATORS_V1_NAME,1,7,4,A-00060
8,GFEX:碳酸锂:主力合约:收盘价(日,3,li_21_close_front|li_24_close_far|li_24_close_near,li_21_close_front|li_24_close_far|li_24_close_near,GFEX：碳酸锂：主力合约：收盘价（日）||GFEX：碳酸锂：主力合约：收盘价（日）||GFEX：碳酸锂：主力合约：收盘价（日）,GFEX：碳酸锂：主力合约：收盘价（日）,LI,未识别,碳酸锂|锂,mixed_script,canonical_conflict,0.55,manual_review,P0_manual,INDICATORS_V1_NAME,1,3,0,A-00061
9,GFEX:碳酸锂:仓单数量(日,8,li_21_warrant|li_41_warrant|li_41_warrant_2|li_42_inv_warrant_days|li_42_warrant_carbonate|li_42_warrant_carbonate_battery|li_42_warrant_carbonate_industrial|li_42_warrant_ratio,li_21_warrant|li_41_warrant|li_41_warrant_2|li_42_inv_warrant_days|li_42_warrant_carbonate|li_42_warrant_carbonate_battery|li_42_warrant_carbonate_industrial|li_42_warrant_ratio,GFEX：碳酸锂：仓单数量（日）||GFEX：碳酸锂：仓单数量（日）||GFEX：碳酸锂：仓单数量（日）||GFEX：碳酸锂：仓单数量（日）||GFEX：碳酸锂：仓单数量（日）||GFEX：碳酸锂：仓单数量（日）||GFEX：碳酸锂：仓单数量（日）||GFEX：碳酸锂：仓单数量（日）,GFEX：碳酸锂：仓单数量（日）,LI,仓单,碳酸锂|锂,mixed_script,canonical_conflict,0.55,manual_review,P0_manual,INDICATORS_V1_NAME,1,8,2,A-00062
10,GFEX:碳酸锂:单边交易:持仓量(日,3,li_21_openinterest|li_21_openinterest_2|li_21_openinterest_3,li_21_openinterest|li_21_openinterest_2|li_21_openinterest_3,GFEX：碳酸锂：单边交易：持仓量（日）||GFEX：碳酸锂：单边交易：持仓量（日）||GFEX：碳酸锂：单边交易：持仓量（日）,GFEX：碳酸锂：单边交易：持仓量（日）,LI,持仓量|持仓,碳酸锂|锂,mixed_script,canonical_conflict,0.55,manual_review,P0_manual,INDICATORS_V1_NAME,1,3,5,A-00065
11,GFEX:碳酸锂:基差(日,2,li_21_basis|li_22_basis_carbonate_battery,li_21_basis|li_22_basis_carbonate_battery,GFEX：碳酸锂：基差（日）||GFEX：碳酸锂：基差（日）,GFEX：碳酸锂：基差（日）,LI,基差,碳酸锂|锂,mixed_script,canonical_conflict,0.55,manual_review,P0_manual,INDICATORS_V1_NAME,1,2,1,A-00066
12,GFEX:碳酸锂:指数合约:收盘价(日,2,li_21_close|li_21_close_2,li_21_close|li_21_close_2,GFEX：碳酸锂：指数合约：收盘价（日）||GFEX：碳酸锂：指数合约：收盘价（日）,GFEX：碳酸锂：指数合约：收盘价（日）,LI,未识别,碳酸锂|锂,mixed_script,canonical_conflict,0.55,manual_review,P0_manual,INDICATORS_V1_NAME,1,2,0,A-00067
13,LME:铜:3个月合约:收盘价(日,2,cu_24_lme_close|cu_25_lme_close_front,cu_24_lme_close|cu_25_lme_close_front,LME：铜：3个月合约：收盘价（日）||LME：铜：3个月合约：收盘价（日）,LME：铜：3个月合约：收盘价（日）,CU,未识别,铜,mixed_script,canonical_conflict,0.55,manual_review,P0_manual,INDICATORS_V1_NAME,1,2,0,A-00096
14,LME:铝:3个月合约:结算价(日,2,al_23_lme_settle|al_24_lme_settle,al_23_lme_settle|al_24_lme_settle,LME：铝：3个月合约：结算价（日）||LME：铝：3个月合约：结算价（日）,LME：铝：3个月合约：结算价（日）,AL,结算价,铝,mixed_script,canonical_conflict,0.55,manual_review,P0_manual,INDICATORS_V1_NAME,1,2,1,A-00106
15,LME:铝:注销仓单(日,3,al_41_lme_warrant|al_41_warrant|al_41_warrant_ratio,al_41_lme_warrant|al_41_warrant|al_41_warrant_ratio,LME：铝：注销仓单（日）||LME：铝：注销仓单（日）||LME：铝：注销仓单（日）,LME：铝：注销仓单（日）,AL,注销仓单|仓单,铝,mixed_script,canonical_conflict,0.55,manual_review,P0_manual,INDICATORS_V1_NAME,1,3,7,A-00112
16,LME:锡:其他报告头寸多头持仓量:投资基金(周,3,sn_21_openinterest|sn_21_openinterest_3|sn_21_openinterest_4,sn_21_openinterest|sn_21_openinterest_3|sn_21_openinterest_4,LME：锡：其他报告头寸多头持仓量：投资基金（周）||LME：锡：其他报告头寸多头持仓量：投资基金（周）||LME：锡：其他报告头寸多头持仓量：投资基金（周）,LME：锡：其他报告头寸多头持仓量：投资基金（周）,SN,持仓量|持仓,锡,mixed_script,canonical_conflict,0.55,manual_review,P0_manual,INDICATORS_V1_NAME,1,3,2,A-00128
17,LME:锡:原产国库存:埃及(月,2,sn_23_lme_inv|sn_41_lme_inv,sn_23_lme_inv|sn_41_lme_inv,LME：锡：原产国库存：埃及（月）||LME：锡：原产国库存：埃及（月）,LME：锡：原产国库存：埃及（月）,SN,库存,锡,cross_report_synonym,canonical_conflict,0.55,manual_review,P0_manual,INDICATORS_V1_NAME|THS_MATCHED,1,3,2,A-00129
18,LME:锡:注册仓单(日,2,sn_42_warrant|sn_42_warrant_2,sn_42_warrant|sn_42_warrant_2,LME：锡：注册仓单（日）||LME：锡：注册仓单（日）,LME：锡：注册仓单（日）,SN,注册仓单|仓单,锡,cross_report_synonym,canonical_conflict,0.55,manual_review,P0_manual,INDICATORS_V1_NAME|THS_MATCHED,1,4,7,A-00131
19,LME:锡:注销占比(日,2,sn_42_ratio|sn_43_ratio,sn_42_ratio|sn_43_ratio,LME：锡：注销占比（日）||LME：锡：注销占比（日）,LME：锡：注销占比（日）,SN,占比,锡,mixed_script,canonical_conflict,0.55,manual_review,P0_manual,INDICATORS_V1_NAME,1,2,2,A-00133
20,LME:镍:原产国库存:埃及(月,3,ni_43_inv_2|ni_43_inv_3|ni_43_inv_percentile,ni_43_inv_2|ni_43_inv_3|ni_43_inv_percentile,LME：镍：原产国库存：埃及（月）||LME：镍：原产国库存：埃及（月）||LME：镍：原产国库存：埃及（月）,LME：镍：原产国库存：埃及（月）,NI,库存,镍,mixed_script,canonical_conflict,0.55,manual_review,P0_manual,INDICATORS_V1_NAME,1,3,2,A-00139
21,"MHP:NI≥34%,CO≥2%:镍远期现货价格:中国主要港口(日",7,ni_21_far_price|ni_21_front_price|ni_21_near_price|ni_24_far_price|ni_24_near_price|ni_24_price|ni_24_price_2,ni_21_far_price|ni_21_front_price|ni_21_near_price|ni_24_far_price|ni_24_near_price|ni_24_price|ni_24_price_2,MHP：NI≥34%，CO≥2%：镍远期现货价格：中国主要港口（日）||MHP：NI≥34%，CO≥2%：镍远期现货价格：中国主要港口（日）||MHP：NI≥34%，CO≥2%：镍远期现货价格：中国主要港口（日）||MHP：NI≥34%，CO≥2%：镍远期现货价格：中国主要港口（日）||MHP：NI≥34%，CO≥2%：镍远期现货价格：中国主要港口（日）||MHP：NI≥34%，CO≥2%：镍远期现货价格：中国主要港口（日）||MHP：NI≥34%，CO≥2%：镍远期现货价格：中国主要港口（日）,MHP：NI≥34%，CO≥2%：镍远期现货价格：中国主要港口（日）,NI,现货价格|价格,镍,mixed_script,canonical_conflict,0.55,manual_review,P0_manual,INDICATORS_V1_NAME,1,7,0,A-00233
22,SHFE:电解铜:主力合约:收盘价(日,3,cu_22_close_front|cu_24_shfe_close_far|cu_24_shfe_close_near,cu_22_close_front|cu_24_shfe_close_far|cu_24_shfe_close_near,SHFE：电解铜：主力合约：收盘价（日）||SHFE：电解铜：主力合约：收盘价（日）||SHFE：电解铜：主力合约：收盘价（日）,SHFE：电解铜：主力合约：收盘价（日）,CU,未识别,电解铜|铜,mixed_script,canonical_conflict,0.55,manual_review,P0_manual,INDICATORS_V1_NAME,1,3,0,A-00293
23,SHFE:铅:主力合约:收盘价:日度,2,pb_21_aux|pb_21_aux_2,pb_21_aux|pb_21_aux_2,SHFE: 铅: 主力合约: 收盘价: 日度||SHFE: 铅: 主力合约: 收盘价: 日度,SHFE: 铅: 主力合约: 收盘价: 日度,PB,未识别,铅,mixed_script,canonical_conflict,0.55,manual_review,P0_manual,INDICATORS_V1_NAME,1,2,0,A-00297
24,SHFE:铝:主力合约:收盘价(日,2,al_00_close_front|al_53_close_front,al_00_close_front|al_53_close_front,SHFE：铝：主力合约：收盘价（日）||SHFE：铝：主力合约：收盘价（日）,SHFE：铝：主力合约：收盘价（日）,AL,未识别,铝,mixed_script,canonical_conflict,0.55,manual_review,P0_manual,INDICATORS_V1_NAME,1,2,0,A-00312
25,SHFE:锌:主力合约:收盘价(日,5,zn_21_close_far|zn_21_close_front|zn_21_close_near|zn_23_close_front|zn_24_close_near,zn_21_close_far|zn_21_close_front|zn_21_close_near|zn_23_close_front|zn_24_close_near,SHFE：锌：主力合约：收盘价（日）||SHFE：锌：主力合约：收盘价（日）||SHFE：锌：主力合约：收盘价（日）||SHFE：锌：主力合约：收盘价（日）||SHFE：锌：主力合约：收盘价（日）,SHFE：锌：主力合约：收盘价（日）,ZN,未识别,锌,mixed_script,canonical_conflict,0.55,manual_review,P0_manual,INDICATORS_V1_NAME,1,5,0,A-00319
26,SHFE:锌:单边交易:持仓量(日,4,zn_26_openinterest|zn_26_openinterest_2|zn_26_openinterest_3|zn_26_openinterest_top20,zn_26_openinterest|zn_26_openinterest_2|zn_26_openinterest_3|zn_26_openinterest_top20,SHFE：锌：单边交易：持仓量（日）||SHFE：锌：单边交易：持仓量（日）||SHFE：锌：单边交易：持仓量（日）||SHFE：锌：单边交易：持仓量（日）,SHFE：锌：单边交易：持仓量（日）,ZN,持仓量|持仓,锌,mixed_script,canonical_conflict,0.55,manual_review,P0_manual,INDICATORS_V1_NAME,1,4,8,A-00325
27,SHFE:锌:指数合约:收盘价(日,4,zn_21_close|zn_21_close_2|zn_23_close|zn_23_close_2,zn_21_close|zn_21_close_2|zn_23_close|zn_23_close_2,SHFE：锌：指数合约：收盘价（日）||SHFE：锌：指数合约：收盘价（日）||SHFE：锌：指数合约：收盘价（日）||SHFE：锌：指数合约：收盘价（日）,SHFE：锌：指数合约：收盘价（日）,ZN,未识别,锌,mixed_script,canonical_conflict,0.55,manual_review,P0_manual,INDICATORS_V1_NAME,1,4,0,A-00328
28,SHFE:锡:单边交易:持仓量(日,6,sn_21_openinterest_2|sn_26_openinterest_top20|sn_26_openinterest_top20_2|sn_26_openinterest_top20_3|sn_26_openinterest_top20_4|sn_26_openinterest_top20_5,sn_21_openinterest_2|sn_26_openinterest_top20|sn_26_openinterest_top20_2|sn_26_openinterest_top20_3|sn_26_openinterest_top20_4|sn_26_openinterest_top20_5,SHFE：锡：单边交易：持仓量（日）||SHFE：锡：单边交易：持仓量（日）||SHFE：锡：单边交易：持仓量（日）||SHFE：锡：单边交易：持仓量（日）||SHFE：锡：单边交易：持仓量（日）||SHFE：锡：单边交易：持仓量（日）,SHFE：锡：单边交易：持仓量（日）,SN,持仓量|持仓,锡,mixed_script,canonical_conflict,0.55,manual_review,P0_manual,INDICATORS_V1_NAME,1,6,7,A-00333
29,SHFE:锡:指数合约:收盘价(日,4,sn_21_close|sn_21_close_2|sn_23_close|sn_23_close_2,sn_21_close|sn_21_close_2|sn_23_close|sn_23_close_2,SHFE：锡：指数合约：收盘价（日）||SHFE：锡：指数合约：收盘价（日）||SHFE：锡：指数合约：收盘价（日）||SHFE：锡：指数合约：收盘价（日）,SHFE：锡：指数合约：收盘价（日）,SN,未识别,锡,mixed_script,canonical_conflict,0.55,manual_review,P0_manual,INDICATORS_V1_NAME,1,4,0,A-00336
30,SHFE:镍:主力合约:单边交易:持仓量(日,3,ni_21_openinterest_front|ni_26_openinterest_top20_front|ni_26_openinterest_top20_front_2,ni_21_openinterest_front|ni_26_openinterest_top20_front|ni_26_openinterest_top20_front_2,SHFE：镍：主力合约：单边交易：持仓量（日）||SHFE：镍：主力合约：单边交易：持仓量（日）||SHFE：镍：主力合约：单边交易：持仓量（日）,SHFE：镍：主力合约：单边交易：持仓量（日）,NI,持仓量|持仓,镍,mixed_script,canonical_conflict,0.55,manual_review,P0_manual,INDICATORS_V1_NAME,1,3,8,A-00339
31,SMM:中国铜冶炼厂现货冶炼利润:日度,2,cu_25_profit|cu_324_profit,cu_25_profit|cu_324_profit,SMM：中国铜冶炼厂现货冶炼利润：日度||SMM：中国铜冶炼厂现货冶炼利润：日度,SMM：中国铜冶炼厂现货冶炼利润：日度,CU,冶炼利润|利润,铜,mixed_script,canonical_conflict,0.55,manual_review,P0_manual,INDICATORS_V1_NAME,1,2,0,A-00377
32,SMM:电解镍进口盈亏(沪伦价格差,3,ni_25_percentile_price|ni_25_percentile_price_2|ni_25_price,ni_25_percentile_price|ni_25_percentile_price_2|ni_25_price,SMM: 电解镍进口盈亏（沪伦价格差）: 日度||SMM: 电解镍进口盈亏（沪伦价格差）: 日度||SMM: 电解镍进口盈亏（沪伦价格差）: 日度,SMM: 电解镍进口盈亏（沪伦价格差）: 日度,NI,盈亏|价格,电解镍|镍,unit_variant,canonical_conflict,0.55,manual_review,P0_manual,INDICATORS_V1_NAME,1,3,0,A-00430
33,SMM:进口盈亏:铅:现货:LME价格:日度,2,pb_23_aux_3|pb_23_aux_4,pb_23_aux_3|pb_23_aux_4,SMM: 进口盈亏: 铅: 现货: LME价格: 日度||SMM: 进口盈亏: 铅: 现货: LME价格: 日度,SMM: 进口盈亏: 铅: 现货: LME价格: 日度,PB,盈亏|价格,铅,mixed_script,canonical_conflict,0.55,manual_review,P0_manual,INDICATORS_V1_NAME,1,2,2,A-00443
34,SMM:铅精矿平衡(新,3,pb_313_aux_2|pb_313_aux_5|pb_81_aux,pb_313_aux_2|pb_313_aux_5|pb_81_aux,SMM: 铅精矿平衡(新): 矿产铅产量: 月度||SMM: 铅精矿平衡(新): 其他含铅伴生矿产量: 月度||SMM: 铅精矿平衡(新): 表观消费量: 月度,SMM: 铅精矿平衡(新): 其他含铅伴生矿产量: 月度,PB,未识别,铅精矿|铅,unit_variant,canonical_conflict,0.55,manual_review,P0_manual,INDICATORS_V1_NAME,3,3,0,A-00448
35,SMM:锡锭社会库存:上海:周度,2,sn_43_inv|sn_43_inv_2,sn_43_inv|sn_43_inv_2,SMM: 锡锭社会库存: 上海: 周度||SMM: 锡锭社会库存: 上海: 周度,SMM: 锡锭社会库存: 上海: 周度,SN,社会库存|库存,锡锭|锡,cross_report_synonym,canonical_conflict,0.55,manual_review,P0_manual,INDICATORS_V1_NAME|THS_MATCHED,1,8,5,A-00463
36,SMM铅锭五地社库,2,i18|i3,i18|i3,SMM铅锭五地社库总计||SMM铅锭五地社库,SMM铅锭五地社库总计,PB,未识别,铅锭|铅,suffix_variant,canonical_conflict,0.55,manual_review,P0_manual,INDICATORS_V1_NAME,2,2,0,A-00524
37,USGS:精炼锌:消费进口量:美国(年,2,zn_314_import_3|zn_314_import_4,zn_314_import_3|zn_314_import_4,USGS：精炼锌：消费进口量：美国（年）||USGS：精炼锌：消费进口量：美国（年）,USGS：精炼锌：消费进口量：美国（年）,ZN,进口量|消费,锌,mixed_script,canonical_conflict,0.55,manual_review,P0_manual,INDICATORS_V1_NAME,1,2,0,A-00542
38,USGS:精炼锌:表观消费量:美国(年,3,zn_51_cons|zn_51_cons_2|zn_51_cons_3,zn_51_cons|zn_51_cons_2|zn_51_cons_3,USGS：精炼锌：表观消费量：美国（年）||USGS：精炼锌：表观消费量：美国（年）||USGS：精炼锌：表观消费量：美国（年）,USGS：精炼锌：表观消费量：美国（年）,ZN,表观消费|消费量|消费,锌,mixed_script,canonical_conflict,0.55,manual_review,P0_manual,INDICATORS_V1_NAME,1,3,1,A-00543
39,USGS:锂矿:含锂:产量:全球(年,2,li_311_output|li_312_output_2,li_311_output|li_312_output_2,USGS：锂矿：含锂：产量：全球（年）||USGS：锂矿：含锂：产量：全球（年）,USGS：锂矿：含锂：产量：全球（年）,LI,产量,锂,mixed_script,canonical_conflict,0.55,manual_review,P0_manual,INDICATORS_V1_NAME,1,2,6,A-00552
40,USGS:锌矿石及精炼锌:产量:美国(年,3,zn_311_output_recycle|zn_312_output_recycle_4|zn_313_output_recycle,zn_311_output_recycle|zn_312_output_recycle_4|zn_313_output_recycle,USGS：锌矿石及精炼锌：产量：美国（年）||USGS：锌矿石及精炼锌：产量：美国（年）||USGS：锌矿石及精炼锌：产量：美国（年）,USGS：锌矿石及精炼锌：产量：美国（年）,ZN,产量,锌矿|锌,mixed_script,canonical_conflict,0.55,manual_review,P0_manual,INDICATORS_V1_NAME,1,3,0,A-00559
41,USGS:镍矿:含镍:产量:印尼(年,2,ni_311_output_nickel_ore|ni_311_output_nickel_ore_3,ni_311_output_nickel_ore|ni_311_output_nickel_ore_3,USGS：镍矿：含镍：产量：印尼（年）||USGS：镍矿：含镍：产量：印尼（年）,USGS：镍矿：含镍：产量：印尼（年）,NI,产量,镍矿|镍,mixed_script,canonical_conflict,0.55,manual_review,P0_manual,INDICATORS_V1_NAME,1,2,7,A-00566
42,三元前驱体开工率,2,li_51_util|li_51_util_ternary_2,li_51_util|li_51_util_ternary_2,三元前驱体开工率||三元前驱体开工率,三元前驱体开工率,未识别,开工率|开工,无,canonical,canonical_conflict,0.55,manual_review,P0_manual,INDICATORS_V1_NAME,1,2,0,A-02216
43,中国工业硅月产量,2,si_312_output_2|si_312_output_3,si_312_output_2|si_312_output_3,中国工业硅月产量||中国工业硅月产量,中国工业硅月产量,SI,产量,工业硅|硅,canonical,canonical_conflict,0.55,manual_review,P0_manual,INDICATORS_V1_NAME,1,2,0,A-02319
44,中国有色金属工业年鉴:锌锭:产量:秘鲁(年,3,zn_312_output_4|zn_312_output_8|zn_312_output_9,zn_312_output_4|zn_312_output_8|zn_312_output_9,中国有色金属工业年鉴：锌锭：产量：秘鲁（年）||中国有色金属工业年鉴：锌锭：产量：秘鲁（年）||中国有色金属工业年鉴：锌锭：产量：秘鲁（年）,中国有色金属工业年鉴：锌锭：产量：秘鲁（年）,ZN,产量,锌锭|锌,canonical,canonical_conflict,0.55,manual_review,P0_manual,INDICATORS_V1_NAME,1,3,2,A-02327
45,中国海关:其他铅(粗铅,2,pb_314_aux_2|pb_61_aux,pb_314_aux_2|pb_61_aux,中国海关: 其他铅(粗铅)进口量: 乌兹别克斯坦: 月度||中国海关: 其他铅(粗铅)进口量: 阿曼: 月度,中国海关: 其他铅(粗铅)进口量: 乌兹别克斯坦: 月度,PB,未识别,铅,unit_variant,canonical_conflict,0.55,manual_review,P0_manual,INDICATORS_V1_NAME,2,2,0,A-02342
46,中国海关:镍矿进口量:总:月度,2,ni_314_import|ni_61_import_4,ni_314_import|ni_61_import_4,中国海关: 镍矿进口量: 总: 月度||中国海关: 镍矿进口量: 总: 月度,中国海关: 镍矿进口量: 总: 月度,NI,进口量,镍矿|镍,canonical,canonical_conflict,0.55,manual_review,P0_manual,INDICATORS_V1_NAME,1,2,9,A-02377
47,云南罗平锌电:营业利润(季,3,zn_25_profit|zn_25_profit_2|zn_25_profit_3,zn_25_profit|zn_25_profit_2|zn_25_profit_3,云南罗平锌电：营业利润（季）||云南罗平锌电：营业利润（季）||云南罗平锌电：营业利润（季）,云南罗平锌电：营业利润（季）,ZN,利润,锌,canonical,canonical_conflict,0.55,manual_review,P0_manual,INDICATORS_V1_NAME,1,3,0,A-02416
48,产业在线:碳酸锂:进口数量:中国(季,3,li_314_import_2|li_314_import_3|li_314_import_4,li_314_import_2|li_314_import_3|li_314_import_4,产业在线：碳酸锂：进口数量：中国（季）||产业在线：碳酸锂：进口数量：中国（季）||产业在线：碳酸锂：进口数量：中国（季）,产业在线：碳酸锂：进口数量：中国（季）,LI,未识别,碳酸锂|锂,canonical,canonical_conflict,0.55,manual_review,P0_manual,INDICATORS_V1_NAME,1,3,0,A-02426
49,低镍生铁:成本(日,2,ni_324_cost|ni_73_cost,ni_324_cost|ni_73_cost,低镍生铁：成本（日）||低镍生铁：成本（日）,低镍生铁：成本（日）,NI,成本,镍生铁|镍,canonical,canonical_conflict,0.55,manual_review,P0_manual,INDICATORS_V1_NAME,1,2,0,A-02439
50,冰镍:进口数量:印尼→中国(月,8,ni_314_import_3|ni_314_import_9|ni_323_import|ni_323_import_2|ni_45_import_2|ni_53_import|ni_61_import_5|ni_61_import_6,ni_314_import_3|ni_314_import_9|ni_323_import|ni_323_import_2|ni_45_import_2|ni_53_import|ni_61_import_5|ni_61_import_6,冰镍：进口数量：印尼→中国（月）||冰镍：进口数量：印尼→中国（月）||冰镍：进口数量：印尼→中国（月）||冰镍：进口数量：印尼→中国（月）||冰镍：进口数量：印尼→中国（月）||冰镍：进口数量：印尼→中国（月）||冰镍：进口数量：印尼→中国（月）||冰镍：进口数量：印尼→中国（月）,冰镍：进口数量：印尼→中国（月）,NI,未识别,冰镍|镍,canonical,canonical_conflict,0.55,manual_review,P0_manual,INDICATORS_V1_NAME,1,8,0,A-02504
51,冰镍:进口数量合计:中国(月,5,ni_22_import|ni_313_import_2|ni_45_import|ni_45_import_3|ni_45_import_4,ni_22_import|ni_313_import_2|ni_45_import|ni_45_import_3|ni_45_import_4,冰镍：进口数量合计：中国（月）||冰镍：进口数量合计：中国（月）||冰镍：进口数量合计：中国（月）||冰镍：进口数量合计：中国（月）||冰镍：进口数量合计：中国（月）,冰镍：进口数量合计：中国（月）,NI,未识别,冰镍|镍,canonical,canonical_conflict,0.55,manual_review,P0_manual,INDICATORS_V1_NAME,1,5,0,A-02507
52,冷轧不锈钢:外购低镍铁:201/J1:利润:中国(日,8,ni_25_profit|ni_25_profit_2|ni_315_profit|ni_72_profit|ni_72_profit_3|ni_72_profit_4|ni_72_profit_5|ni_72_profit_percentile,ni_25_profit|ni_25_profit_2|ni_315_profit|ni_72_profit|ni_72_profit_3|ni_72_profit_4|ni_72_profit_5|ni_72_profit_percentile,冷轧不锈钢：外购低镍铁：201/J1：利润：中国（日）||冷轧不锈钢：外购低镍铁：201/J1：利润：中国（日）||冷轧不锈钢：外购低镍铁：201/J1：利润：中国（日）||冷轧不锈钢：外购低镍铁：201/J1：利润：中国（日）||冷轧不锈钢：外购低镍铁：201/J1：利润：中国（日）||冷轧不锈钢：外购低镍铁：201/J1：利润：中国（日）||冷轧不锈钢：外购低镍铁：201/J1：利润：中国（日）||冷轧不锈钢：外购低镍铁：201/J1：利润：中国（日）,冷轧不锈钢：外购低镍铁：201/J1：利润：中国（日）,NI,利润,不锈钢|镍铁|镍,mixed_script,canonical_conflict,0.55,manual_review,P0_manual,INDICATORS_V1_NAME,1,8,0,A-02519
53,分路线利润,3,li_25_by_route_profit|li_25_by_route_profit_2|li_25_profit_5,li_25_by_route_profit|li_25_by_route_profit_2|li_25_profit_5,分路线利润||分路线利润||分路线利润,分路线利润,未识别,利润,无,canonical,canonical_conflict,0.55,manual_review,P0_manual,INDICATORS_V1_NAME,1,3,0,A-02531
54,印尼:锡锭:出口数量:全球(月,3,sn_62_export_2|sn_62_export_3|sn_62_export_4,sn_62_export_2|sn_62_export_3|sn_62_export_4,印尼：锡锭：出口数量：全球（月）||印尼：锡锭：出口数量：全球（月）||印尼：锡锭：出口数量：全球（月）,印尼：锡锭：出口数量：全球（月）,SN,未识别,锡锭|锡,canonical,canonical_conflict,0.55,manual_review,P0_manual,INDICATORS_V1_NAME,1,3,0,A-02581
55,回收料产碳酸锂,2,li_36_idx|li_36_recycle_lc,li_36_idx|li_36_recycle_lc,回收料产碳酸锂||回收料产碳酸锂,回收料产碳酸锂,LI,未识别,碳酸锂|锂,canonical,canonical_conflict,0.55,manual_review,P0_manual,INDICATORS_V1_NAME,1,2,0,A-02696
56,国际铝业协会:原铝:产量:全球(月,2,al_2_output_2|al_312_global_output,al_2_output_2|al_312_global_output,国际铝业协会：原铝：产量：全球（月）||国际铝业协会：原铝：产量：全球（月）,国际铝业协会：原铝：产量：全球（月）,AL,产量,原铝|铝,canonical,canonical_conflict,0.55,manual_review,P0_manual,INDICATORS_V1_NAME,1,2,0,A-02893
57,多头前20持仓量,3,li_26_openinterest_top20_long|li_26_openinterest_top20_long_2|li_26_openinterest_top20_long_3,li_26_openinterest_top20_long|li_26_openinterest_top20_long_2|li_26_openinterest_top20_long_3,多头前20持仓量||多头前20持仓量||多头前20持仓量,多头前20持仓量,LI,持仓量|持仓,无,unit_variant,canonical_conflict,0.55,manual_review,P0_manual,INDICATORS_V1_NAME|THS_MATCHED|THS_SERIES,2,12,2,A-02906
58,多晶硅:产能:中国(年,2,si_321_capacity_polysilicon|si_323_recycle_capacity_polysilicon,si_321_capacity_polysilicon|si_323_recycle_capacity_polysilicon,多晶硅：产能：中国（年）||多晶硅：产能：中国（年）,多晶硅：产能：中国（年）,SI,产能,多晶硅|硅,canonical,canonical_conflict,0.55,manual_review,P0_manual,INDICATORS_V1_NAME,1,2,0,A-02908
59,多晶硅:产量:中国(月,4,si_321_output_polysilicon|si_323_output_recycle_polysilicon|si_51_output_polysilicon|si_52_output_polysilicon,si_321_output_polysilicon|si_323_output_recycle_polysilicon|si_51_output_polysilicon|si_52_output_polysilicon,多晶硅：产量：中国（月）||多晶硅：产量：中国（月）||多晶硅：产量：中国（月）||多晶硅：产量：中国（月）,多晶硅：产量：中国（月）,SI,产量,多晶硅|硅,canonical,canonical_conflict,0.55,manual_review,P0_manual,INDICATORS_V1_NAME,1,4,2,A-02911
60,多晶硅:出口数量合计:中国(月,2,si_62_export_polysilicon|si_63_export_polysilicon,si_62_export_polysilicon|si_63_export_polysilicon,多晶硅：出口数量合计：中国（月）||多晶硅：出口数量合计：中国（月）,多晶硅：出口数量合计：中国（月）,SI,未识别,多晶硅|硅,canonical,canonical_conflict,0.55,manual_review,P0_manual,INDICATORS_V1_NAME,1,2,0,A-02914
61,多晶硅:库存:中国(周,5,si_41_inv_polysilicon|si_44_inv_days_polysilicon|si_44_inv_polysilicon|si_45_inv_implicit_polysilicon|si_45_inv_polysilicon,si_41_inv_polysilicon|si_44_inv_days_polysilicon|si_44_inv_polysilicon|si_45_inv_implicit_polysilicon|si_45_inv_polysilicon,多晶硅：库存：中国（周）||多晶硅：库存：中国（周）||多晶硅：库存：中国（周）||多晶硅：库存：中国（周）||多晶硅：库存：中国（周）,多晶硅：库存：中国（周）,SI,库存,多晶硅|硅,canonical,canonical_conflict,0.55,manual_review,P0_manual,INDICATORS_V1_NAME,1,5,0,A-02915
62,工业硅:421#:利润:新疆(周,9,si_25_profit|si_25_profit_2|si_25_profit_industrial_si|si_25_profit_percentile_industrial|si_324_profit|si_324_profit_2|si_72_profit|si_72_profit_2|si_72_profit_3,si_25_profit|si_25_profit_2|si_25_profit_industrial_si|si_25_profit_percentile_industrial|si_324_profit|si_324_profit_2|si_72_profit|si_72_profit_2|si_72_profit_3,工业硅：421#：利润：新疆（周）||工业硅：421#：利润：新疆（周）||工业硅：421#：利润：新疆（周）||工业硅：421#：利润：新疆（周）||工业硅：421#：利润：新疆（周）||工业硅：421#：利润：新疆（周）||工业硅：421#：利润：新疆（周）||工业硅：421#：利润：新疆（周）||工业硅：421#：利润：新疆（周）,工业硅：421#：利润：新疆（周）,SI,利润,工业硅|硅,numeric_code,canonical_conflict,0.55,manual_review,P0_manual,INDICATORS_V1_NAME,1,9,0,A-02977
63,工业硅:421#:成本:新疆(周,6,si_25_cost_industrial_si|si_71_cost|si_71_cost_2|si_71_cost_3|si_71_cost_industrial_si_2|si_71_cost_percentile_industrial_s,si_25_cost_industrial_si|si_71_cost|si_71_cost_2|si_71_cost_3|si_71_cost_industrial_si_2|si_71_cost_percentile_industrial_s,工业硅：421#：成本：新疆（周）||工业硅：421#：成本：新疆（周）||工业硅：421#：成本：新疆（周）||工业硅：421#：成本：新疆（周）||工业硅：421#：成本：新疆（周）||工业硅：421#：成本：新疆（周）,工业硅：421#：成本：新疆（周）,SI,成本,工业硅|硅,numeric_code,canonical_conflict,0.55,manual_review,P0_manual,INDICATORS_V1_NAME,1,6,0,A-02979
64,工业硅:421#:现金成本:四川(周,2,si_71_cost_industrial_si|si_72_profit_industrial_si,si_71_cost_industrial_si|si_72_profit_industrial_si,工业硅：421#：现金成本：四川（周）||工业硅：421#：现金成本：四川（周）,工业硅：421#：现金成本：四川（周）,SI,成本,工业硅|硅,numeric_code,canonical_conflict,0.55,manual_review,P0_manual,INDICATORS_V1_NAME,1,2,0,A-02980
65,工业硅:Si＜99.99%:出口数量合计:中国(月,6,si_62_export_industrial_si|si_62_export_shipment_days|si_62_export_tariff_industrial_si|si_63_export_industrial_si|si_63_export_shipment_days|si_63_export_tariff_industrial_si,si_62_export_industrial_si|si_62_export_shipment_days|si_62_export_tariff_industrial_si|si_63_export_industrial_si|si_63_export_shipment_days|si_63_export_tariff_industrial_si,工业硅：Si＜99.99%：出口数量合计：中国（月）||工业硅：Si＜99.99%：出口数量合计：中国（月）||工业硅：Si＜99.99%：出口数量合计：中国（月）||工业硅：Si＜99.99%：出口数量合计：中国（月）||工业硅：Si＜99.99%：出口数量合计：中国（月）||工业硅：Si＜99.99%：出口数量合计：中国（月）,工业硅：Si＜99.99%：出口数量合计：中国（月）,SI,未识别,工业硅|硅,mixed_script,canonical_conflict,0.55,manual_review,P0_manual,INDICATORS_V1_NAME,1,6,0,A-02983
66,工业硅:Si＜99.99%:进口数量:江苏(月,6,si_314_import_3|si_314_import_4|si_315_import_industrial_si|si_61_import|si_61_import_industrial_si|si_61_import_industrial_si_3,si_314_import_3|si_314_import_4|si_315_import_industrial_si|si_61_import|si_61_import_industrial_si|si_61_import_industrial_si_3,工业硅：Si＜99.99%：进口数量：江苏（月）||工业硅：Si＜99.99%：进口数量：江苏（月）||工业硅：Si＜99.99%：进口数量：江苏（月）||工业硅：Si＜99.99%：进口数量：江苏（月）||工业硅：Si＜99.99%：进口数量：江苏（月）||工业硅：Si＜99.99%：进口数量：江苏（月）,工业硅：Si＜99.99%：进口数量：江苏（月）,SI,未识别,工业硅|硅,mixed_script,canonical_conflict,0.55,manual_review,P0_manual,INDICATORS_V1_NAME,1,6,0,A-02986
67,工业硅:Si＜99.99%:进口数量合计:中国(月,5,si_61_import_2|si_61_import_industrial_si_2|si_61_import_industrial_si_4|si_61_import_shipment_days|si_61_import_tariff_industrial_si,si_61_import_2|si_61_import_industrial_si_2|si_61_import_industrial_si_4|si_61_import_shipment_days|si_61_import_tariff_industrial_si,工业硅：Si＜99.99%：进口数量合计：中国（月）||工业硅：Si＜99.99%：进口数量合计：中国（月）||工业硅：Si＜99.99%：进口数量合计：中国（月）||工业硅：Si＜99.99%：进口数量合计：中国（月）||工业硅：Si＜99.99%：进口数量合计：中国（月）,工业硅：Si＜99.99%：进口数量合计：中国（月）,SI,未识别,工业硅|硅,mixed_script,canonical_conflict,0.55,manual_review,P0_manual,INDICATORS_V1_NAME,1,5,0,A-02988
68,工业硅:产能利用率:中国(月,4,si_315_capacity_util_industrial_si|si_321_capacity_industrial_si|si_321_capacity_util_industrial_si|si_323_recycle_capacity_util,si_315_capacity_util_industrial_si|si_321_capacity_industrial_si|si_321_capacity_util_industrial_si|si_323_recycle_capacity_util,工业硅：产能利用率：中国（月）||工业硅：产能利用率：中国（月）||工业硅：产能利用率：中国（月）||工业硅：产能利用率：中国（月）,工业硅：产能利用率：中国（月）,SI,产能利用率|产能,工业硅|硅,canonical,canonical_conflict,0.55,manual_review,P0_manual,INDICATORS_V1_NAME,1,4,2,A-02990
69,工业硅:开工率:中国(周,3,si_315_util_industrial_si|si_51_util|si_51_util_industrial_si,si_315_util_industrial_si|si_51_util|si_51_util_industrial_si,工业硅：开工率：中国（周）||工业硅：开工率：中国（周）||工业硅：开工率：中国（周）,工业硅：开工率：中国（周）,SI,开工率|开工,工业硅|硅,canonical,canonical_conflict,0.55,manual_review,P0_manual,INDICATORS_V1_NAME,1,3,0,A-02994
70,工业硅:开工率:中国(月,5,si_321_util_industrial_si|si_322_util|si_322_util_2|si_322_util_3|si_323_util_recycle_industrial_si,si_321_util_industrial_si|si_322_util|si_322_util_2|si_322_util_3|si_323_util_recycle_industrial_si,工业硅：开工率：中国（月）||工业硅：开工率：中国（月）||工业硅：开工率：中国（月）||工业硅：开工率：中国（月）||工业硅：开工率：中国（月）,工业硅：开工率：中国（月）,SI,开工率|开工,工业硅|硅,canonical,canonical_conflict,0.55,manual_review,P0_manual,INDICATORS_V1_NAME,1,5,4,A-02995
71,工业硅冶炼利润,2,si_25_profit_smelt|si_25_profit_smelt_2,si_25_profit_smelt|si_25_profit_smelt_2,工业硅冶炼利润||工业硅冶炼利润,工业硅冶炼利润,SI,冶炼利润|利润,工业硅|硅,unit_variant,canonical_conflict,0.55,manual_review,P0_manual,INDICATORS_V1_NAME|THS_MATCHED|THS_SERIES,2,44,0,A-03028
72,工业硅冶炼成本,2,si_25_cost_smelt|si_25_cost_smelt_2,si_25_cost_smelt|si_25_cost_smelt_2,工业硅冶炼成本||工业硅冶炼成本,工业硅冶炼成本,SI,成本,工业硅|硅,unit_variant,canonical_conflict,0.55,manual_review,P0_manual,INDICATORS_V1_NAME|THS_MATCHED|THS_SERIES,2,10,0,A-03034
73,工业硅出口量,2,si_62_export|si_62_export_2,si_62_export|si_62_export_2,工业硅出口量||工业硅出口量,工业硅出口量,SI,出口量,工业硅|硅,unit_variant,canonical_conflict,0.55,manual_review,P0_manual,INDICATORS_V1_NAME|THS_MATCHED|THS_SERIES,2,4,0,A-03042
74,工业硅多头前20持仓量,3,si_26_openinterest_top20_long|si_26_openinterest_top20_long_2|si_26_openinterest_top20_long_3,si_26_openinterest_top20_long|si_26_openinterest_top20_long_2|si_26_openinterest_top20_long_3,工业硅多头前20持仓量||工业硅多头前20持仓量||工业硅多头前20持仓量,工业硅多头前20持仓量,SI,持仓量|持仓,工业硅|硅,canonical,canonical_conflict,0.55,manual_review,P0_manual,INDICATORS_V1_NAME,1,3,1,A-03059
75,工业硅月进口量分国别,2,si_314_by_country_import|si_314_by_country_import_2,si_314_by_country_import|si_314_by_country_import_2,工业硅月进口量分国别||工业硅月进口量分国别,工业硅月进口量分国别,SI,进口量,工业硅|硅,canonical,canonical_conflict,0.55,manual_review,P0_manual,INDICATORS_V1_NAME,1,2,0,A-03071
76,工业硅现货价421#,3,si_24_spot|si_24_spot_6|si_24_spot_7,si_24_spot|si_24_spot_6|si_24_spot_7,工业硅现货价421#||工业硅现货价421#||工业硅现货价421#,工业硅现货价421#,SI,未识别,工业硅|硅,numeric_code,canonical_conflict,0.55,manual_review,P0_manual,INDICATORS_V1_NAME,1,3,0,A-03103
77,工业硅现货价553#,4,si_24_spot_2|si_24_spot_3|si_24_spot_4|si_24_spot_5,si_24_spot_2|si_24_spot_3|si_24_spot_4|si_24_spot_5,工业硅现货价553#||工业硅现货价553#||工业硅现货价553#||工业硅现货价553#,工业硅现货价553#,SI,未识别,工业硅|硅,numeric_code,canonical_conflict,0.55,manual_review,P0_manual,INDICATORS_V1_NAME,1,4,0,A-03104
78,工业硅现金成本,2,si_71_cash_cost|si_71_cost_cash,si_71_cash_cost|si_71_cost_cash,工业硅现金成本||工业硅现金成本,工业硅现金成本,SI,成本,工业硅|硅,unit_variant,canonical_conflict,0.55,manual_review,P0_manual,INDICATORS_V1_NAME|THS_MATCHED|THS_SERIES,2,12,0,A-03108
79,工业硅电价,4,si_71_power|si_71_power_2|si_71_power_3|si_71_power_4,si_71_power|si_71_power_2|si_71_power_3|si_71_power_4,工业硅电价||工业硅电价||工业硅电价||工业硅电价,工业硅电价,SI,未识别,工业硅|硅,unit_variant,canonical_conflict,0.55,manual_review,P0_manual,INDICATORS_V1_NAME|THS_MATCHED|THS_SERIES,2,10,0,A-03109
80,工业硅社会库存,3,si_313_inv_social|si_313_social_inv|wr227,si_313_inv_social|si_313_social_inv|wr227,工业硅社会库存||工业硅社会库存||工业硅社会库存(SMM),工业硅社会库存(SMM),SI,社会库存|库存,工业硅|硅,unit_variant,canonical_conflict,0.55,manual_review,P0_manual,INDICATORS_V1_NAME|PDF_TEMPLATE,2,4,0,A-03113
81,工业硅空头前20持仓量,3,si_26_openinterest_top20_short|si_26_openinterest_top20_short_2|si_26_top20_openinterest,si_26_openinterest_top20_short|si_26_openinterest_top20_short_2|si_26_top20_openinterest,工业硅空头前20持仓量||工业硅空头前20持仓量||工业硅空头前20持仓量,工业硅空头前20持仓量,SI,持仓量|持仓,工业硅|硅,canonical,canonical_conflict,0.55,manual_review,P0_manual,INDICATORS_V1_NAME,1,3,1,A-03120
82,工业硅精炼月进口量,2,si_321_import|si_321_import_2,si_321_import|si_321_import_2,工业硅精炼月进口量||工业硅精炼月进口量,工业硅精炼月进口量,SI,进口量,工业硅|硅,canonical,canonical_conflict,0.55,manual_review,P0_manual,INDICATORS_V1_NAME,1,2,0,A-03127
83,库存结构,2,li_43_inv_struct|li_43_inv_struct_2,li_43_inv_struct|li_43_inv_struct_2,库存结构||库存结构,库存结构,未识别,库存,无,canonical,canonical_conflict,0.55,manual_review,P0_manual,INDICATORS_V1_NAME,1,2,0,A-03181
84,"未锻轧非合金镍:镍钴总量≥99.99%,钴≤0.005%:进口金额:挪威→中国(月",2,ni_314_import_7|ni_314_import_8,ni_314_import_7|ni_314_import_8,未锻轧非合金镍：镍钴总量≥99.99%，钴≤0.005%：进口金额：挪威→中国（月）||未锻轧非合金镍：镍钴总量≥99.99%，钴≤0.005%：进口金额：挪威→中国（月）,未锻轧非合金镍：镍钴总量≥99.99%，钴≤0.005%：进口金额：挪威→中国（月）,NI,未识别,镍,numeric_code,canonical_conflict,0.55,manual_review,P0_manual,INDICATORS_V1_NAME,1,2,0,A-03270
85,样本企业:原生锌:产量:中国(月,9,zn_312_output_7|zn_321_output|zn_321_output_recycle|zn_51_output|zn_52_output|zn_52_output_battery|zn_72_output|zn_72_output_2|zn_72_output_3,zn_312_output_7|zn_321_output|zn_321_output_recycle|zn_51_output|zn_52_output|zn_52_output_battery|zn_72_output|zn_72_output_2|zn_72_output_3,样本企业：原生锌：产量：中国（月）||样本企业：原生锌：产量：中国（月）||样本企业：原生锌：产量：中国（月）||样本企业：原生锌：产量：中国（月）||样本企业：原生锌：产量：中国（月）||样本企业：原生锌：产量：中国（月）||样本企业：原生锌：产量：中国（月）||样本企业：原生锌：产量：中国（月）||样本企业：原生锌：产量：中国（月）,样本企业：原生锌：产量：中国（月）,ZN,产量,锌,canonical,canonical_conflict,0.55,manual_review,P0_manual,INDICATORS_V1_NAME,1,9,1,A-03274
86,氢氧化锂:产量:中国(月,2,li_321_output|li_323_output_recycle,li_321_output|li_323_output_recycle,氢氧化锂：产量：中国（月）||氢氧化锂：产量：中国（月）,氢氧化锂：产量：中国（月）,LI,产量,氢氧化锂|锂,canonical,canonical_conflict,0.55,manual_review,P0_manual,INDICATORS_V1_NAME,1,2,1,A-03290
87,氧化铝:净进口数量:中国(月,2,al_314_alumina_net_imp|al_3_import_alumina,al_314_alumina_net_imp|al_3_import_alumina,氧化铝：净进口数量：中国（月）||氧化铝：净进口数量：中国（月）,氧化铝：净进口数量：中国（月）,AL|AO,未识别,氧化铝|铝,canonical,canonical_conflict,0.55,manual_review,P0_manual,INDICATORS_V1_NAME,1,2,0,A-03313
88,氧化铝:库存:中国(周,2,al_41_inv|al_45_inv_implicit_percentile,al_41_inv|al_45_inv_implicit_percentile,氧化铝：库存：中国（周）||氧化铝：库存：中国（周）,氧化铝：库存：中国（周）,AL|AO,库存,氧化铝|铝,canonical,canonical_conflict,0.55,manual_review,P0_manual,INDICATORS_V1_NAME,1,2,0,A-03315
89,氧化铝:港口库存:中国(周,2,al_52_inv_alumina|al_61_alumina_port_inv,al_52_inv_alumina|al_61_alumina_port_inv,氧化铝：港口库存：中国（周）||氧化铝：港口库存：中国（周）,氧化铝：港口库存：中国（周）,AL|AO,库存,氧化铝|铝,canonical,canonical_conflict,0.55,manual_review,P0_manual,INDICATORS_V1_NAME,1,2,2,A-03316
90,水淬镍:15-22%Ni:印尼产:升贴水(日,5,ni_21_premium|ni_22_premium|ni_22_premium_2|ni_22_premium_percentile|ni_23_premium,ni_21_premium|ni_22_premium|ni_22_premium_2|ni_22_premium_percentile|ni_23_premium,水淬镍：15-22%Ni：印尼产：升贴水（日）||水淬镍：15-22%Ni：印尼产：升贴水（日）||水淬镍：15-22%Ni：印尼产：升贴水（日）||水淬镍：15-22%Ni：印尼产：升贴水（日）||水淬镍：15-22%Ni：印尼产：升贴水（日）,水淬镍：15-22%Ni：印尼产：升贴水（日）,NI,升贴水|贴水,镍,mixed_script,canonical_conflict,0.55,manual_review,P0_manual,INDICATORS_V1_NAME,1,5,0,A-03344
91,澳洲/巴西/非洲锂矿产量,2,li_31_output_lithium_ore_au|li_31_output_lithium_ore_au_2,li_31_output_lithium_ore_au|li_31_output_lithium_ore_au_2,澳洲/巴西/非洲锂矿产量||澳洲/巴西/非洲锂矿产量,澳洲/巴西/非洲锂矿产量,LI,产量,锂,cross_report_synonym,canonical_conflict,0.55,manual_review,P0_manual,INDICATORS_V1_NAME|THS_MATCHED,1,4,0,A-03529
92,电力成本分项,3,si_72_cost|si_72_cost_power|si_72_cost_power_2,si_72_cost|si_72_cost_power|si_72_cost_power_2,电力成本分项||电力成本分项||电力成本分项,电力成本分项,ENTITY,成本,电力,cross_report_synonym,canonical_conflict,0.55,manual_review,P0_manual,INDICATORS_V1_NAME|THS_MATCHED,1,4,0,A-03564
93,矿产粗铜:产量:中国(月,3,cu_311_output_ratio_struct|cu_313_output|cu_321_output,cu_311_output_ratio_struct|cu_313_output|cu_321_output,矿产粗铜：产量：中国（月）||矿产粗铜：产量：中国（月）||矿产粗铜：产量：中国（月）,矿产粗铜：产量：中国（月）,CU,产量,铜,canonical,canonical_conflict,0.55,manual_review,P0_manual,INDICATORS_V1_NAME,1,3,2,A-03684
94,硅片:产能:中国(年,3,si_321_capacity|si_323_recycle_capacity|si_323_recycle_capacity_industrial_,si_321_capacity|si_323_recycle_capacity|si_323_recycle_capacity_industrial_,硅片：产能：中国（年）||硅片：产能：中国（年）||硅片：产能：中国（年）,硅片：产能：中国（年）,SI,产能,硅片|硅,canonical,canonical_conflict,0.55,manual_review,P0_manual,INDICATORS_V1_NAME,1,3,0,A-03685
95,硅石价格,4,si_315_price_silica|si_315_price_silica_2|si_315_price_silica_3|si_315_price_silica_4,si_315_price_silica|si_315_price_silica_2|si_315_price_silica_3|si_315_price_silica_4,硅石价格||硅石价格||硅石价格||硅石价格,硅石价格,SI,价格,硅,cross_report_synonym,canonical_conflict,0.55,manual_review,P0_manual,INDICATORS_V1_NAME|THS_MATCHED,1,5,0,A-03693
96,硅铁:进口数量:中国(年,2,si_312_import|si_314_import,si_312_import|si_314_import,硅铁：进口数量：中国（年）||硅铁：进口数量：中国（年）,硅铁：进口数量：中国（年）,SI,未识别,硅,canonical,canonical_conflict,0.55,manual_review,P0_manual,INDICATORS_V1_NAME,1,2,0,A-03694
97,硅锰:产量:内蒙古(月,2,si_311_output|si_311_output_recycle,si_311_output|si_311_output_recycle,硅锰：产量：内蒙古（月）||硅锰：产量：内蒙古（月）,硅锰：产量：内蒙古（月）,SI,产量,硅,canonical,canonical_conflict,0.55,manual_review,P0_manual,INDICATORS_V1_NAME,1,2,0,A-03697
98,硅锰企业:开工率:中国(周,4,si_312_util_2|si_312_util_3|si_321_util_polysilicon|si_323_util_recycle_polysilicon,si_312_util_2|si_312_util_3|si_321_util_polysilicon|si_323_util_recycle_polysilicon,硅锰企业：开工率：中国（周）||硅锰企业：开工率：中国（周）||硅锰企业：开工率：中国（周）||硅锰企业：开工率：中国（周）,硅锰企业：开工率：中国（周）,SI,开工率|开工,硅,canonical,canonical_conflict,0.55,manual_review,P0_manual,INDICATORS_V1_NAME,1,4,0,A-03700
99,硫化镍矿:产量:伦丁矿业:Eagle矿区(季,7,ni_313_output_3|ni_313_output_nickel_ore|ni_313_output_nickel_ore_2|ni_313_output_nickel_ore_3|ni_313_output_nickel_ore_4|ni_313_output_nickel_ore_5|ni_313_output_nickel_ore_6,ni_313_output_3|ni_313_output_nickel_ore|ni_313_output_nickel_ore_2|ni_313_output_nickel_ore_3|ni_313_output_nickel_ore_4|ni_313_output_nickel_ore_5|ni_313_output_nickel_ore_6,硫化镍矿：产量：伦丁矿业：Eagle矿区（季）||硫化镍矿：产量：伦丁矿业：Eagle矿区（季）||硫化镍矿：产量：伦丁矿业：Eagle矿区（季）||硫化镍矿：产量：伦丁矿业：Eagle矿区（季）||硫化镍矿：产量：伦丁矿业：Eagle矿区（季）||硫化镍矿：产量：伦丁矿业：Eagle矿区（季）||硫化镍矿：产量：伦丁矿业：Eagle矿区（季）,硫化镍矿：产量：伦丁矿业：Eagle矿区（季）,NI,产量,镍矿|镍,mixed_script,canonical_conflict,0.55,manual_review,P0_manual,INDICATORS_V1_NAME,1,7,0,A-03702
100,硫酸镍企业:开工率:中国(月,2,ni_322_util_4|ni_322_util_5,ni_322_util_4|ni_322_util_5,硫酸镍企业：开工率：中国（月）||硫酸镍企业：开工率：中国（月）,硫酸镍企业：开工率：中国（月）,ENTITY|NI,开工率|开工,硫酸镍|硫酸|镍,canonical,canonical_conflict,0.55,manual_review,P0_manual,INDICATORS_V1_NAME,1,2,3,A-03715
101,碳酸锂(原料盐湖卤水):产量:中国(月,2,li_313_output_3|li_321_output_2,li_313_output_3|li_321_output_2,碳酸锂（原料盐湖卤水）：产量：中国（月）||碳酸锂（原料盐湖卤水）：产量：中国（月）,碳酸锂（原料盐湖卤水）：产量：中国（月）,LI,产量,碳酸锂|锂,canonical,canonical_conflict,0.55,manual_review,P0_manual,INDICATORS_V1_NAME,1,2,0,A-03720
102,碳酸锂(原料锂云母):产量:中国(月,2,li_313_output|li_321_output_3,li_313_output|li_321_output_3,碳酸锂（原料锂云母）：产量：中国（月）||碳酸锂（原料锂云母）：产量：中国（月）,碳酸锂（原料锂云母）：产量：中国（月）,LI,产量,锂云母|碳酸锂|锂,canonical,canonical_conflict,0.55,manual_review,P0_manual,INDICATORS_V1_NAME,1,2,0,A-03721
103,碳酸锂:产量:中国(月,3,li_321_output_carbonate_battery|li_321_output_carbonate_industrial|li_323_output_recycle_carbonate,li_321_output_carbonate_battery|li_321_output_carbonate_industrial|li_323_output_recycle_carbonate,碳酸锂：产量：中国（月）||碳酸锂：产量：中国（月）||碳酸锂：产量：中国（月）,碳酸锂：产量：中国（月）,LI,产量,碳酸锂|锂,canonical,canonical_conflict,0.55,manual_review,P0_manual,INDICATORS_V1_NAME,1,3,2,A-03725
104,碳酸锂:原料:外采锂精矿:生产利润(日,2,li_25_profit|li_25_profit_carbonate,li_25_profit|li_25_profit_carbonate,碳酸锂：原料：外采锂精矿：生产利润（日）||碳酸锂：原料：外采锂精矿：生产利润（日）,碳酸锂：原料：外采锂精矿：生产利润（日）,LI,利润,锂精矿|碳酸锂|锂,canonical,canonical_conflict,0.55,manual_review,P0_manual,INDICATORS_V1_NAME,1,2,0,A-03727
105,碳酸锂:回收料:厂内库存:中国(月,4,li_43_inv_plant|li_44_inv_plant_2|li_44_inv_plant_3|li_44_inv_plant_days,li_43_inv_plant|li_44_inv_plant_2|li_44_inv_plant_3|li_44_inv_plant_days,碳酸锂：回收料：厂内库存：中国（月）||碳酸锂：回收料：厂内库存：中国（月）||碳酸锂：回收料：厂内库存：中国（月）||碳酸锂：回收料：厂内库存：中国（月）,碳酸锂：回收料：厂内库存：中国（月）,LI,厂内库存|库存,碳酸锂|锂,canonical,canonical_conflict,0.55,manual_review,P0_manual,INDICATORS_V1_NAME,1,4,0,A-03733
106,碳酸锂:工业级:Li2CO3≥99.2%:升贴水:中国:盐湖工业股份:蓝科(日,2,li_22_premium_carbonate_industrial|li_22_premium_ratio_carbonate_2,li_22_premium_carbonate_industrial|li_22_premium_ratio_carbonate_2,碳酸锂：工业级：Li2CO3≥99.2%：升贴水：中国：盐湖工业股份：蓝科（日）||碳酸锂：工业级：Li2CO3≥99.2%：升贴水：中国：盐湖工业股份：蓝科（日）,碳酸锂：工业级：Li2CO3≥99.2%：升贴水：中国：盐湖工业股份：蓝科（日）,LI,升贴水|贴水,碳酸锂|锂,mixed_script,canonical_conflict,0.55,manual_review,P0_manual,INDICATORS_V1_NAME,1,2,0,A-03735
107,碳酸锂:库存:中国(月,7,li_41_inv_carbonate_battery|li_41_inv_carbonate_industrial|li_41_inv_implicit|li_43_inv_days|li_44_inv_carbonate|li_44_inv_carbonate_battery|li_44_inv_carbonate_industrial,li_41_inv_carbonate_battery|li_41_inv_carbonate_industrial|li_41_inv_implicit|li_43_inv_days|li_44_inv_carbonate|li_44_inv_carbonate_battery|li_44_inv_carbonate_industrial,碳酸锂：库存：中国（月）||碳酸锂：库存：中国（月）||碳酸锂：库存：中国（月）||碳酸锂：库存：中国（月）||碳酸锂：库存：中国（月）||碳酸锂：库存：中国（月）||碳酸锂：库存：中国（月）,碳酸锂：库存：中国（月）,LI,库存,碳酸锂|锂,canonical,canonical_conflict,0.55,manual_review,P0_manual,INDICATORS_V1_NAME,1,7,0,A-03736
108,碳酸锂:电池级:升贴水:中国(日,5,li_21_premium|li_22_premium|li_22_premium_2|li_22_premium_carbonate_battery|li_22_premium_ratio_carbonate,li_21_premium|li_22_premium|li_22_premium_2|li_22_premium_carbonate_battery|li_22_premium_ratio_carbonate,碳酸锂：电池级：升贴水：中国（日）||碳酸锂：电池级：升贴水：中国（日）||碳酸锂：电池级：升贴水：中国（日）||碳酸锂：电池级：升贴水：中国（日）||碳酸锂：电池级：升贴水：中国（日）,碳酸锂：电池级：升贴水：中国（日）,LI,升贴水|贴水,碳酸锂|锂,canonical,canonical_conflict,0.55,manual_review,P0_manual,INDICATORS_V1_NAME,1,5,0,A-03737
109,碳酸锂:碳化法:生产利润(日,2,li_25_profit_3|li_25_profit_4,li_25_profit_3|li_25_profit_4,碳酸锂：碳化法：生产利润（日）||碳酸锂：碳化法：生产利润（日）,碳酸锂：碳化法：生产利润（日）,LI,利润,碳酸锂|锂,canonical,canonical_conflict,0.55,manual_review,P0_manual,INDICATORS_V1_NAME,1,2,0,A-03738
110,碳酸锂期货月差,2,li_24_lc_spread|li_24_spread_futures,li_24_lc_spread|li_24_spread_futures,碳酸锂期货月差||碳酸锂期货月差,碳酸锂期货月差,LI,月差,碳酸锂|锂,canonical,canonical_conflict,0.55,manual_review,P0_manual,INDICATORS_V1_NAME,1,2,0,A-03782
111,磷酸铁锂产量,2,li_52_lfp_output|li_52_output,li_52_lfp_output|li_52_output,磷酸铁锂产量||磷酸铁锂产量,磷酸铁锂产量,LI,产量,磷酸铁锂|锂,canonical,canonical_conflict,0.55,manual_review,P0_manual,INDICATORS_V1_NAME,1,2,0,A-03811
112,空头前20持仓量,3,li_26_openinterest_top20_short|li_26_openinterest_top20_short_2|li_26_top20_openinterest,li_26_openinterest_top20_short|li_26_openinterest_top20_short_2|li_26_top20_openinterest,空头前20持仓量||空头前20持仓量||空头前20持仓量,空头前20持仓量,LI,持仓量|持仓,无,unit_variant,canonical_conflict,0.55,manual_review,P0_manual,INDICATORS_V1_NAME|THS_MATCHED|THS_SERIES,2,26,2,A-03832
113,精炼锌:进口数量:哈萨克斯坦→中国(月,2,zn_323_import_recycle|zn_323_import_recycle_2,zn_323_import_recycle|zn_323_import_recycle_2,精炼锌：进口数量：哈萨克斯坦→中国（月）||精炼锌：进口数量：哈萨克斯坦→中国（月）,精炼锌：进口数量：哈萨克斯坦→中国（月）,ZN,未识别,锌,canonical,canonical_conflict,0.55,manual_review,P0_manual,INDICATORS_V1_NAME,1,2,0,A-03839
114,精炼锌:进口数量:秘鲁→中国(月,2,zn_314_import_5|zn_314_import_6,zn_314_import_5|zn_314_import_6,精炼锌：进口数量：秘鲁→中国（月）||精炼锌：进口数量：秘鲁→中国（月）,精炼锌：进口数量：秘鲁→中国（月）,ZN,未识别,锌,canonical,canonical_conflict,0.55,manual_review,P0_manual,INDICATORS_V1_NAME,1,2,0,A-03840
115,精炼锡:产量:印尼:天马(季,11,sn_311_output|sn_321_output|sn_323_output_recycle|sn_323_output_recycle_3|sn_323_output_recycle_4|sn_51_output|sn_52_output|sn_52_output_2|sn_52_output_3|sn_52_output_4|sn_52_output_5,sn_311_output|sn_321_output|sn_323_output_recycle|sn_323_output_recycle_3|sn_323_output_recycle_4|sn_51_output|sn_52_output|sn_52_output_2|sn_52_output_3|sn_52_output_4|sn_52_output_5,精炼锡：产量：印尼：天马（季）||精炼锡：产量：印尼：天马（季）||精炼锡：产量：印尼：天马（季）||精炼锡：产量：印尼：天马（季）||精炼锡：产量：印尼：天马（季）||精炼锡：产量：印尼：天马（季）||精炼锡：产量：印尼：天马（季）||精炼锡：产量：印尼：天马（季）||精炼锡：产量：印尼：天马（季）||精炼锡：产量：印尼：天马（季）||精炼锡：产量：印尼：天马（季）,精炼锡：产量：印尼：天马（季）,SN,产量,精炼锡|锡,canonical,canonical_conflict,0.55,manual_review,P0_manual,INDICATORS_V1_NAME,1,11,0,A-03841
116,精炼锡:出口数量:马来西亚(月,8,sn_62_export|sn_63_export|sn_63_export_2|sn_63_export_3|sn_63_export_4|sn_63_export_5|sn_63_export_ratio|sn_63_export_ratio_2,sn_62_export|sn_63_export|sn_63_export_2|sn_63_export_3|sn_63_export_4|sn_63_export_5|sn_63_export_ratio|sn_63_export_ratio_2,精炼锡：出口数量：马来西亚（月）||精炼锡：出口数量：马来西亚（月）||精炼锡：出口数量：马来西亚（月）||精炼锡：出口数量：马来西亚（月）||精炼锡：出口数量：马来西亚（月）||精炼锡：出口数量：马来西亚（月）||精炼锡：出口数量：马来西亚（月）||精炼锡：出口数量：马来西亚（月）,精炼锡：出口数量：马来西亚（月）,SN,未识别,精炼锡|锡,canonical,canonical_conflict,0.55,manual_review,P0_manual,INDICATORS_V1_NAME,1,8,0,A-03842
117,精炼锡:成本(日,4,sn_71_cost|sn_71_cost_2|sn_71_cost_3|sn_71_cost_percentile,sn_71_cost|sn_71_cost_2|sn_71_cost_3|sn_71_cost_percentile,精炼锡：成本（日）||精炼锡：成本（日）||精炼锡：成本（日）||精炼锡：成本（日）,精炼锡：成本（日）,SN,成本,精炼锡|锡,cross_report_synonym,canonical_conflict,0.55,manual_review,P0_manual,INDICATORS_V1_NAME|THS_MATCHED,1,6,0,A-03843
118,精炼锡:进口数量:澳大利亚(季,12,sn_314_import|sn_314_import_2|sn_314_import_3|sn_314_import_4|sn_314_import_5|sn_321_import|sn_323_import_recycle|sn_61_import_recycle|sn_61_import_recycle_2|sn_61_import_recycle_3|sn_62_import|sn_62_import_2,sn_314_import|sn_314_import_2|sn_314_import_3|sn_314_import_4|sn_314_import_5|sn_321_import|sn_323_import_recycle|sn_61_import_recycle|sn_61_import_recycle_2|sn_61_import_recycle_3|sn_62_import|sn_62_import_2,精炼锡：进口数量：澳大利亚（季）||精炼锡：进口数量：澳大利亚（季）||精炼锡：进口数量：澳大利亚（季）||精炼锡：进口数量：澳大利亚（季）||精炼锡：进口数量：澳大利亚（季）||精炼锡：进口数量：澳大利亚（季）||精炼锡：进口数量：澳大利亚（季）||精炼锡：进口数量：澳大利亚（季）||精炼锡：进口数量：澳大利亚（季）||精炼锡：进口数量：澳大利亚（季）||精炼锡：进口数量：澳大利亚（季）||精炼锡：进口数量：澳大利亚（季）,精炼锡：进口数量：澳大利亚（季）,SN,未识别,精炼锡|锡,canonical,canonical_conflict,0.55,manual_review,P0_manual,INDICATORS_V1_NAME,1,12,0,A-03844
119,精炼镍:产量:中国(月,5,ni_311_output_3|ni_313_output|ni_323_output_recycle|ni_52_output|ni_52_output_2,ni_311_output_3|ni_313_output|ni_323_output_recycle|ni_52_output|ni_52_output_2,精炼镍：产量：中国（月）||精炼镍：产量：中国（月）||精炼镍：产量：中国（月）||精炼镍：产量：中国（月）||精炼镍：产量：中国（月）,精炼镍：产量：中国（月）,NI,产量,精炼镍|镍,cross_report_synonym,canonical_conflict,0.55,manual_review,P0_manual,INDICATORS_V1_NAME|THS_MATCHED,1,6,6,A-03854
120,精炼镍:产量:华南地区(月,4,ni_321_output|ni_321_output_2|ni_321_output_3|ni_321_output_4,ni_321_output|ni_321_output_2|ni_321_output_3|ni_321_output_4,精炼镍：产量：华南地区（月）||精炼镍：产量：华南地区（月）||精炼镍：产量：华南地区（月）||精炼镍：产量：华南地区（月）,精炼镍：产量：华南地区（月）,NI,产量,精炼镍|镍,canonical,canonical_conflict,0.55,manual_review,P0_manual,INDICATORS_V1_NAME,1,4,0,A-03855
121,精炼镍:产量:印尼(月,4,ni_311_output|ni_311_output_2|ni_312_output_2|ni_312_output_3,ni_311_output|ni_311_output_2|ni_312_output_2|ni_312_output_3,精炼镍：产量：印尼（月）||精炼镍：产量：印尼（月）||精炼镍：产量：印尼（月）||精炼镍：产量：印尼（月）,精炼镍：产量：印尼（月）,NI,产量,精炼镍|镍,canonical,canonical_conflict,0.55,manual_review,P0_manual,INDICATORS_V1_NAME,1,4,0,A-03856
122,精炼镍:库存:中国:27家样本仓库(周,16,ni_43_inv|ni_43_inv_4|ni_43_inv_implicit|ni_44_inv_2|ni_44_inv_3|ni_44_inv_4|ni_44_inv_5|ni_44_inv_6|ni_44_inv_days|ni_44_inv_percentile|ni_45_inv|ni_45_inv_implicit|ni_45_inv_implicit_2|ni_45_inv_implicit_3|ni_45_inv_implicit_percentile|ni_45_inv_implicit_ratio,ni_43_inv|ni_43_inv_4|ni_43_inv_implicit|ni_44_inv_2|ni_44_inv_3|ni_44_inv_4|ni_44_inv_5|ni_44_inv_6|ni_44_inv_days|ni_44_inv_percentile|ni_45_inv|ni_45_inv_implicit|ni_45_inv_implicit_2|ni_45_inv_implicit_3|ni_45_inv_implicit_percentile|ni_45_inv_implicit_ratio,精炼镍：库存：中国：27家样本仓库（周）||精炼镍：库存：中国：27家样本仓库（周）||精炼镍：库存：中国：27家样本仓库（周）||精炼镍：库存：中国：27家样本仓库（周）||精炼镍：库存：中国：27家样本仓库（周）||精炼镍：库存：中国：27家样本仓库（周）||精炼镍：库存：中国：27家样本仓库（周）||精炼镍：库存：中国：27家样本仓库（周）||精炼镍：库存：中国：27家样本仓库（周）||精炼镍：库存：中国：27家样本仓库（周）||精炼镍：库存：中国：27家样本仓库（周）||精炼镍：库存：中国：27家样本仓库（周）||精炼镍：库存：中国：27家样本仓库（周）||精炼镍：库存：中国：27家样本仓库（周）||精炼镍：库存：中国：27家样本仓库（周）||精炼镍：库存：中国：27家样本仓库（周）,精炼镍：库存：中国：27家样本仓库（周）,NI,库存,精炼镍|镍,cross_report_synonym,canonical_conflict,0.55,manual_review,P0_manual,INDICATORS_V1_NAME|THS_MATCHED,1,20,0,A-03858
123,精炼镍:开工率:中国(月,4,ni_51_util|ni_51_util_battery|ni_51_util_cons|ni_53_util,ni_51_util|ni_51_util_battery|ni_51_util_cons|ni_53_util,精炼镍：开工率：中国（月）||精炼镍：开工率：中国（月）||精炼镍：开工率：中国（月）||精炼镍：开工率：中国（月）,精炼镍：开工率：中国（月）,NI,开工率|开工,精炼镍|镍,canonical,canonical_conflict,0.55,manual_review,P0_manual,INDICATORS_V1_NAME,1,4,2,A-03859
124,精炼镍:开工率:印尼(月,2,ni_322_util_2|ni_322_util_3,ni_322_util_2|ni_322_util_3,精炼镍：开工率：印尼（月）||精炼镍：开工率：印尼（月）,精炼镍：开工率：印尼（月）,NI,开工率|开工,精炼镍|镍,cross_report_synonym,canonical_conflict,0.55,manual_review,P0_manual,INDICATORS_V1_NAME|THS_MATCHED,1,4,0,A-03860
125,精炼镍:生产利润:中国:外采:硫酸镍加工工艺(日,2,ni_324_profit_h2so4|ni_72_profit_2,ni_324_profit_h2so4|ni_72_profit_2,精炼镍：生产利润：中国：外采：硫酸镍加工工艺（日）||精炼镍：生产利润：中国：外采：硫酸镍加工工艺（日）,精炼镍：生产利润：中国：外采：硫酸镍加工工艺（日）,ENTITY|NI,利润,硫酸镍|精炼镍|硫酸|镍,canonical,canonical_conflict,0.55,manual_review,P0_manual,INDICATORS_V1_NAME,1,2,0,A-03862
126,精炼镍:生产利润:中国:红土镍矿:高冰镍加工工艺(日,2,ni_324_profit|ni_72_profit_nickel_powder,ni_324_profit|ni_72_profit_nickel_powder,精炼镍：生产利润：中国：红土镍矿：高冰镍加工工艺（日）||精炼镍：生产利润：中国：红土镍矿：高冰镍加工工艺（日）,精炼镍：生产利润：中国：红土镍矿：高冰镍加工工艺（日）,NI,利润,高冰镍|精炼镍|镍矿|冰镍|镍,canonical,canonical_conflict,0.55,manual_review,P0_manual,INDICATORS_V1_NAME,1,2,0,A-03863
127,精炼镍:生产成本:中国:外采:高冰镍加工工艺(日,6,ni_71_cost|ni_71_cost_3|ni_71_cost_4|ni_71_cost_nickel_powder|ni_73_cost_3|ni_73_cost_4,ni_71_cost|ni_71_cost_3|ni_71_cost_4|ni_71_cost_nickel_powder|ni_73_cost_3|ni_73_cost_4,精炼镍：生产成本：中国：外采：高冰镍加工工艺（日）||精炼镍：生产成本：中国：外采：高冰镍加工工艺（日）||精炼镍：生产成本：中国：外采：高冰镍加工工艺（日）||精炼镍：生产成本：中国：外采：高冰镍加工工艺（日）||精炼镍：生产成本：中国：外采：高冰镍加工工艺（日）||精炼镍：生产成本：中国：外采：高冰镍加工工艺（日）,精炼镍：生产成本：中国：外采：高冰镍加工工艺（日）,NI,生产成本|成本,精炼镍|高冰镍|冰镍|镍,cross_report_synonym,canonical_conflict,0.55,manual_review,P0_manual,INDICATORS_V1_NAME|THS_MATCHED,1,8,0,A-03864
128,精炼镍:生产成本:中国:红土镍矿:氢氧化镍加工工艺(日,2,ni_324_cost_2|ni_73_cost_2,ni_324_cost_2|ni_73_cost_2,精炼镍：生产成本：中国：红土镍矿：氢氧化镍加工工艺（日）||精炼镍：生产成本：中国：红土镍矿：氢氧化镍加工工艺（日）,精炼镍：生产成本：中国：红土镍矿：氢氧化镍加工工艺（日）,NI,生产成本|成本,精炼镍|镍矿|镍,canonical,canonical_conflict,0.55,manual_review,P0_manual,INDICATORS_V1_NAME,1,2,0,A-03865
129,精炼镍:生产成本:中国:红土镍矿:高冰镍加工工艺(日,3,ni_71_cost_2|ni_71_cost_5|ni_71_cost_percentile,ni_71_cost_2|ni_71_cost_5|ni_71_cost_percentile,精炼镍：生产成本：中国：红土镍矿：高冰镍加工工艺（日）||精炼镍：生产成本：中国：红土镍矿：高冰镍加工工艺（日）||精炼镍：生产成本：中国：红土镍矿：高冰镍加工工艺（日）,精炼镍：生产成本：中国：红土镍矿：高冰镍加工工艺（日）,NI,生产成本|成本,高冰镍|精炼镍|镍矿|冰镍|镍,canonical,canonical_conflict,0.55,manual_review,P0_manual,INDICATORS_V1_NAME,1,3,0,A-03866
130,远期现货价,4,li_73_spot|li_73_spot_fwd|li_73_spot_fwd_2|li_73_spot_fwd_3,li_73_spot|li_73_spot_fwd|li_73_spot_fwd_2|li_73_spot_fwd_3,远期现货价||远期现货价||远期现货价||远期现货价,远期现货价,NI,未识别,无,cross_report_synonym,canonical_conflict,0.55,manual_review,P0_manual,INDICATORS_V1_NAME|THS_MATCHED,1,5,0,A-04148
131,重点钢铁企业:产品营销:镀锌板(带):出口量占产量累计值(月,2,zn_62_export|zn_62_export_2,zn_62_export|zn_62_export_2,重点钢铁企业：产品营销：镀锌板（带）：出口量占产量累计值（月）||重点钢铁企业：产品营销：镀锌板（带）：出口量占产量累计值（月）,重点钢铁企业：产品营销：镀锌板（带）：出口量占产量累计值（月）,ENTITY|ZN,出口量|产量,钢铁企业|锌,canonical,canonical_conflict,0.55,manual_review,P0_manual,INDICATORS_V1_NAME,1,2,0,A-04149
132,铜精矿:港口库存:中国(周,2,cu_42_inv_conc|cu_64_cu_conc_port_inv,cu_42_inv_conc|cu_64_cu_conc_port_inv,铜精矿：港口库存：中国（周）||铜精矿：港口库存：中国（周）,铜精矿：港口库存：中国（周）,CU,库存,铜精矿|铜,canonical,canonical_conflict,0.55,manual_review,P0_manual,INDICATORS_V1_NAME,1,2,3,A-04206
133,铝土矿:进口:港口库存:中国(周,2,al_314_bauxite_port_inv|al_62_import,al_314_bauxite_port_inv|al_62_import,铝土矿：进口：港口库存：中国（周）||铝土矿：进口：港口库存：中国（周）,铝土矿：进口：港口库存：中国（周）,AL|AO,库存,铝土矿|铝土|铝,canonical,canonical_conflict,0.55,manual_review,P0_manual,INDICATORS_V1_NAME,1,2,2,A-04231
134,铝棒:6063:Φ120:加工费:佛山(日,2,al_315_tc_tc|al_315_tc_tc_percentile,al_315_tc_tc|al_315_tc_tc_percentile,铝棒：6063：Φ120：加工费：佛山（日）||铝棒：6063：Φ120：加工费：佛山（日）,铝棒：6063：Φ120：加工费：佛山（日）,AL,加工费,铝棒|铝,numeric_code,canonical_conflict,0.55,manual_review,P0_manual,INDICATORS_V1_NAME,1,2,0,A-04273
135,铝棒:6063:Φ120:加工费:无锡(日,2,sn_313_tc_tc|sn_313_tc_tc_2,sn_313_tc_tc|sn_313_tc_tc_2,铝棒：6063：Φ120：加工费：无锡（日）||铝棒：6063：Φ120：加工费：无锡（日）,铝棒：6063：Φ120：加工费：无锡（日）,AL|SN,加工费,铝棒|铝|锡,numeric_code,canonical_conflict,0.55,manual_review,P0_manual,INDICATORS_V1_NAME,1,2,0,A-04274
136,锂云母价格,3,li_71_lepid_price|li_71_lepid_price_2|li_71_price,li_71_lepid_price|li_71_lepid_price_2|li_71_price,锂云母价格||锂云母价格||锂云母价格,锂云母价格,LI,价格,锂云母|锂,cross_report_synonym,canonical_conflict,0.55,manual_review,P0_manual,INDICATORS_V1_NAME|THS_MATCHED,1,4,0,A-04292
137,锂精矿进口分国别,4,li_32_by_country_import_conc|li_61_by_country_import_conc|li_61_by_country_import_conc_2|li_61_by_country_import_conc_3,li_32_by_country_import_conc|li_61_by_country_import_conc|li_61_by_country_import_conc_2|li_61_by_country_import_conc_3,锂精矿进口分国别||锂精矿进口分国别||锂精矿进口分国别||锂精矿进口分国别,锂精矿进口分国别,LI,未识别,锂精矿|锂,cross_report_synonym,canonical_conflict,0.55,manual_review,P0_manual,INDICATORS_V1_NAME|THS_MATCHED,1,14,0,A-04315
138,锂辉石精矿价格,2,li_71_conc_price|li_71_spod_price_conc,li_71_conc_price|li_71_spod_price_conc,锂辉石精矿价格||锂辉石精矿价格,锂辉石精矿价格,LI,价格,锂辉石|锂,cross_report_synonym,canonical_conflict,0.55,manual_review,P0_manual,INDICATORS_V1_NAME|THS_MATCHED,1,4,0,A-04334
139,锌合金:产量:中国(月,2,zn_323_output|zn_63_output,zn_323_output|zn_63_output,锌合金：产量：中国（月）||锌合金：产量：中国（月）,锌合金：产量：中国（月）,ZN,产量,锌,cross_report_synonym,canonical_conflict,0.55,manual_review,P0_manual,INDICATORS_V1_NAME|THS_MATCHED,1,3,2,A-04345
140,锌矿砂及其精矿:进口数量:陕西(月,3,zn_311_import|zn_311_import_2|zn_314_import_2,zn_311_import|zn_311_import_2|zn_314_import_2,锌矿砂及其精矿：进口数量：陕西（月）||锌矿砂及其精矿：进口数量：陕西（月）||锌矿砂及其精矿：进口数量：陕西（月）,锌矿砂及其精矿：进口数量：陕西（月）,ZN,未识别,锌矿|锌,canonical,canonical_conflict,0.55,manual_review,P0_manual,INDICATORS_V1_NAME,1,3,0,A-04358
141,锌粉及片状粉末:进口数量:辽宁(月,5,zn_321_import|zn_321_import_2|zn_62_import|zn_62_import_2|zn_62_import_3,zn_321_import|zn_321_import_2|zn_62_import|zn_62_import_2|zn_62_import_3,锌粉及片状粉末：进口数量：辽宁（月）||锌粉及片状粉末：进口数量：辽宁（月）||锌粉及片状粉末：进口数量：辽宁（月）||锌粉及片状粉末：进口数量：辽宁（月）||锌粉及片状粉末：进口数量：辽宁（月）,锌粉及片状粉末：进口数量：辽宁（月）,ZN,未识别,锌,canonical,canonical_conflict,0.55,manual_review,P0_manual,INDICATORS_V1_NAME,1,5,0,A-04362
142,锌精矿:48%Zn:远期现货TC价:中国(日,4,zn_25_tc_conc_2|zn_315_tc|zn_315_tc_2|zn_315_tc_percentile,zn_25_tc_conc_2|zn_315_tc|zn_315_tc_2|zn_315_tc_percentile,锌精矿：48%Zn：远期现货TC价：中国（日）||锌精矿：48%Zn：远期现货TC价：中国（日）||锌精矿：48%Zn：远期现货TC价：中国（日）||锌精矿：48%Zn：远期现货TC价：中国（日）,锌精矿：48%Zn：远期现货TC价：中国（日）,ZN,TC,锌精矿|锌,mixed_script,canonical_conflict,0.55,manual_review,P0_manual,INDICATORS_V1_NAME,1,4,0,A-04364
143,锌精矿:产量:中国(月,4,zn_311_output_3|zn_311_output_4|zn_313_output|zn_313_output_2,zn_311_output_3|zn_311_output_4|zn_313_output|zn_313_output_2,锌精矿：产量：中国（月）||锌精矿：产量：中国（月）||锌精矿：产量：中国（月）||锌精矿：产量：中国（月）,锌精矿：产量：中国（月）,ZN,产量,锌精矿|锌,canonical,canonical_conflict,0.55,manual_review,P0_manual,INDICATORS_V1_NAME,1,4,6,A-04367
144,锌锭:0#:Zn≥99.995%:升贴水:广东(日,4,zn_21_premium|zn_22_premium_2|zn_22_premium_4|zn_43_premium,zn_21_premium|zn_22_premium_2|zn_22_premium_4|zn_43_premium,锌锭：0#：Zn≥99.995%：升贴水：广东（日）||锌锭：0#：Zn≥99.995%：升贴水：广东（日）||锌锭：0#：Zn≥99.995%：升贴水：广东（日）||锌锭：0#：Zn≥99.995%：升贴水：广东（日）,锌锭：0#：Zn≥99.995%：升贴水：广东（日）,ZN,升贴水|贴水,锌锭|锌,mixed_script,canonical_conflict,0.55,manual_review,P0_manual,INDICATORS_V1_NAME,1,4,1,A-04392
145,锌锭:升贴水:广东(日,2,zn_22_premium_5|zn_22_premium_6,zn_22_premium_5|zn_22_premium_6,锌锭：升贴水：广东（日）||锌锭：升贴水：广东（日）,锌锭：升贴水：广东（日）,ZN,升贴水|贴水,锌锭|锌,canonical,canonical_conflict,0.55,manual_review,P0_manual,INDICATORS_V1_NAME,1,2,0,A-04393
146,锌锭:进口:理论成本(日,2,zn_71_cost|zn_71_cost_2,zn_71_cost|zn_71_cost_2,锌锭：进口：理论成本（日）||锌锭：进口：理论成本（日）,锌锭：进口：理论成本（日）,ZN,成本,锌锭|锌,canonical,canonical_conflict,0.55,manual_review,P0_manual,INDICATORS_V1_NAME,1,2,0,A-04396
147,锌锭:进口盈亏:含税(日,3,zn_21_import|zn_314_import|zn_323_import_recycle_3,zn_21_import|zn_314_import|zn_323_import_recycle_3,锌锭：进口盈亏：含税（日）||锌锭：进口盈亏：含税（日）||锌锭：进口盈亏：含税（日）,锌锭：进口盈亏：含税（日）,ZN,盈亏,锌锭|锌,canonical,canonical_conflict,0.55,manual_review,P0_manual,INDICATORS_V1_NAME,1,3,2,A-04397
148,锡:加工企业:开工率:中国(月,2,sn_321_util|sn_321_util_2,sn_321_util|sn_321_util_2,锡：加工企业：开工率：中国（月）||锡：加工企业：开工率：中国（月）,锡：加工企业：开工率：中国（月）,SN,开工率|开工,锡,canonical,canonical_conflict,0.55,manual_review,P0_manual,INDICATORS_V1_NAME,1,2,3,A-04403
149,锡矿:产量:刚果:阿尔法明(季,2,sn_311_output_tin_ore_2|sn_313_output_tin_ore,sn_311_output_tin_ore_2|sn_313_output_tin_ore,锡矿：产量：刚果：阿尔法明（季）||锡矿：产量：刚果：阿尔法明（季）,锡矿：产量：刚果：阿尔法明（季）,SN,产量,锡矿|锡,canonical,canonical_conflict,0.55,manual_review,P0_manual,INDICATORS_V1_NAME,1,2,0,A-04421
150,锡矿砂及其精矿:进口数量:缅甸→中国(月,2,sn_314_import_tin_ore|sn_314_import_tin_ore_5,sn_314_import_tin_ore|sn_314_import_tin_ore_5,锡矿砂及其精矿：进口数量：缅甸→中国（月）||锡矿砂及其精矿：进口数量：缅甸→中国（月）,锡矿砂及其精矿：进口数量：缅甸→中国（月）,SN,未识别,锡矿|锡,canonical,canonical_conflict,0.55,manual_review,P0_manual,INDICATORS_V1_NAME,1,2,0,A-04432
151,锡精矿:1#:40%Sn:汇总价格:云南(日,3,sn_25_price|sn_73_price|sn_73_price_2,sn_25_price|sn_73_price|sn_73_price_2,锡精矿：1#：40%Sn：汇总价格：云南（日）||锡精矿：1#：40%Sn：汇总价格：云南（日）||锡精矿：1#：40%Sn：汇总价格：云南（日）,锡精矿：1#：40%Sn：汇总价格：云南（日）,SN,价格,锡精矿|锡,mixed_script,canonical_conflict,0.55,manual_review,P0_manual,INDICATORS_V1_NAME,1,3,0,A-04434
152,锡精矿:40%Sn:加工费:云南(日,5,sn_71_tc|sn_71_tc_2|sn_71_tc_3|sn_72_tc|sn_72_tc_2,sn_71_tc|sn_71_tc_2|sn_71_tc_3|sn_72_tc|sn_72_tc_2,锡精矿：40%Sn：加工费：云南（日）||锡精矿：40%Sn：加工费：云南（日）||锡精矿：40%Sn：加工费：云南（日）||锡精矿：40%Sn：加工费：云南（日）||锡精矿：40%Sn：加工费：云南（日）,锡精矿：40%Sn：加工费：云南（日）,SN,加工费,锡精矿|锡,mixed_script,canonical_conflict,0.55,manual_review,P0_manual,INDICATORS_V1_NAME,1,5,0,A-04435
153,锡精矿:产量:中国(月,9,sn_311_output_2|sn_311_output_3|sn_312_output_2|sn_312_output_4|sn_312_output_5|sn_312_output_6|sn_312_output_ratio|sn_312_output_ratio_2|sn_312_output_ratio_3,sn_311_output_2|sn_311_output_3|sn_312_output_2|sn_312_output_4|sn_312_output_5|sn_312_output_6|sn_312_output_ratio|sn_312_output_ratio_2|sn_312_output_ratio_3,锡精矿：产量：中国（月）||锡精矿：产量：中国（月）||锡精矿：产量：中国（月）||锡精矿：产量：中国（月）||锡精矿：产量：中国（月）||锡精矿：产量：中国（月）||锡精矿：产量：中国（月）||锡精矿：产量：中国（月）||锡精矿：产量：中国（月）,锡精矿：产量：中国（月）,SN,产量,锡精矿|锡,canonical,canonical_conflict,0.55,manual_review,P0_manual,INDICATORS_V1_NAME,1,9,6,A-04436
154,锡精矿:进口数量:缅甸→中国(月,4,sn_61_import|sn_61_import_2|sn_61_import_3|sn_61_import_4,sn_61_import|sn_61_import_2|sn_61_import_3|sn_61_import_4,锡精矿：进口数量：缅甸→中国（月）||锡精矿：进口数量：缅甸→中国（月）||锡精矿：进口数量：缅甸→中国（月）||锡精矿：进口数量：缅甸→中国（月）,锡精矿：进口数量：缅甸→中国（月）,SN,未识别,锡精矿|锡,canonical,canonical_conflict,0.55,manual_review,P0_manual,INDICATORS_V1_NAME,1,4,0,A-04437
155,锡锭:升贴水:中国:云锡(日,2,sn_22_premium_3|sn_22_premium_4,sn_22_premium_3|sn_22_premium_4,锡锭：升贴水：中国：云锡（日）||锡锭：升贴水：中国：云锡（日）,锡锭：升贴水：中国：云锡（日）,SN,升贴水|贴水,锡锭|锡,canonical,canonical_conflict,0.55,manual_review,P0_manual,INDICATORS_V1_NAME,1,2,0,A-04445
156,锡锭:升贴水:中国:小牌(日,2,sn_22_premium|sn_22_premium_2,sn_22_premium|sn_22_premium_2,锡锭：升贴水：中国：小牌（日）||锡锭：升贴水：中国：小牌（日）,锡锭：升贴水：中国：小牌（日）,SN,升贴水|贴水,锡锭|锡,canonical,canonical_conflict,0.55,manual_review,P0_manual,INDICATORS_V1_NAME,1,2,0,A-04446
157,锡锭:现货:进口盈亏(日,2,sn_22_import|sn_23_import,sn_22_import|sn_23_import,锡锭：现货：进口盈亏（日）||锡锭：现货：进口盈亏（日）,锡锭：现货：进口盈亏（日）,SN,盈亏,锡锭|锡,cross_report_synonym,canonical_conflict,0.55,manual_review,P0_manual,INDICATORS_V1_NAME|THS_MATCHED,1,10,2,A-04449
158,镀锌板卷:库存:中国(周,6,zn_41_inv|zn_41_inv_2|zn_42_inv_implicit|zn_43_inv|zn_43_inv_2|zn_44_inv,zn_41_inv|zn_41_inv_2|zn_42_inv_implicit|zn_43_inv|zn_43_inv_2|zn_44_inv,镀锌板卷：库存：中国（周）||镀锌板卷：库存：中国（周）||镀锌板卷：库存：中国（周）||镀锌板卷：库存：中国（周）||镀锌板卷：库存：中国（周）||镀锌板卷：库存：中国（周）,镀锌板卷：库存：中国（周）,ENTITY|ZN,库存,镀锌板卷|锌,canonical,canonical_conflict,0.55,manual_review,P0_manual,INDICATORS_V1_NAME,1,6,0,A-04463
159,镍生铁:进口数量:中国:以金属量计(月,5,ni_313_import|ni_314_import_2|ni_323_import_nickel_powder|ni_61_import|ni_61_import_nickel_ore_4,ni_313_import|ni_314_import_2|ni_323_import_nickel_powder|ni_61_import|ni_61_import_nickel_ore_4,镍生铁：进口数量：中国：以金属量计（月）||镍生铁：进口数量：中国：以金属量计（月）||镍生铁：进口数量：中国：以金属量计（月）||镍生铁：进口数量：中国：以金属量计（月）||镍生铁：进口数量：中国：以金属量计（月）,镍生铁：进口数量：中国：以金属量计（月）,NI,未识别,镍生铁|镍,canonical,canonical_conflict,0.55,manual_review,P0_manual,INDICATORS_V1_NAME,1,5,0,A-04515
160,镍生铁企业:产能:以金属量计:印尼(月,2,ni_312_nickel_ore_capacity|ni_312_nickel_ore_capacity_2,ni_312_nickel_ore_capacity|ni_312_nickel_ore_capacity_2,镍生铁企业：产能：以金属量计：印尼（月）||镍生铁企业：产能：以金属量计：印尼（月）,镍生铁企业：产能：以金属量计：印尼（月）,NI,产能,镍生铁|镍,canonical,canonical_conflict,0.55,manual_review,P0_manual,INDICATORS_V1_NAME,1,2,0,A-04519
161,镍矿:进口数量:印尼→中国(月,2,ni_61_import_nickel_ore|ni_61_import_nickel_ore_3,ni_61_import_nickel_ore|ni_61_import_nickel_ore_3,镍矿：进口数量：印尼→中国（月）||镍矿：进口数量：印尼→中国（月）,镍矿：进口数量：印尼→中国（月）,NI,未识别,镍矿|镍,canonical,canonical_conflict,0.55,manual_review,P0_manual,INDICATORS_V1_NAME,1,2,0,A-04525
162,镍矿:进口数量:新喀里多尼亚→中国(月,3,ni_314_import_5|ni_61_import_nickel_ore_5|ni_62_import_2,ni_314_import_5|ni_61_import_nickel_ore_5|ni_62_import_2,镍矿：进口数量：新喀里多尼亚→中国（月）||镍矿：进口数量：新喀里多尼亚→中国（月）||镍矿：进口数量：新喀里多尼亚→中国（月）,镍矿：进口数量：新喀里多尼亚→中国（月）,NI,未识别,镍矿|镍,canonical,canonical_conflict,0.55,manual_review,P0_manual,INDICATORS_V1_NAME,1,3,0,A-04526
163,镍矿石:出口数量:菲律宾→印尼(月,2,ni_63_export_3|ni_63_export_4,ni_63_export_3|ni_63_export_4,镍矿石：出口数量：菲律宾→印尼（月）||镍矿石：出口数量：菲律宾→印尼（月）,镍矿石：出口数量：菲律宾→印尼（月）,NI,未识别,镍矿|镍,canonical,canonical_conflict,0.55,manual_review,P0_manual,INDICATORS_V1_NAME,1,2,0,A-04531
164,镍豆:进口盈亏(日,3,ni_41_import|ni_61_import_3|ni_62_import,ni_41_import|ni_61_import_3|ni_62_import,镍豆：进口盈亏（日）||镍豆：进口盈亏（日）||镍豆：进口盈亏（日）,镍豆：进口盈亏（日）,NI,盈亏,镍豆|镍,cross_report_synonym,canonical_conflict,0.55,manual_review,P0_manual,INDICATORS_V1_NAME|THS_MATCHED,1,18,2,A-04553
165,镍铁:哥伦比亚产:进口盈亏:中国(日,3,ni_61_import_2|ni_61_import_nickel_ore_2|ni_61_import_nickel_powder,ni_61_import_2|ni_61_import_nickel_ore_2|ni_61_import_nickel_powder,镍铁：哥伦比亚产：进口盈亏：中国（日）||镍铁：哥伦比亚产：进口盈亏：中国（日）||镍铁：哥伦比亚产：进口盈亏：中国（日）,镍铁：哥伦比亚产：进口盈亏：中国（日）,NI,盈亏,镍铁|镍,canonical,canonical_conflict,0.55,manual_review,P0_manual,INDICATORS_V1_NAME,1,3,0,A-04561
