template_id,source,variety,chart_type,risk_level,routed_group,series_count,series_list,rule_ids,route_reason,suggested_action
THS-AL-3.1,THS,AL,,CLEAN,pending_match,11,(全部CLEAN),,THS 模板无 zhiji_id，需后续匹配,等待DSHB匹配zhiji_id
THS-AL-3.2,THS,AL,,P1,pending_match,11,(全部CLEAN),,THS 模板无 zhiji_id，需后续匹配,等待DSHB匹配zhiji_id
THS-AL-3.3,THS,AL,,P1,pending_match,12,(全部CLEAN),,THS 模板无 zhiji_id，需后续匹配,等待DSHB匹配zhiji_id
THS-AL-4.1,THS,AL,,CLEAN,pending_match,3,(全部CLEAN),,THS 模板无 zhiji_id，需后续匹配,等待DSHB匹配zhiji_id
THS-AL-4.2,THS,AL,,P1,pending_match,9,(全部CLEAN),,THS 模板无 zhiji_id，需后续匹配,等待DSHB匹配zhiji_id
THS-AL-4.3,THS,AL,,P1,pending_match,9,(全部CLEAN),,THS 模板无 zhiji_id，需后续匹配,等待DSHB匹配zhiji_id
THS-AL-6.3,THS,AL,,CLEAN,pending_match,5,(全部CLEAN),,THS 模板无 zhiji_id，需后续匹配,等待DSHB匹配zhiji_id
THS-CU-2.3,THS,CU,,CLEAN,pending_match,14,(全部CLEAN),,THS 模板无 zhiji_id，需后续匹配,等待DSHB匹配zhiji_id
THS-CU-4.1,THS,CU,,CLEAN,pending_match,2,(全部CLEAN),,THS 模板无 zhiji_id，需后续匹配,等待DSHB匹配zhiji_id
THS-CU-4.2,THS,CU,,CLEAN,pending_match,4,(全部CLEAN),,THS 模板无 zhiji_id，需后续匹配,等待DSHB匹配zhiji_id
THS-CU-4.3,THS,CU,,CLEAN,pending_match,6,(全部CLEAN),,THS 模板无 zhiji_id，需后续匹配,等待DSHB匹配zhiji_id
THS-CU-4.4,THS,CU,,CLEAN,pending_match,7,(全部CLEAN),,THS 模板无 zhiji_id，需后续匹配,等待DSHB匹配zhiji_id
THS-CU-4.5,THS,CU,,CLEAN,pending_match,6,(全部CLEAN),,THS 模板无 zhiji_id，需后续匹配,等待DSHB匹配zhiji_id
THS-LI-2.1,THS,LI,,CLEAN,pending_match,13,(全部CLEAN),,THS 模板无 zhiji_id，需后续匹配,等待DSHB匹配zhiji_id
THS-LI-2.2,THS,LI,,CLEAN,pending_match,14,(全部CLEAN),,THS 模板无 zhiji_id，需后续匹配,等待DSHB匹配zhiji_id
THS-LI-2.4,THS,LI,,CLEAN,pending_match,10,(全部CLEAN),,THS 模板无 zhiji_id，需后续匹配,等待DSHB匹配zhiji_id
THS-LI-2.5,THS,LI,,CLEAN,pending_match,13,(全部CLEAN),,THS 模板无 zhiji_id，需后续匹配,等待DSHB匹配zhiji_id
THS-LI-2.6,THS,LI,,CLEAN,pending_match,13,(全部CLEAN),,THS 模板无 zhiji_id，需后续匹配,等待DSHB匹配zhiji_id
THS-LI-3.1.1,THS,LI,,P1,pending_match,11,(全部CLEAN),,THS 模板无 zhiji_id，需后续匹配,等待DSHB匹配zhiji_id
THS-LI-3.1.3,THS,LI,,P1,pending_match,12,(全部CLEAN),,THS 模板无 zhiji_id，需后续匹配,等待DSHB匹配zhiji_id
THS-LI-3.1.4,THS,LI,,CLEAN,pending_match,15,(全部CLEAN),,THS 模板无 zhiji_id，需后续匹配,等待DSHB匹配zhiji_id
THS-LI-3.1.5,THS,LI,,CLEAN,pending_match,11,(全部CLEAN),,THS 模板无 zhiji_id，需后续匹配,等待DSHB匹配zhiji_id
THS-LI-3.2.1,THS,LI,,P1,pending_match,13,(全部CLEAN),,THS 模板无 zhiji_id，需后续匹配,等待DSHB匹配zhiji_id
THS-LI-3.2.2,THS,LI,,P1,pending_match,14,(全部CLEAN),,THS 模板无 zhiji_id，需后续匹配,等待DSHB匹配zhiji_id
THS-LI-3.2.3,THS,LI,,P1,pending_match,12,(全部CLEAN),,THS 模板无 zhiji_id，需后续匹配,等待DSHB匹配zhiji_id
THS-LI-3.2.4,THS,LI,,CLEAN,pending_match,14,(全部CLEAN),,THS 模板无 zhiji_id，需后续匹配,等待DSHB匹配zhiji_id
THS-LI-4.1,THS,LI,,P1,pending_match,10,(全部CLEAN),,THS 模板无 zhiji_id，需后续匹配,等待DSHB匹配zhiji_id
THS-LI-4.2,THS,LI,,P1,pending_match,11,(全部CLEAN),,THS 模板无 zhiji_id，需后续匹配,等待DSHB匹配zhiji_id
THS-LI-4.3,THS,LI,,P1,pending_match,10,(全部CLEAN),,THS 模板无 zhiji_id，需后续匹配,等待DSHB匹配zhiji_id
THS-LI-4.4,THS,LI,,P1,pending_match,10,(全部CLEAN),,THS 模板无 zhiji_id，需后续匹配,等待DSHB匹配zhiji_id
THS-NI-2.1,THS,NI,,P1,pending_match,25,(全部CLEAN),,THS 模板无 zhiji_id，需后续匹配,等待DSHB匹配zhiji_id
THS-NI-2.2,THS,NI,,P1,pending_match,31,(全部CLEAN),,THS 模板无 zhiji_id，需后续匹配,等待DSHB匹配zhiji_id
THS-NI-2.3,THS,NI,,CLEAN,pending_match,31,(全部CLEAN),,THS 模板无 zhiji_id，需后续匹配,等待DSHB匹配zhiji_id
THS-NI-2.4,THS,NI,,CLEAN,pending_match,33,(全部CLEAN),,THS 模板无 zhiji_id，需后续匹配,等待DSHB匹配zhiji_id
THS-NI-2.5,THS,NI,,P1,pending_match,30,(全部CLEAN),,THS 模板无 zhiji_id，需后续匹配,等待DSHB匹配zhiji_id
THS-NI-2.6,THS,NI,,CLEAN,pending_match,23,(全部CLEAN),,THS 模板无 zhiji_id，需后续匹配,等待DSHB匹配zhiji_id
THS-NI-3.1.1,THS,NI,,P1,pending_match,22,(全部CLEAN),,THS 模板无 zhiji_id，需后续匹配,等待DSHB匹配zhiji_id
THS-NI-3.1.2,THS,NI,,CLEAN,pending_match,18,(全部CLEAN),,THS 模板无 zhiji_id，需后续匹配,等待DSHB匹配zhiji_id
THS-NI-3.1.3,THS,NI,,P1,pending_match,21,(全部CLEAN),,THS 模板无 zhiji_id，需后续匹配,等待DSHB匹配zhiji_id
THS-NI-3.1.4,THS,NI,,P1,pending_match,20,(全部CLEAN),,THS 模板无 zhiji_id，需后续匹配,等待DSHB匹配zhiji_id
THS-NI-3.1.5,THS,NI,,CLEAN,pending_match,13,(全部CLEAN),,THS 模板无 zhiji_id，需后续匹配,等待DSHB匹配zhiji_id
THS-NI-3.2,THS,NI,,P1,pending_match,43,(全部CLEAN),,THS 模板无 zhiji_id，需后续匹配,等待DSHB匹配zhiji_id
THS-NI-3.2.1,THS,NI,,CLEAN,pending_match,12,(全部CLEAN),,THS 模板无 zhiji_id，需后续匹配,等待DSHB匹配zhiji_id
THS-NI-3.2.2,THS,NI,,CLEAN,pending_match,12,(全部CLEAN),,THS 模板无 zhiji_id，需后续匹配,等待DSHB匹配zhiji_id
THS-NI-3.2.3,THS,NI,,CLEAN,pending_match,13,(全部CLEAN),,THS 模板无 zhiji_id，需后续匹配,等待DSHB匹配zhiji_id
THS-NI-3.2.4,THS,NI,,CLEAN,pending_match,12,(全部CLEAN),,THS 模板无 zhiji_id，需后续匹配,等待DSHB匹配zhiji_id
THS-NI-4.1,THS,NI,,P1,pending_match,30,(全部CLEAN),,THS 模板无 zhiji_id，需后续匹配,等待DSHB匹配zhiji_id
THS-NI-4.2,THS,NI,,P1,pending_match,30,(全部CLEAN),,THS 模板无 zhiji_id，需后续匹配,等待DSHB匹配zhiji_id
THS-NI-4.3,THS,NI,,P1,pending_match,33,(全部CLEAN),,THS 模板无 zhiji_id，需后续匹配,等待DSHB匹配zhiji_id
THS-NI-4.4,THS,NI,,CLEAN,pending_match,28,(全部CLEAN),,THS 模板无 zhiji_id，需后续匹配,等待DSHB匹配zhiji_id
THS-NI-5.3,THS,NI,,P1,pending_match,24,(全部CLEAN),,THS 模板无 zhiji_id，需后续匹配,等待DSHB匹配zhiji_id
THS-NI-6.1,THS,NI,,P1,pending_match,16,(全部CLEAN),,THS 模板无 zhiji_id，需后续匹配,等待DSHB匹配zhiji_id
THS-NI-6.3,THS,NI,,P1,pending_match,16,(全部CLEAN),,THS 模板无 zhiji_id，需后续匹配,等待DSHB匹配zhiji_id
THS-NI-6.4,THS,NI,,CLEAN,pending_match,15,(全部CLEAN),,THS 模板无 zhiji_id，需后续匹配,等待DSHB匹配zhiji_id
THS-NI-7.1,THS,NI,,P1,pending_match,26,(全部CLEAN),,THS 模板无 zhiji_id，需后续匹配,等待DSHB匹配zhiji_id
THS-NI-7.2,THS,NI,,P1,pending_match,25,(全部CLEAN),,THS 模板无 zhiji_id，需后续匹配,等待DSHB匹配zhiji_id
THS-NI-7.3,THS,NI,,P1,pending_match,27,(全部CLEAN),,THS 模板无 zhiji_id，需后续匹配,等待DSHB匹配zhiji_id
THS-SI-2.1,THS,SI,,CLEAN,pending_match,11,(全部CLEAN),,THS 模板无 zhiji_id，需后续匹配,等待DSHB匹配zhiji_id
THS-SI-2.2,THS,SI,,CLEAN,pending_match,10,(全部CLEAN),,THS 模板无 zhiji_id，需后续匹配,等待DSHB匹配zhiji_id
THS-SI-2.3,THS,SI,,CLEAN,pending_match,12,(全部CLEAN),,THS 模板无 zhiji_id，需后续匹配,等待DSHB匹配zhiji_id
THS-SI-2.4,THS,SI,,CLEAN,pending_match,9,(全部CLEAN),,THS 模板无 zhiji_id，需后续匹配,等待DSHB匹配zhiji_id
THS-SI-2.5,THS,SI,,CLEAN,pending_match,11,(全部CLEAN),,THS 模板无 zhiji_id，需后续匹配,等待DSHB匹配zhiji_id
THS-SI-2.6,THS,SI,,CLEAN,pending_match,11,(全部CLEAN),,THS 模板无 zhiji_id，需后续匹配,等待DSHB匹配zhiji_id
THS-SI-3.1.1,THS,SI,,P1,pending_match,10,(全部CLEAN),,THS 模板无 zhiji_id，需后续匹配,等待DSHB匹配zhiji_id
THS-SI-3.1.2,THS,SI,,P1,pending_match,23,(全部CLEAN),,THS 模板无 zhiji_id，需后续匹配,等待DSHB匹配zhiji_id
THS-SI-3.1.3,THS,SI,,P1,pending_match,10,(全部CLEAN),,THS 模板无 zhiji_id，需后续匹配,等待DSHB匹配zhiji_id
THS-SI-3.1.4,THS,SI,,CLEAN,pending_match,13,(全部CLEAN),,THS 模板无 zhiji_id，需后续匹配,等待DSHB匹配zhiji_id
THS-SI-3.1.5,THS,SI,,P1,pending_match,10,(全部CLEAN),,THS 模板无 zhiji_id，需后续匹配,等待DSHB匹配zhiji_id
THS-SI-3.2.1,THS,SI,,P1,pending_match,12,(全部CLEAN),,THS 模板无 zhiji_id，需后续匹配,等待DSHB匹配zhiji_id
THS-SI-3.2.2,THS,SI,,P1,pending_match,13,(全部CLEAN),,THS 模板无 zhiji_id，需后续匹配,等待DSHB匹配zhiji_id
THS-SI-3.2.3,THS,SI,,P1,pending_match,12,(全部CLEAN),,THS 模板无 zhiji_id，需后续匹配,等待DSHB匹配zhiji_id
THS-SI-3.2.4,THS,SI,,P1,pending_match,11,(全部CLEAN),,THS 模板无 zhiji_id，需后续匹配,等待DSHB匹配zhiji_id
THS-SI-4.1,THS,SI,,P1,pending_match,10,(全部CLEAN),,THS 模板无 zhiji_id，需后续匹配,等待DSHB匹配zhiji_id
THS-SI-4.2,THS,SI,,CLEAN,pending_match,11,(全部CLEAN),,THS 模板无 zhiji_id，需后续匹配,等待DSHB匹配zhiji_id
THS-SI-4.3,THS,SI,,CLEAN,pending_match,11,(全部CLEAN),,THS 模板无 zhiji_id，需后续匹配,等待DSHB匹配zhiji_id
THS-SI-4.4,THS,SI,,CLEAN,pending_match,12,(全部CLEAN),,THS 模板无 zhiji_id，需后续匹配,等待DSHB匹配zhiji_id
THS-SI-4.5,THS,SI,,CLEAN,pending_match,11,(全部CLEAN),,THS 模板无 zhiji_id，需后续匹配,等待DSHB匹配zhiji_id
THS-SI-5.3,THS,SI,,CLEAN,pending_match,10,(全部CLEAN),,THS 模板无 zhiji_id，需后续匹配,等待DSHB匹配zhiji_id
THS-SI-6.1,THS,SI,,CLEAN,pending_match,13,(全部CLEAN),,THS 模板无 zhiji_id，需后续匹配,等待DSHB匹配zhiji_id
THS-SI-6.2,THS,SI,,CLEAN,pending_match,13,(全部CLEAN),,THS 模板无 zhiji_id，需后续匹配,等待DSHB匹配zhiji_id
THS-SI-6.3,THS,SI,,CLEAN,pending_match,13,(全部CLEAN),,THS 模板无 zhiji_id，需后续匹配,等待DSHB匹配zhiji_id
THS-SI-7.1,THS,SI,,CLEAN,pending_match,13,(全部CLEAN),,THS 模板无 zhiji_id，需后续匹配,等待DSHB匹配zhiji_id
THS-SI-7.2,THS,SI,,P1,pending_match,12,(全部CLEAN),,THS 模板无 zhiji_id，需后续匹配,等待DSHB匹配zhiji_id
THS-SN-2.1,THS,SN,,P1,pending_match,18,(全部CLEAN),,THS 模板无 zhiji_id，需后续匹配,等待DSHB匹配zhiji_id
THS-SN-2.2,THS,SN,,CLEAN,pending_match,15,(全部CLEAN),,THS 模板无 zhiji_id，需后续匹配,等待DSHB匹配zhiji_id
THS-SN-2.3,THS,SN,,CLEAN,pending_match,16,(全部CLEAN),,THS 模板无 zhiji_id，需后续匹配,等待DSHB匹配zhiji_id
THS-SN-2.4,THS,SN,,CLEAN,pending_match,17,(全部CLEAN),,THS 模板无 zhiji_id，需后续匹配,等待DSHB匹配zhiji_id
THS-SN-2.5,THS,SN,,P1,pending_match,21,(全部CLEAN),,THS 模板无 zhiji_id，需后续匹配,等待DSHB匹配zhiji_id
THS-SN-2.6,THS,SN,,CLEAN,pending_match,18,(全部CLEAN),,THS 模板无 zhiji_id，需后续匹配,等待DSHB匹配zhiji_id
THS-SN-3.1.1,THS,SN,,P1,pending_match,15,(全部CLEAN),,THS 模板无 zhiji_id，需后续匹配,等待DSHB匹配zhiji_id
THS-SN-3.1.2,THS,SN,,CLEAN,pending_match,17,(全部CLEAN),,THS 模板无 zhiji_id，需后续匹配,等待DSHB匹配zhiji_id
THS-SN-3.1.3,THS,SN,,P1,pending_match,16,(全部CLEAN),,THS 模板无 zhiji_id，需后续匹配,等待DSHB匹配zhiji_id
THS-SN-3.2.2,THS,SN,,P1,pending_match,19,(全部CLEAN),,THS 模板无 zhiji_id，需后续匹配,等待DSHB匹配zhiji_id
THS-SN-3.2.3,THS,SN,,P1,pending_match,23,(全部CLEAN),,THS 模板无 zhiji_id，需后续匹配,等待DSHB匹配zhiji_id
THS-SN-3.2.4,THS,SN,,CLEAN,pending_match,18,(全部CLEAN),,THS 模板无 zhiji_id，需后续匹配,等待DSHB匹配zhiji_id
THS-SN-4.1,THS,SN,,P1,pending_match,16,(全部CLEAN),,THS 模板无 zhiji_id，需后续匹配,等待DSHB匹配zhiji_id
THS-SN-4.2,THS,SN,,CLEAN,pending_match,15,(全部CLEAN),,THS 模板无 zhiji_id，需后续匹配,等待DSHB匹配zhiji_id
THS-SN-4.3,THS,SN,,CLEAN,pending_match,20,(全部CLEAN),,THS 模板无 zhiji_id，需后续匹配,等待DSHB匹配zhiji_id
THS-SN-4.4,THS,SN,,P1,pending_match,18,(全部CLEAN),,THS 模板无 zhiji_id，需后续匹配,等待DSHB匹配zhiji_id
THS-SN-4.5,THS,SN,,P1,pending_match,18,(全部CLEAN),,THS 模板无 zhiji_id，需后续匹配,等待DSHB匹配zhiji_id
THS-SN-5.3,THS,SN,,CLEAN,pending_match,18,(全部CLEAN),,THS 模板无 zhiji_id，需后续匹配,等待DSHB匹配zhiji_id
THS-SN-6.3,THS,SN,,P1,pending_match,20,(全部CLEAN),,THS 模板无 zhiji_id，需后续匹配,等待DSHB匹配zhiji_id
THS-SN-6.4,THS,SN,,CLEAN,pending_match,19,(全部CLEAN),,THS 模板无 zhiji_id，需后续匹配,等待DSHB匹配zhiji_id
THS-SN-7.1,THS,SN,,P1,pending_match,15,(全部CLEAN),,THS 模板无 zhiji_id，需后续匹配,等待DSHB匹配zhiji_id
THS-SN-7.2,THS,SN,,P1,pending_match,16,(全部CLEAN),,THS 模板无 zhiji_id，需后续匹配,等待DSHB匹配zhiji_id
THS-SN-7.3,THS,SN,,P1,pending_match,19,(全部CLEAN),,THS 模板无 zhiji_id，需后续匹配,等待DSHB匹配zhiji_id
THS-ZN-2.1,THS,ZN,,CLEAN,pending_match,17,(全部CLEAN),,THS 模板无 zhiji_id，需后续匹配,等待DSHB匹配zhiji_id
THS-ZN-2.2,THS,ZN,,CLEAN,pending_match,17,(全部CLEAN),,THS 模板无 zhiji_id，需后续匹配,等待DSHB匹配zhiji_id
THS-ZN-2.3,THS,ZN,,CLEAN,pending_match,11,(全部CLEAN),,THS 模板无 zhiji_id，需后续匹配,等待DSHB匹配zhiji_id
THS-ZN-2.4,THS,ZN,,CLEAN,pending_match,14,(全部CLEAN),,THS 模板无 zhiji_id，需后续匹配,等待DSHB匹配zhiji_id
THS-ZN-2.5,THS,ZN,,P1,pending_match,13,(全部CLEAN),,THS 模板无 zhiji_id，需后续匹配,等待DSHB匹配zhiji_id
THS-ZN-2.6,THS,ZN,,CLEAN,pending_match,11,(全部CLEAN),,THS 模板无 zhiji_id，需后续匹配,等待DSHB匹配zhiji_id
THS-ZN-3.1.1,THS,ZN,,P1,pending_match,12,(全部CLEAN),,THS 模板无 zhiji_id，需后续匹配,等待DSHB匹配zhiji_id
THS-ZN-3.1.2,THS,ZN,,P1,pending_match,30,(全部CLEAN),,THS 模板无 zhiji_id，需后续匹配,等待DSHB匹配zhiji_id
THS-ZN-3.1.3,THS,ZN,,P1,pending_match,12,(全部CLEAN),,THS 模板无 zhiji_id，需后续匹配,等待DSHB匹配zhiji_id
THS-ZN-3.1.4,THS,ZN,,P1,pending_match,15,(全部CLEAN),,THS 模板无 zhiji_id，需后续匹配,等待DSHB匹配zhiji_id
THS-ZN-3.1.5,THS,ZN,,CLEAN,pending_match,10,(全部CLEAN),,THS 模板无 zhiji_id，需后续匹配,等待DSHB匹配zhiji_id
THS-ZN-3.2.1,THS,ZN,,P1,pending_match,12,(全部CLEAN),,THS 模板无 zhiji_id，需后续匹配,等待DSHB匹配zhiji_id
THS-ZN-3.2.2,THS,ZN,,P1,pending_match,11,(全部CLEAN),,THS 模板无 zhiji_id，需后续匹配,等待DSHB匹配zhiji_id
THS-ZN-3.2.3,THS,ZN,,P1,pending_match,13,(全部CLEAN),,THS 模板无 zhiji_id，需后续匹配,等待DSHB匹配zhiji_id
THS-ZN-3.2.4,THS,ZN,,CLEAN,pending_match,11,(全部CLEAN),,THS 模板无 zhiji_id，需后续匹配,等待DSHB匹配zhiji_id
THS-ZN-4.1,THS,ZN,,CLEAN,pending_match,10,(全部CLEAN),,THS 模板无 zhiji_id，需后续匹配,等待DSHB匹配zhiji_id
THS-ZN-4.2,THS,ZN,,CLEAN,pending_match,10,(全部CLEAN),,THS 模板无 zhiji_id，需后续匹配,等待DSHB匹配zhiji_id
THS-ZN-4.3,THS,ZN,,CLEAN,pending_match,10,(全部CLEAN),,THS 模板无 zhiji_id，需后续匹配,等待DSHB匹配zhiji_id
THS-ZN-4.4,THS,ZN,,P1,pending_match,10,(全部CLEAN),,THS 模板无 zhiji_id，需后续匹配,等待DSHB匹配zhiji_id
THS-ZN-4.5,THS,ZN,,CLEAN,pending_match,8,(全部CLEAN),,THS 模板无 zhiji_id，需后续匹配,等待DSHB匹配zhiji_id
THS-ZN-6.1,THS,ZN,,CLEAN,pending_match,13,(全部CLEAN),,THS 模板无 zhiji_id，需后续匹配,等待DSHB匹配zhiji_id
THS-ZN-6.3,THS,ZN,,CLEAN,pending_match,15,(全部CLEAN),,THS 模板无 zhiji_id，需后续匹配,等待DSHB匹配zhiji_id
THS-ZN-7.1,THS,ZN,,P1,pending_match,11,(全部CLEAN),,THS 模板无 zhiji_id，需后续匹配,等待DSHB匹配zhiji_id
THS-ZN-7.2,THS,ZN,,P1,pending_match,10,(全部CLEAN),,THS 模板无 zhiji_id，需后续匹配,等待DSHB匹配zhiji_id
THS-ZN-7.3,THS,ZN,,CLEAN,pending_match,13,(全部CLEAN),,THS 模板无 zhiji_id，需后续匹配,等待DSHB匹配zhiji_id
THS-AL-6.1,THS,AL,,P0,pending_match,5,(全部CLEAN),,THS 模板无 zhiji_id，需后续匹配,等待DSHB匹配zhiji_id
THS-AL-6.2,THS,AL,,P0,pending_match,4,(全部CLEAN),,THS 模板无 zhiji_id，需后续匹配,等待DSHB匹配zhiji_id
THS-LI-2.3,THS,LI,,P0,pending_match,12,(全部CLEAN),,THS 模板无 zhiji_id，需后续匹配,等待DSHB匹配zhiji_id
THS-LI-3.1.2,THS,LI,,P0,pending_match,10,(全部CLEAN),,THS 模板无 zhiji_id，需后续匹配,等待DSHB匹配zhiji_id
THS-NI-3.1,THS,NI,,P0,pending_match,44,(全部CLEAN),,THS 模板无 zhiji_id，需后续匹配,等待DSHB匹配zhiji_id
THS-NI-4.5,THS,NI,,P0,pending_match,33,(全部CLEAN),,THS 模板无 zhiji_id，需后续匹配,等待DSHB匹配zhiji_id
THS-NI-5.1,THS,NI,,P0,pending_match,18,(全部CLEAN),,THS 模板无 zhiji_id，需后续匹配,等待DSHB匹配zhiji_id
THS-NI-5.2,THS,NI,,P0,pending_match,18,(全部CLEAN),,THS 模板无 zhiji_id，需后续匹配,等待DSHB匹配zhiji_id
THS-NI-6.2,THS,NI,,P0,pending_match,16,(全部CLEAN),,THS 模板无 zhiji_id，需后续匹配,等待DSHB匹配zhiji_id
THS-SI-5.1,THS,SI,,P0,pending_match,12,(全部CLEAN),,THS 模板无 zhiji_id，需后续匹配,等待DSHB匹配zhiji_id
THS-SI-5.2,THS,SI,,P0,pending_match,11,(全部CLEAN),,THS 模板无 zhiji_id，需后续匹配,等待DSHB匹配zhiji_id
THS-SI-6.4,THS,SI,,P0,pending_match,13,(全部CLEAN),,THS 模板无 zhiji_id，需后续匹配,等待DSHB匹配zhiji_id
THS-SN-3.1.4,THS,SN,,P0,pending_match,18,(全部CLEAN),,THS 模板无 zhiji_id，需后续匹配,等待DSHB匹配zhiji_id
THS-SN-3.1.5,THS,SN,,P0,pending_match,17,(全部CLEAN),,THS 模板无 zhiji_id，需后续匹配,等待DSHB匹配zhiji_id
THS-SN-3.2.1,THS,SN,,P0,pending_match,17,(全部CLEAN),,THS 模板无 zhiji_id，需后续匹配,等待DSHB匹配zhiji_id
THS-SN-5.1,THS,SN,,P0,pending_match,19,(全部CLEAN),,THS 模板无 zhiji_id，需后续匹配,等待DSHB匹配zhiji_id
THS-SN-5.2,THS,SN,,P0,pending_match,20,(全部CLEAN),,THS 模板无 zhiji_id，需后续匹配,等待DSHB匹配zhiji_id
THS-SN-6.1,THS,SN,,P0,pending_match,21,(全部CLEAN),,THS 模板无 zhiji_id，需后续匹配,等待DSHB匹配zhiji_id
THS-SN-6.2,THS,SN,,P0,pending_match,22,(全部CLEAN),,THS 模板无 zhiji_id，需后续匹配,等待DSHB匹配zhiji_id
THS-ZN-5.1,THS,ZN,,P0,pending_match,12,(全部CLEAN),,THS 模板无 zhiji_id，需后续匹配,等待DSHB匹配zhiji_id
THS-ZN-5.2,THS,ZN,,P0,pending_match,10,(全部CLEAN),,THS 模板无 zhiji_id，需后续匹配,等待DSHB匹配zhiji_id
THS-ZN-5.3,THS,ZN,,P0,pending_match,15,(全部CLEAN),,THS 模板无 zhiji_id，需后续匹配,等待DSHB匹配zhiji_id
THS-ZN-6.2,THS,ZN,,P0,pending_match,11,(全部CLEAN),,THS 模板无 zhiji_id，需后续匹配,等待DSHB匹配zhiji_id
THS-ZN-6.4,THS,ZN,,P0,pending_match,14,(全部CLEAN),,THS 模板无 zhiji_id，需后续匹配,等待DSHB匹配zhiji_id
