category,sub_category,file_path,file_size_bytes,md5,commit_hash,commit_message,work_order
match_engine,,analysis/e2e_output/v85/analyze_tp.py,1328,,,f72ceec,[AUTO] DSHB zhiji fetch result v85
match_engine,,analysis/e2e_output/v85/extract_tp.py,1701,,,f72ceec,[AUTO] DSHB zhiji fetch result v85
match_engine,,analysis/e2e_output/v85/extract_duplicates.py,2336,,,f72ceec,[AUTO] DSHB zhiji fetch result v85
match_engine,,analysis/e2e_output/v85/duplicate_id_list.json,7062,39d9d1c4355a232a78d8f0d4c6a40f91,f72ceec,[AUTO] DSHB zhiji fetch result v85
match_engine,,analysis/e2e_output/v85/fetch_log.txt,212,376c1183ab1fa1c8d72327f1d814ca28,f72ceec,[AUTO] DSHB zhiji fetch result v85
match_engine,,analysis/e2e_output/v85/fp32_v85_final_board.csv,9051,80f07448523023362360f090186a0bdd,f72ceec,[AUTO] DSHB zhiji fetch result v85
match_engine,,analysis/e2e_output/v85/zhiji_fetch_pipeline.py,28922,,,f72ceec,[AUTO] DSHB zhiji fetch result v85
match_engine,,analysis/e2e_output/v85/zhiji_fetch_result.json,134746,83f44a590fb8c3bbe6f93c6b630130f8,f72ceec,[AUTO] DSHB zhiji fetch result v85
match_engine,,analysis/e2e_output/v85/zhiji_fetch_summary_report.md,8107,23938f357bbe48cb5506c53c20a9c2a5,f72ceec,[AUTO] DSHB zhiji fetch result v85
match_engine,,analysis/e2e_output/v85/MD5_CHECKSUM_LIST.md,606,59fc393f0fc7c516b3a4be1988d33383,f72ceec,[AUTO] DSHB zhiji fetch result v85
match_engine,,analysis/e2e_output/v85/JOB_READY.flag,4816,,,4aec2f4,[AUTO] DSHB v85 metadata gap analysis
meta_check,,analysis/e2e_output/v85/meta_check/empty_data_report.md,2906,97b223abb6a3d94267215c14c1b9a8f1,ed5f7d0,[AUTO] DSHB v85 metadata quality check
meta_check,,analysis/e2e_output/v85/meta_check/meta_quality_summary.md,6297,38ce35409d82a030820d03d81585dc28,ed5f7d0,[AUTO] DSHB v85 metadata quality check
meta_check,,analysis/e2e_output/v85/meta_check/meta_warning_list.json,2993,ec59c47ba49c7fdf2ffd849482d85aa2,ed5f7d0,[AUTO] DSHB v85 metadata quality check
meta_check,,analysis/e2e_output/v85/meta_check/run_log.txt,3051,,,ed5f7d0,[AUTO] DSHB v85 metadata quality check
meta_check,,analysis/e2e_output/v85/meta_check/run_meta_check.py,27653,,,ed5f7d0,[AUTO] DSHB v85 metadata quality check
meta_check,,analysis/e2e_output/v85/meta_check/unit_convert_mapping.json,27198,802c432f656771cfe9aadc564110b9ae,ed5f7d0,[AUTO] DSHB v85 metadata quality check
meta_check,,analysis/e2e_output/v85/meta_check/MD5_CHECKSUM_LIST.md,668,10a71fbc935d65d9aaf323f147840bb3,ed5f7d0,[AUTO] DSHB v85 metadata quality check
meta_gap,,analysis/e2e_output/v85/meta_gap/dataset_scope_diff.md,10854,b6547bcde200e0e6ec374ae2e1b6ade1,4aec2f4,[AUTO] DSHB v85 metadata gap analysis
meta_gap,,analysis/e2e_output/v85/meta_gap/data_status_tag_candidate.json,22219,101f956c2381a208bb499dde65e7f604,4aec2f4,[AUTO] DSHB v85 metadata gap analysis
meta_gap,,analysis/e2e_output/v85/meta_gap/meta_gap_analysis.md,11484,e4e0d507925c8489ee06939731d5867b,4aec2f4,[AUTO] DSHB v85 metadata gap analysis
meta_gap,,analysis/e2e_output/v85/meta_gap/meta_missing_id_list.json,22091,ffcc4eb43c648c57ba4fb144dd5181f7,4aec2f4,[AUTO] DSHB v85 metadata gap analysis
meta_gap,,analysis/e2e_output/v85/meta_gap/run_meta_gap_analysis.py,38175,274565FA2E9437957A6E5FC6ADAAE7D0,4aec2f4,[AUTO] DSHB v85 metadata gap analysis
meta_gap,,analysis/e2e_output/v85/meta_gap/run_log.txt,1949,53c1722eb0586f0d5f5e8fc9a8595911,4aec2f4,[AUTO] DSHB v85 metadata gap analysis
meta_gap,,analysis/e2e_output/v85/meta_gap/MD5_CHECKSUM_LIST.md,553,3A2DD6B73AFA63BB29A370D1D991724B,4aec2f4,[AUTO] DSHB v85 metadata gap analysis
review_doc,,analysis/e2e_output/v85/review_doc/v85_review_draft.md,,,,,[AUTO] DSHB v85 review materials
review_doc,,analysis/e2e_output/v85/review_doc/final_overview_summary.csv,,,,,[AUTO] DSHB v85 review materials
review_doc,,analysis/e2e_output/v85/review_doc/file_index.csv,,,,,[AUTO] DSHB v85 review materials
review_doc,,analysis/e2e_output/v85/review_doc/MD5_CHECKSUM_LIST.md,,,,,[AUTO] DSHB v85 review materials
review_doc,,analysis/e2e_output/v85/review_doc/run_log.txt,,,,,[AUTO] DSHB v85 review materials
historical,v4-v7,analysis_temp/clean_audit/match_test_suite/results/v5_evaluation_report.md,,,,,DSH_B_RUN_MATCH_EVAL_V5_20260926
historical,v4-v7,analysis_temp/clean_audit/match_test_suite/results/v7_evaluation_report.md,,,,,DSH_B_RUN_MATCH_EVAL_V7_20260926
historical,v4-v7,analysis_temp/clean_audit/match_test_suite/results/v5_v7_comparison_report.md,,,,,DSH_B_RUN_MATCH_EVAL_V7_20260926
historical,v4-v7,analysis_temp/clean_audit/match_test_suite/results/v5_v7_final_regression_report.md,,,,,DSH-B_LONG_TASK_REGRESSION_V7_20260926
