alias_id,ths_indicator_name,zhiji_indicator_name,zhiji_id,variety,similarity_score,alias_type,source,created_date
ALIAS-0001,沪铝主力收盘价,SHFE：铝：主力合约：收盘价（日）,FU00014632,AL,74.28,high_confidence,ths_candidate_mapping,2026-10-01
ALIAS-0002,电解铝行业加权平均完全成本,电解铝：生产完全成本：中国（月）,ID01001761,AL,70.01,high_confidence,ths_candidate_mapping,2026-10-01
ALIAS-0003,氧化铝现货均价/指数,氧化铝(河南)平均价,a12767887,AL,86.67,high_confidence,ths_candidate_mapping,2026-10-01
ALIAS-0004,单吨氧化铝成本,氧化铝(河南)完全成本,a12767886,AL,92.86,high_confidence,ths_candidate_mapping,2026-10-01
ALIAS-0005,氟化铝现货价,氧化铝现货vs长协价格,a12804835,AL,76.47,high_confidence,ths_candidate_mapping,2026-10-01
ALIAS-0006,几内亚铝土矿CIF/FOB,进口铝土矿-澳洲CIF,s20170684,AL,70.91,high_confidence,ths_candidate_mapping,2026-10-01
ALIAS-0007,国产铝土矿价格,国产铝土矿-华南-低品(广西),a12862360,AL,81.25,high_confidence,ths_candidate_mapping,2026-10-01
ALIAS-0008,氧化铝价格,氧化铝(河南)平均价,a12767887,AL,94.55,high_confidence,ths_candidate_mapping,2026-10-01
ALIAS-0009,沪铝主力收盘价,SHFE：铝：主力合约：收盘价（日）,FU00014632,AL,74.28,high_confidence,ths_candidate_mapping,2026-10-01
ALIAS-0010,LME铝总库存,LME俄铝外库存,a10016133,AL,100.0,high_confidence,ths_candidate_mapping,2026-10-01
ALIAS-0011,电解铝社会库存,废铝：社会库存：中国（月）,ID01001944,AL,76.47,high_confidence,ths_candidate_mapping,2026-10-01
ALIAS-0012,铝棒社会库存,废铝：社会库存：中国（月）,ID01001944,AL,81.25,high_confidence,ths_candidate_mapping,2026-10-01
ALIAS-0013,中国电解铝企业厂内铝锭库存,电解铝：厂内库存：中国（日）,ID01002072,AL,75.83,high_confidence,ths_candidate_mapping,2026-10-01
ALIAS-0014,电解铝企业厂内铝锭库存,电解铝：厂内库存：中国（日）,ID01002072,AL,82.73,high_confidence,ths_candidate_mapping,2026-10-01
ALIAS-0015,铝锭社会库存,铝合金锭：社会库存：中国（周）,ID01522758,AL,86.67,high_confidence,ths_candidate_mapping,2026-10-01
ALIAS-0016,铝棒社会库存,废铝：社会库存：中国（月）,ID01001944,AL,81.25,high_confidence,ths_candidate_mapping,2026-10-01
ALIAS-0017,中国废铝进口量,铝合金进口量,ID01114281,AL,80.0,high_confidence,ths_candidate_mapping,2026-10-01
ALIAS-0018,中国铝土矿月度进口量,中国海关: 铝土矿进口量: 月度,a10016324,AL,86.67,high_confidence,ths_candidate_mapping,2026-10-01
ALIAS-0019,中国氧化铝进口/出口/净进口,氧化铝出口,a10167792,AL,76.47,high_confidence,ths_candidate_mapping,2026-10-01
ALIAS-0020,中国未锻轧铝及铝材月度出口量,未锻轧铝及铝材：出口数量终值：中国（月）,CM0000207372,AL,83.88,high_confidence,ths_candidate_mapping,2026-10-01
ALIAS-0021,中国未锻轧铝及铝材月度进口量,未锻轧铝及铝材：进口数量终值：中国（月）,CM0000207383,AL,83.88,high_confidence,ths_candidate_mapping,2026-10-01
ALIAS-0022,中国废铝月度进口量,SMM中国氧化铝月度产量-总量,a10096752,AL,74.28,high_confidence,ths_candidate_mapping,2026-10-01
ALIAS-0023,中国铝合金月度进口量/出口量,铝合金进口量,ID01114281,AL,82.11,high_confidence,ths_candidate_mapping,2026-10-01
ALIAS-0024,中国铝材月度出口量,铝材出口-总量,a10096868,AL,80.0,high_confidence,ths_candidate_mapping,2026-10-01
ALIAS-0025,中国铝制品月度出口量,SMM中国氧化铝月度产量-总量,a10096752,AL,70.91,high_confidence,ths_candidate_mapping,2026-10-01
ALIAS-0026,SHFE铜仓单,SHFE：铜（BC）：年成交量（日）,FU00107602,CU,72.23,high_confidence,ths_candidate_mapping,2026-10-01
ALIAS-0027,沪铜主力收盘价,COMEX：铜：主力合约：收盘价（日）,FU00015546,CU,70.91,high_confidence,ths_candidate_mapping,2026-10-01
ALIAS-0028,平水铜升贴水,电解铜：平水铜：升贴水：上海（日）,ID00302614,CU,78.0,high_confidence,ths_candidate_mapping,2026-10-01
ALIAS-0029,各LME仓库/地点铜库存,LME：铜：期货库存（日）,ID00188283,CU,74.28,high_confidence,ths_candidate_mapping,2026-10-01
ALIAS-0030,期货主力合约收盘价（元/吨）,碳酸锂期货主力合约收盘价,a10172975,LI,72.73,high_confidence,ths_candidate_mapping,2026-10-01
ALIAS-0031,电池级碳酸锂现货升贴水（元/吨）,工业级碳酸锂现货升贴水,ID01922204,LI,100.0,high_confidence,ths_candidate_mapping,2026-10-01
ALIAS-0032,电池级碳酸锂基差（元/吨）,电池级碳酸锂产量,a12715549,LI,97.5,high_confidence,ths_candidate_mapping,2026-10-01
ALIAS-0033,工业级碳酸锂现货升贴水（元/吨）,工业级碳酸锂现货升贴水,ID01922204,LI,100.0,high_confidence,ths_candidate_mapping,2026-10-01
ALIAS-0034,氢氧化锂现货升贴水（元/吨）,工业级碳酸锂现货升贴水,ID01922204,LI,78.0,high_confidence,ths_candidate_mapping,2026-10-01
ALIAS-0035,期货主力合约收盘价（元/吨）,碳酸锂期货主力合约收盘价,a10172975,LI,72.73,high_confidence,ths_candidate_mapping,2026-10-01
ALIAS-0036,电池级碳酸锂升贴水占比（%）,电池级碳酸锂现货升贴水,a12751985,LI,100.0,high_confidence,ths_candidate_mapping,2026-10-01
ALIAS-0037,工业级碳酸锂升贴水占比（%）,工业级碳酸锂现货升贴水,ID01922204,LI,100.0,high_confidence,ths_candidate_mapping,2026-10-01
ALIAS-0038,沪伦比（元/吨）,锡沪伦比,ID01895225,LI,75.0,high_confidence,ths_candidate_mapping,2026-10-01
ALIAS-0039,LME仓单（手）,LME铅注册仓单,a10193710,LI,76.92,high_confidence,ths_candidate_mapping,2026-10-01
ALIAS-0040,近月合约收盘价（元/吨）,近月合约收盘价,a12841695,LI,100.0,high_confidence,ths_candidate_mapping,2026-10-01
ALIAS-0041,远月合约收盘价（元/吨）,近月合约收盘价,a12841695,LI,83.33,high_confidence,ths_candidate_mapping,2026-10-01
ALIAS-0042,期货主力合约收盘价（元/吨）,碳酸锂期货主力合约收盘价,a10172975,LI,72.73,high_confidence,ths_candidate_mapping,2026-10-01
ALIAS-0043,期货主力合约收盘价（元/吨）,碳酸锂期货主力合约收盘价,a10172975,LI,72.73,high_confidence,ths_candidate_mapping,2026-10-01
ALIAS-0044,碳酸锂冶炼利润（元/吨）,氢氧化锂冶炼利润,a12763812,LI,86.67,high_confidence,ths_candidate_mapping,2026-10-01
ALIAS-0045,氢氧化锂冶炼利润（元/吨）,氢氧化锂冶炼利润,a12763812,LI,100.0,high_confidence,ths_candidate_mapping,2026-10-01
ALIAS-0046,盐湖提锂利润（元/吨）,盐湖提锂产量,a12723867,LI,86.67,high_confidence,ths_candidate_mapping,2026-10-01
ALIAS-0047,锂云母/锂辉石利润（元/吨）,碳酸锂外采锂云母利润（日）,ID01835361,LI,72.23,high_confidence,ths_candidate_mapping,2026-10-01
ALIAS-0048,工业级碳酸锂利润（元/吨）,工业级碳酸锂产量,a12715548,LI,97.5,high_confidence,ths_candidate_mapping,2026-10-01
ALIAS-0049,电池级碳酸锂利润（元/吨）,电池级碳酸锂产量,a12715549,LI,97.5,high_confidence,ths_candidate_mapping,2026-10-01
ALIAS-0050,多头前20持仓量（手）,多头前20持仓量,FU00085341,LI,100.0,high_confidence,ths_candidate_mapping,2026-10-01
ALIAS-0051,空头前20持仓量（手）,空头前20持仓量,FU00085347,LI,100.0,high_confidence,ths_candidate_mapping,2026-10-01
ALIAS-0052,期货主力合约收盘价（元/吨）,碳酸锂期货主力合约收盘价,a10172975,LI,72.73,high_confidence,ths_candidate_mapping,2026-10-01
ALIAS-0053,海外锂矿产量（万吨LCE）,海外碳酸锂产量(智利),a12817812,LI,100.0,high_confidence,ths_candidate_mapping,2026-10-01
ALIAS-0054,海外产能（万吨LCE）,海外产能,a12715541,LI,100.0,high_confidence,ths_candidate_mapping,2026-10-01
ALIAS-0055,海外进口量分国别（万吨LCE）,工业硅进口量分国别,CM0000287714,LI,70.59,high_confidence,ths_candidate_mapping,2026-10-01
ALIAS-0056,澳大利亚锂矿产量（万吨LCE）,澳洲/巴西/非洲锂矿产量,a12808678,LI,72.23,high_confidence,ths_candidate_mapping,2026-10-01
ALIAS-0057,非洲锂矿产量（万吨LCE）,澳洲/巴西/非洲锂矿产量,a12808678,LI,78.0,high_confidence,ths_candidate_mapping,2026-10-01
ALIAS-0058,南美锂矿产量（万吨LCE）,锂云母产量,a12756591,LI,70.91,high_confidence,ths_candidate_mapping,2026-10-01
ALIAS-0059,亚洲锂矿产量（万吨LCE）,澳洲/巴西/非洲锂矿产量,a12808678,LI,81.25,high_confidence,ths_candidate_mapping,2026-10-01
ALIAS-0060,海外锂矿进口量分国别（万吨LCE）,锂精矿进口分国别,a10001421,LI,100.0,high_confidence,ths_candidate_mapping,2026-10-01
ALIAS-0061,海外锂矿出口量分国别（万吨LCE）,锂精矿进口分国别,a10001421,LI,86.67,high_confidence,ths_candidate_mapping,2026-10-01
ALIAS-0062,海外锂矿库存分国别（万吨LCE）,锂精矿进口分国别,a10001421,LI,76.47,high_confidence,ths_candidate_mapping,2026-10-01
ALIAS-0063,海外锂矿产能分国别（万吨LCE）,锂精矿进口分国别,a10001421,LI,76.47,high_confidence,ths_candidate_mapping,2026-10-01
ALIAS-0064,锂云母产量（万吨LCE）,锂云母产量,a12756591,LI,100.0,high_confidence,ths_candidate_mapping,2026-10-01
ALIAS-0065,锂辉石产量（万吨LCE）,碳酸锂 锂辉石总产量,ID01707140,LI,92.86,high_confidence,ths_candidate_mapping,2026-10-01
ALIAS-0066,国内锂矿产量（万吨LCE）,锂云母产量,a12756591,LI,70.91,high_confidence,ths_candidate_mapping,2026-10-01
ALIAS-0067,盐湖提锂产量（万吨LCE）,盐湖提锂产量,a12723867,LI,100.0,high_confidence,ths_candidate_mapping,2026-10-01
ALIAS-0068,国内锂矿开工率（%）,国内锂盐精炼开工率,a12715874,LI,97.5,high_confidence,ths_candidate_mapping,2026-10-01
ALIAS-0069,国内锂矿产能利用率（%）,碳酸锂产能利用率中国（周）,ID01445893,LI,82.11,high_confidence,ths_candidate_mapping,2026-10-01
ALIAS-0070,锂矿进口总量（万吨LCE）,锂精矿进口 巴西,a10001427,LI,94.55,high_confidence,ths_candidate_mapping,2026-10-01
ALIAS-0071,锂辉石进口量（万吨LCE）,碳酸锂进口量,a12715657,LI,86.67,high_confidence,ths_candidate_mapping,2026-10-01
ALIAS-0072,锂矿进口均价（元/吨）,锂矿进口均价,a12852994,LI,100.0,high_confidence,ths_candidate_mapping,2026-10-01
ALIAS-0073,锂矿进口盈亏（元/吨）,锂矿进口均价,a12852994,LI,86.67,high_confidence,ths_candidate_mapping,2026-10-01
ALIAS-0074,锂矿进口量（万吨LCE）,锂矿进口均价,a12852994,LI,94.55,high_confidence,ths_candidate_mapping,2026-10-01
ALIAS-0075,锂矿进口仓单量（万吨LCE）,锂矿进口均价,a12852994,LI,80.0,high_confidence,ths_candidate_mapping,2026-10-01
ALIAS-0076,锂云母进口量（万吨LCE）,锂云母产量,a12756591,LI,94.55,high_confidence,ths_candidate_mapping,2026-10-01
ALIAS-0077,锂矿进口盈亏（元/吨）,锂矿进口均价,a12852994,LI,86.67,high_confidence,ths_candidate_mapping,2026-10-01
ALIAS-0078,锂云母TC（元/吨）,锂云母价格,ID01702776,LI,78.0,high_confidence,ths_candidate_mapping,2026-10-01
ALIAS-0079,盐湖提锂TC（元/吨）,盐湖提锂产量,a12723867,LI,86.67,high_confidence,ths_candidate_mapping,2026-10-01
ALIAS-0080,电池级碳酸锂产量（万吨LCE）,电池级碳酸锂产量,a12715549,LI,100.0,high_confidence,ths_candidate_mapping,2026-10-01
ALIAS-0081,工业级碳酸锂产量（万吨LCE）,工业级碳酸锂产量,a12715548,LI,100.0,high_confidence,ths_candidate_mapping,2026-10-01
ALIAS-0082,氢氧化锂产量（万吨LCE）,氢氧化锂产量,a10001934,LI,100.0,high_confidence,ths_candidate_mapping,2026-10-01
ALIAS-0083,碳酸锂产量（万吨LCE）,碳酸锂 锂云母产量,ID01707134,LI,100.0,high_confidence,ths_candidate_mapping,2026-10-01
ALIAS-0084,盐湖提锂精炼产量（万吨LCE）,盐湖提锂产量,a12723867,LI,100.0,high_confidence,ths_candidate_mapping,2026-10-01
ALIAS-0085,锂云母精炼产量（万吨LCE）,锂云母产量,a12756591,LI,100.0,high_confidence,ths_candidate_mapping,2026-10-01
ALIAS-0086,国内锂盐精炼产能（万吨LCE）,国内锂盐精炼开工率,a12715874,LI,91.77,high_confidence,ths_candidate_mapping,2026-10-01
ALIAS-0087,国内锂盐精炼开工率（%）,国内锂盐精炼开工率,a12715874,LI,100.0,high_confidence,ths_candidate_mapping,2026-10-01
ALIAS-0088,国内锂盐精炼产能利用率（%）,国内锂盐精炼开工率,a12715874,LI,91.0,high_confidence,ths_candidate_mapping,2026-10-01
ALIAS-0089,锂辉石精炼产量（万吨LCE）,碳酸锂 锂辉石总产量,ID01707140,LI,81.25,high_confidence,ths_candidate_mapping,2026-10-01
ALIAS-0090,国内锂盐精炼开工率（%）,国内锂盐精炼开工率,a12715874,LI,100.0,high_confidence,ths_candidate_mapping,2026-10-01
ALIAS-0091,电池级碳酸锂开工率（%）,电池级碳酸锂产量,a12715549,LI,91.77,high_confidence,ths_candidate_mapping,2026-10-01
ALIAS-0092,氢氧化锂开工率（%）,氢氧化锂开工率,a10167884,LI,100.0,high_confidence,ths_candidate_mapping,2026-10-01
ALIAS-0093,国内锂盐产能利用率（%）,碳酸锂产能利用率中国（周）,ID01445893,LI,82.11,high_confidence,ths_candidate_mapping,2026-10-01
ALIAS-0094,盐湖提锂开工率（%）,盐湖提锂产量,a12723867,LI,80.0,high_confidence,ths_candidate_mapping,2026-10-01
ALIAS-0095,锂云母精炼开工率（%）,国内锂盐精炼开工率,a12715874,LI,91.77,high_confidence,ths_candidate_mapping,2026-10-01
ALIAS-0096,国内锂盐开工率（%）,国内锂盐精炼开工率,a12715874,LI,100.0,high_confidence,ths_candidate_mapping,2026-10-01
ALIAS-0097,国内锂盐开工天数（天）,国内锂盐精炼开工率,a12715874,LI,91.77,high_confidence,ths_candidate_mapping,2026-10-01
ALIAS-0098,再生碳酸锂产量（万吨LCE）,海外碳酸锂产量(智利),a12817812,LI,92.86,high_confidence,ths_candidate_mapping,2026-10-01
ALIAS-0099,再生氢氧化锂产量（万吨LCE）,氢氧化锂产量,a10001934,LI,97.5,high_confidence,ths_candidate_mapping,2026-10-01
ALIAS-0100,电池级碳酸锂冶炼利润（元/吨）,电池级碳酸锂产量,a12715549,LI,86.67,high_confidence,ths_candidate_mapping,2026-10-01
ALIAS-0101,工业级碳酸锂冶炼利润（元/吨）,工业级碳酸锂产量,a12715548,LI,86.67,high_confidence,ths_candidate_mapping,2026-10-01
ALIAS-0102,氢氧化锂冶炼利润（元/吨）,氢氧化锂冶炼利润,a12763812,LI,100.0,high_confidence,ths_candidate_mapping,2026-10-01
ALIAS-0103,碳酸锂冶炼利润（元/吨）,氢氧化锂冶炼利润,a12763812,LI,86.67,high_confidence,ths_candidate_mapping,2026-10-01
ALIAS-0104,盐湖提锂冶炼利润（元/吨）,氢氧化锂冶炼利润,a12763812,LI,81.25,high_confidence,ths_candidate_mapping,2026-10-01
ALIAS-0105,锂云母冶炼利润（元/吨）,氢氧化锂冶炼利润,a12763812,LI,86.67,high_confidence,ths_candidate_mapping,2026-10-01
ALIAS-0106,锂辉石冶炼利润（元/吨）,氢氧化锂冶炼利润,a12763812,LI,86.67,high_confidence,ths_candidate_mapping,2026-10-01
ALIAS-0107,碳酸锂交易所库存（万吨LCE）,碳酸锂库存中国（月）,ID01865189,LI,86.67,high_confidence,ths_candidate_mapping,2026-10-01
ALIAS-0108,电池级碳酸锂交易所库存（万吨LCE）,电池级碳酸锂产量,a12715549,LI,82.11,high_confidence,ths_candidate_mapping,2026-10-01
ALIAS-0109,工业级碳酸锂交易所库存（万吨LCE）,工业级碳酸锂产量,a12715548,LI,82.11,high_confidence,ths_candidate_mapping,2026-10-01
ALIAS-0110,碳酸锂仓单数量（万吨LCE）,碳酸锂 仓单量,FU00058091,LI,100.0,high_confidence,ths_candidate_mapping,2026-10-01
ALIAS-0111,氢氧化锂仓单数量（万吨LCE）,氢氧化锂产量,a10001934,LI,92.86,high_confidence,ths_candidate_mapping,2026-10-01
ALIAS-0112,电池级碳酸锂仓单数量（万吨LCE）,电池级碳酸锂产量,a12715549,LI,100.0,high_confidence,ths_candidate_mapping,2026-10-01
ALIAS-0113,工业级碳酸锂仓单数量（万吨LCE）,工业级碳酸锂产量,a12715548,LI,100.0,high_confidence,ths_candidate_mapping,2026-10-01
ALIAS-0114,碳酸锂交易所库存（万吨LCE）,碳酸锂库存中国（月）,ID01865189,LI,86.67,high_confidence,ths_candidate_mapping,2026-10-01
ALIAS-0115,碳酸锂社会库存（万吨LCE）,碳酸锂社会库存,a12795935,LI,100.0,high_confidence,ths_candidate_mapping,2026-10-01
ALIAS-0116,氢氧化锂社会库存（万吨LCE）,碳酸锂社会库存,a12795935,LI,86.67,high_confidence,ths_candidate_mapping,2026-10-01
ALIAS-0117,电池级碳酸锂社会库存（万吨LCE）,碳酸锂社会库存,a12795935,LI,91.0,high_confidence,ths_candidate_mapping,2026-10-01
ALIAS-0118,工业级碳酸锂社会库存（万吨LCE）,碳酸锂社会库存,a12795935,LI,91.0,high_confidence,ths_candidate_mapping,2026-10-01
ALIAS-0119,碳酸锂工厂库存（万吨LCE）,碳酸锂工厂库存天数,a12805120,LI,100.0,high_confidence,ths_candidate_mapping,2026-10-01
ALIAS-0120,氢氧化锂工厂库存（万吨LCE）,氢氧化锂开工率,a10167884,LI,86.67,high_confidence,ths_candidate_mapping,2026-10-01
ALIAS-0121,电池级碳酸锂工厂库存（万吨LCE）,碳酸锂工厂库存天数,a12805120,LI,95.78,high_confidence,ths_candidate_mapping,2026-10-01
ALIAS-0122,工业级碳酸锂工厂库存（万吨LCE）,碳酸锂工厂库存天数,a12805120,LI,95.78,high_confidence,ths_candidate_mapping,2026-10-01
ALIAS-0123,沪镍主力合约收盘价（元/吨）,SHFE：镍：主力合约：收盘价（日）,FU00014997,NI,82.73,high_confidence,ths_candidate_mapping,2026-10-01
ALIAS-0124,前20名多头持仓量,空头前20持仓量,FU00085347,NI,70.59,high_confidence,ths_candidate_mapping,2026-10-01
ALIAS-0125,前20名空头持仓量,空头前20持仓量,FU00085347,NI,70.59,high_confidence,ths_candidate_mapping,2026-10-01
ALIAS-0126,沪镍近月合约价格,镍铁价格（江苏，7%≤Ni≤13%）,ID00185681,NI,70.91,high_confidence,ths_candidate_mapping,2026-10-01
ALIAS-0127,沪镍远月合约价格,镍铁价格（江苏，7%≤Ni≤13%）,ID00185681,NI,70.91,high_confidence,ths_candidate_mapping,2026-10-01
ALIAS-0128,沪镍主力合约价格（元/吨）,镍铁价格（江苏，7%≤Ni≤13%）,ID00185681,NI,70.91,high_confidence,ths_candidate_mapping,2026-10-01
ALIAS-0129,LME镍现货价格（美元/吨）,LME镍库存,a12764445,NI,74.28,high_confidence,ths_candidate_mapping,2026-10-01
ALIAS-0130,沪镍主力合约收盘价（元/吨）,SHFE：镍：主力合约：收盘价（日）,FU00014997,NI,82.73,high_confidence,ths_candidate_mapping,2026-10-01
ALIAS-0131,镍现货价格（元/吨）,镍铁价格（江苏，7%≤Ni≤13%）,ID00185681,NI,86.67,high_confidence,ths_candidate_mapping,2026-10-01
ALIAS-0132,电解镍现货价格（元/吨）,镍铁价格（江苏，7%≤Ni≤13%）,ID00185681,NI,70.91,high_confidence,ths_candidate_mapping,2026-10-01
ALIAS-0133,镍生铁NPI现货价格（元/吨）,镍铁价格（江苏，7%≤Ni≤13%）,ID00185681,NI,74.28,high_confidence,ths_candidate_mapping,2026-10-01
ALIAS-0134,高冰镍现货价格（元/吨）,镍铁价格（江苏，7%≤Ni≤13%）,ID00185681,NI,70.91,high_confidence,ths_candidate_mapping,2026-10-01
ALIAS-0135,沪镍主力合约价格（元/吨）,镍铁价格（江苏，7%≤Ni≤13%）,ID00185681,NI,70.91,high_confidence,ths_candidate_mapping,2026-10-01
ALIAS-0136,LME镍现货价格（美元/吨）,LME镍库存,a12764445,NI,74.28,high_confidence,ths_candidate_mapping,2026-10-01
ALIAS-0137,镍进口盈亏,镍豆：进口盈亏（日）,ID00408378,NI,100.0,high_confidence,ths_candidate_mapping,2026-10-01
ALIAS-0138,LME镍主力合约收盘价（美元/吨）,SHFE：镍：主力合约：收盘价（日）,FU00014997,NI,86.67,high_confidence,ths_candidate_mapping,2026-10-01
ALIAS-0139,LME镍主力合约持仓量（手）,SHFE：镍：主力合约：单边交易：持仓量（日）,FU00018043,NI,71.72,high_confidence,ths_candidate_mapping,2026-10-01
ALIAS-0140,沪镍主力合约价格（元/吨）,镍铁价格（江苏，7%≤Ni≤13%）,ID00185681,NI,70.91,high_confidence,ths_candidate_mapping,2026-10-01
ALIAS-0141,LME镍现货价格（美元/吨）,LME镍库存,a12764445,NI,74.28,high_confidence,ths_candidate_mapping,2026-10-01
ALIAS-0142,LME镍仓单数量（吨）,LME：镍：注销仓单（日）,FU00014818,NI,86.67,high_confidence,ths_candidate_mapping,2026-10-01
ALIAS-0143,LME镍仓单注册量变化（吨）,LME：镍：注销仓单（日）,FU00014818,NI,74.28,high_confidence,ths_candidate_mapping,2026-10-01
ALIAS-0144,LME镍现金价格（美元/吨）,LME镍库存,a12764445,NI,74.28,high_confidence,ths_candidate_mapping,2026-10-01
ALIAS-0145,LME镍3个月期货价格（美元/吨）,LME：镍：3个月合约：成交量（日）,FU00014809,NI,72.8,high_confidence,ths_candidate_mapping,2026-10-01
ALIAS-0146,LME镍月差,LME镍库存,a12764445,NI,86.67,high_confidence,ths_candidate_mapping,2026-10-01
ALIAS-0147,LME镍现金-3个月月差,LME：镍：3个月合约：成交量（日）,FU00014809,NI,72.8,high_confidence,ths_candidate_mapping,2026-10-01
ALIAS-0148,沪镍近月合约价格（元/吨）,镍铁价格（江苏，7%≤Ni≤13%）,ID00185681,NI,70.91,high_confidence,ths_candidate_mapping,2026-10-01
ALIAS-0149,沪镍远月合约价格（元/吨）,镍铁价格（江苏，7%≤Ni≤13%）,ID00185681,NI,70.91,high_confidence,ths_candidate_mapping,2026-10-01
ALIAS-0150,沪镍现金价格（元/吨）,镍铁价格（江苏，7%≤Ni≤13%）,ID00185681,NI,78.0,high_confidence,ths_candidate_mapping,2026-10-01
ALIAS-0151,电解镍现货价格（元/吨）,镍铁价格（江苏，7%≤Ni≤13%）,ID00185681,NI,70.91,high_confidence,ths_candidate_mapping,2026-10-01
ALIAS-0152,镍生铁NPI现货价格（元/吨）,镍铁价格（江苏，7%≤Ni≤13%）,ID00185681,NI,74.28,high_confidence,ths_candidate_mapping,2026-10-01
ALIAS-0153,高冰镍现货价格（元/吨）,镍铁价格（江苏，7%≤Ni≤13%）,ID00185681,NI,70.91,high_confidence,ths_candidate_mapping,2026-10-01
ALIAS-0154,LME镍仓单数量（吨）,LME：镍：注销仓单（日）,FU00014818,NI,86.67,high_confidence,ths_candidate_mapping,2026-10-01
ALIAS-0155,LME镍月差（美元/吨）,LME镍库存,a12764445,NI,86.67,high_confidence,ths_candidate_mapping,2026-10-01
ALIAS-0156,LME镍月差,LME镍库存,a12764445,NI,86.67,high_confidence,ths_candidate_mapping,2026-10-01
ALIAS-0157,沪镍主力合约收盘价（元/吨）,SHFE：镍：主力合约：收盘价（日）,FU00014997,NI,82.73,high_confidence,ths_candidate_mapping,2026-10-01
ALIAS-0158,镍生铁NPI现货价格（元/吨）,镍铁价格（江苏，7%≤Ni≤13%）,ID00185681,NI,74.28,high_confidence,ths_candidate_mapping,2026-10-01
ALIAS-0159,电解镍现货价格（元/吨）,镍铁价格（江苏，7%≤Ni≤13%）,ID00185681,NI,70.91,high_confidence,ths_candidate_mapping,2026-10-01
ALIAS-0160,高冰镍现货价格（元/吨）,镍铁价格（江苏，7%≤Ni≤13%）,ID00185681,NI,70.91,high_confidence,ths_candidate_mapping,2026-10-01
ALIAS-0161,镍铁一体化利润（元/吨）,镍铁理论利润（RKEF 山东）,a10020849,NI,80.0,high_confidence,ths_candidate_mapping,2026-10-01
ALIAS-0162,沪镍主力合约收盘价,SHFE：镍：主力合约：收盘价（日）,FU00014997,NI,82.73,high_confidence,ths_candidate_mapping,2026-10-01
ALIAS-0163,前20名持仓总量（手）,空头前20持仓量,FU00085347,NI,71.43,high_confidence,ths_candidate_mapping,2026-10-01
ALIAS-0164,印尼镍矿产量,印尼冰镍产量（分品味）,ID01858105,NI,100.0,high_confidence,ths_candidate_mapping,2026-10-01
ALIAS-0165,印尼镍矿产量（万吨）,印尼冰镍产量（分品味）,ID01858105,NI,100.0,high_confidence,ths_candidate_mapping,2026-10-01
ALIAS-0166,印尼镍精炼产量,印尼冰镍产量（分品味）,ID01858105,NI,100.0,high_confidence,ths_candidate_mapping,2026-10-01
ALIAS-0167,印尼镍精炼产量（万吨）,印尼冰镍产量（分品味）,ID01858105,NI,100.0,high_confidence,ths_candidate_mapping,2026-10-01
ALIAS-0168,国内镍矿产量,中国镍铁产量,ID01002124,NI,86.67,high_confidence,ths_candidate_mapping,2026-10-01
ALIAS-0169,国内镍矿产量（万吨）,中国镍铁产量,ID01002124,NI,86.67,high_confidence,ths_candidate_mapping,2026-10-01
ALIAS-0170,国内镍精炼产量,中国精炼镍产量,ID01002085,NI,92.86,high_confidence,ths_candidate_mapping,2026-10-01
ALIAS-0171,国内镍精炼产量（万吨）,中国精炼镍产量,ID01002085,NI,92.86,high_confidence,ths_candidate_mapping,2026-10-01
ALIAS-0172,国内镍矿进口量,中国冰镍进口量,ID01364207,NI,92.86,high_confidence,ths_candidate_mapping,2026-10-01
ALIAS-0173,国内镍矿进口量（万吨）,中国冰镍进口量,ID01364207,NI,92.86,high_confidence,ths_candidate_mapping,2026-10-01
ALIAS-0174,国内镍矿-精炼产量比,中国精炼镍产量,ID01002085,NI,81.25,high_confidence,ths_candidate_mapping,2026-10-01
ALIAS-0175,国内镍矿-精炼产量比（倍）,中国精炼镍产量,ID01002085,NI,81.25,high_confidence,ths_candidate_mapping,2026-10-01
ALIAS-0176,镍精矿进口总量,镍铁进口量,CM0000138647,NI,78.0,high_confidence,ths_candidate_mapping,2026-10-01
ALIAS-0177,镍精矿进口总量（万吨）,镍铁进口量,CM0000138647,NI,78.0,high_confidence,ths_candidate_mapping,2026-10-01
ALIAS-0178,印尼镍精矿进口量,镍铁进口量,CM0000138647,NI,80.0,high_confidence,ths_candidate_mapping,2026-10-01
ALIAS-0179,印尼镍精矿进口量（万吨）,镍铁进口量,CM0000138647,NI,80.0,high_confidence,ths_candidate_mapping,2026-10-01
ALIAS-0180,菲律宾镍精矿进口量,镍铁进口量,CM0000138647,NI,74.28,high_confidence,ths_candidate_mapping,2026-10-01
ALIAS-0181,菲律宾镍精矿进口量（万吨）,镍铁进口量,CM0000138647,NI,74.28,high_confidence,ths_candidate_mapping,2026-10-01
ALIAS-0182,镍精矿进口到港量,镍铁进口量,CM0000138647,NI,80.0,high_confidence,ths_candidate_mapping,2026-10-01
ALIAS-0183,镍精矿进口到港量（万吨）,镍铁进口量,CM0000138647,NI,80.0,high_confidence,ths_candidate_mapping,2026-10-01
ALIAS-0184,印尼镍精矿TC,印尼镍矿价格（HPM 1.6%）,s22793258,NI,80.0,high_confidence,ths_candidate_mapping,2026-10-01
ALIAS-0185,印尼镍精矿TC（美元/吨干矿）,印尼镍矿价格（HPM 1.6%）,s22793258,NI,80.0,high_confidence,ths_candidate_mapping,2026-10-01
ALIAS-0186,印尼镍矿HPM基准价,印尼镍矿价格（HPM 1.6%）,s22793258,NI,81.25,high_confidence,ths_candidate_mapping,2026-10-01
ALIAS-0187,印尼镍矿HPM基准价（美元/湿吨）,印尼镍矿价格（HPM 1.6%）,s22793258,NI,81.25,high_confidence,ths_candidate_mapping,2026-10-01
ALIAS-0188,印尼镍矿产量（万吨）,印尼冰镍产量（分品味）,ID01858105,NI,100.0,high_confidence,ths_candidate_mapping,2026-10-01
ALIAS-0189,中国从印尼进口镍精矿量（万吨）,中国冰镍进口量,ID01364207,NI,72.23,high_confidence,ths_candidate_mapping,2026-10-01
ALIAS-0190,印尼镍精炼产量（万吨）,印尼冰镍产量（分品味）,ID01858105,NI,100.0,high_confidence,ths_candidate_mapping,2026-10-01
ALIAS-0191,新喀里多尼亚镍精炼产量（万吨）,印尼精炼镍产量,a12870400,NI,72.23,high_confidence,ths_candidate_mapping,2026-10-01
ALIAS-0192,印尼镍矿产能利用率（%）,精炼镍：产能利用率：中国（月）,ID01002083,NI,74.28,high_confidence,ths_candidate_mapping,2026-10-01
ALIAS-0193,菲律宾镍矿产能利用率（%）,精炼镍：产能利用率：中国（月）,ID01002083,NI,70.91,high_confidence,ths_candidate_mapping,2026-10-01
ALIAS-0194,印尼镍矿检修量（万吨）,印尼冰镍产量（分品味）,ID01858105,NI,80.0,high_confidence,ths_candidate_mapping,2026-10-01
ALIAS-0195,印尼镍精炼产能（万吨/年）,印尼精炼镍产量,a12870400,NI,92.86,high_confidence,ths_candidate_mapping,2026-10-01
ALIAS-0196,印尼镍矿开工天数（天/季度）,印尼镍矿价格（HPM 1.6%）,s22793258,NI,74.28,high_confidence,ths_candidate_mapping,2026-10-01
ALIAS-0197,印尼镍矿-精炼产量比（倍）,印尼精炼镍产量,a12870400,NI,97.5,high_confidence,ths_candidate_mapping,2026-10-01
ALIAS-0198,印尼镍矿产量（万吨）,印尼冰镍产量（分品味）,ID01858105,NI,100.0,high_confidence,ths_candidate_mapping,2026-10-01
ALIAS-0199,印尼镍精炼产量（万吨）,印尼冰镍产量（分品味）,ID01858105,NI,100.0,high_confidence,ths_candidate_mapping,2026-10-01
ALIAS-0200,新喀里多尼亚镍精炼产量（万吨）,印尼精炼镍产量,a12870400,NI,72.23,high_confidence,ths_candidate_mapping,2026-10-01
ALIAS-0201,印尼镍矿产能（万吨/年）,印尼冰镍产量（分品味）,ID01858105,NI,86.67,high_confidence,ths_candidate_mapping,2026-10-01
ALIAS-0202,印尼镍矿开工天数（天/季度）,印尼镍矿价格（HPM 1.6%）,s22793258,NI,74.28,high_confidence,ths_candidate_mapping,2026-10-01
ALIAS-0203,印尼矿-精炼产量比（倍）,印尼精炼镍产量,a12870400,NI,80.0,high_confidence,ths_candidate_mapping,2026-10-01
ALIAS-0204,国内镍精炼产量（万吨）,中国精炼镍产量,ID01002085,NI,92.86,high_confidence,ths_candidate_mapping,2026-10-01
ALIAS-0205,电解镍产量（万吨）,中国镍铁产量,ID01002124,NI,70.91,high_confidence,ths_candidate_mapping,2026-10-01
ALIAS-0206,镍铁产量（万吨）,中国镍铁产量,ID01002124,NI,86.67,high_confidence,ths_candidate_mapping,2026-10-01
ALIAS-0207,国内镍矿产量（万吨）,中国镍铁产量,ID01002124,NI,86.67,high_confidence,ths_candidate_mapping,2026-10-01
ALIAS-0208,甘肃镍矿产能利用率（%）,精炼镍：产能利用率：中国（月）,ID01002083,NI,74.28,high_confidence,ths_candidate_mapping,2026-10-01
ALIAS-0209,四川镍矿产能利用率（%）,精炼镍：产能利用率：中国（月）,ID01002083,NI,74.28,high_confidence,ths_candidate_mapping,2026-10-01
ALIAS-0210,云南镍矿产能利用率（%）,精炼镍：产能利用率：中国（月）,ID01002083,NI,74.28,high_confidence,ths_candidate_mapping,2026-10-01
ALIAS-0211,镍精矿进口量（万吨）,镍铁进口量,CM0000138647,NI,94.55,high_confidence,ths_candidate_mapping,2026-10-01
ALIAS-0212,镍精矿进口总量（万吨）,镍铁进口量,CM0000138647,NI,78.0,high_confidence,ths_candidate_mapping,2026-10-01
ALIAS-0213,镍精矿进口量（吨）,镍铁进口量,CM0000138647,NI,94.55,high_confidence,ths_candidate_mapping,2026-10-01
ALIAS-0214,中国从印尼进口镍精矿量（万吨）,中国冰镍进口量,ID01364207,NI,72.23,high_confidence,ths_candidate_mapping,2026-10-01
ALIAS-0215,国内镍精炼产量（万吨）,中国精炼镍产量,ID01002085,NI,92.86,high_confidence,ths_candidate_mapping,2026-10-01
ALIAS-0216,镍精矿进口量（万吨）,镍铁进口量,CM0000138647,NI,94.55,high_confidence,ths_candidate_mapping,2026-10-01
ALIAS-0217,印尼镍精矿进口量（万吨）,镍铁进口量,CM0000138647,NI,80.0,high_confidence,ths_candidate_mapping,2026-10-01
ALIAS-0218,菲律宾镍精矿进口量（万吨）,镍铁进口量,CM0000138647,NI,74.28,high_confidence,ths_candidate_mapping,2026-10-01
ALIAS-0219,印尼镍精矿TC（美元/吨干矿）,印尼镍矿价格（HPM 1.6%）,s22793258,NI,80.0,high_confidence,ths_candidate_mapping,2026-10-01
ALIAS-0220,印尼镍精矿进口量（万吨）,镍铁进口量,CM0000138647,NI,80.0,high_confidence,ths_candidate_mapping,2026-10-01
ALIAS-0221,菲律宾镍精矿进口量（万吨）,镍铁进口量,CM0000138647,NI,74.28,high_confidence,ths_candidate_mapping,2026-10-01
ALIAS-0222,沪镍主力合约收盘价（元/吨）,SHFE：镍：主力合约：收盘价（日）,FU00014997,NI,82.73,high_confidence,ths_candidate_mapping,2026-10-01
ALIAS-0223,镍铁冶炼利润（元/吨）,镍铁理论利润（RKEF 山东）,a10020849,NI,86.67,high_confidence,ths_candidate_mapping,2026-10-01
ALIAS-0224,电解镍产量,中国镍铁产量,ID01002124,NI,70.91,high_confidence,ths_candidate_mapping,2026-10-01
ALIAS-0225,电解镍产量（万吨）,中国镍铁产量,ID01002124,NI,70.91,high_confidence,ths_candidate_mapping,2026-10-01
ALIAS-0226,镍铁产量,中国镍铁产量,ID01002124,NI,86.67,high_confidence,ths_candidate_mapping,2026-10-01
ALIAS-0227,镍铁产量（万吨）,中国镍铁产量,ID01002124,NI,86.67,high_confidence,ths_candidate_mapping,2026-10-01
ALIAS-0228,高冰镍产量,印尼冰镍产量（分品味）,ID01858105,NI,94.55,high_confidence,ths_candidate_mapping,2026-10-01
ALIAS-0229,高冰镍产量（万吨）,印尼冰镍产量（分品味）,ID01858105,NI,94.55,high_confidence,ths_candidate_mapping,2026-10-01
ALIAS-0230,精炼镍产量,精炼镍：产量：印尼（月）,ID02026189,NI,92.86,high_confidence,ths_candidate_mapping,2026-10-01
ALIAS-0231,精炼镍产量（万吨）,精炼镍：产量：印尼（月）,ID02026189,NI,92.86,high_confidence,ths_candidate_mapping,2026-10-01
ALIAS-0232,LME镍注册仓单,LME：镍：注销仓单（日）,FU00014818,NI,100.0,high_confidence,ths_candidate_mapping,2026-10-01
ALIAS-0233,LME镍注册仓单（吨）,LME：镍：注销仓单（日）,FU00014818,NI,100.0,high_confidence,ths_candidate_mapping,2026-10-01
ALIAS-0234,精炼镍开工率,精炼镍：开工率：印尼（月）,ID02026188,NI,97.5,high_confidence,ths_candidate_mapping,2026-10-01
ALIAS-0235,精炼镍开工率（%）,精炼镍：开工率：印尼（月）,ID02026188,NI,97.5,high_confidence,ths_candidate_mapping,2026-10-01
ALIAS-0236,再生镍产量,中国镍铁产量,ID01002124,NI,70.91,high_confidence,ths_candidate_mapping,2026-10-01
ALIAS-0237,再生镍产量（万吨）,中国镍铁产量,ID01002124,NI,70.91,high_confidence,ths_candidate_mapping,2026-10-01
ALIAS-0238,硫酸镍产量,中国硫酸镍产量,ID01002132,NI,92.86,high_confidence,ths_candidate_mapping,2026-10-01
ALIAS-0239,硫酸镍产量（万吨）,中国硫酸镍产量,ID01002132,NI,92.86,high_confidence,ths_candidate_mapping,2026-10-01
ALIAS-0240,镍铁冶炼利润,镍铁理论利润（RKEF 山东）,a10020849,NI,86.67,high_confidence,ths_candidate_mapping,2026-10-01
ALIAS-0241,镍铁冶炼利润（元/吨）,镍铁理论利润（RKEF 山东）,a10020849,NI,86.67,high_confidence,ths_candidate_mapping,2026-10-01
ALIAS-0242,沪镍主力合约收盘价,SHFE：镍：主力合约：收盘价（日）,FU00014997,NI,82.73,high_confidence,ths_candidate_mapping,2026-10-01
ALIAS-0243,沪镍主力合约收盘价（元/吨）,SHFE：镍：主力合约：收盘价（日）,FU00014997,NI,82.73,high_confidence,ths_candidate_mapping,2026-10-01
ALIAS-0244,电解镍产量（万吨）,中国镍铁产量,ID01002124,NI,70.91,high_confidence,ths_candidate_mapping,2026-10-01
ALIAS-0245,电解镍产能利用率（%）,精炼镍：产能利用率：中国（月）,ID01002083,NI,78.0,high_confidence,ths_candidate_mapping,2026-10-01
ALIAS-0246,镍铁产量（万吨）,中国镍铁产量,ID01002124,NI,86.67,high_confidence,ths_candidate_mapping,2026-10-01
ALIAS-0247,镍铁产能利用率（%）,精炼镍：产能利用率：中国（月）,ID01002083,NI,82.11,high_confidence,ths_candidate_mapping,2026-10-01
ALIAS-0248,高冰镍产量（万吨）,印尼冰镍产量（分品味）,ID01858105,NI,94.55,high_confidence,ths_candidate_mapping,2026-10-01
ALIAS-0249,高冰镍产能利用率（%）,精炼镍：产能利用率：中国（月）,ID01002083,NI,78.0,high_confidence,ths_candidate_mapping,2026-10-01
ALIAS-0250,精炼镍产量（万吨）,精炼镍：产量：印尼（月）,ID02026189,NI,92.86,high_confidence,ths_candidate_mapping,2026-10-01
ALIAS-0251,精炼镍产能利用率（%）,精炼镍：产能利用率：中国（月）,ID01002083,NI,100.0,high_confidence,ths_candidate_mapping,2026-10-01
ALIAS-0252,镍精炼产量（万吨）,中国精炼镍产量,ID01002085,NI,86.67,high_confidence,ths_candidate_mapping,2026-10-01
ALIAS-0253,镍铁检修量（万吨）,镍铁进口量,CM0000138647,NI,78.0,high_confidence,ths_candidate_mapping,2026-10-01
ALIAS-0254,精炼镍开工率（%）,精炼镍：开工率：印尼（月）,ID02026188,NI,97.5,high_confidence,ths_candidate_mapping,2026-10-01
ALIAS-0255,精炼镍检修量（万吨）,中国精炼镍产量,ID01002085,NI,80.0,high_confidence,ths_candidate_mapping,2026-10-01
ALIAS-0256,镍精炼开工率（%）,精炼镍：开工率：印尼（月）,ID02026188,NI,81.25,high_confidence,ths_candidate_mapping,2026-10-01
ALIAS-0257,再生镍产量（万吨）,中国镍铁产量,ID01002124,NI,70.91,high_confidence,ths_candidate_mapping,2026-10-01
ALIAS-0258,不锈钢废料进口量（万吨）,不锈钢进口量,a10018706,NI,85.71,high_confidence,ths_candidate_mapping,2026-10-01
ALIAS-0259,高冰镍进口量（万吨）,中国冰镍进口量,ID01364207,NI,100.0,high_confidence,ths_candidate_mapping,2026-10-01
ALIAS-0260,电解镍产量（万吨）,中国镍铁产量,ID01002124,NI,70.91,high_confidence,ths_candidate_mapping,2026-10-01
ALIAS-0261,镍铁冶炼利润（元/吨）,镍铁理论利润（RKEF 山东）,a10020849,NI,86.67,high_confidence,ths_candidate_mapping,2026-10-01
ALIAS-0262,镍铁完全成本（元/吨）,低镍生铁：成本（日）,ID01360199,NI,80.0,high_confidence,ths_candidate_mapping,2026-10-01
ALIAS-0263,沪镍主力合约收盘价（元/吨）,SHFE：镍：主力合约：收盘价（日）,FU00014997,NI,82.73,high_confidence,ths_candidate_mapping,2026-10-01
ALIAS-0264,上期所镍注销仓单量（手）,LME：镍：注销仓单（日）,FU00014818,NI,76.47,high_confidence,ths_candidate_mapping,2026-10-01
ALIAS-0265,沪镍主力合约收盘价（元/吨）,SHFE：镍：主力合约：收盘价（日）,FU00014997,NI,82.73,high_confidence,ths_candidate_mapping,2026-10-01
ALIAS-0266,镍进口盈亏（元/吨）,镍豆：进口盈亏（日）,ID00408378,NI,100.0,high_confidence,ths_candidate_mapping,2026-10-01
ALIAS-0267,LME镍库存（手）,LME镍库存,a12764445,NI,100.0,high_confidence,ths_candidate_mapping,2026-10-01
ALIAS-0268,中国精炼镍仓单库存,中国精炼镍产量,ID01002085,NI,81.25,high_confidence,ths_candidate_mapping,2026-10-01
ALIAS-0269,LME镍库存（LME Nickel Stock）,LME镍库存,a12764445,NI,100.0,high_confidence,ths_candidate_mapping,2026-10-01
ALIAS-0270,沪镍主力合约收盘价,SHFE：镍：主力合约：收盘价（日）,FU00014997,NI,82.73,high_confidence,ths_candidate_mapping,2026-10-01
ALIAS-0271,镍进口盈亏,镍豆：进口盈亏（日）,ID00408378,NI,100.0,high_confidence,ths_candidate_mapping,2026-10-01
ALIAS-0272,SMM镍进口盈亏,SMM: 电解镍进口盈亏（沪伦价格差）: 日度,a10000206,NI,94.55,high_confidence,ths_candidate_mapping,2026-10-01
ALIAS-0273,Mysteel镍豆进口盈亏,镍豆：进口盈亏（日）,ID00408378,NI,78.0,high_confidence,ths_candidate_mapping,2026-10-01
ALIAS-0274,LME镍库存,LME镍库存,a12764445,NI,100.0,high_confidence,ths_candidate_mapping,2026-10-01
ALIAS-0275,SMM LME镍库存,LME镍库存,a12764445,NI,86.67,high_confidence,ths_candidate_mapping,2026-10-01
ALIAS-0276,上期所镍注销仓单量（手）,LME：镍：注销仓单（日）,FU00014818,NI,76.47,high_confidence,ths_candidate_mapping,2026-10-01
ALIAS-0277,LME镍库存（手）,LME镍库存,a12764445,NI,100.0,high_confidence,ths_candidate_mapping,2026-10-01
ALIAS-0278,沪镍主力合约收盘价（元/吨）,SHFE：镍：主力合约：收盘价（日）,FU00014997,NI,82.73,high_confidence,ths_candidate_mapping,2026-10-01
ALIAS-0279,LME镍注销仓单占比（LME Nickel Unregistered Stock Ratio）,LME：镍：注销仓单（日）,FU00014818,NI,100.0,high_confidence,ths_candidate_mapping,2026-10-01
ALIAS-0280,上期所镍仓单量、LME镍库存,LME镍库存分布：洲,a12764460,NI,70.91,high_confidence,ths_candidate_mapping,2026-10-01
ALIAS-0281,镍社会库存总量（万吨）,镍铁库存,a12854683,NI,86.67,high_confidence,ths_candidate_mapping,2026-10-01
ALIAS-0282,沪镍主力合约收盘价（元/吨）,SHFE：镍：主力合约：收盘价（日）,FU00014997,NI,82.73,high_confidence,ths_candidate_mapping,2026-10-01
ALIAS-0283,镍社会库存总量（含上期所、南储、隐性）,镍铁库存,a12854683,NI,86.67,high_confidence,ths_candidate_mapping,2026-10-01
ALIAS-0284,镍社会库存总量、LME镍库存,LME镍库存分布：洲,a12764460,NI,70.91,high_confidence,ths_candidate_mapping,2026-10-01
ALIAS-0285,电解镍厂库存（万吨）,镍铁库存,a12854683,NI,78.0,high_confidence,ths_candidate_mapping,2026-10-01
ALIAS-0286,镍铁厂库存（万吨）,镍铁库存,a12854683,NI,100.0,high_confidence,ths_candidate_mapping,2026-10-01
ALIAS-0287,镍铁厂库存天数（天）,镍铁库存,a12854683,NI,94.55,high_confidence,ths_candidate_mapping,2026-10-01
ALIAS-0288,高冰镍厂库存（万吨）,镍铁库存,a12854683,NI,78.0,high_confidence,ths_candidate_mapping,2026-10-01
ALIAS-0289,精炼镍厂库存（万吨）,镍铁库存,a12854683,NI,78.0,high_confidence,ths_candidate_mapping,2026-10-01
ALIAS-0290,镍厂库存总量（万吨）,镍铁库存,a12854683,NI,97.5,high_confidence,ths_candidate_mapping,2026-10-01
ALIAS-0291,沪镍主力合约收盘价（元/吨）,SHFE：镍：主力合约：收盘价（日）,FU00014997,NI,82.73,high_confidence,ths_candidate_mapping,2026-10-01
ALIAS-0292,SMM镍铁厂库存,镍铁库存,a12854683,NI,86.67,high_confidence,ths_candidate_mapping,2026-10-01
ALIAS-0293,镍在途库存总量（万吨）,镍铁库存,a12854683,NI,86.67,high_confidence,ths_candidate_mapping,2026-10-01
ALIAS-0294,镍隐性库存总量（万吨）,镍铁库存,a12854683,NI,86.67,high_confidence,ths_candidate_mapping,2026-10-01
ALIAS-0295,沪镍主力合约收盘价（元/吨）,SHFE：镍：主力合约：收盘价（日）,FU00014997,NI,82.73,high_confidence,ths_candidate_mapping,2026-10-01
ALIAS-0296,沪镍主力合约收盘价（元/吨）,SHFE：镍：主力合约：收盘价（日）,FU00014997,NI,82.73,high_confidence,ths_candidate_mapping,2026-10-01
ALIAS-0297,精炼镍开工率,精炼镍：开工率：印尼（月）,ID02026188,NI,97.5,high_confidence,ths_candidate_mapping,2026-10-01
ALIAS-0298,精炼镍产量,精炼镍：产量：印尼（月）,ID02026189,NI,92.86,high_confidence,ths_candidate_mapping,2026-10-01
ALIAS-0299,精炼镍开工率、精炼镍产量,精炼镍：开工率：印尼（月）,ID02026188,NI,70.91,high_confidence,ths_candidate_mapping,2026-10-01
ALIAS-0300,不锈钢表观消费（万吨）,不锈钢：表观消费量：中国（月）,ID01002056,NI,73.68,high_confidence,ths_candidate_mapping,2026-10-01
ALIAS-0301,沪镍主力合约收盘价（元/吨）,SHFE：镍：主力合约：收盘价（日）,FU00014997,NI,82.73,high_confidence,ths_candidate_mapping,2026-10-01
ALIAS-0302,不锈钢表观消费量,不锈钢：表观消费量：中国（月）,ID01002056,NI,80.0,high_confidence,ths_candidate_mapping,2026-10-01
ALIAS-0303,镍进口量（万吨）,镍铁进口量,CM0000138647,NI,100.0,high_confidence,ths_candidate_mapping,2026-10-01
ALIAS-0304,镍进口盈亏（元/吨）,镍豆：进口盈亏（日）,ID00408378,NI,100.0,high_confidence,ths_candidate_mapping,2026-10-01
ALIAS-0305,LME镍库存（手）,LME镍库存,a12764445,NI,100.0,high_confidence,ths_candidate_mapping,2026-10-01
ALIAS-0306,LME镍库存,LME镍库存,a12764445,NI,100.0,high_confidence,ths_candidate_mapping,2026-10-01
ALIAS-0307,LME镍库存（LME镍库存）,LME镍库存,a12764445,NI,100.0,high_confidence,ths_candidate_mapping,2026-10-01
ALIAS-0308,LME镍注册仓单,LME：镍：注销仓单（日）,FU00014818,NI,100.0,high_confidence,ths_candidate_mapping,2026-10-01
ALIAS-0309,LME镍注册仓单（LME镍注册仓单）,LME：镍：注销仓单（日）,FU00014818,NI,100.0,high_confidence,ths_candidate_mapping,2026-10-01
ALIAS-0310,LME镍注销仓单,LME：镍：注销仓单（日）,FU00014818,NI,100.0,high_confidence,ths_candidate_mapping,2026-10-01
ALIAS-0311,LME镍注销仓单（LME镍注销仓单）,LME：镍：注销仓单（日）,FU00014818,NI,100.0,high_confidence,ths_candidate_mapping,2026-10-01
ALIAS-0312,镍进口量,镍铁进口量,CM0000138647,NI,100.0,high_confidence,ths_candidate_mapping,2026-10-01
ALIAS-0313,LME镍库存、镍进口量,LME镍库存分布：洲,a12764460,NI,74.28,high_confidence,ths_candidate_mapping,2026-10-01
ALIAS-0314,LME镍库存、沪镍主力合约收盘价,SHFE：镍：主力合约：收盘价（日）,FU00014997,NI,71.72,high_confidence,ths_candidate_mapping,2026-10-01
ALIAS-0315,镍矿进口量（万吨）,镍铁进口量,CM0000138647,NI,100.0,high_confidence,ths_candidate_mapping,2026-10-01
ALIAS-0316,镍矿进口盈亏（元/吨）,镍豆：进口盈亏（日）,ID00408378,NI,100.0,high_confidence,ths_candidate_mapping,2026-10-01
ALIAS-0317,镍生铁/NPI进口量（万吨）,镍铁进口量,CM0000138647,NI,92.86,high_confidence,ths_candidate_mapping,2026-10-01
ALIAS-0318,镍生铁/NPI进口盈亏（元/吨）,镍豆：进口盈亏（日）,ID00408378,NI,76.47,high_confidence,ths_candidate_mapping,2026-10-01
ALIAS-0319,高冰镍进口量（万吨）,中国冰镍进口量,ID01364207,NI,100.0,high_confidence,ths_candidate_mapping,2026-10-01
ALIAS-0320,高冰镍进口盈亏（元/吨）,镍豆：进口盈亏（日）,ID00408378,NI,92.86,high_confidence,ths_candidate_mapping,2026-10-01
ALIAS-0321,电解镍进口量（万吨）,镍铁进口量,CM0000138647,NI,94.55,high_confidence,ths_candidate_mapping,2026-10-01
ALIAS-0322,电解镍进口盈亏（元/吨）,镍豆：进口盈亏（日）,ID00408378,NI,92.86,high_confidence,ths_candidate_mapping,2026-10-01
ALIAS-0323,印尼镍矿进口量（万吨）,镍铁进口量,CM0000138647,NI,86.67,high_confidence,ths_candidate_mapping,2026-10-01
ALIAS-0324,菲律宾镍矿进口量（万吨）,镍铁进口量,CM0000138647,NI,80.0,high_confidence,ths_candidate_mapping,2026-10-01
ALIAS-0325,镍原料进口总量（万吨）,镍铁进口量,CM0000138647,NI,78.0,high_confidence,ths_candidate_mapping,2026-10-01
ALIAS-0326,沪镍主力合约收盘价（元/吨）,SHFE：镍：主力合约：收盘价（日）,FU00014997,NI,82.73,high_confidence,ths_candidate_mapping,2026-10-01
ALIAS-0327,电解镍进口量（万吨）,镍铁进口量,CM0000138647,NI,94.55,high_confidence,ths_candidate_mapping,2026-10-01
ALIAS-0328,电解镍进口盈亏（元/吨）,镍豆：进口盈亏（日）,ID00408378,NI,92.86,high_confidence,ths_candidate_mapping,2026-10-01
ALIAS-0329,电解镍出口量（万吨）,中国硫酸镍出口量,a10099193,NI,74.28,high_confidence,ths_candidate_mapping,2026-10-01
ALIAS-0330,电解镍出口盈亏（元/吨）,SMM: 电解镍进口盈亏（沪伦价格差）: 日度,a10000206,NI,74.28,high_confidence,ths_candidate_mapping,2026-10-01
ALIAS-0331,精炼镍进口量（万吨）,镍铁进口量,CM0000138647,NI,94.55,high_confidence,ths_candidate_mapping,2026-10-01
ALIAS-0332,精炼镍进口盈亏（元/吨）,镍豆：进口盈亏（日）,ID00408378,NI,92.86,high_confidence,ths_candidate_mapping,2026-10-01
ALIAS-0333,高冰镍进口量（万吨）,中国冰镍进口量,ID01364207,NI,100.0,high_confidence,ths_candidate_mapping,2026-10-01
ALIAS-0334,高冰镍进口盈亏（元/吨）,镍豆：进口盈亏（日）,ID00408378,NI,92.86,high_confidence,ths_candidate_mapping,2026-10-01
ALIAS-0335,印尼电解镍进口量（万吨）,镍铁进口量,CM0000138647,NI,80.0,high_confidence,ths_candidate_mapping,2026-10-01
ALIAS-0336,菲律宾电解镍进口量（万吨）,镍铁进口量,CM0000138647,NI,74.28,high_confidence,ths_candidate_mapping,2026-10-01
ALIAS-0337,沪镍主力合约收盘价（元/吨）,SHFE：镍：主力合约：收盘价（日）,FU00014997,NI,82.73,high_confidence,ths_candidate_mapping,2026-10-01
ALIAS-0338,不锈钢出口量（万吨）,不锈钢出口量,a12820603,NI,100.0,high_confidence,ths_candidate_mapping,2026-10-01
ALIAS-0339,不锈钢出口金额（亿美元）,不锈钢：出口金额：辽宁（月）,ID01580689,NI,77.78,high_confidence,ths_candidate_mapping,2026-10-01
ALIAS-0340,镍合金出口量（万吨）,中国硫酸镍出口量,a10099193,NI,74.28,high_confidence,ths_candidate_mapping,2026-10-01
ALIAS-0341,镍合金出口金额（亿美元）,未锻轧非合金镍：出口金额合计：中国（月）,ID00188815,NI,70.91,high_confidence,ths_candidate_mapping,2026-10-01
ALIAS-0342,印尼不锈钢出口量（万吨）,不锈钢出口量,a12820603,NI,75.0,high_confidence,ths_candidate_mapping,2026-10-01
ALIAS-0343,越南不锈钢出口量（万吨）,不锈钢出口量,a12820603,NI,75.0,high_confidence,ths_candidate_mapping,2026-10-01
ALIAS-0344,泰国不锈钢出口量（万吨）,不锈钢出口量,a12820603,NI,75.0,high_confidence,ths_candidate_mapping,2026-10-01
ALIAS-0345,沪镍主力合约收盘价（元/吨）,SHFE：镍：主力合约：收盘价（日）,FU00014997,NI,82.73,high_confidence,ths_candidate_mapping,2026-10-01
ALIAS-0346,印尼镍矿发运天数（天）,印尼镍矿价格（HPM 1.6%）,s22793258,NI,74.28,high_confidence,ths_candidate_mapping,2026-10-01
ALIAS-0347,LME镍库存（手）,LME镍库存,a12764445,NI,100.0,high_confidence,ths_candidate_mapping,2026-10-01
ALIAS-0348,镍矿成本（元/吨）,低镍生铁：成本（日）,ID01360199,NI,70.91,high_confidence,ths_candidate_mapping,2026-10-01
ALIAS-0349,镍铁一体化成本（元/吨）,低镍生铁：成本（日）,ID01360199,NI,74.28,high_confidence,ths_candidate_mapping,2026-10-01
ALIAS-0350,镍价（元/吨）,镍铁价格（江苏，7%≤Ni≤13%）,ID00185681,NI,86.67,high_confidence,ths_candidate_mapping,2026-10-01
ALIAS-0351,沪镍主力合约收盘价（元/吨）,SHFE：镍：主力合约：收盘价（日）,FU00014997,NI,82.73,high_confidence,ths_candidate_mapping,2026-10-01
ALIAS-0352,沪镍主力合约收盘价（元/吨）,SHFE：镍：主力合约：收盘价（日）,FU00014997,NI,82.73,high_confidence,ths_candidate_mapping,2026-10-01
ALIAS-0353,镍矿成本（元/吨）,低镍生铁：成本（日）,ID01360199,NI,70.91,high_confidence,ths_candidate_mapping,2026-10-01
ALIAS-0354,镍价（元/吨）,镍铁价格（江苏，7%≤Ni≤13%）,ID00185681,NI,86.67,high_confidence,ths_candidate_mapping,2026-10-01
ALIAS-0355,镍进口盈亏（元/吨）,镍豆：进口盈亏（日）,ID00408378,NI,100.0,high_confidence,ths_candidate_mapping,2026-10-01
ALIAS-0356,电解镍进口盈亏（元/吨）,镍豆：进口盈亏（日）,ID00408378,NI,92.86,high_confidence,ths_candidate_mapping,2026-10-01
ALIAS-0357,镍出口盈亏（元/吨）,镍豆：进口盈亏（日）,ID00408378,NI,86.67,high_confidence,ths_candidate_mapping,2026-10-01
ALIAS-0358,电解镍出口盈亏（元/吨）,SMM: 电解镍进口盈亏（沪伦价格差）: 日度,a10000206,NI,74.28,high_confidence,ths_candidate_mapping,2026-10-01
ALIAS-0359,镍矿成本（元/吨）,低镍生铁：成本（日）,ID01360199,NI,70.91,high_confidence,ths_candidate_mapping,2026-10-01
ALIAS-0360,镍生铁/NPI成本（元/吨）,低镍生铁：成本（日）,ID01360199,NI,86.67,high_confidence,ths_candidate_mapping,2026-10-01
ALIAS-0361,沪镍主力合约收盘价（元/吨）,SHFE：镍：主力合约：收盘价（日）,FU00014997,NI,82.73,high_confidence,ths_candidate_mapping,2026-10-01
ALIAS-0362,印尼镍矿HPM基准价（美元/湿吨）,印尼镍矿价格（HPM 1.6%）,s22793258,NI,81.25,high_confidence,ths_candidate_mapping,2026-10-01
ALIAS-0363,镍矿港口库存（万吨）,镍铁库存,a12854683,NI,78.0,high_confidence,ths_candidate_mapping,2026-10-01
ALIAS-0364,中国镍矿到港量（万吨）,中国镍铁产量,ID01002124,NI,80.0,high_confidence,ths_candidate_mapping,2026-10-01
ALIAS-0365,工业硅期货主力合约收盘价（元/吨）,工业硅主力合约收盘价,a10154400,SI,100.0,high_confidence,ths_candidate_mapping,2026-10-01
ALIAS-0366,工业硅期货持仓量（手）,工业硅主力合约持仓量,a10154412,SI,91.77,high_confidence,ths_candidate_mapping,2026-10-01
ALIAS-0367,工业硅期货日度成交量（手）,工业硅主力合约成交量,a10154413,SI,82.11,high_confidence,ths_candidate_mapping,2026-10-01
ALIAS-0368,工业硅期货日度持仓量（手）,工业硅主力合约持仓量,a10154412,SI,82.11,high_confidence,ths_candidate_mapping,2026-10-01
ALIAS-0369,工业硅期货日度持仓量分位（%）,工业硅主力合约持仓量,a10154412,SI,74.28,high_confidence,ths_candidate_mapping,2026-10-01
ALIAS-0370,工业硅期货日度基差（元/吨）,工业硅期货月差,FU00039384,SI,97.5,high_confidence,ths_candidate_mapping,2026-10-01
ALIAS-0371,工业硅期货日度月差（元/吨）,工业硅期货月差,FU00039384,SI,100.0,high_confidence,ths_candidate_mapping,2026-10-01
ALIAS-0372,工业硅现货升贴水（元/吨）,工业硅现货价421#,ID01297273,SI,72.23,high_confidence,ths_candidate_mapping,2026-10-01
ALIAS-0373,工业硅期货主力合约收盘价（元/吨）,工业硅主力合约收盘价,a10154400,SI,100.0,high_confidence,ths_candidate_mapping,2026-10-01
ALIAS-0374,工业硅基差（元/吨）,工业硅基差,a12841761,SI,100.0,high_confidence,ths_candidate_mapping,2026-10-01
ALIAS-0375,工业硅现货价格（元/吨）,新疆工业硅价格(SMM),ID01305501,SI,92.86,high_confidence,ths_candidate_mapping,2026-10-01
ALIAS-0376,工业硅仓单注册量（吨）,工业硅主力合约持仓量,a10154412,SI,76.47,high_confidence,ths_candidate_mapping,2026-10-01
ALIAS-0377,工业硅进口盈亏（元/吨）,工业硅进口量,CM0000287718,SI,100.0,high_confidence,ths_candidate_mapping,2026-10-01
ALIAS-0378,工业硅沪伦比（倍）,工业硅基差,a12841761,SI,70.91,high_confidence,ths_candidate_mapping,2026-10-01
ALIAS-0379,工业硅月差（元/吨）,工业硅基差,a12841761,SI,100.0,high_confidence,ths_candidate_mapping,2026-10-01
ALIAS-0380,LME工业硅收盘价（美元/吨）,工业硅主力合约收盘价,a10154400,SI,86.67,high_confidence,ths_candidate_mapping,2026-10-01
ALIAS-0381,LME工业硅持仓量（手）,工业硅主力合约持仓量,a10154412,SI,86.67,high_confidence,ths_candidate_mapping,2026-10-01
ALIAS-0382,COMEX工业硅收盘价（美元/磅）,工业硅主力合约收盘价,a10154400,SI,78.0,high_confidence,ths_candidate_mapping,2026-10-01
ALIAS-0383,COMEX工业硅持仓量（手）,工业硅主力合约持仓量,a10154412,SI,78.0,high_confidence,ths_candidate_mapping,2026-10-01
ALIAS-0384,沪伦比（倍）,锡沪伦比,ID01895225,SI,75.0,high_confidence,ths_candidate_mapping,2026-10-01
ALIAS-0385,工业硅进口盈亏（元/吨）,工业硅进口量,CM0000287718,SI,100.0,high_confidence,ths_candidate_mapping,2026-10-01
ALIAS-0386,LME工业硅现金价格（美元/吨）,工业硅现金成本,ID02313948,SI,76.47,high_confidence,ths_candidate_mapping,2026-10-01
ALIAS-0387,工业硅期货月差（元/吨）,工业硅期货月差,FU00039384,SI,100.0,high_confidence,ths_candidate_mapping,2026-10-01
ALIAS-0388,工业硅期货主力合约收盘价（元/吨）,工业硅主力合约收盘价,a10154400,SI,100.0,high_confidence,ths_candidate_mapping,2026-10-01
ALIAS-0389,工业硅期货近月合约收盘价（元/吨）,工业硅主力合约收盘价,a10154400,SI,91.0,high_confidence,ths_candidate_mapping,2026-10-01
ALIAS-0390,工业硅期货远月合约收盘价（元/吨）,工业硅主力合约收盘价,a10154400,SI,91.0,high_confidence,ths_candidate_mapping,2026-10-01
ALIAS-0391,工业硅期货仓单注册量（吨）,工业硅期货月差,FU00039384,SI,76.47,high_confidence,ths_candidate_mapping,2026-10-01
ALIAS-0392,工业硅期货持仓量（手）,工业硅主力合约持仓量,a10154412,SI,91.77,high_confidence,ths_candidate_mapping,2026-10-01
ALIAS-0393,工业硅期货基差（元/吨）,工业硅基差,a12841761,SI,100.0,high_confidence,ths_candidate_mapping,2026-10-01
ALIAS-0394,工业硅冶炼利润（元/吨）,工业硅冶炼利润,ID01528164,SI,100.0,high_confidence,ths_candidate_mapping,2026-10-01
ALIAS-0395,工业硅期货主力合约收盘价（元/吨）,工业硅主力合约收盘价,a10154400,SI,100.0,high_confidence,ths_candidate_mapping,2026-10-01
ALIAS-0396,多晶硅冶炼利润（元/吨）,工业硅冶炼利润,ID01528164,SI,92.86,high_confidence,ths_candidate_mapping,2026-10-01
ALIAS-0397,多晶硅期货主力合约收盘价（元/吨）,工业硅主力合约收盘价,a10154400,SI,91.0,high_confidence,ths_candidate_mapping,2026-10-01
ALIAS-0398,工业硅冶炼成本（元/吨）,工业硅冶炼成本,ID01523501,SI,100.0,high_confidence,ths_candidate_mapping,2026-10-01
ALIAS-0399,多晶硅冶炼成本（元/吨）,工业硅冶炼成本,ID01523501,SI,92.86,high_confidence,ths_candidate_mapping,2026-10-01
ALIAS-0400,工业硅冶炼利润分位（%）,工业硅冶炼利润,ID01528164,SI,100.0,high_confidence,ths_candidate_mapping,2026-10-01
ALIAS-0401,工业硅期货多头前20持仓量（手）,工业硅空头前20持仓量,FU00085334,SI,100.0,high_confidence,ths_candidate_mapping,2026-10-01
ALIAS-0402,工业硅期货空头前20持仓量（手）,工业硅空头前20持仓量,FU00085334,SI,100.0,high_confidence,ths_candidate_mapping,2026-10-01
ALIAS-0403,工业硅期货多空前20净持仓（手）,工业硅空头前20持仓量,FU00085334,SI,97.5,high_confidence,ths_candidate_mapping,2026-10-01
ALIAS-0404,工业硅期货主力合约收盘价（元/吨）,工业硅主力合约收盘价,a10154400,SI,100.0,high_confidence,ths_candidate_mapping,2026-10-01
ALIAS-0405,工业硅期货多空持仓比（%）,工业硅期货月差,FU00039384,SI,76.47,high_confidence,ths_candidate_mapping,2026-10-01
ALIAS-0406,工业硅期货持仓量分位（%）,工业硅主力合约持仓量,a10154412,SI,82.11,high_confidence,ths_candidate_mapping,2026-10-01
ALIAS-0407,工业硅期货成交量（手）,工业硅主力合约成交量,a10154413,SI,91.77,high_confidence,ths_candidate_mapping,2026-10-01
ALIAS-0408,工业硅期货仓单注册量（吨）,工业硅期货月差,FU00039384,SI,76.47,high_confidence,ths_candidate_mapping,2026-10-01
ALIAS-0409,工业硅期货多空前20持仓量（手）,工业硅空头前20持仓量,FU00085334,SI,100.0,high_confidence,ths_candidate_mapping,2026-10-01
ALIAS-0410,海外硅矿季度产量（万吨）,硅片周度产量,a10169478,SI,74.28,high_confidence,ths_candidate_mapping,2026-10-01
ALIAS-0411,海外硅矿季度开工率（%）,硅片开工率,a10169445,SI,74.28,high_confidence,ths_candidate_mapping,2026-10-01
ALIAS-0412,海外硅矿季度产能利用率（%）,中国工业硅产能利用率,ID01445977,SI,74.28,high_confidence,ths_candidate_mapping,2026-10-01
ALIAS-0413,海外硅矿季度再生产量（万吨）,工业硅再生月产量,a12715177,SI,72.23,high_confidence,ths_candidate_mapping,2026-10-01
ALIAS-0414,中国硅矿月产量（万吨）,中国工业硅月产量,a10123426,SI,100.0,high_confidence,ths_candidate_mapping,2026-10-01
ALIAS-0415,美国硅矿月产量（万吨）,美国工业硅产量,ID01552216,SI,92.86,high_confidence,ths_candidate_mapping,2026-10-01
ALIAS-0416,中国硅矿月产能（万吨）,中国工业硅月产量,a10123426,SI,86.67,high_confidence,ths_candidate_mapping,2026-10-01
ALIAS-0417,美国硅矿月产能（万吨）,美国工业硅产量,ID01552216,SI,74.28,high_confidence,ths_candidate_mapping,2026-10-01
ALIAS-0418,中国硅矿月开工率（%）,中国工业硅开工率,a10123444,SI,97.5,high_confidence,ths_candidate_mapping,2026-10-01
ALIAS-0419,美国硅矿月开工率（%）,中国工业硅开工率,a10123444,SI,81.25,high_confidence,ths_candidate_mapping,2026-10-01
ALIAS-0420,巴西硅矿月开工率（%）,硅片开工率,a10169445,SI,80.0,high_confidence,ths_candidate_mapping,2026-10-01
ALIAS-0421,中国硅矿月进口量（万吨）,中国工业硅月产量,a10123426,SI,81.25,high_confidence,ths_candidate_mapping,2026-10-01
ALIAS-0422,美国硅矿月进口量（万吨）,工业硅精炼月进口量,a12715178,SI,76.47,high_confidence,ths_candidate_mapping,2026-10-01
ALIAS-0423,巴西硅矿月进口量（万吨）,工业硅精炼月进口量,a12715178,SI,76.47,high_confidence,ths_candidate_mapping,2026-10-01
ALIAS-0424,中国硅矿月再生产量（万吨）,中国工业硅月产量,a10123426,SI,91.77,high_confidence,ths_candidate_mapping,2026-10-01
ALIAS-0425,美国硅矿月再生产量（万吨）,美国工业硅产量,ID01552216,SI,81.25,high_confidence,ths_candidate_mapping,2026-10-01
ALIAS-0426,巴西硅矿月再生产量（万吨）,工业硅再生月产量,a12715177,SI,76.47,high_confidence,ths_candidate_mapping,2026-10-01
ALIAS-0427,中国硅矿月产能利用率（%）,中国工业硅产能利用率,ID01445977,SI,100.0,high_confidence,ths_candidate_mapping,2026-10-01
ALIAS-0428,美国硅矿月产能利用率（%）,中国工业硅产能利用率,ID01445977,SI,91.0,high_confidence,ths_candidate_mapping,2026-10-01
ALIAS-0429,巴西硅矿月产能利用率（%）,中国工业硅产能利用率,ID01445977,SI,78.0,high_confidence,ths_candidate_mapping,2026-10-01
ALIAS-0430,国内硅矿月产量（万吨）,中国工业硅月产量,a10123426,SI,86.67,high_confidence,ths_candidate_mapping,2026-10-01
ALIAS-0431,国内硅矿月开工率（%）,中国工业硅开工率,a10123444,SI,81.25,high_confidence,ths_candidate_mapping,2026-10-01
ALIAS-0432,国内硅矿月产能利用率（%）,中国工业硅产能利用率,ID01445977,SI,91.0,high_confidence,ths_candidate_mapping,2026-10-01
ALIAS-0433,国内硅矿月进口量（万吨）,工业硅精炼月进口量,a12715178,SI,76.47,high_confidence,ths_candidate_mapping,2026-10-01
ALIAS-0434,国内硅矿月再生产量（万吨）,工业硅再生月产量,a12715177,SI,76.47,high_confidence,ths_candidate_mapping,2026-10-01
ALIAS-0435,国内硅矿月产量（万吨）,中国工业硅月产量,a10123426,SI,86.67,high_confidence,ths_candidate_mapping,2026-10-01
ALIAS-0436,中国硅矿月进口量分国别（万吨）,工业硅月进口量分国别,ID01517910,SI,99.05,high_confidence,ths_candidate_mapping,2026-10-01
ALIAS-0437,LME工业硅收盘价（美元/吨）,工业硅主力合约收盘价,a10154400,SI,86.67,high_confidence,ths_candidate_mapping,2026-10-01
ALIAS-0438,国内硅矿月进口量（万吨）,工业硅精炼月进口量,a12715178,SI,76.47,high_confidence,ths_candidate_mapping,2026-10-01
ALIAS-0439,国内硅矿月进口量分国别占比（%）,工业硅月进口量分国别,ID01517910,SI,90.44,high_confidence,ths_candidate_mapping,2026-10-01
ALIAS-0440,工业硅矿端TC加工费（元/吨）,工业硅终端消费量,a12715181,SI,72.23,high_confidence,ths_candidate_mapping,2026-10-01
ALIAS-0441,工业硅期货主力合约收盘价（元/吨）,工业硅主力合约收盘价,a10154400,SI,100.0,high_confidence,ths_candidate_mapping,2026-10-01
ALIAS-0442,工业硅冶炼利润（元/吨）,工业硅冶炼利润,ID01528164,SI,100.0,high_confidence,ths_candidate_mapping,2026-10-01
ALIAS-0443,工业硅冶炼厂开工率（%）,中国工业硅开工率,a10123444,SI,91.77,high_confidence,ths_candidate_mapping,2026-10-01
ALIAS-0444,工业硅冶炼厂产能利用率（%）,中国工业硅产能利用率,ID01445977,SI,99.05,high_confidence,ths_candidate_mapping,2026-10-01
ALIAS-0445,工业硅冶炼厂检修量（万吨）,工业硅冶炼利润,ID01528164,SI,81.25,high_confidence,ths_candidate_mapping,2026-10-01
ALIAS-0446,工业硅冶炼厂进口量（万吨）,工业硅精炼月进口量,a12715178,SI,100.0,high_confidence,ths_candidate_mapping,2026-10-01
ALIAS-0447,工业硅精炼月产量（万吨）,工业硅精炼月产量,a12715175,SI,100.0,high_confidence,ths_candidate_mapping,2026-10-01
ALIAS-0448,工业硅精炼月产能（万吨）,工业硅精炼月产量,a12715175,SI,100.0,high_confidence,ths_candidate_mapping,2026-10-01
ALIAS-0449,多晶硅精炼月产量（万吨）,多晶硅产量,a12853285,SI,100.0,high_confidence,ths_candidate_mapping,2026-10-01
ALIAS-0450,多晶硅精炼月产能（万吨）,多晶硅产能,j02799420,SI,100.0,high_confidence,ths_candidate_mapping,2026-10-01
ALIAS-0451,金属硅精炼月产量（万吨）,工业硅精炼月产量,a12715175,SI,97.5,high_confidence,ths_candidate_mapping,2026-10-01
ALIAS-0452,金属硅精炼月产能（万吨）,工业硅精炼月产能,a12750402,SI,97.5,high_confidence,ths_candidate_mapping,2026-10-01
ALIAS-0453,工业硅精炼月开工率（%）,中国工业硅开工率,a10123444,SI,91.77,high_confidence,ths_candidate_mapping,2026-10-01
ALIAS-0454,多晶硅精炼月开工率（%）,多晶硅开工率,a10155018,SI,100.0,high_confidence,ths_candidate_mapping,2026-10-01
ALIAS-0455,工业硅精炼月产能利用率（%）,中国工业硅产能利用率,ID01445977,SI,99.05,high_confidence,ths_candidate_mapping,2026-10-01
ALIAS-0456,工业硅精炼月检修量（万吨）,工业硅精炼月产量,a12715175,SI,100.0,high_confidence,ths_candidate_mapping,2026-10-01
ALIAS-0457,工业硅精炼月开工率（%）,中国工业硅开工率,a10123444,SI,91.77,high_confidence,ths_candidate_mapping,2026-10-01
ALIAS-0458,工业硅精炼月检修量（万吨）,工业硅精炼月产量,a12715175,SI,100.0,high_confidence,ths_candidate_mapping,2026-10-01
ALIAS-0459,多晶硅精炼月开工率（%）,多晶硅开工率,a10155018,SI,100.0,high_confidence,ths_candidate_mapping,2026-10-01
ALIAS-0460,多晶硅精炼月检修量（万吨）,工业硅精炼月产量,a12715175,SI,76.47,high_confidence,ths_candidate_mapping,2026-10-01
ALIAS-0461,金属硅精炼月开工率（%）,硅片开工率,a10169445,SI,74.28,high_confidence,ths_candidate_mapping,2026-10-01
ALIAS-0462,金属硅精炼月检修量（万吨）,工业硅精炼月产量,a12715175,SI,76.47,high_confidence,ths_candidate_mapping,2026-10-01
ALIAS-0463,工业硅精炼月产能利用率（%）,中国工业硅产能利用率,ID01445977,SI,99.05,high_confidence,ths_candidate_mapping,2026-10-01
ALIAS-0464,工业硅精炼月产量（万吨）,工业硅精炼月产量,a12715175,SI,100.0,high_confidence,ths_candidate_mapping,2026-10-01
ALIAS-0465,工业硅精炼月开工天数（天）,工业硅精炼月产量,a12715175,SI,86.67,high_confidence,ths_candidate_mapping,2026-10-01
ALIAS-0466,工业硅再生月产量（万吨）,工业硅再生月产量,a12715177,SI,100.0,high_confidence,ths_candidate_mapping,2026-10-01
ALIAS-0467,工业硅再生月产能（万吨）,工业硅再生月产量,a12715177,SI,100.0,high_confidence,ths_candidate_mapping,2026-10-01
ALIAS-0468,多晶硅再生月产量（万吨）,多晶硅产量,a12853285,SI,100.0,high_confidence,ths_candidate_mapping,2026-10-01
ALIAS-0469,多晶硅再生月产能（万吨）,多晶硅产能,j02799420,SI,100.0,high_confidence,ths_candidate_mapping,2026-10-01
ALIAS-0470,金属硅再生月产量（万吨）,工业硅再生月产量,a12715177,SI,97.5,high_confidence,ths_candidate_mapping,2026-10-01
ALIAS-0471,金属硅再生月产能（万吨）,工业硅再生月产量,a12715177,SI,81.25,high_confidence,ths_candidate_mapping,2026-10-01
ALIAS-0472,工业硅再生月开工率（%）,中国工业硅开工率,a10123444,SI,91.77,high_confidence,ths_candidate_mapping,2026-10-01
ALIAS-0473,多晶硅再生月开工率（%）,多晶硅开工率,a10155018,SI,100.0,high_confidence,ths_candidate_mapping,2026-10-01
ALIAS-0474,工业硅再生月产能利用率（%）,中国工业硅产能利用率,ID01445977,SI,99.05,high_confidence,ths_candidate_mapping,2026-10-01
ALIAS-0475,工业硅再生月检修量（万吨）,工业硅再生月产量,a12715177,SI,100.0,high_confidence,ths_candidate_mapping,2026-10-01
ALIAS-0476,工业硅冶炼利润（元/吨）,工业硅冶炼利润,ID01528164,SI,100.0,high_confidence,ths_candidate_mapping,2026-10-01
ALIAS-0477,工业硅期货主力合约收盘价（元/吨）,工业硅主力合约收盘价,a10154400,SI,100.0,high_confidence,ths_candidate_mapping,2026-10-01
ALIAS-0478,多晶硅冶炼利润（元/吨）,工业硅冶炼利润,ID01528164,SI,92.86,high_confidence,ths_candidate_mapping,2026-10-01
ALIAS-0479,多晶硅期货主力合约收盘价（元/吨）,工业硅主力合约收盘价,a10154400,SI,91.0,high_confidence,ths_candidate_mapping,2026-10-01
ALIAS-0480,工业硅冶炼利润分位（%）,工业硅冶炼利润,ID01528164,SI,100.0,high_confidence,ths_candidate_mapping,2026-10-01
ALIAS-0481,工业硅冶炼厂开工率（%）,中国工业硅开工率,a10123444,SI,91.77,high_confidence,ths_candidate_mapping,2026-10-01
ALIAS-0482,工业硅冶炼厂检修量（万吨）,工业硅冶炼利润,ID01528164,SI,81.25,high_confidence,ths_candidate_mapping,2026-10-01
ALIAS-0483,工业硅冶炼厂产能利用率（%）,中国工业硅产能利用率,ID01445977,SI,99.05,high_confidence,ths_candidate_mapping,2026-10-01
ALIAS-0484,工业硅交易所库存总量（吨）,工业硅社会库存,a10020033,SI,86.67,high_confidence,ths_candidate_mapping,2026-10-01
ALIAS-0485,工业硅期货主力合约收盘价（元/吨）,工业硅主力合约收盘价,a10154400,SI,100.0,high_confidence,ths_candidate_mapping,2026-10-01
ALIAS-0486,多晶硅交易所库存总量（吨）,多晶硅区域库存,a12862948,SI,86.67,high_confidence,ths_candidate_mapping,2026-10-01
ALIAS-0487,多晶硅期货主力合约收盘价（元/吨）,工业硅主力合约收盘价,a10154400,SI,91.0,high_confidence,ths_candidate_mapping,2026-10-01
ALIAS-0488,工业硅仓单注册量（吨）,工业硅主力合约持仓量,a10154412,SI,76.47,high_confidence,ths_candidate_mapping,2026-10-01
ALIAS-0489,工业硅注销仓单量（吨）,工业硅主力合约持仓量,a10154412,SI,76.47,high_confidence,ths_candidate_mapping,2026-10-01
ALIAS-0490,工业硅在途库存（吨）,工业硅社会库存,a10020033,SI,92.86,high_confidence,ths_candidate_mapping,2026-10-01
ALIAS-0491,工业硅隐性库存（吨）,工业硅显性总库存,a12862942,SI,100.0,high_confidence,ths_candidate_mapping,2026-10-01
ALIAS-0492,工业硅库存天数（天）,工业硅社会库存,a10020033,SI,92.86,high_confidence,ths_candidate_mapping,2026-10-01
ALIAS-0493,工业硅注销仓单占比（%）,GFEX工业硅仓单总量,a10175359,SI,72.23,high_confidence,ths_candidate_mapping,2026-10-01
ALIAS-0494,工业硅仓单注册量（吨）,工业硅主力合约持仓量,a10154412,SI,76.47,high_confidence,ths_candidate_mapping,2026-10-01
ALIAS-0495,工业硅期货主力合约收盘价（元/吨）,工业硅主力合约收盘价,a10154400,SI,100.0,high_confidence,ths_candidate_mapping,2026-10-01
ALIAS-0496,多晶硅仓单注册量（吨）,多晶硅产量,a12853285,SI,80.0,high_confidence,ths_candidate_mapping,2026-10-01
ALIAS-0497,多晶硅期货主力合约收盘价（元/吨）,工业硅主力合约收盘价,a10154400,SI,91.0,high_confidence,ths_candidate_mapping,2026-10-01
ALIAS-0498,工业硅注销仓单量（吨）,工业硅主力合约持仓量,a10154412,SI,76.47,high_confidence,ths_candidate_mapping,2026-10-01
ALIAS-0499,多晶硅注销仓单量（吨）,多晶硅产量,a12853285,SI,80.0,high_confidence,ths_candidate_mapping,2026-10-01
ALIAS-0500,工业硅仓单占比（%）,GFEX工业硅仓单总量,a10175359,SI,81.25,high_confidence,ths_candidate_mapping,2026-10-01
ALIAS-0501,工业硅仓单分地区量（吨）,工业硅主力合约持仓量,a10154412,SI,72.23,high_confidence,ths_candidate_mapping,2026-10-01
ALIAS-0502,工业硅注销仓单占比（%）,GFEX工业硅仓单总量,a10175359,SI,72.23,high_confidence,ths_candidate_mapping,2026-10-01
ALIAS-0503,工业硅社会库存总量（万吨）,工业硅社会库存,a10020033,SI,100.0,high_confidence,ths_candidate_mapping,2026-10-01
ALIAS-0504,工业硅期货主力合约收盘价（元/吨）,工业硅主力合约收盘价,a10154400,SI,100.0,high_confidence,ths_candidate_mapping,2026-10-01
ALIAS-0505,多晶硅社会库存总量（万吨）,工业硅社会库存,a10020033,SI,92.86,high_confidence,ths_candidate_mapping,2026-10-01
ALIAS-0506,多晶硅期货主力合约收盘价（元/吨）,工业硅主力合约收盘价,a10154400,SI,91.0,high_confidence,ths_candidate_mapping,2026-10-01
ALIAS-0507,工业硅社会库存分地区量（万吨）,工业硅社会库存,a10020033,SI,82.73,high_confidence,ths_candidate_mapping,2026-10-01
ALIAS-0508,工业硅社会库存天数（天）,工业硅社会库存,a10020033,SI,100.0,high_confidence,ths_candidate_mapping,2026-10-01
ALIAS-0509,工业硅社会库存隐性库存（万吨）,工业硅社会库存,a10020033,SI,82.73,high_confidence,ths_candidate_mapping,2026-10-01
ALIAS-0510,工业硅社会库存在途库存（万吨）,工业硅社会库存,a10020033,SI,82.73,high_confidence,ths_candidate_mapping,2026-10-01
ALIAS-0511,工业硅社会库存厂内库存（万吨）,工业硅社会库存,a10020033,SI,82.73,high_confidence,ths_candidate_mapping,2026-10-01
ALIAS-0512,工业硅工厂库存总量（万吨）,工业硅工厂库存总量,a12811428,SI,100.0,high_confidence,ths_candidate_mapping,2026-10-01
ALIAS-0513,工业硅工厂库存天数（天）,工业硅工厂库存总量,a12811428,SI,100.0,high_confidence,ths_candidate_mapping,2026-10-01
ALIAS-0514,多晶硅工厂库存总量（万吨）,工业硅工厂库存总量,a12811428,SI,92.86,high_confidence,ths_candidate_mapping,2026-10-01
ALIAS-0515,多晶硅工厂库存天数（天）,工业硅工厂库存总量,a12811428,SI,81.25,high_confidence,ths_candidate_mapping,2026-10-01
ALIAS-0516,金属硅工厂库存总量（万吨）,工业硅工厂库存总量,a12811428,SI,92.86,high_confidence,ths_candidate_mapping,2026-10-01
ALIAS-0517,金属硅工厂库存天数（天）,金属硅社会库存-天津港,a10020033,SI,82.11,high_confidence,ths_candidate_mapping,2026-10-01
ALIAS-0518,工业硅工厂库存分地区量（万吨）,工业硅工厂库存总量,a12811428,SI,82.73,high_confidence,ths_candidate_mapping,2026-10-01
ALIAS-0519,工业硅工厂库存分持有者量（万吨）,工业硅工厂库存总量,a12811428,SI,75.83,high_confidence,ths_candidate_mapping,2026-10-01
ALIAS-0520,工业硅工厂库存在途库存（万吨）,工业硅工厂库存总量,a12811428,SI,82.73,high_confidence,ths_candidate_mapping,2026-10-01
ALIAS-0521,工业硅工厂库存隐性库存（万吨）,工业硅工厂库存总量,a12811428,SI,82.73,high_confidence,ths_candidate_mapping,2026-10-01
ALIAS-0522,工业硅隐性库存总量（万吨）,工业硅显性总库存,a12862942,SI,100.0,high_confidence,ths_candidate_mapping,2026-10-01
ALIAS-0523,工业硅社会库存总量（万吨）,工业硅社会库存,a10020033,SI,100.0,high_confidence,ths_candidate_mapping,2026-10-01
ALIAS-0524,多晶硅隐性库存总量（万吨）,多晶硅区域库存,a12862948,SI,92.86,high_confidence,ths_candidate_mapping,2026-10-01
ALIAS-0525,多晶硅社会库存总量（万吨）,工业硅社会库存,a10020033,SI,92.86,high_confidence,ths_candidate_mapping,2026-10-01
ALIAS-0526,工业硅在途库存总量（万吨）,工业硅社会库存,a10020033,SI,92.86,high_confidence,ths_candidate_mapping,2026-10-01
ALIAS-0527,多晶硅在途库存总量（万吨）,多晶硅区域库存,a12862948,SI,92.86,high_confidence,ths_candidate_mapping,2026-10-01
ALIAS-0528,工业硅隐性库存分地区量（万吨）,工业硅显性总库存,a12862942,SI,82.11,high_confidence,ths_candidate_mapping,2026-10-01
ALIAS-0529,工业硅在途库存分地区量（万吨）,工业硅社会库存,a10020033,SI,72.23,high_confidence,ths_candidate_mapping,2026-10-01
ALIAS-0530,工业硅隐性库存分持有者量（万吨）,工业硅显性总库存,a12862942,SI,78.0,high_confidence,ths_candidate_mapping,2026-10-01
ALIAS-0531,工业硅下游开工率（%）,中国工业硅开工率,a10123444,SI,97.5,high_confidence,ths_candidate_mapping,2026-10-01
ALIAS-0532,工业硅表观消费量（万吨）,工业硅表观消费量,a12715180,SI,100.0,high_confidence,ths_candidate_mapping,2026-10-01
ALIAS-0533,多晶硅下游开工率（%）,多晶硅开工率,a10155018,SI,100.0,high_confidence,ths_candidate_mapping,2026-10-01
ALIAS-0534,多晶硅表观消费量（万吨）,有机硅表观消费量,a12857251,SI,97.5,high_confidence,ths_candidate_mapping,2026-10-01
ALIAS-0535,金属硅下游开工率（%）,硅片开工率,a10169445,SI,80.0,high_confidence,ths_candidate_mapping,2026-10-01
ALIAS-0536,金属硅表观消费量（万吨）,有机硅表观消费量,a12857251,SI,97.5,high_confidence,ths_candidate_mapping,2026-10-01
ALIAS-0537,工业硅产量（万吨）,工业硅精炼月产量,a12715175,SI,100.0,high_confidence,ths_candidate_mapping,2026-10-01
ALIAS-0538,工业硅终端产量（万吨）,工业硅终端消费量,a12715181,SI,100.0,high_confidence,ths_candidate_mapping,2026-10-01
ALIAS-0539,工业硅排产计划量（万吨）,美国工业硅产量,ID01552216,SI,86.67,high_confidence,ths_candidate_mapping,2026-10-01
ALIAS-0540,多晶硅终端产量（万吨）,多晶硅产量,a12853285,SI,100.0,high_confidence,ths_candidate_mapping,2026-10-01
ALIAS-0541,工业硅下游终端产量（万吨）,工业硅终端消费量,a12715181,SI,91.77,high_confidence,ths_candidate_mapping,2026-10-01
ALIAS-0542,工业硅下游消费占比（%）,工业硅终端消费量,a12715181,SI,76.47,high_confidence,ths_candidate_mapping,2026-10-01
ALIAS-0543,多晶硅下游终端产量（万吨）,多晶硅产量,a12853285,SI,92.86,high_confidence,ths_candidate_mapping,2026-10-01
ALIAS-0544,工业硅下游订单量（万吨）,工业硅进口量,CM0000287718,SI,74.28,high_confidence,ths_candidate_mapping,2026-10-01
ALIAS-0545,多晶硅下游订单量（万吨）,多晶硅产量,a12853285,SI,80.0,high_confidence,ths_candidate_mapping,2026-10-01
ALIAS-0546,工业硅下游消费增速（%）,工业硅终端消费量,a12715181,SI,76.47,high_confidence,ths_candidate_mapping,2026-10-01
ALIAS-0547,工业硅下游排产计划量（万吨）,美国工业硅产量,ID01552216,SI,76.47,high_confidence,ths_candidate_mapping,2026-10-01
ALIAS-0548,工业硅下游订单量（万吨）,工业硅进口量,CM0000287718,SI,74.28,high_confidence,ths_candidate_mapping,2026-10-01
ALIAS-0549,多晶硅下游排产计划量（万吨）,多晶硅产量,a12853285,SI,86.67,high_confidence,ths_candidate_mapping,2026-10-01
ALIAS-0550,多晶硅下游订单量（万吨）,多晶硅产量,a12853285,SI,80.0,high_confidence,ths_candidate_mapping,2026-10-01
ALIAS-0551,工业硅下游采购量（万吨）,工业硅进口量,CM0000287718,SI,74.28,high_confidence,ths_candidate_mapping,2026-10-01
ALIAS-0552,多晶硅下游预付款（亿元）,多晶硅下月预计产量,a12731896,SI,76.47,high_confidence,ths_candidate_mapping,2026-10-01
ALIAS-0553,多晶硅下游采购量（万吨）,多晶硅产量,a12853285,SI,80.0,high_confidence,ths_candidate_mapping,2026-10-01
ALIAS-0554,工业硅进口量（万吨）,工业硅精炼月进口量,a12715178,SI,100.0,high_confidence,ths_candidate_mapping,2026-10-01
ALIAS-0555,工业硅净进口量（万吨）,工业硅进口量,CM0000287718,SI,100.0,high_confidence,ths_candidate_mapping,2026-10-01
ALIAS-0556,多晶硅进口量（万吨）,多晶硅产量,a12853285,SI,94.55,high_confidence,ths_candidate_mapping,2026-10-01
ALIAS-0557,多晶硅净进口量（万吨）,多晶硅：进口数量：陕西（月）,CM0000127449,SI,86.67,high_confidence,ths_candidate_mapping,2026-10-01
ALIAS-0558,金属硅进口量（万吨）,工业硅进口量,CM0000287718,SI,86.67,high_confidence,ths_candidate_mapping,2026-10-01
ALIAS-0559,金属硅净进口量（万吨）,工业硅进口量,CM0000287718,SI,80.0,high_confidence,ths_candidate_mapping,2026-10-01
ALIAS-0560,工业硅进口分国别量（万吨）,工业硅月进口量分国别,ID01517910,SI,100.0,high_confidence,ths_candidate_mapping,2026-10-01
ALIAS-0561,工业硅进口总量（万吨）,工业硅进口量,CM0000287718,SI,100.0,high_confidence,ths_candidate_mapping,2026-10-01
ALIAS-0562,工业硅保税区库存（万吨）,工业硅社会库存,a10020033,SI,86.67,high_confidence,ths_candidate_mapping,2026-10-01
ALIAS-0563,工业硅进口关税税率（%）,工业硅进口量,CM0000287718,SI,86.67,high_confidence,ths_candidate_mapping,2026-10-01
ALIAS-0564,工业硅进口发运天数（天）,工业硅进口量,CM0000287718,SI,86.67,high_confidence,ths_candidate_mapping,2026-10-01
ALIAS-0565,工业硅出口量（万吨）,工业硅进口量,CM0000287718,SI,100.0,high_confidence,ths_candidate_mapping,2026-10-01
ALIAS-0566,工业硅净出口量（万吨）,工业硅进口量,CM0000287718,SI,100.0,high_confidence,ths_candidate_mapping,2026-10-01
ALIAS-0567,多晶硅出口量（万吨）,多晶硅产量,a12853285,SI,94.55,high_confidence,ths_candidate_mapping,2026-10-01
ALIAS-0568,多晶硅净出口量（万吨）,多晶硅：出口数量合计：中国（月）,CM0000136701,SI,86.67,high_confidence,ths_candidate_mapping,2026-10-01
ALIAS-0569,金属硅出口量（万吨）,工业硅出口量,CM0000287779,SI,86.67,high_confidence,ths_candidate_mapping,2026-10-01
ALIAS-0570,金属硅净出口量（万吨）,工业硅出口量,CM0000287779,SI,80.0,high_confidence,ths_candidate_mapping,2026-10-01
ALIAS-0571,工业硅出口分国别量（万吨）,工业硅进口量分国别,CM0000287714,SI,100.0,high_confidence,ths_candidate_mapping,2026-10-01
ALIAS-0572,工业硅出口总量（万吨）,工业硅出口量,CM0000287779,SI,100.0,high_confidence,ths_candidate_mapping,2026-10-01
ALIAS-0573,工业硅保税区仓单（万吨）,GFEX工业硅仓单总量,a10175359,SI,76.47,high_confidence,ths_candidate_mapping,2026-10-01
ALIAS-0574,工业硅出口关税税率（%）,工业硅出口量,CM0000287779,SI,86.67,high_confidence,ths_candidate_mapping,2026-10-01
ALIAS-0575,工业硅出口发运天数（天）,工业硅出口量,CM0000287779,SI,86.67,high_confidence,ths_candidate_mapping,2026-10-01
ALIAS-0576,工业硅制品出口量（万吨）,工业硅出口量,CM0000287779,SI,100.0,high_confidence,ths_candidate_mapping,2026-10-01
ALIAS-0577,工业硅制品净出口量（万吨）,工业硅出口量,CM0000287779,SI,100.0,high_confidence,ths_candidate_mapping,2026-10-01
ALIAS-0578,多晶硅制品出口量（万吨）,多晶硅：出口数量合计：中国（月）,CM0000136701,SI,82.11,high_confidence,ths_candidate_mapping,2026-10-01
ALIAS-0579,多晶硅制品净出口量（万吨）,多晶硅：出口数量合计：中国（月）,CM0000136701,SI,78.0,high_confidence,ths_candidate_mapping,2026-10-01
ALIAS-0580,金属硅制品出口量（万吨）,工业硅出口量,CM0000287779,SI,74.28,high_confidence,ths_candidate_mapping,2026-10-01
ALIAS-0581,工业硅制品出口分国别量（万吨）,工业硅出口量分国别,CM0000287763,SI,100.0,high_confidence,ths_candidate_mapping,2026-10-01
ALIAS-0582,工业硅制品出口总量（万吨）,工业硅出口量,CM0000287779,SI,100.0,high_confidence,ths_candidate_mapping,2026-10-01
ALIAS-0583,工业硅制品出口关税税率（%）,工业硅出口量,CM0000287779,SI,76.47,high_confidence,ths_candidate_mapping,2026-10-01
ALIAS-0584,工业硅制品出口发运天数（天）,工业硅出口量,CM0000287779,SI,76.47,high_confidence,ths_candidate_mapping,2026-10-01
ALIAS-0585,工业硅海外发运量（万吨）,工业硅进口量,CM0000287718,SI,74.28,high_confidence,ths_candidate_mapping,2026-10-01
ALIAS-0586,工业硅进口量（万吨）,工业硅精炼月进口量,a12715178,SI,100.0,high_confidence,ths_candidate_mapping,2026-10-01
ALIAS-0587,多晶硅海外发运量（万吨）,多晶硅青海产量,ID02036185,SI,86.67,high_confidence,ths_candidate_mapping,2026-10-01
ALIAS-0588,多晶硅进口量（万吨）,多晶硅产量,a12853285,SI,94.55,high_confidence,ths_candidate_mapping,2026-10-01
ALIAS-0589,金属硅进口量（万吨）,工业硅进口量,CM0000287718,SI,86.67,high_confidence,ths_candidate_mapping,2026-10-01
ALIAS-0590,工业硅海外发运分国别量（万吨）,工业硅进口量分国别,CM0000287714,SI,78.0,high_confidence,ths_candidate_mapping,2026-10-01
ALIAS-0591,工业硅冶炼成本（元/吨）,工业硅冶炼成本,ID01523501,SI,100.0,high_confidence,ths_candidate_mapping,2026-10-01
ALIAS-0592,工业硅期货主力合约收盘价（元/吨）,工业硅主力合约收盘价,a10154400,SI,100.0,high_confidence,ths_candidate_mapping,2026-10-01
ALIAS-0593,多晶硅冶炼成本（元/吨）,工业硅冶炼成本,ID01523501,SI,92.86,high_confidence,ths_candidate_mapping,2026-10-01
ALIAS-0594,多晶硅期货主力合约收盘价（元/吨）,工业硅主力合约收盘价,a10154400,SI,91.0,high_confidence,ths_candidate_mapping,2026-10-01
ALIAS-0595,金属硅冶炼成本（元/吨）,工业硅冶炼成本,ID01523501,SI,92.86,high_confidence,ths_candidate_mapping,2026-10-01
ALIAS-0596,金属硅期货主力合约收盘价（元/吨）,工业硅主力合约收盘价,a10154400,SI,91.0,high_confidence,ths_candidate_mapping,2026-10-01
ALIAS-0597,工业硅现金成本（元/吨）,工业硅现金成本,ID02313948,SI,100.0,high_confidence,ths_candidate_mapping,2026-10-01
ALIAS-0598,工业硅冶炼成本分位（%）,工业硅冶炼成本,ID01523501,SI,100.0,high_confidence,ths_candidate_mapping,2026-10-01
ALIAS-0599,工业硅能源成本（元/吨）,工业硅成本,ID01523500,SI,100.0,high_confidence,ths_candidate_mapping,2026-10-01
ALIAS-0600,工业硅电价（元/度）,工业硅电价,ID01857527,SI,100.0,high_confidence,ths_candidate_mapping,2026-10-01
ALIAS-0601,工业硅原料成本（元/吨）,工业硅成本,ID01523500,SI,100.0,high_confidence,ths_candidate_mapping,2026-10-01
ALIAS-0602,工业硅冶炼利润（元/吨）,工业硅冶炼利润,ID01528164,SI,100.0,high_confidence,ths_candidate_mapping,2026-10-01
ALIAS-0603,工业硅期货主力合约收盘价（元/吨）,工业硅主力合约收盘价,a10154400,SI,100.0,high_confidence,ths_candidate_mapping,2026-10-01
ALIAS-0604,多晶硅冶炼利润（元/吨）,工业硅冶炼利润,ID01528164,SI,92.86,high_confidence,ths_candidate_mapping,2026-10-01
ALIAS-0605,多晶硅期货主力合约收盘价（元/吨）,工业硅主力合约收盘价,a10154400,SI,91.0,high_confidence,ths_candidate_mapping,2026-10-01
ALIAS-0606,金属硅冶炼利润（元/吨）,工业硅冶炼利润,ID01528164,SI,92.86,high_confidence,ths_candidate_mapping,2026-10-01
ALIAS-0607,金属硅期货主力合约收盘价（元/吨）,工业硅主力合约收盘价,a10154400,SI,91.0,high_confidence,ths_candidate_mapping,2026-10-01
ALIAS-0608,工业硅现金利润（元/吨）,工业硅冶炼利润,ID01528164,SI,92.86,high_confidence,ths_candidate_mapping,2026-10-01
ALIAS-0609,工业硅加工费（元/吨）,工业硅工厂库存总量,a12811428,SI,80.0,high_confidence,ths_candidate_mapping,2026-10-01
ALIAS-0610,工业硅能源成本（元/吨）,工业硅成本,ID01523500,SI,100.0,high_confidence,ths_candidate_mapping,2026-10-01
ALIAS-0611,沪锡主力合约收盘价（元/吨）,SHFE：锡：主力合约：收盘价（日）,FU00016042,SN,82.73,high_confidence,ths_candidate_mapping,2026-10-01
ALIAS-0612,沪锡持仓量（手）,沪锡总持仓量,a10177562,SN,100.0,high_confidence,ths_candidate_mapping,2026-10-01
ALIAS-0613,沪锡社会库存时序图,中国锡锭社会库存,a10020743,SN,76.47,high_confidence,ths_candidate_mapping,2026-10-01
ALIAS-0614,沪锡主力合约持仓量时序图,沪锡总持仓量,a10177562,SN,76.47,high_confidence,ths_candidate_mapping,2026-10-01
ALIAS-0615,锡锭现货升贴水（元/吨）,LME锡升贴水,j02797784,SN,74.28,high_confidence,ths_candidate_mapping,2026-10-01
ALIAS-0616,锡锭进口盈亏（元/吨）,锡锭：现货：进口盈亏（日）,ID01590826,SN,97.5,high_confidence,ths_candidate_mapping,2026-10-01
ALIAS-0617,沪伦比（%）,锡沪伦比,ID01895225,SN,75.0,high_confidence,ths_candidate_mapping,2026-10-01
ALIAS-0618,锡锭进口盈亏时序图,锡锭：现货：进口盈亏（日）,ID01590826,SN,82.11,high_confidence,ths_candidate_mapping,2026-10-01
ALIAS-0619,LME锡期货收盘价（美元/吨）,LME：锡：3个月合约：收盘价（日）,FU00080251,SN,79.13,high_confidence,ths_candidate_mapping,2026-10-01
ALIAS-0620,LME锡现货现金价（美元/吨）,LME：锡：现货结算价（日）,ID00188156,SN,91.0,high_confidence,ths_candidate_mapping,2026-10-01
ALIAS-0621,LME锡仓单注册量（吨）,LME：锡：注销仓单（日）,FU00015902,SN,82.11,high_confidence,ths_candidate_mapping,2026-10-01
ALIAS-0622,LME锡库存（吨）,LME锡升贴水,j02797784,SN,80.0,high_confidence,ths_candidate_mapping,2026-10-01
ALIAS-0623,沪伦比（%）,锡沪伦比,ID01895225,SN,75.0,high_confidence,ths_candidate_mapping,2026-10-01
ALIAS-0624,LME锡期货收盘价时序图,LME：锡：3个月合约：收盘价（日）,FU00080251,SN,70.01,high_confidence,ths_candidate_mapping,2026-10-01
ALIAS-0625,LME锡注销仓单占比时序图,LME：锡：注销仓单（日）,FU00015902,SN,90.44,high_confidence,ths_candidate_mapping,2026-10-01
ALIAS-0626,LME锡现货结算价时序图,LME：锡：现货结算价（日）,ID00188156,SN,100.0,high_confidence,ths_candidate_mapping,2026-10-01
ALIAS-0627,LME锡现货现金价时序图,LME：锡：现货结算价（日）,ID00188156,SN,79.13,high_confidence,ths_candidate_mapping,2026-10-01
ALIAS-0628,沪锡月差（元/吨）,沪锡近半年月差变化,a12841510,SN,80.0,high_confidence,ths_candidate_mapping,2026-10-01
ALIAS-0629,沪锡主力合约收盘价（元/吨）,SHFE：锡：主力合约：收盘价（日）,FU00016042,SN,82.73,high_confidence,ths_candidate_mapping,2026-10-01
ALIAS-0630,LME锡月差（美元/吨）,LME锡升贴水,j02797784,SN,80.0,high_confidence,ths_candidate_mapping,2026-10-01
ALIAS-0631,LME锡期货收盘价（美元/吨）,LME：锡：3个月合约：收盘价（日）,FU00080251,SN,79.13,high_confidence,ths_candidate_mapping,2026-10-01
ALIAS-0632,沪锡近远月价差（元/吨）,沪锡近半年月差变化,a12841510,SN,81.25,high_confidence,ths_candidate_mapping,2026-10-01
ALIAS-0633,沪锡主力合约收盘价（元/吨）,SHFE：锡：主力合约：收盘价（日）,FU00016042,SN,82.73,high_confidence,ths_candidate_mapping,2026-10-01
ALIAS-0634,LME锡期货收盘价（美元/吨）,LME：锡：3个月合约：收盘价（日）,FU00080251,SN,79.13,high_confidence,ths_candidate_mapping,2026-10-01
ALIAS-0635,锡锭冶炼利润（元/吨）,锡锭进口利润,ID01590826,SN,86.67,high_confidence,ths_candidate_mapping,2026-10-01
ALIAS-0636,锡精矿价格（元/吨）,沪锡价格走势,a12841487,SN,70.91,high_confidence,ths_candidate_mapping,2026-10-01
ALIAS-0637,再生锡价格（元/吨）,沪锡价格走势,a12841487,SN,70.91,high_confidence,ths_candidate_mapping,2026-10-01
ALIAS-0638,焊锡价格（元/吨）,沪锡价格走势,a12841487,SN,78.0,high_confidence,ths_candidate_mapping,2026-10-01
ALIAS-0639,沪锡主力合约收盘价时序图,SHFE：锡：主力合约：收盘价（日）,FU00016042,SN,72.8,high_confidence,ths_candidate_mapping,2026-10-01
ALIAS-0640,多头前20持仓量（手）,多头前20持仓量,FU00085341,SN,100.0,high_confidence,ths_candidate_mapping,2026-10-01
ALIAS-0641,空头前20持仓量（手）,空头前20持仓量,FU00085347,SN,100.0,high_confidence,ths_candidate_mapping,2026-10-01
ALIAS-0642,多头前20持仓占比（%）,多头前20持仓量,FU00085341,SN,82.35,high_confidence,ths_candidate_mapping,2026-10-01
ALIAS-0643,空头前20持仓占比（%）,空头前20持仓量,FU00085347,SN,82.35,high_confidence,ths_candidate_mapping,2026-10-01
ALIAS-0644,沪锡主力合约收盘价（元/吨）,SHFE：锡：主力合约：收盘价（日）,FU00016042,SN,82.73,high_confidence,ths_candidate_mapping,2026-10-01
ALIAS-0645,多头前20净持仓（手）,多头前20持仓量,FU00085341,SN,87.5,high_confidence,ths_candidate_mapping,2026-10-01
ALIAS-0646,空头前20净持仓（手）,空头前20持仓量,FU00085347,SN,87.5,high_confidence,ths_candidate_mapping,2026-10-01
ALIAS-0647,前20总持仓量（手）,空头前20持仓量,FU00085347,SN,80.0,high_confidence,ths_candidate_mapping,2026-10-01
ALIAS-0648,沪锡前20总持仓量时序图,沪锡总持仓量,a10177562,SN,86.67,high_confidence,ths_candidate_mapping,2026-10-01
ALIAS-0649,缅甸锡矿产量（万吨）,国内锡矿产量,ID00299777,SN,86.67,high_confidence,ths_candidate_mapping,2026-10-01
ALIAS-0650,海外锡精矿产量（万吨）,锡精矿：产量：中国（月）,ID01590150,SN,81.25,high_confidence,ths_candidate_mapping,2026-10-01
ALIAS-0651,海外锡矿开工率（%）,国内锡开工率,a10113278,SN,80.0,high_confidence,ths_candidate_mapping,2026-10-01
ALIAS-0652,海外锡矿产量（万吨）,国内锡矿产量,ID00299777,SN,86.67,high_confidence,ths_candidate_mapping,2026-10-01
ALIAS-0653,海外锡矿进口量（万吨）,国内锡矿进口量,a10003098,SN,92.86,high_confidence,ths_candidate_mapping,2026-10-01
ALIAS-0654,缅甸锡矿产量（万吨）,国内锡矿产量,ID00299777,SN,86.67,high_confidence,ths_candidate_mapping,2026-10-01
ALIAS-0655,海外锡精矿产量（万吨）,锡精矿：产量：中国（月）,ID01590150,SN,81.25,high_confidence,ths_candidate_mapping,2026-10-01
ALIAS-0656,印尼锡精矿产量（万吨）,锡精矿：产量：中国（月）,ID01590150,SN,81.25,high_confidence,ths_candidate_mapping,2026-10-01
ALIAS-0657,俄罗斯锡精矿产量（万吨）,锡精矿：产量：中国（月）,ID01590150,SN,76.47,high_confidence,ths_candidate_mapping,2026-10-01
ALIAS-0658,澳大利亚锡精矿产量（万吨）,锡精矿：产量：中国（月）,ID01590150,SN,72.23,high_confidence,ths_candidate_mapping,2026-10-01
ALIAS-0659,缅甸锡精矿产量占比（%）,锡精矿：产量：中国（月）,ID01590150,SN,72.23,high_confidence,ths_candidate_mapping,2026-10-01
ALIAS-0660,印尼锡精矿产量占比（%）,锡精矿：产量：中国（月）,ID01590150,SN,72.23,high_confidence,ths_candidate_mapping,2026-10-01
ALIAS-0661,海外锡精矿产量总量（万吨）,锡精矿：产量：中国（月）,ID01590150,SN,81.25,high_confidence,ths_candidate_mapping,2026-10-01
ALIAS-0662,缅甸锡精矿产量（万吨）,锡精矿：产量：中国（月）,ID01590150,SN,81.25,high_confidence,ths_candidate_mapping,2026-10-01
ALIAS-0663,国内锡精矿产量（万吨）,国内锡矿产量,ID00299777,SN,100.0,high_confidence,ths_candidate_mapping,2026-10-01
ALIAS-0664,国内锡矿产量（万吨）,国内锡矿产量,ID00299777,SN,100.0,high_confidence,ths_candidate_mapping,2026-10-01
ALIAS-0665,国内锡矿开工率（%）,国内锡开工率,a10113278,SN,100.0,high_confidence,ths_candidate_mapping,2026-10-01
ALIAS-0666,国内锡矿产能利用率（%）,国内锡矿产量,ID00299777,SN,86.67,high_confidence,ths_candidate_mapping,2026-10-01
ALIAS-0667,国内锡矿进口量（万吨）,国内锡矿产量,ID00299777,SN,100.0,high_confidence,ths_candidate_mapping,2026-10-01
ALIAS-0668,国内锡矿检修量（万吨）,国内锡矿产量,ID00299777,SN,100.0,high_confidence,ths_candidate_mapping,2026-10-01
ALIAS-0669,国内锡精矿产量时序图,国内锡矿产量,ID00299777,SN,97.5,high_confidence,ths_candidate_mapping,2026-10-01
ALIAS-0670,国内锡矿开工率时序图,国内锡开工率,a10113278,SN,97.5,high_confidence,ths_candidate_mapping,2026-10-01
ALIAS-0671,国内锡矿产能利用率时序图,国内锡矿产量,ID00299777,SN,72.23,high_confidence,ths_candidate_mapping,2026-10-01
ALIAS-0672,国内锡矿检修量时序图,国内锡矿产量,ID00299777,SN,81.25,high_confidence,ths_candidate_mapping,2026-10-01
ALIAS-0673,国内锡矿社会库存时序图,中国锡锭社会库存,a10020743,SN,82.11,high_confidence,ths_candidate_mapping,2026-10-01
ALIAS-0674,缅甸锡矿进口量（万吨）,国内锡矿进口量,a10003098,SN,92.86,high_confidence,ths_candidate_mapping,2026-10-01
ALIAS-0675,印尼锡矿进口量（万吨）,国内锡矿进口量,a10003098,SN,92.86,high_confidence,ths_candidate_mapping,2026-10-01
ALIAS-0676,缅甸锡矿进口量占比（%）,国内锡矿进口量,a10003098,SN,81.25,high_confidence,ths_candidate_mapping,2026-10-01
ALIAS-0677,印尼锡矿进口量占比（%）,国内锡矿进口量,a10003098,SN,81.25,high_confidence,ths_candidate_mapping,2026-10-01
ALIAS-0678,俄罗斯锡矿进口量占比（%）,国内锡矿进口量,a10003098,SN,76.47,high_confidence,ths_candidate_mapping,2026-10-01
ALIAS-0679,俄罗斯锡矿进口量（万吨）,国内锡矿进口量,a10003098,SN,86.67,high_confidence,ths_candidate_mapping,2026-10-01
ALIAS-0680,澳大利亚锡矿进口量（万吨）,马来西亚锡矿进口量,a12764410,SN,86.67,high_confidence,ths_candidate_mapping,2026-10-01
ALIAS-0681,锡矿总进口量（万吨）,国内锡矿进口量,a10003098,SN,100.0,high_confidence,ths_candidate_mapping,2026-10-01
ALIAS-0682,缅甸锡矿进口量时序图,国内锡矿进口量,a10003098,SN,76.47,high_confidence,ths_candidate_mapping,2026-10-01
ALIAS-0683,印尼锡矿进口量时序图,国内锡矿进口量,a10003098,SN,76.47,high_confidence,ths_candidate_mapping,2026-10-01
ALIAS-0684,俄罗斯锡矿进口量时序图,国内锡矿进口量,a10003098,SN,72.23,high_confidence,ths_candidate_mapping,2026-10-01
ALIAS-0685,锡矿总进口量时序图,国内锡矿进口量,a10003098,SN,81.25,high_confidence,ths_candidate_mapping,2026-10-01
ALIAS-0686,印尼锡矿出口量时序图,印尼精炼锡出口量变化,a12820786,SN,78.0,high_confidence,ths_candidate_mapping,2026-10-01
ALIAS-0687,国内锡精矿产量（万吨）,国内锡矿产量,ID00299777,SN,100.0,high_confidence,ths_candidate_mapping,2026-10-01
ALIAS-0688,海外锡精矿产量（万吨）,锡精矿：产量：中国（月）,ID01590150,SN,81.25,high_confidence,ths_candidate_mapping,2026-10-01
ALIAS-0689,缅甸锡矿进口量（万吨）,国内锡矿进口量,a10003098,SN,92.86,high_confidence,ths_candidate_mapping,2026-10-01
ALIAS-0690,国内精炼锡产量（万吨）,国内锡矿产量,ID00299777,SN,100.0,high_confidence,ths_candidate_mapping,2026-10-01
ALIAS-0691,国内锡精矿产量（万吨）,国内锡矿产量,ID00299777,SN,100.0,high_confidence,ths_candidate_mapping,2026-10-01
ALIAS-0692,海外锡精矿产量（万吨）,锡精矿：产量：中国（月）,ID01590150,SN,81.25,high_confidence,ths_candidate_mapping,2026-10-01
ALIAS-0693,国内精炼锡开工率（%）,国内锡开工率,a10113278,SN,100.0,high_confidence,ths_candidate_mapping,2026-10-01
ALIAS-0694,国内精炼锡检修量（万吨）,国内锡矿产量,ID00299777,SN,74.28,high_confidence,ths_candidate_mapping,2026-10-01
ALIAS-0695,国内精炼锡进口量（万吨）,国内锡矿进口量,a10003098,SN,100.0,high_confidence,ths_candidate_mapping,2026-10-01
ALIAS-0696,国内精炼锡产量时序图,国内锡矿产量,ID00299777,SN,81.25,high_confidence,ths_candidate_mapping,2026-10-01
ALIAS-0697,国内精炼锡开工率时序图,国内锡开工率,a10113278,SN,91.77,high_confidence,ths_candidate_mapping,2026-10-01
ALIAS-0698,国内精炼锡社会库存时序图,中国锡锭社会库存,a10020743,SN,78.0,high_confidence,ths_candidate_mapping,2026-10-01
ALIAS-0699,国内精炼锡开工率（%）,国内锡开工率,a10113278,SN,100.0,high_confidence,ths_candidate_mapping,2026-10-01
ALIAS-0700,国内精炼锡检修量（万吨）,国内锡矿产量,ID00299777,SN,74.28,high_confidence,ths_candidate_mapping,2026-10-01
ALIAS-0701,国内精炼锡开工天数（天）,国内锡开工率,a10113278,SN,86.67,high_confidence,ths_candidate_mapping,2026-10-01
ALIAS-0702,海外精炼锡开工率（%）,国内锡开工率,a10113278,SN,74.28,high_confidence,ths_candidate_mapping,2026-10-01
ALIAS-0703,国内精炼锡产能（万吨）,国内锡矿产量,ID00299777,SN,80.0,high_confidence,ths_candidate_mapping,2026-10-01
ALIAS-0704,缅甸精炼锡开工率（%）,国内锡开工率,a10113278,SN,74.28,high_confidence,ths_candidate_mapping,2026-10-01
ALIAS-0705,印尼精炼锡开工率（%）,国内锡开工率,a10113278,SN,74.28,high_confidence,ths_candidate_mapping,2026-10-01
ALIAS-0706,国内精炼锡开工天数时序图,国内锡开工率,a10113278,SN,72.23,high_confidence,ths_candidate_mapping,2026-10-01
ALIAS-0707,再生锡产量（万吨）,国内再生锡产量,a12731582,SN,92.86,high_confidence,ths_candidate_mapping,2026-10-01
ALIAS-0708,再生锡进口量（万吨）,国内锡矿进口量,a10003098,SN,80.0,high_confidence,ths_candidate_mapping,2026-10-01
ALIAS-0709,再生锡开工率（%）,国内锡开工率,a10113278,SN,86.67,high_confidence,ths_candidate_mapping,2026-10-01
ALIAS-0710,再生锡检修量（万吨）,国内再生锡产量,a12731582,SN,80.0,high_confidence,ths_candidate_mapping,2026-10-01
ALIAS-0711,缅甸再生锡产能（万吨）,国内再生锡产量,a12731582,SN,74.28,high_confidence,ths_candidate_mapping,2026-10-01
ALIAS-0712,印尼再生锡产能（万吨）,国内再生锡产量,a12731582,SN,74.28,high_confidence,ths_candidate_mapping,2026-10-01
ALIAS-0713,国内再生锡产能（万吨）,国内再生锡产量,a12731582,SN,100.0,high_confidence,ths_candidate_mapping,2026-10-01
ALIAS-0714,缅甸再生锡产量（万吨）,国内再生锡产量,a12731582,SN,92.86,high_confidence,ths_candidate_mapping,2026-10-01
ALIAS-0715,印尼再生锡产量（万吨）,国内再生锡产量,a12731582,SN,92.86,high_confidence,ths_candidate_mapping,2026-10-01
ALIAS-0716,国内再生锡产量（万吨）,国内锡矿产量,ID00299777,SN,100.0,high_confidence,ths_candidate_mapping,2026-10-01
ALIAS-0717,再生锡产量时序图,国内再生锡产量,a12731582,SN,86.67,high_confidence,ths_candidate_mapping,2026-10-01
ALIAS-0718,国内精炼锡开工率（%）,国内锡开工率,a10113278,SN,100.0,high_confidence,ths_candidate_mapping,2026-10-01
ALIAS-0719,海外精炼锡开工率（%）,国内锡开工率,a10113278,SN,74.28,high_confidence,ths_candidate_mapping,2026-10-01
ALIAS-0720,锡锭冶炼利润（元/吨）,锡锭进口利润,ID01590826,SN,86.67,high_confidence,ths_candidate_mapping,2026-10-01
ALIAS-0721,沪锡仓单注册量（手）,沪锡总持仓量,a10177562,SN,80.0,high_confidence,ths_candidate_mapping,2026-10-01
ALIAS-0722,沪锡注销仓单量（手）,沪锡总持仓量,a10177562,SN,80.0,high_confidence,ths_candidate_mapping,2026-10-01
ALIAS-0723,沪锡主力合约收盘价（元/吨）,SHFE：锡：主力合约：收盘价（日）,FU00016042,SN,82.73,high_confidence,ths_candidate_mapping,2026-10-01
ALIAS-0724,沪锡仓单总量（手）,沪锡总持仓量,a10177562,SN,78.0,high_confidence,ths_candidate_mapping,2026-10-01
ALIAS-0725,沪锡仓单总量（手）,沪锡总持仓量,a10177562,SN,78.0,high_confidence,ths_candidate_mapping,2026-10-01
ALIAS-0726,沪锡注销仓单量（手）,沪锡总持仓量,a10177562,SN,80.0,high_confidence,ths_candidate_mapping,2026-10-01
ALIAS-0727,沪锡注销占比（%）,LME：锡：注销占比（日）,FU00023901,SN,81.25,high_confidence,ths_candidate_mapping,2026-10-01
ALIAS-0728,沪锡仓单注册量（手）,沪锡总持仓量,a10177562,SN,80.0,high_confidence,ths_candidate_mapping,2026-10-01
ALIAS-0729,LME锡仓单总量（手）,LME：锡：注销仓单（日）,FU00015902,SN,97.5,high_confidence,ths_candidate_mapping,2026-10-01
ALIAS-0730,沪锡主力合约收盘价（元/吨）,SHFE：锡：主力合约：收盘价（日）,FU00016042,SN,82.73,high_confidence,ths_candidate_mapping,2026-10-01
ALIAS-0731,LME锡注销仓单量时序图,LME：锡：注销仓单（日）,FU00015902,SN,94.55,high_confidence,ths_candidate_mapping,2026-10-01
ALIAS-0732,LME锡注销仓单占比时序图,LME：锡：注销仓单（日）,FU00015902,SN,90.44,high_confidence,ths_candidate_mapping,2026-10-01
ALIAS-0733,国内社会库存总量（万吨）,中国锡锭社会库存,a10020743,SN,71.43,high_confidence,ths_candidate_mapping,2026-10-01
ALIAS-0734,沪锡主力合约收盘价（元/吨）,SHFE：锡：主力合约：收盘价（日）,FU00016042,SN,82.73,high_confidence,ths_candidate_mapping,2026-10-01
ALIAS-0735,国内社会库存（万吨）,中国锡锭社会库存,a10020743,SN,71.43,high_confidence,ths_candidate_mapping,2026-10-01
ALIAS-0736,沪锡主力合约收盘价（元/吨）,SHFE：锡：主力合约：收盘价（日）,FU00016042,SN,82.73,high_confidence,ths_candidate_mapping,2026-10-01
ALIAS-0737,沪锡主力合约收盘价（元/吨）,SHFE：锡：主力合约：收盘价（日）,FU00016042,SN,82.73,high_confidence,ths_candidate_mapping,2026-10-01
ALIAS-0738,焊锡/锡焊料开工率（%）,国内锡开工率,a10113278,SN,74.28,high_confidence,ths_candidate_mapping,2026-10-01
ALIAS-0739,锡化工开工率（%）,国内锡开工率,a10113278,SN,86.67,high_confidence,ths_candidate_mapping,2026-10-01
ALIAS-0740,电子级锡开工率（%）,国内锡开工率,a10113278,SN,80.0,high_confidence,ths_candidate_mapping,2026-10-01
ALIAS-0741,沪锡主力合约收盘价（元/吨）,SHFE：锡：主力合约：收盘价（日）,FU00016042,SN,82.73,high_confidence,ths_candidate_mapping,2026-10-01
ALIAS-0742,焊锡开工率时序图,国内锡开工率,a10113278,SN,74.28,high_confidence,ths_candidate_mapping,2026-10-01
ALIAS-0743,沪锡主力合约收盘价（元/吨）,SHFE：锡：主力合约：收盘价（日）,FU00016042,SN,82.73,high_confidence,ths_candidate_mapping,2026-10-01
ALIAS-0744,沪锡主力合约收盘价（元/吨）,SHFE：锡：主力合约：收盘价（日）,FU00016042,SN,82.73,high_confidence,ths_candidate_mapping,2026-10-01
ALIAS-0745,锡精矿进口量（万吨）,国内锡矿进口量,a10003098,SN,100.0,high_confidence,ths_candidate_mapping,2026-10-01
ALIAS-0746,再生锡进口量（万吨）,国内锡矿进口量,a10003098,SN,80.0,high_confidence,ths_candidate_mapping,2026-10-01
ALIAS-0747,缅甸锡精矿进口量（万吨）,国内锡矿进口量,a10003098,SN,86.67,high_confidence,ths_candidate_mapping,2026-10-01
ALIAS-0748,印尼锡精矿进口量（万吨）,国内锡矿进口量,a10003098,SN,86.67,high_confidence,ths_candidate_mapping,2026-10-01
ALIAS-0749,俄罗斯锡精矿进口量（万吨）,国内锡矿进口量,a10003098,SN,81.25,high_confidence,ths_candidate_mapping,2026-10-01
ALIAS-0750,缅甸再生锡进口量（万吨）,缅甸进口至我国锡矿量,a10154831,SN,72.23,high_confidence,ths_candidate_mapping,2026-10-01
ALIAS-0751,印尼再生锡进口量（万吨）,印度锡净进口量,a12840355,SN,86.67,high_confidence,ths_candidate_mapping,2026-10-01
ALIAS-0752,国内再生锡进口量（万吨）,国内锡矿进口量,a10003098,SN,100.0,high_confidence,ths_candidate_mapping,2026-10-01
ALIAS-0753,锡锭进口量（万吨）,锡锭进口利润,ID01590826,SN,94.55,high_confidence,ths_candidate_mapping,2026-10-01
ALIAS-0754,锡锭净进口量（万吨）,印度锡净进口量,a12840355,SN,100.0,high_confidence,ths_candidate_mapping,2026-10-01
ALIAS-0755,锡精矿进口量时序图,国内锡矿进口量,a10003098,SN,81.25,high_confidence,ths_candidate_mapping,2026-10-01
ALIAS-0756,锡精矿进口量分国别时序图,锡精矿：进口数量：缅甸→中国（月）,ID02105844,SN,70.01,high_confidence,ths_candidate_mapping,2026-10-01
ALIAS-0757,精炼锡进口量（万吨）,巴西精炼锡出口量,a12840345,SN,92.86,high_confidence,ths_candidate_mapping,2026-10-01
ALIAS-0758,精炼锡出口量（万吨）,巴西精炼锡出口量,a12840345,SN,97.5,high_confidence,ths_candidate_mapping,2026-10-01
ALIAS-0759,精炼锡净进口量（万吨）,印度锡净进口量,a12840355,SN,92.86,high_confidence,ths_candidate_mapping,2026-10-01
ALIAS-0760,缅甸锡锭进口量（万吨）,锡锭进口利润,ID01590826,SN,80.0,high_confidence,ths_candidate_mapping,2026-10-01
ALIAS-0761,印尼锡锭进口量（万吨）,印度锡净进口量,a12840355,SN,92.86,high_confidence,ths_candidate_mapping,2026-10-01
ALIAS-0762,俄罗斯锡锭进口量（万吨）,锡锭进口利润,ID01590826,SN,74.28,high_confidence,ths_candidate_mapping,2026-10-01
ALIAS-0763,印尼锡锭出口量（万吨）,印尼精炼锡出口量变化,a12820786,SN,91.77,high_confidence,ths_candidate_mapping,2026-10-01
ALIAS-0764,沪锡主力合约收盘价（元/吨）,SHFE：锡：主力合约：收盘价（日）,FU00016042,SN,82.73,high_confidence,ths_candidate_mapping,2026-10-01
ALIAS-0765,精炼锡进口量时序图,中国精炼锡进口量变化,a12749487,SN,82.11,high_confidence,ths_candidate_mapping,2026-10-01
ALIAS-0766,精炼锡出口量时序图,巴西精炼锡出口量,a12840345,SN,91.77,high_confidence,ths_candidate_mapping,2026-10-01
ALIAS-0767,精炼锡净进口量时序图,中国精炼锡进口量变化,a12749487,SN,78.0,high_confidence,ths_candidate_mapping,2026-10-01
ALIAS-0768,精炼锡进口量分国别时序图,中国精炼锡进口量变化,a12749487,SN,70.91,high_confidence,ths_candidate_mapping,2026-10-01
ALIAS-0769,锡化工出口量（万吨）,巴西精炼锡出口量,a12840345,SN,74.28,high_confidence,ths_candidate_mapping,2026-10-01
ALIAS-0770,印尼电子级锡出口量（万吨）,印尼精炼锡出口量变化,a12820786,SN,82.11,high_confidence,ths_candidate_mapping,2026-10-01
ALIAS-0771,锡制品出口量（万吨）,巴西精炼锡出口量,a12840345,SN,74.28,high_confidence,ths_candidate_mapping,2026-10-01
ALIAS-0772,沪锡主力合约收盘价（元/吨）,SHFE：锡：主力合约：收盘价（日）,FU00016042,SN,82.73,high_confidence,ths_candidate_mapping,2026-10-01
ALIAS-0773,沪锡主力合约收盘价（元/吨）,SHFE：锡：主力合约：收盘价（日）,FU00016042,SN,82.73,high_confidence,ths_candidate_mapping,2026-10-01
ALIAS-0774,沪锡主力合约收盘价（元/吨）,SHFE：锡：主力合约：收盘价（日）,FU00016042,SN,82.73,high_confidence,ths_candidate_mapping,2026-10-01
ALIAS-0775,沪锡主力合约收盘价（元/吨）,SHFE：锡：主力合约：收盘价（日）,FU00016042,SN,82.73,high_confidence,ths_candidate_mapping,2026-10-01
ALIAS-0776,锡精矿价格（元/吨）,沪锡价格走势,a12841487,SN,70.91,high_confidence,ths_candidate_mapping,2026-10-01
ALIAS-0777,再生锡价格（元/吨）,沪锡价格走势,a12841487,SN,70.91,high_confidence,ths_candidate_mapping,2026-10-01
ALIAS-0778,沪锡主力合约收盘价（元/吨）,SHFE：锡：主力合约：收盘价（日）,FU00016042,SN,82.73,high_confidence,ths_candidate_mapping,2026-10-01
ALIAS-0779,锌主力合约收盘价（元/吨）,SHFE：锌：主力合约：收盘价（日）,FU00016362,ZN,86.67,high_confidence,ths_candidate_mapping,2026-10-01
ALIAS-0780,锌近月合约收盘价（元/吨）,LME：锌：3个月合约：收盘价（日）,FU00080253,ZN,74.28,high_confidence,ths_candidate_mapping,2026-10-01
ALIAS-0781,锌远月合约收盘价（元/吨）,LME：锌：3个月合约：收盘价（日）,FU00080253,ZN,74.28,high_confidence,ths_candidate_mapping,2026-10-01
ALIAS-0782,前20大多头持仓量（手）,空头前20持仓量,FU00085347,ZN,70.59,high_confidence,ths_candidate_mapping,2026-10-01
ALIAS-0783,前20大空头持仓量（手）,空头前20持仓量,FU00085347,ZN,70.59,high_confidence,ths_candidate_mapping,2026-10-01
ALIAS-0784,锌进口盈亏（元/吨）,锌锭：进口盈亏：含税（日）,ID01030236,ZN,86.67,high_confidence,ths_candidate_mapping,2026-10-01
ALIAS-0785,沪伦比（元/吨）,锡沪伦比,ID01895225,ZN,75.0,high_confidence,ths_candidate_mapping,2026-10-01
ALIAS-0786,锌近月合约收盘价（元/吨）,LME：锌：3个月合约：收盘价（日）,FU00080253,ZN,74.28,high_confidence,ths_candidate_mapping,2026-10-01
ALIAS-0787,锌远月合约收盘价（元/吨）,LME：锌：3个月合约：收盘价（日）,FU00080253,ZN,74.28,high_confidence,ths_candidate_mapping,2026-10-01
ALIAS-0788,锌进口盈亏（元/吨）,锌锭：进口盈亏：含税（日）,ID01030236,ZN,86.67,high_confidence,ths_candidate_mapping,2026-10-01
ALIAS-0789,沪伦比（元/吨）,锡沪伦比,ID01895225,ZN,75.0,high_confidence,ths_candidate_mapping,2026-10-01
ALIAS-0790,上海锌现货升贴水（元/吨）,SMM: 上海锌锭现货升贴水_M合约: 日度,a10021321,ZN,80.0,high_confidence,ths_candidate_mapping,2026-10-01
ALIAS-0791,锌主力合约收盘价（元/吨）,SHFE：锌：主力合约：收盘价（日）,FU00016362,ZN,86.67,high_confidence,ths_candidate_mapping,2026-10-01
ALIAS-0792,LME锌库存（手）,LME: 锌库存总计: 日度,a10017992,ZN,86.67,high_confidence,ths_candidate_mapping,2026-10-01
ALIAS-0793,LME锌收盘价（美元/吨）,LME: 锌 3M收盘价: 日度,a10017942,ZN,91.0,high_confidence,ths_candidate_mapping,2026-10-01
ALIAS-0794,COMEX锌收盘价（美元/吨）,COMEX：锌：期货库存（日）,FU00078777,ZN,74.28,high_confidence,ths_candidate_mapping,2026-10-01
ALIAS-0795,沪伦比（元/吨）,锡沪伦比,ID01895225,ZN,75.0,high_confidence,ths_candidate_mapping,2026-10-01
ALIAS-0796,锌主力合约收盘价（元/吨）,SHFE：锌：主力合约：收盘价（日）,FU00016362,ZN,86.67,high_confidence,ths_candidate_mapping,2026-10-01
ALIAS-0797,锌进口盈亏（元/吨）,锌锭：进口盈亏：含税（日）,ID01030236,ZN,86.67,high_confidence,ths_candidate_mapping,2026-10-01
ALIAS-0798,LME锌库存（手）,LME: 锌库存总计: 日度,a10017992,ZN,86.67,high_confidence,ths_candidate_mapping,2026-10-01
ALIAS-0799,LME锌仓单注册量（手）,LME：锌：注销仓单（日）,FU00016166,ZN,82.11,high_confidence,ths_candidate_mapping,2026-10-01
ALIAS-0800,LME锌现货升贴水（美元/吨）,LME: 锌0-3升贴水: 日度,a10097491,ZN,82.73,high_confidence,ths_candidate_mapping,2026-10-01
ALIAS-0801,沪锌主力合约收盘价（元/吨）,SHFE：锌：主力合约：收盘价（日）,FU00016362,ZN,82.73,high_confidence,ths_candidate_mapping,2026-10-01
ALIAS-0802,锌近月合约收盘价（元/吨）,LME：锌：3个月合约：收盘价（日）,FU00080253,ZN,74.28,high_confidence,ths_candidate_mapping,2026-10-01
ALIAS-0803,锌远月合约收盘价（元/吨）,LME：锌：3个月合约：收盘价（日）,FU00080253,ZN,74.28,high_confidence,ths_candidate_mapping,2026-10-01
ALIAS-0804,锌次近月合约收盘价（元/吨）,LME：锌：3个月合约：收盘价（日）,FU00080253,ZN,70.91,high_confidence,ths_candidate_mapping,2026-10-01
ALIAS-0805,LME锌库存（手）,LME: 锌库存总计: 日度,a10017992,ZN,86.67,high_confidence,ths_candidate_mapping,2026-10-01
ALIAS-0806,沪伦比（元/吨）,锡沪伦比,ID01895225,ZN,75.0,high_confidence,ths_candidate_mapping,2026-10-01
ALIAS-0807,锌进口盈亏（元/吨）,锌锭：进口盈亏：含税（日）,ID01030236,ZN,86.67,high_confidence,ths_candidate_mapping,2026-10-01
ALIAS-0808,沪锌主力合约收盘价（元/吨）,SHFE：锌：主力合约：收盘价（日）,FU00016362,ZN,82.73,high_confidence,ths_candidate_mapping,2026-10-01
ALIAS-0809,锌精矿加工费（元/吨）,锌精矿：50%Zn：加工费：白银（日）,ID01510737,ZN,74.28,high_confidence,ths_candidate_mapping,2026-10-01
ALIAS-0810,前20大多头持仓量（手）,空头前20持仓量,FU00085347,ZN,70.59,high_confidence,ths_candidate_mapping,2026-10-01
ALIAS-0811,前20大空头持仓量（手）,空头前20持仓量,FU00085347,ZN,70.59,high_confidence,ths_candidate_mapping,2026-10-01
ALIAS-0812,前20大净持仓量（手）,空头前20持仓量,FU00085347,ZN,75.0,high_confidence,ths_candidate_mapping,2026-10-01
ALIAS-0813,沪锌主力合约收盘价（元/吨）,SHFE：锌：主力合约：收盘价（日）,FU00016362,ZN,82.73,high_confidence,ths_candidate_mapping,2026-10-01
ALIAS-0814,LME锌库存（手）,LME: 锌库存总计: 日度,a10017992,ZN,86.67,high_confidence,ths_candidate_mapping,2026-10-01
ALIAS-0815,海外锌矿进口量（万吨）,中国海关: 锌精矿进口量: 月度,a10001843,ZN,74.28,high_confidence,ths_candidate_mapping,2026-10-01
ALIAS-0816,国内锌矿进口量（万吨）,中国海关: 锌精矿进口量: 月度,a10001843,ZN,74.28,high_confidence,ths_candidate_mapping,2026-10-01
ALIAS-0817,锌矿进口盈亏（元/吨）,锌锭：进口盈亏：含税（日）,ID01030236,ZN,81.25,high_confidence,ths_candidate_mapping,2026-10-01
ALIAS-0818,沪伦比（元/吨）,锡沪伦比,ID01895225,ZN,75.0,high_confidence,ths_candidate_mapping,2026-10-01
ALIAS-0819,LME锌库存（手）,LME: 锌库存总计: 日度,a10017992,ZN,86.67,high_confidence,ths_candidate_mapping,2026-10-01
ALIAS-0820,锌矿进口盈亏（元/吨）,锌锭：进口盈亏：含税（日）,ID01030236,ZN,81.25,high_confidence,ths_candidate_mapping,2026-10-01
ALIAS-0821,沪伦比（元/吨）,锡沪伦比,ID01895225,ZN,75.0,high_confidence,ths_candidate_mapping,2026-10-01
ALIAS-0822,LME锌库存（手）,LME: 锌库存总计: 日度,a10017992,ZN,86.67,high_confidence,ths_candidate_mapping,2026-10-01
ALIAS-0823,国内锌精炼进口量（万吨）,中国海关: 锌精矿进口量: 月度,a10001843,ZN,70.91,high_confidence,ths_candidate_mapping,2026-10-01
ALIAS-0824,国内锌精炼进口量（万吨）,中国海关: 锌精矿进口量: 月度,a10001843,ZN,70.91,high_confidence,ths_candidate_mapping,2026-10-01
ALIAS-0825,国内再生锌产量（万吨）,再生锌：产量：中国（月）,ID01510884,ZN,81.25,high_confidence,ths_candidate_mapping,2026-10-01
ALIAS-0826,再生锌进口量分国别（万吨）,再生锌：产量：中国（月）,ID01510884,ZN,72.23,high_confidence,ths_candidate_mapping,2026-10-01
ALIAS-0827,再生锌产能利用率（%）,样本企业：原生锌：产能利用率：中国（月）,ID01167334,ZN,72.8,high_confidence,ths_candidate_mapping,2026-10-01
ALIAS-0828,再生锌产能（万吨）,再生锌：产量：中国（月）,ID01510884,ZN,74.28,high_confidence,ths_candidate_mapping,2026-10-01
ALIAS-0829,再生锌进口盈亏（元/吨）,锌锭：进口盈亏：含税（日）,ID01030236,ZN,76.47,high_confidence,ths_candidate_mapping,2026-10-01
ALIAS-0830,沪伦比（元/吨）,锡沪伦比,ID01895225,ZN,75.0,high_confidence,ths_candidate_mapping,2026-10-01
ALIAS-0831,锌合金产量（万吨）,锌合金：产量：中国（月）,ID01001564,ZN,92.86,high_confidence,ths_candidate_mapping,2026-10-01
ALIAS-0832,锌矿进口盈亏（元/吨）,锌锭：进口盈亏：含税（日）,ID01030236,ZN,81.25,high_confidence,ths_candidate_mapping,2026-10-01
ALIAS-0833,沪伦比（元/吨）,锡沪伦比,ID01895225,ZN,75.0,high_confidence,ths_candidate_mapping,2026-10-01
ALIAS-0834,LME锌库存（手）,LME: 锌库存总计: 日度,a10017992,ZN,86.67,high_confidence,ths_candidate_mapping,2026-10-01
ALIAS-0835,LME锌库存（手）,LME: 锌库存总计: 日度,a10017992,ZN,86.67,high_confidence,ths_candidate_mapping,2026-10-01
ALIAS-0836,LME锌注销仓单（手）,LME：锌：注销仓单（日）,FU00016166,ZN,100.0,high_confidence,ths_candidate_mapping,2026-10-01
ALIAS-0837,上期所锌注销仓单（手）,LME：锌：注销仓单（日）,FU00016166,ZN,81.25,high_confidence,ths_candidate_mapping,2026-10-01
ALIAS-0838,沪锌主力合约收盘价（元/吨）,SHFE：锌：主力合约：收盘价（日）,FU00016362,ZN,82.73,high_confidence,ths_candidate_mapping,2026-10-01
ALIAS-0839,上期所锌注销仓单（手）,LME：锌：注销仓单（日）,FU00016166,ZN,81.25,high_confidence,ths_candidate_mapping,2026-10-01
ALIAS-0840,LME锌注销仓单（手）,LME：锌：注销仓单（日）,FU00016166,ZN,100.0,high_confidence,ths_candidate_mapping,2026-10-01
ALIAS-0841,LME锌库存（手）,LME: 锌库存总计: 日度,a10017992,ZN,86.67,high_confidence,ths_candidate_mapping,2026-10-01
ALIAS-0842,沪锌主力合约收盘价（元/吨）,SHFE：锌：主力合约：收盘价（日）,FU00016362,ZN,82.73,high_confidence,ths_candidate_mapping,2026-10-01
ALIAS-0843,锌锭现货升贴水（元/吨）,锌锭：升贴水：广东（日）,ID01167397,ZN,81.25,high_confidence,ths_candidate_mapping,2026-10-01
ALIAS-0844,锌锭现货升贴水（元/吨）,锌锭：升贴水：广东（日）,ID01167397,ZN,81.25,high_confidence,ths_candidate_mapping,2026-10-01
ALIAS-0845,锌锭现货升贴水（元/吨）,锌锭：升贴水：广东（日）,ID01167397,ZN,81.25,high_confidence,ths_candidate_mapping,2026-10-01
ALIAS-0846,国内氧化锌开工率（%）,氧化锌企业：开工率：中国（月）,ID01002075,ZN,78.0,high_confidence,ths_candidate_mapping,2026-10-01
ALIAS-0847,LME锌库存（手）,LME: 锌库存总计: 日度,a10017992,ZN,86.67,high_confidence,ths_candidate_mapping,2026-10-01
ALIAS-0848,LME锌注销仓单（手）,LME：锌：注销仓单（日）,FU00016166,ZN,100.0,high_confidence,ths_candidate_mapping,2026-10-01
ALIAS-0849,沪锌主力合约收盘价（元/吨）,SHFE：锌：主力合约：收盘价（日）,FU00016362,ZN,82.73,high_confidence,ths_candidate_mapping,2026-10-01
ALIAS-0850,LME锌收盘价（美元/吨）,LME: 锌 3M收盘价: 日度,a10017942,ZN,91.0,high_confidence,ths_candidate_mapping,2026-10-01
ALIAS-0851,沪伦比（元/吨）,锡沪伦比,ID01895225,ZN,75.0,high_confidence,ths_candidate_mapping,2026-10-01
ALIAS-0852,国内锌精矿进口量（万吨）,中国海关: 锌精矿进口量: 月度,a10001843,ZN,82.73,high_confidence,ths_candidate_mapping,2026-10-01
ALIAS-0853,国内再生锌产量（万吨）,再生锌：产量：中国（月）,ID01510884,ZN,81.25,high_confidence,ths_candidate_mapping,2026-10-01
ALIAS-0854,国内锌精矿进口量分国别（万吨）,中国海关: 锌精矿进口量: 月度,a10001843,ZN,72.8,high_confidence,ths_candidate_mapping,2026-10-01
ALIAS-0855,国内锌精矿进口量总量（万吨）,中国海关: 锌精矿进口量: 月度,a10001843,ZN,82.73,high_confidence,ths_candidate_mapping,2026-10-01
ALIAS-0856,沪伦比（元/吨）,锡沪伦比,ID01895225,ZN,75.0,high_confidence,ths_candidate_mapping,2026-10-01
ALIAS-0857,国内镀锌板出口量（万吨）,中国海关: 镀锌板出口量: 月度,a12803961,ZN,82.73,high_confidence,ths_candidate_mapping,2026-10-01
ALIAS-0858,国内锌合金出口量（万吨）,中国海关: 锌合金出口量: 月度,a10018028,ZN,82.73,high_confidence,ths_candidate_mapping,2026-10-01
ALIAS-0859,国内锌合金产量（万吨）,锌合金：产量：中国（月）,ID01001564,ZN,81.25,high_confidence,ths_candidate_mapping,2026-10-01
ALIAS-0860,国内氧化锌出口量（万吨）,中国海关: 氧化锌出口量: 月度,a10018034,ZN,82.73,high_confidence,ths_candidate_mapping,2026-10-01
ALIAS-0861,沪锌主力合约收盘价（元/吨）,SHFE：锌：主力合约：收盘价（日）,FU00016362,ZN,82.73,high_confidence,ths_candidate_mapping,2026-10-01
ALIAS-0862,国内锌精矿进口量（万吨）,中国海关: 锌精矿进口量: 月度,a10001843,ZN,82.73,high_confidence,ths_candidate_mapping,2026-10-01
ALIAS-0863,沪伦比（元/吨）,锡沪伦比,ID01895225,ZN,75.0,high_confidence,ths_candidate_mapping,2026-10-01
ALIAS-0864,国内锌精矿进口量（万吨）,中国海关: 锌精矿进口量: 月度,a10001843,ZN,82.73,high_confidence,ths_candidate_mapping,2026-10-01
