gate_id,gate_name,current,target,blocked_count,resolved_count,progress,eta,status,dsdb_status
G-01,P0模板全部处置完成,33 BLOCKED + 1 CONDITIONAL_PASS,34条全部处置,33,1,3%,待人工确认别名映射,BLOCKED,PARTIAL
G-02,风险库完整落地,41条独立+9重复=50完整入库,完整入库,0,50,100%,已完成,PASS,PASS
G-03,风险库与回放结果对齐,20/25命中(80%),100%命中,5,20,80%,5条需人工分析,PARTIAL,PASS
G-04,黑名单规则完整构建,"31规则+409辅助, BL-026待确认",全部启用,1,30,97%,BL-026人工确认,PARTIAL,PASS
G-05,488模板全量回放完成,2721series回放完成,全量回放,0,2721,100%,已完成,PASS,PASS
H1,THS匹配率≥80%,0% (155 pending),≥80%,155,0,0%,待人工回写864高置信,BLOCKED,N/A
H2,P0全部处置,232阻塞+5白名单,全部处置,232,5,2%,待Batch-C评审,BLOCKED,N/A
H3,渲染就绪率≥50%,19.9%,≥50%,391,97,20%,依赖H1+H4,BLOCKED,N/A
H4,评审完成率≥90%,0%,≥90%,488,0,0%,待人工3-5天,BLOCKED,N/A
H5,DSHB风险库落地,6fded66已提交,最终版落地,0,1,100%,已完成,PASS,PASS
