task_id,template_id,source,variety,assigned_group,risk_level,stage1_load_ms,stage1_load_ok,stage2_schema_ms,stage2_schema_ok,stage2_schema_errors,stage3_semantic_ms,stage3_risk_level,stage3_p0_blocked,stage3_invalid_zhiji,stage3_ths_no_zhiji,stage4_route_ms,stage4_routed_to,stage5_render_ms,stage5_render_ok,final_status,failure_scenario,failure_desc
RENDER-PDF-TPL-AO-001,TPL-AO-001,PDF,AO,can_render,CLEAN,17.79,True,10.75,True,,24.63,CLEAN,False,False,False,3.79,can_render,394.59,True,RENDERED,,
RENDER-PDF-TPL-AO-010,TPL-AO-010,PDF,AO,can_render,CLEAN,22.84,True,12.61,True,,29.77,CLEAN,False,False,False,2.24,can_render,187.46,True,RENDERED,,
RENDER-PDF-TPL-AO-011,TPL-AO-011,PDF,AO,can_render,CLEAN,5.53,True,15.97,True,,37.75,CLEAN,False,False,False,6.36,can_render,188.18,True,RENDERED,,
RENDER-PDF-TPL-AO-012,TPL-AO-012,PDF,AO,can_render,CLEAN,21.19,True,10.19,True,,43.2,CLEAN,False,False,False,7.59,can_render,236.1,True,RENDERED,,
RENDER-PDF-TPL-AO-013,TPL-AO-013,PDF,AO,can_render,CLEAN,24.14,True,20.1,True,,18.25,CLEAN,False,False,False,2.77,can_render,439.0,True,RENDERED,,
RENDER-PDF-TPL-AO-016,TPL-AO-016,PDF,AO,can_render,CLEAN,21.14,True,31.89,True,,33.77,CLEAN,False,False,False,9.78,can_render,251.41,True,RENDERED,,
RENDER-PDF-TPL-AO-017,TPL-AO-017,PDF,AO,can_render,CLEAN,21.59,True,28.56,True,,45.16,CLEAN,False,False,False,6.62,can_render,381.83,True,RENDERED,,
RENDER-PDF-TPL-AO-022,TPL-AO-022,PDF,AO,can_render,CLEAN,9.56,True,18.68,True,,17.79,CLEAN,False,False,False,3.86,can_render,140.4,True,RENDERED,,
RENDER-PDF-TPL-AO-024,TPL-AO-024,PDF,AO,can_render,CLEAN,17.71,True,20.94,True,,27.96,CLEAN,False,False,False,3.68,can_render,206.79,True,RENDERED,,
RENDER-PDF-TPL-AO-032,TPL-AO-032,PDF,AO,can_render,CLEAN,17.96,True,28.27,True,,20.99,CLEAN,False,False,False,7.83,can_render,165.36,True,RENDERED,,
RENDER-PDF-TPL-AO-036,TPL-AO-036,PDF,AO,can_render,CLEAN,24.79,True,29.2,True,,34.49,CLEAN,False,False,False,7.48,can_render,437.14,True,RENDERED,,
RENDER-PDF-TPL-AO-060,TPL-AO-060,PDF,AO,can_render,CLEAN,9.58,True,10.96,True,,26.04,CLEAN,False,False,False,4.14,can_render,184.39,True,RENDERED,,
RENDER-PDF-TPL-SI-003,TPL-SI-003,PDF,SI,can_render,CLEAN,22.53,True,19.44,True,,37.94,CLEAN,False,False,False,5.17,can_render,465.82,True,RENDERED,,
RENDER-PDF-TPL-SI-005,TPL-SI-005,PDF,SI,can_render,CLEAN,10.3,True,17.4,True,,34.65,CLEAN,False,False,False,4.1,can_render,333.83,True,RENDERED,,
RENDER-PDF-TPL-SI-008,TPL-SI-008,PDF,SI,can_render,CLEAN,12.99,True,16.58,True,,49.91,CLEAN,False,False,False,6.08,can_render,136.36,True,RENDERED,,
RENDER-PDF-TPL-SI-009,TPL-SI-009,PDF,SI,can_render,CLEAN,7.19,True,28.82,True,,42.72,CLEAN,False,False,False,5.38,can_render,125.41,True,RENDERED,,
RENDER-PDF-TPL-SI-010,TPL-SI-010,PDF,SI,can_render,CLEAN,24.92,True,25.87,True,,48.99,CLEAN,False,False,False,8.89,can_render,104.59,True,RENDERED,,
RENDER-PDF-TPL-SI-014,TPL-SI-014,PDF,SI,can_render,CLEAN,18.63,True,26.11,True,,24.34,CLEAN,False,False,False,7.13,can_render,144.62,True,RENDERED,,
RENDER-PDF-TPL-SI-015,TPL-SI-015,PDF,SI,can_render,CLEAN,14.07,True,38.61,True,,45.65,CLEAN,False,False,False,4.11,can_render,300.23,True,RENDERED,,
RENDER-PDF-TPL-SI-017,TPL-SI-017,PDF,SI,can_render,CLEAN,23.25,True,36.12,True,,25.45,CLEAN,False,False,False,7.11,can_render,343.59,True,RENDERED,,
RENDER-PDF-TPL-SI-021,TPL-SI-021,PDF,SI,can_render,CLEAN,20.25,True,26.18,True,,42.25,CLEAN,False,False,False,6.24,can_render,100.23,True,RENDERED,,
RENDER-PDF-TPL-SI-024,TPL-SI-024,PDF,SI,can_render,CLEAN,5.39,True,37.87,True,,45.76,CLEAN,False,False,False,8.65,can_render,223.01,True,RENDERED,,
RENDER-PDF-TPL-SI-029,TPL-SI-029,PDF,SI,can_render,CLEAN,22.56,True,38.41,True,,18.0,CLEAN,False,False,False,5.89,can_render,127.69,True,RENDERED,,
RENDER-PDF-TPL-SI-030,TPL-SI-030,PDF,SI,can_render,CLEAN,20.32,True,13.85,True,,31.63,CLEAN,False,False,False,6.4,can_render,206.02,True,RENDERED,,
RENDER-PDF-TPL-SI-038,TPL-SI-038,PDF,SI,can_render,CLEAN,13.46,True,16.35,True,,33.88,CLEAN,False,False,False,7.84,can_render,180.46,True,RENDERED,,
RENDER-PDF-TPL-SI-046,TPL-SI-046,PDF,SI,can_render,CLEAN,24.9,True,29.5,True,,30.33,CLEAN,False,False,False,6.14,can_render,148.4,True,RENDERED,,
RENDER-PDF-TPL-LC-004,TPL-LC-004,PDF,LC,can_render,CLEAN,11.76,True,27.65,True,,23.05,CLEAN,False,False,False,3.76,can_render,128.4,True,RENDERED,,
RENDER-PDF-TPL-LC-010,TPL-LC-010,PDF,LC,can_render,CLEAN,9.58,True,37.16,True,,45.09,CLEAN,False,False,False,2.57,can_render,195.2,True,RENDERED,,
RENDER-PDF-TPL-LC-015,TPL-LC-015,PDF,LC,can_render,CLEAN,9.28,True,13.97,True,,47.74,CLEAN,False,False,False,6.57,can_render,289.07,True,RENDERED,,
RENDER-PDF-TPL-LC-016,TPL-LC-016,PDF,LC,can_render,CLEAN,21.15,True,15.71,True,,18.39,CLEAN,False,False,False,5.45,can_render,269.43,True,RENDERED,,
RENDER-PDF-TPL-LC-017,TPL-LC-017,PDF,LC,can_render,CLEAN,19.58,True,30.2,True,,49.45,CLEAN,False,False,False,2.79,can_render,261.05,True,RENDERED,,
RENDER-PDF-TPL-LC-018,TPL-LC-018,PDF,LC,can_render,CLEAN,22.23,True,17.46,True,,21.66,CLEAN,False,False,False,5.59,can_render,268.75,True,RENDERED,,
RENDER-PDF-TPL-LC-019,TPL-LC-019,PDF,LC,can_render,CLEAN,10.0,True,37.7,True,,30.51,CLEAN,False,False,False,8.89,can_render,320.13,True,RENDERED,,
RENDER-PDF-TPL-LC-020,TPL-LC-020,PDF,LC,can_render,CLEAN,24.99,True,35.08,True,,48.91,CLEAN,False,False,False,9.41,can_render,439.48,True,RENDERED,,
RENDER-PDF-TPL-LC-021,TPL-LC-021,PDF,LC,can_render,CLEAN,14.71,True,16.41,True,,29.04,CLEAN,False,False,False,2.47,can_render,251.59,True,RENDERED,,
RENDER-PDF-TPL-LC-025,TPL-LC-025,PDF,LC,can_render,CLEAN,10.3,True,33.52,True,,30.93,CLEAN,False,False,False,5.38,can_render,482.93,True,RENDERED,,
RENDER-PDF-TPL-LC-026,TPL-LC-026,PDF,LC,can_render,CLEAN,16.12,True,31.55,True,,20.42,CLEAN,False,False,False,4.37,can_render,487.48,True,RENDERED,,
RENDER-PDF-TPL-LC-027,TPL-LC-027,PDF,LC,can_render,CLEAN,15.84,True,32.44,True,,17.0,CLEAN,False,False,False,6.67,can_render,301.14,True,RENDERED,,
RENDER-PDF-TPL-LC-029,TPL-LC-029,PDF,LC,can_render,CLEAN,8.15,True,38.82,True,,17.8,CLEAN,False,False,False,3.49,can_render,338.01,True,RENDERED,,
RENDER-PDF-TPL-LC-035,TPL-LC-035,PDF,LC,can_render,CLEAN,9.7,True,13.6,True,,46.16,CLEAN,False,False,False,3.97,can_render,337.81,True,RENDERED,,
RENDER-PDF-TPL-LC-036,TPL-LC-036,PDF,LC,can_render,CLEAN,13.38,True,27.51,True,,33.3,CLEAN,False,False,False,9.48,can_render,181.7,True,RENDERED,,
RENDER-PDF-TPL-LC-043,TPL-LC-043,PDF,LC,can_render,CLEAN,9.77,True,21.87,True,,38.51,CLEAN,False,False,False,4.4,can_render,226.47,True,RENDERED,,
RENDER-PDF-TPL-LC-053,TPL-LC-053,PDF,LC,can_render,CLEAN,6.45,True,23.75,True,,49.95,CLEAN,False,False,False,9.97,can_render,129.3,True,RENDERED,,
RENDER-PDF-TPL-LC-060,TPL-LC-060,PDF,LC,can_render,CLEAN,10.3,True,38.0,True,,45.83,CLEAN,False,False,False,9.03,can_render,247.81,True,RENDERED,,
RENDER-PDF-TPL-LC-061,TPL-LC-061,PDF,LC,can_render,CLEAN,21.67,True,31.11,True,,36.41,CLEAN,False,False,False,9.9,can_render,361.59,False,RENDER_FAILED,render_engine_error,渲染引擎内部错误(模拟)
RENDER-PDF-TPL-LC-065,TPL-LC-065,PDF,LC,can_render,CLEAN,21.34,True,18.98,True,,38.22,CLEAN,False,False,False,9.51,can_render,153.72,True,RENDERED,,
RENDER-PDF-TPL-LC-068,TPL-LC-068,PDF,LC,can_render,CLEAN,7.14,True,26.6,True,,24.53,CLEAN,False,False,False,6.84,can_render,387.04,True,RENDERED,,
RENDER-PDF-TPL-LC-083,TPL-LC-083,PDF,LC,can_render,CLEAN,17.68,True,17.92,True,,32.1,CLEAN,False,False,False,9.24,can_render,438.44,True,RENDERED,,
RENDER-PDF-TPL-LC-088,TPL-LC-088,PDF,LC,can_render,CLEAN,13.47,True,18.3,True,,15.12,CLEAN,False,False,False,8.17,can_render,354.85,True,RENDERED,,
RENDER-PDF-TPL-LC-090,TPL-LC-090,PDF,LC,can_render,CLEAN,19.82,True,26.55,True,,29.97,CLEAN,False,False,False,2.08,can_render,130.1,True,RENDERED,,
RENDER-PDF-TPL-LC-093,TPL-LC-093,PDF,LC,can_render,CLEAN,23.08,True,26.37,True,,44.21,CLEAN,False,False,False,6.66,can_render,159.24,True,RENDERED,,
RENDER-PDF-TPL-LC-094,TPL-LC-094,PDF,LC,can_render,CLEAN,11.17,True,36.97,True,,42.86,CLEAN,False,False,False,8.89,can_render,459.57,True,RENDERED,,
RENDER-PDF-TPL-LC-095,TPL-LC-095,PDF,LC,can_render,CLEAN,9.99,True,13.08,True,,42.3,CLEAN,False,False,False,9.07,can_render,262.55,True,RENDERED,,
RENDER-PDF-TPL-LC-096,TPL-LC-096,PDF,LC,can_render,CLEAN,8.09,True,37.9,True,,45.26,CLEAN,False,False,False,9.81,can_render,424.31,True,RENDERED,,
RENDER-PDF-TPL-AL-001,TPL-AL-001,PDF,AL,can_render,CLEAN,5.5,True,32.1,True,,26.63,CLEAN,False,False,False,9.45,can_render,420.89,True,RENDERED,,
RENDER-PDF-TPL-AL-002,TPL-AL-002,PDF,AL,can_render,CLEAN,21.21,True,18.0,True,,42.56,CLEAN,False,False,False,2.86,can_render,448.87,True,RENDERED,,
RENDER-PDF-TPL-AL-003,TPL-AL-003,PDF,AL,can_render,CLEAN,9.45,True,34.5,True,,31.11,CLEAN,False,False,False,4.44,can_render,418.14,True,RENDERED,,
RENDER-PDF-TPL-AL-009,TPL-AL-009,PDF,AL,can_render,CLEAN,5.47,True,15.79,True,,26.49,CLEAN,False,False,False,8.91,can_render,486.76,True,RENDERED,,
RENDER-PDF-TPL-AL-016,TPL-AL-016,PDF,AL,can_render,CLEAN,17.83,True,21.99,True,,49.34,CLEAN,False,False,False,6.29,can_render,475.69,True,RENDERED,,
RENDER-PDF-TPL-AL-018,TPL-AL-018,PDF,AL,can_render,CLEAN,24.41,True,15.36,True,,48.69,CLEAN,False,False,False,4.12,can_render,143.36,True,RENDERED,,
RENDER-PDF-TPL-AL-026,TPL-AL-026,PDF,AL,can_render,CLEAN,19.57,True,19.41,True,,36.22,CLEAN,False,False,False,6.09,can_render,254.08,True,RENDERED,,
RENDER-PDF-TPL-AL-030,TPL-AL-030,PDF,AL,can_render,CLEAN,10.09,True,31.26,True,,15.06,CLEAN,False,False,False,9.4,can_render,315.38,True,RENDERED,,
RENDER-PDF-TPL-AL-031,TPL-AL-031,PDF,AL,can_render,CLEAN,19.84,True,30.12,True,,27.75,CLEAN,False,False,False,2.56,can_render,365.7,True,RENDERED,,
RENDER-PDF-TPL-AL-034,TPL-AL-034,PDF,AL,can_render,CLEAN,11.28,True,35.44,True,,40.19,CLEAN,False,False,False,4.4,can_render,223.71,True,RENDERED,,
RENDER-PDF-TPL-AL-038,TPL-AL-038,PDF,AL,can_render,CLEAN,13.05,True,18.87,True,,19.46,CLEAN,False,False,False,5.36,can_render,476.15,True,RENDERED,,
RENDER-PDF-TPL-SN-004,TPL-SN-004,PDF,SN,can_render,CLEAN,23.06,True,28.47,True,,25.53,CLEAN,False,False,False,6.38,can_render,100.16,True,RENDERED,,
RENDER-PDF-TPL-SN-008,TPL-SN-008,PDF,SN,can_render,CLEAN,13.6,True,27.4,True,,37.91,CLEAN,False,False,False,5.72,can_render,276.86,True,RENDERED,,
RENDER-PDF-TPL-SN-009,TPL-SN-009,PDF,SN,can_render,CLEAN,14.46,True,37.04,True,,42.86,CLEAN,False,False,False,3.36,can_render,133.92,True,RENDERED,,
RENDER-PDF-TPL-SN-010,TPL-SN-010,PDF,SN,can_render,CLEAN,17.66,True,20.06,True,,43.64,CLEAN,False,False,False,8.01,can_render,369.12,True,RENDERED,,
RENDER-PDF-TPL-SN-023,TPL-SN-023,PDF,SN,can_render,CLEAN,8.98,True,10.73,True,,23.57,CLEAN,False,False,False,5.8,can_render,439.9,True,RENDERED,,
RENDER-PDF-TPL-NI-005,TPL-NI-005,PDF,NI,can_render,CLEAN,13.29,True,28.89,True,,21.81,CLEAN,False,False,False,7.57,can_render,297.75,True,RENDERED,,
RENDER-PDF-TPL-NI-006,TPL-NI-006,PDF,NI,can_render,CLEAN,18.12,True,10.17,True,,41.28,CLEAN,False,False,False,8.16,can_render,142.63,True,RENDERED,,
RENDER-PDF-TPL-NI-008,TPL-NI-008,PDF,NI,can_render,CLEAN,8.52,True,38.74,True,,33.13,CLEAN,False,False,False,2.4,can_render,199.68,True,RENDERED,,
RENDER-PDF-TPL-NI-009,TPL-NI-009,PDF,NI,can_render,CLEAN,14.13,True,34.04,True,,38.37,CLEAN,False,False,False,9.9,can_render,338.18,True,RENDERED,,
RENDER-PDF-TPL-NI-010,TPL-NI-010,PDF,NI,can_render,CLEAN,22.83,True,28.38,True,,40.17,CLEAN,False,False,False,6.04,can_render,432.23,True,RENDERED,,
RENDER-PDF-TPL-NI-011,TPL-NI-011,PDF,NI,can_render,CLEAN,22.94,True,32.31,True,,31.61,CLEAN,False,False,False,4.07,can_render,198.9,True,RENDERED,,
RENDER-PDF-TPL-NI-012,TPL-NI-012,PDF,NI,can_render,CLEAN,20.32,True,25.64,True,,36.94,CLEAN,False,False,False,4.2,can_render,130.99,True,RENDERED,,
RENDER-PDF-TPL-NI-016,TPL-NI-016,PDF,NI,can_render,CLEAN,10.43,True,19.59,True,,33.91,CLEAN,False,False,False,3.11,can_render,192.5,True,RENDERED,,
RENDER-PDF-TPL-NI-020,TPL-NI-020,PDF,NI,can_render,CLEAN,19.13,True,11.93,True,,29.27,CLEAN,False,False,False,6.34,can_render,266.31,True,RENDERED,,
RENDER-PDF-TPL-NI-021,TPL-NI-021,PDF,NI,can_render,CLEAN,13.4,True,37.15,True,,35.44,CLEAN,False,False,False,7.56,can_render,442.69,True,RENDERED,,
RENDER-PDF-TPL-NI-023,TPL-NI-023,PDF,NI,can_render,CLEAN,12.61,True,10.18,True,,27.31,CLEAN,False,False,False,8.03,can_render,441.38,True,RENDERED,,
RENDER-PDF-TPL-NI-024,TPL-NI-024,PDF,NI,can_render,CLEAN,13.38,True,32.43,True,,34.11,CLEAN,False,False,False,6.83,can_render,188.22,True,RENDERED,,
RENDER-PDF-TPL-NI-026,TPL-NI-026,PDF,NI,can_render,CLEAN,13.72,True,10.87,True,,26.76,CLEAN,False,False,False,7.43,can_render,261.73,True,RENDERED,,
RENDER-PDF-TPL-NI-030,TPL-NI-030,PDF,NI,can_render,CLEAN,14.35,True,13.83,True,,36.78,CLEAN,False,False,False,2.22,can_render,257.61,True,RENDERED,,
RENDER-PDF-TPL-NI-031,TPL-NI-031,PDF,NI,can_render,CLEAN,5.54,True,29.28,True,,19.75,CLEAN,False,False,False,5.69,can_render,120.11,True,RENDERED,,
RENDER-PDF-TPL-NI-036,TPL-NI-036,PDF,NI,can_render,CLEAN,9.23,True,19.81,True,,41.64,CLEAN,False,False,False,5.03,can_render,400.8,True,RENDERED,,
RENDER-PDF-TPL-NI-038,TPL-NI-038,PDF,NI,can_render,CLEAN,10.05,True,12.46,True,,15.68,CLEAN,False,False,False,6.32,can_render,499.96,True,RENDERED,,
RENDER-PDF-TPL-NI-045,TPL-NI-045,PDF,NI,can_render,CLEAN,18.0,True,33.44,True,,37.81,CLEAN,False,False,False,8.03,can_render,479.84,True,RENDERED,,
RENDER-PDF-TPL-NI-046,TPL-NI-046,PDF,NI,can_render,CLEAN,5.41,True,14.57,True,,19.42,CLEAN,False,False,False,7.36,can_render,325.59,True,RENDERED,,
RENDER-PDF-TPL-SN-034,TPL-SN-034,PDF,SN,review_first,P1,18.99,True,33.01,True,,20.87,P1,False,False,False,6.86,review_first,,,QUEUED_FOR_REVIEW,,
RENDER-THS-THS-AL-3.1,THS-AL-3.1,THS,AL,review_first,CLEAN,19.96,True,13.44,True,,43.68,CLEAN,False,False,True,,,,,PENDING_MATCH,ths_no_zhiji,THS模板无zhiji_id，需后续匹配
RENDER-THS-THS-AL-3.2,THS-AL-3.2,THS,AL,review_first,P1,24.29,True,13.24,True,,15.9,P1,False,False,True,,,,,PENDING_MATCH,ths_no_zhiji,THS模板无zhiji_id，需后续匹配
RENDER-THS-THS-AL-3.3,THS-AL-3.3,THS,AL,review_first,P1,11.24,True,30.32,True,,48.54,P1,False,False,True,,,,,PENDING_MATCH,ths_no_zhiji,THS模板无zhiji_id，需后续匹配
RENDER-THS-THS-AL-4.1,THS-AL-4.1,THS,AL,review_first,CLEAN,12.93,True,31.45,True,,17.66,CLEAN,False,False,True,,,,,PENDING_MATCH,ths_no_zhiji,THS模板无zhiji_id，需后续匹配
RENDER-THS-THS-AL-4.2,THS-AL-4.2,THS,AL,review_first,P1,18.81,True,28.82,True,,18.57,P1,False,False,True,,,,,PENDING_MATCH,ths_no_zhiji,THS模板无zhiji_id，需后续匹配
RENDER-THS-THS-AL-4.3,THS-AL-4.3,THS,AL,review_first,P1,20.45,True,35.51,True,,36.01,CLEAN,False,False,True,,,,,PENDING_MATCH,ths_no_zhiji,THS模板无zhiji_id，需后续匹配
RENDER-THS-THS-AL-6.3,THS-AL-6.3,THS,AL,review_first,CLEAN,7.42,True,39.52,True,,42.39,CLEAN,False,False,True,,,,,PENDING_MATCH,ths_no_zhiji,THS模板无zhiji_id，需后续匹配
RENDER-THS-THS-CU-2.3,THS-CU-2.3,THS,CU,review_first,CLEAN,11.94,True,22.85,True,,27.97,CLEAN,False,False,True,,,,,PENDING_MATCH,ths_no_zhiji,THS模板无zhiji_id，需后续匹配
RENDER-THS-THS-CU-4.1,THS-CU-4.1,THS,CU,review_first,CLEAN,15.12,True,20.24,True,,44.74,CLEAN,False,False,True,,,,,PENDING_MATCH,ths_no_zhiji,THS模板无zhiji_id，需后续匹配
RENDER-THS-THS-CU-4.2,THS-CU-4.2,THS,CU,review_first,CLEAN,21.45,True,13.17,True,,48.63,CLEAN,False,False,True,,,,,PENDING_MATCH,ths_no_zhiji,THS模板无zhiji_id，需后续匹配
RENDER-THS-THS-CU-4.3,THS-CU-4.3,THS,CU,review_first,CLEAN,17.71,True,34.86,True,,39.76,CLEAN,False,False,True,,,,,PENDING_MATCH,ths_no_zhiji,THS模板无zhiji_id，需后续匹配
RENDER-THS-THS-CU-4.4,THS-CU-4.4,THS,CU,review_first,CLEAN,13.71,True,32.01,True,,48.79,CLEAN,False,False,True,,,,,PENDING_MATCH,ths_no_zhiji,THS模板无zhiji_id，需后续匹配
RENDER-THS-THS-CU-4.5,THS-CU-4.5,THS,CU,review_first,CLEAN,10.4,True,34.25,True,,33.84,CLEAN,False,False,True,,,,,PENDING_MATCH,ths_no_zhiji,THS模板无zhiji_id，需后续匹配
RENDER-THS-THS-LI-2.1,THS-LI-2.1,THS,LI,review_first,CLEAN,14.67,True,23.07,True,,40.59,CLEAN,False,False,True,,,,,PENDING_MATCH,ths_no_zhiji,THS模板无zhiji_id，需后续匹配
RENDER-THS-THS-LI-2.2,THS-LI-2.2,THS,LI,review_first,CLEAN,10.37,True,35.55,True,,44.08,CLEAN,False,False,True,,,,,PENDING_MATCH,ths_no_zhiji,THS模板无zhiji_id，需后续匹配
RENDER-THS-THS-LI-2.4,THS-LI-2.4,THS,LI,review_first,CLEAN,6.73,True,36.45,True,,23.54,CLEAN,False,False,True,,,,,PENDING_MATCH,ths_no_zhiji,THS模板无zhiji_id，需后续匹配
RENDER-THS-THS-LI-2.5,THS-LI-2.5,THS,LI,review_first,CLEAN,14.29,True,28.31,True,,28.26,CLEAN,False,False,True,,,,,PENDING_MATCH,ths_no_zhiji,THS模板无zhiji_id，需后续匹配
RENDER-THS-THS-LI-2.6,THS-LI-2.6,THS,LI,review_first,CLEAN,5.57,True,35.53,True,,21.36,CLEAN,False,False,True,,,,,PENDING_MATCH,ths_no_zhiji,THS模板无zhiji_id，需后续匹配
RENDER-THS-THS-LI-3.1.1,THS-LI-3.1.1,THS,LI,review_first,P1,9.24,True,33.93,True,,26.91,P1,False,False,True,,,,,PENDING_MATCH,ths_no_zhiji,THS模板无zhiji_id，需后续匹配
RENDER-THS-THS-LI-3.1.3,THS-LI-3.1.3,THS,LI,review_first,P1,22.61,True,31.04,True,,24.67,P1,False,False,True,,,,,PENDING_MATCH,ths_no_zhiji,THS模板无zhiji_id，需后续匹配
RENDER-THS-THS-LI-3.1.4,THS-LI-3.1.4,THS,LI,review_first,CLEAN,5.2,True,38.44,True,,18.0,CLEAN,False,False,True,,,,,PENDING_MATCH,ths_no_zhiji,THS模板无zhiji_id，需后续匹配
RENDER-THS-THS-LI-3.1.5,THS-LI-3.1.5,THS,LI,review_first,CLEAN,19.4,True,24.66,True,,41.54,CLEAN,False,False,True,,,,,PENDING_MATCH,ths_no_zhiji,THS模板无zhiji_id，需后续匹配
RENDER-THS-THS-LI-3.2.1,THS-LI-3.2.1,THS,LI,review_first,P1,18.81,True,29.38,True,,32.18,P1,False,False,True,,,,,PENDING_MATCH,ths_no_zhiji,THS模板无zhiji_id，需后续匹配
RENDER-THS-THS-LI-3.2.2,THS-LI-3.2.2,THS,LI,review_first,P1,20.86,True,12.79,True,,22.76,P1,False,False,True,,,,,PENDING_MATCH,ths_no_zhiji,THS模板无zhiji_id，需后续匹配
RENDER-THS-THS-LI-3.2.3,THS-LI-3.2.3,THS,LI,review_first,P1,18.84,True,19.19,True,,35.35,P1,False,False,True,,,,,PENDING_MATCH,ths_no_zhiji,THS模板无zhiji_id，需后续匹配
RENDER-THS-THS-LI-3.2.4,THS-LI-3.2.4,THS,LI,review_first,CLEAN,14.47,True,25.93,True,,29.89,CLEAN,False,False,True,,,,,PENDING_MATCH,ths_no_zhiji,THS模板无zhiji_id，需后续匹配
RENDER-THS-THS-LI-4.1,THS-LI-4.1,THS,LI,review_first,P1,19.92,True,19.92,True,,39.6,P1,False,False,True,,,,,PENDING_MATCH,ths_no_zhiji,THS模板无zhiji_id，需后续匹配
RENDER-THS-THS-LI-4.2,THS-LI-4.2,THS,LI,review_first,P1,10.42,True,17.54,True,,19.22,P1,False,False,True,,,,,PENDING_MATCH,ths_no_zhiji,THS模板无zhiji_id，需后续匹配
RENDER-THS-THS-LI-4.3,THS-LI-4.3,THS,LI,review_first,P1,8.85,True,13.59,True,,33.76,CLEAN,False,False,True,,,,,PENDING_MATCH,ths_no_zhiji,THS模板无zhiji_id，需后续匹配
RENDER-THS-THS-LI-4.4,THS-LI-4.4,THS,LI,review_first,P1,20.24,True,15.55,True,,22.57,CLEAN,False,False,True,,,,,PENDING_MATCH,ths_no_zhiji,THS模板无zhiji_id，需后续匹配
RENDER-THS-THS-NI-2.1,THS-NI-2.1,THS,NI,review_first,P1,14.68,True,31.74,True,,49.18,CLEAN,False,False,True,,,,,PENDING_MATCH,ths_no_zhiji,THS模板无zhiji_id，需后续匹配
RENDER-THS-THS-NI-2.2,THS-NI-2.2,THS,NI,review_first,P1,15.49,True,18.49,True,,18.52,CLEAN,False,False,True,,,,,PENDING_MATCH,ths_no_zhiji,THS模板无zhiji_id，需后续匹配
RENDER-THS-THS-NI-2.3,THS-NI-2.3,THS,NI,review_first,CLEAN,8.88,True,16.82,True,,21.28,CLEAN,False,False,True,,,,,PENDING_MATCH,ths_no_zhiji,THS模板无zhiji_id，需后续匹配
RENDER-THS-THS-NI-2.4,THS-NI-2.4,THS,NI,review_first,CLEAN,5.28,True,26.02,True,,24.6,CLEAN,False,False,True,,,,,PENDING_MATCH,ths_no_zhiji,THS模板无zhiji_id，需后续匹配
RENDER-THS-THS-NI-2.5,THS-NI-2.5,THS,NI,review_first,P1,24.49,True,26.6,True,,39.41,P1,False,False,True,,,,,PENDING_MATCH,ths_no_zhiji,THS模板无zhiji_id，需后续匹配
RENDER-THS-THS-NI-2.6,THS-NI-2.6,THS,NI,review_first,CLEAN,7.53,True,36.05,True,,32.18,CLEAN,False,False,True,,,,,PENDING_MATCH,ths_no_zhiji,THS模板无zhiji_id，需后续匹配
RENDER-THS-THS-NI-3.1.1,THS-NI-3.1.1,THS,NI,review_first,P1,22.45,True,27.22,True,,31.43,P1,False,False,True,,,,,PENDING_MATCH,ths_no_zhiji,THS模板无zhiji_id，需后续匹配
RENDER-THS-THS-NI-3.1.2,THS-NI-3.1.2,THS,NI,review_first,CLEAN,13.81,True,15.53,True,,16.8,CLEAN,False,False,True,,,,,PENDING_MATCH,ths_no_zhiji,THS模板无zhiji_id，需后续匹配
RENDER-THS-THS-NI-3.1.3,THS-NI-3.1.3,THS,NI,review_first,P1,23.82,True,24.33,True,,43.77,P1,False,False,True,,,,,PENDING_MATCH,ths_no_zhiji,THS模板无zhiji_id，需后续匹配
RENDER-THS-THS-NI-3.1.4,THS-NI-3.1.4,THS,NI,review_first,P1,13.01,True,12.22,True,,37.03,CLEAN,False,False,True,,,,,PENDING_MATCH,ths_no_zhiji,THS模板无zhiji_id，需后续匹配
RENDER-THS-THS-NI-3.1.5,THS-NI-3.1.5,THS,NI,review_first,CLEAN,6.07,True,14.48,True,,34.7,CLEAN,False,False,True,,,,,PENDING_MATCH,ths_no_zhiji,THS模板无zhiji_id，需后续匹配
RENDER-THS-THS-NI-3.2,THS-NI-3.2,THS,NI,review_first,P1,11.08,True,39.82,True,,19.15,CLEAN,False,False,True,,,,,PENDING_MATCH,ths_no_zhiji,THS模板无zhiji_id，需后续匹配
RENDER-THS-THS-NI-3.2.1,THS-NI-3.2.1,THS,NI,review_first,CLEAN,20.29,True,28.19,True,,42.68,CLEAN,False,False,True,,,,,PENDING_MATCH,ths_no_zhiji,THS模板无zhiji_id，需后续匹配
RENDER-THS-THS-NI-3.2.2,THS-NI-3.2.2,THS,NI,review_first,CLEAN,9.51,True,25.68,True,,30.77,CLEAN,False,False,True,,,,,PENDING_MATCH,ths_no_zhiji,THS模板无zhiji_id，需后续匹配
RENDER-THS-THS-NI-3.2.3,THS-NI-3.2.3,THS,NI,review_first,CLEAN,13.85,True,35.8,True,,49.65,CLEAN,False,False,True,,,,,PENDING_MATCH,ths_no_zhiji,THS模板无zhiji_id，需后续匹配
RENDER-THS-THS-NI-3.2.4,THS-NI-3.2.4,THS,NI,review_first,CLEAN,11.11,True,28.63,True,,36.34,CLEAN,False,False,True,,,,,PENDING_MATCH,ths_no_zhiji,THS模板无zhiji_id，需后续匹配
RENDER-THS-THS-NI-4.1,THS-NI-4.1,THS,NI,review_first,P1,19.8,True,38.43,True,,22.27,P1,False,False,True,,,,,PENDING_MATCH,ths_no_zhiji,THS模板无zhiji_id，需后续匹配
RENDER-THS-THS-NI-4.2,THS-NI-4.2,THS,NI,review_first,P1,9.22,True,29.81,True,,20.5,P1,False,False,True,,,,,PENDING_MATCH,ths_no_zhiji,THS模板无zhiji_id，需后续匹配
RENDER-THS-THS-NI-4.3,THS-NI-4.3,THS,NI,review_first,P1,8.48,True,12.25,True,,15.09,P1,False,False,True,,,,,PENDING_MATCH,ths_no_zhiji,THS模板无zhiji_id，需后续匹配
RENDER-THS-THS-NI-4.4,THS-NI-4.4,THS,NI,review_first,CLEAN,14.01,True,27.81,True,,25.19,CLEAN,False,False,True,,,,,PENDING_MATCH,ths_no_zhiji,THS模板无zhiji_id，需后续匹配
RENDER-THS-THS-NI-5.3,THS-NI-5.3,THS,NI,review_first,P1,9.63,True,31.21,True,,39.6,CLEAN,False,False,True,,,,,PENDING_MATCH,ths_no_zhiji,THS模板无zhiji_id，需后续匹配
RENDER-THS-THS-NI-6.1,THS-NI-6.1,THS,NI,review_first,P1,14.08,True,30.62,True,,47.34,CLEAN,False,False,True,,,,,PENDING_MATCH,ths_no_zhiji,THS模板无zhiji_id，需后续匹配
RENDER-THS-THS-NI-6.3,THS-NI-6.3,THS,NI,review_first,P1,20.76,True,28.75,True,,38.14,CLEAN,False,False,True,,,,,PENDING_MATCH,ths_no_zhiji,THS模板无zhiji_id，需后续匹配
RENDER-THS-THS-NI-6.4,THS-NI-6.4,THS,NI,review_first,CLEAN,23.67,True,22.75,True,,34.06,CLEAN,False,False,True,,,,,PENDING_MATCH,ths_no_zhiji,THS模板无zhiji_id，需后续匹配
RENDER-THS-THS-NI-7.1,THS-NI-7.1,THS,NI,review_first,P1,17.95,True,37.25,True,,43.93,P1,False,False,True,,,,,PENDING_MATCH,ths_no_zhiji,THS模板无zhiji_id，需后续匹配
RENDER-THS-THS-NI-7.2,THS-NI-7.2,THS,NI,review_first,P1,6.43,True,14.98,True,,25.77,P1,False,False,True,,,,,PENDING_MATCH,ths_no_zhiji,THS模板无zhiji_id，需后续匹配
RENDER-THS-THS-NI-7.3,THS-NI-7.3,THS,NI,review_first,P1,19.98,True,27.08,True,,25.1,P1,False,False,True,,,,,PENDING_MATCH,ths_no_zhiji,THS模板无zhiji_id，需后续匹配
RENDER-THS-THS-SI-2.1,THS-SI-2.1,THS,SI,review_first,CLEAN,7.49,True,30.66,True,,39.49,CLEAN,False,False,True,,,,,PENDING_MATCH,ths_no_zhiji,THS模板无zhiji_id，需后续匹配
RENDER-THS-THS-SI-2.2,THS-SI-2.2,THS,SI,review_first,CLEAN,23.85,True,25.01,True,,32.28,CLEAN,False,False,True,,,,,PENDING_MATCH,ths_no_zhiji,THS模板无zhiji_id，需后续匹配
RENDER-THS-THS-SI-2.3,THS-SI-2.3,THS,SI,review_first,CLEAN,6.61,True,11.2,True,,30.12,CLEAN,False,False,True,,,,,PENDING_MATCH,ths_no_zhiji,THS模板无zhiji_id，需后续匹配
RENDER-THS-THS-SI-2.4,THS-SI-2.4,THS,SI,review_first,CLEAN,11.45,True,17.51,True,,18.2,CLEAN,False,False,True,,,,,PENDING_MATCH,ths_no_zhiji,THS模板无zhiji_id，需后续匹配
RENDER-THS-THS-SI-2.5,THS-SI-2.5,THS,SI,review_first,CLEAN,24.24,True,35.08,True,,35.13,CLEAN,False,False,True,,,,,PENDING_MATCH,ths_no_zhiji,THS模板无zhiji_id，需后续匹配
RENDER-THS-THS-SI-2.6,THS-SI-2.6,THS,SI,review_first,CLEAN,24.02,True,39.99,True,,38.53,CLEAN,False,False,True,,,,,PENDING_MATCH,ths_no_zhiji,THS模板无zhiji_id，需后续匹配
RENDER-THS-THS-SI-3.1.1,THS-SI-3.1.1,THS,SI,review_first,P1,10.39,True,11.21,True,,41.47,P1,False,False,True,,,,,PENDING_MATCH,ths_no_zhiji,THS模板无zhiji_id，需后续匹配
RENDER-THS-THS-SI-3.1.2,THS-SI-3.1.2,THS,SI,review_first,P1,14.41,True,29.55,True,,47.06,P1,False,False,True,,,,,PENDING_MATCH,ths_no_zhiji,THS模板无zhiji_id，需后续匹配
RENDER-THS-THS-SI-3.1.3,THS-SI-3.1.3,THS,SI,review_first,P1,8.63,True,27.56,True,,37.22,P1,False,False,True,,,,,PENDING_MATCH,ths_no_zhiji,THS模板无zhiji_id，需后续匹配
RENDER-THS-THS-SI-3.1.4,THS-SI-3.1.4,THS,SI,review_first,CLEAN,14.83,True,12.74,True,,27.18,CLEAN,False,False,True,,,,,PENDING_MATCH,ths_no_zhiji,THS模板无zhiji_id，需后续匹配
RENDER-THS-THS-SI-3.1.5,THS-SI-3.1.5,THS,SI,review_first,P1,11.67,True,30.1,True,,45.02,P1,False,False,True,,,,,PENDING_MATCH,ths_no_zhiji,THS模板无zhiji_id，需后续匹配
RENDER-THS-THS-SI-3.2.1,THS-SI-3.2.1,THS,SI,review_first,P1,11.6,True,30.81,True,,25.09,P1,False,False,True,,,,,PENDING_MATCH,ths_no_zhiji,THS模板无zhiji_id，需后续匹配
RENDER-THS-THS-SI-3.2.2,THS-SI-3.2.2,THS,SI,review_first,P1,23.9,True,34.41,True,,34.25,P1,False,False,True,,,,,PENDING_MATCH,ths_no_zhiji,THS模板无zhiji_id，需后续匹配
RENDER-THS-THS-SI-3.2.3,THS-SI-3.2.3,THS,SI,review_first,P1,14.1,True,19.44,True,,26.31,P1,False,False,True,,,,,PENDING_MATCH,ths_no_zhiji,THS模板无zhiji_id，需后续匹配
RENDER-THS-THS-SI-3.2.4,THS-SI-3.2.4,THS,SI,review_first,P1,24.4,True,22.13,True,,33.01,P1,False,False,True,,,,,PENDING_MATCH,ths_no_zhiji,THS模板无zhiji_id，需后续匹配
RENDER-THS-THS-SI-4.1,THS-SI-4.1,THS,SI,review_first,P1,24.76,True,29.73,True,,33.99,P1,False,False,True,,,,,PENDING_MATCH,ths_no_zhiji,THS模板无zhiji_id，需后续匹配
RENDER-THS-THS-SI-4.2,THS-SI-4.2,THS,SI,review_first,CLEAN,13.26,True,15.63,True,,27.66,CLEAN,False,False,True,,,,,PENDING_MATCH,ths_no_zhiji,THS模板无zhiji_id，需后续匹配
RENDER-THS-THS-SI-4.3,THS-SI-4.3,THS,SI,review_first,CLEAN,20.13,True,28.76,True,,41.6,CLEAN,False,False,True,,,,,PENDING_MATCH,ths_no_zhiji,THS模板无zhiji_id，需后续匹配
RENDER-THS-THS-SI-4.4,THS-SI-4.4,THS,SI,review_first,CLEAN,9.07,True,26.48,True,,47.47,CLEAN,False,False,True,,,,,PENDING_MATCH,ths_no_zhiji,THS模板无zhiji_id，需后续匹配
RENDER-THS-THS-SI-4.5,THS-SI-4.5,THS,SI,review_first,CLEAN,13.76,True,30.95,True,,19.25,CLEAN,False,False,True,,,,,PENDING_MATCH,ths_no_zhiji,THS模板无zhiji_id，需后续匹配
RENDER-THS-THS-SI-5.3,THS-SI-5.3,THS,SI,review_first,CLEAN,24.46,True,28.27,True,,23.38,CLEAN,False,False,True,,,,,PENDING_MATCH,ths_no_zhiji,THS模板无zhiji_id，需后续匹配
RENDER-THS-THS-SI-6.1,THS-SI-6.1,THS,SI,review_first,CLEAN,8.17,True,26.53,True,,34.33,CLEAN,False,False,True,,,,,PENDING_MATCH,ths_no_zhiji,THS模板无zhiji_id，需后续匹配
RENDER-THS-THS-SI-6.2,THS-SI-6.2,THS,SI,review_first,CLEAN,6.86,True,39.77,True,,46.95,CLEAN,False,False,True,,,,,PENDING_MATCH,ths_no_zhiji,THS模板无zhiji_id，需后续匹配
RENDER-THS-THS-SI-6.3,THS-SI-6.3,THS,SI,review_first,CLEAN,14.23,True,13.52,True,,44.13,CLEAN,False,False,True,,,,,PENDING_MATCH,ths_no_zhiji,THS模板无zhiji_id，需后续匹配
RENDER-THS-THS-SI-7.1,THS-SI-7.1,THS,SI,review_first,CLEAN,14.97,True,31.5,True,,32.81,CLEAN,False,False,True,,,,,PENDING_MATCH,ths_no_zhiji,THS模板无zhiji_id，需后续匹配
RENDER-THS-THS-SI-7.2,THS-SI-7.2,THS,SI,review_first,P1,10.47,True,35.04,True,,49.31,P1,False,False,True,,,,,PENDING_MATCH,ths_no_zhiji,THS模板无zhiji_id，需后续匹配
RENDER-THS-THS-SN-2.1,THS-SN-2.1,THS,SN,review_first,P1,9.87,True,26.54,True,,28.43,P1,False,False,True,,,,,PENDING_MATCH,ths_no_zhiji,THS模板无zhiji_id，需后续匹配
RENDER-THS-THS-SN-2.2,THS-SN-2.2,THS,SN,review_first,CLEAN,23.44,True,25.25,True,,45.78,CLEAN,False,False,True,,,,,PENDING_MATCH,ths_no_zhiji,THS模板无zhiji_id，需后续匹配
RENDER-THS-THS-SN-2.3,THS-SN-2.3,THS,SN,review_first,CLEAN,22.28,True,18.29,True,,42.65,CLEAN,False,False,True,,,,,PENDING_MATCH,ths_no_zhiji,THS模板无zhiji_id，需后续匹配
RENDER-THS-THS-SN-2.4,THS-SN-2.4,THS,SN,review_first,CLEAN,13.3,True,38.03,True,,32.77,CLEAN,False,False,True,,,,,PENDING_MATCH,ths_no_zhiji,THS模板无zhiji_id，需后续匹配
RENDER-THS-THS-SN-2.5,THS-SN-2.5,THS,SN,review_first,P1,21.41,True,18.49,True,,25.45,P1,False,False,True,,,,,PENDING_MATCH,ths_no_zhiji,THS模板无zhiji_id，需后续匹配
RENDER-THS-THS-SN-2.6,THS-SN-2.6,THS,SN,review_first,CLEAN,16.74,True,39.97,True,,32.14,CLEAN,False,False,True,,,,,PENDING_MATCH,ths_no_zhiji,THS模板无zhiji_id，需后续匹配
RENDER-THS-THS-SN-3.1.1,THS-SN-3.1.1,THS,SN,review_first,P1,7.97,True,26.16,True,,27.08,P1,False,False,True,,,,,PENDING_MATCH,ths_no_zhiji,THS模板无zhiji_id，需后续匹配
RENDER-THS-THS-SN-3.1.2,THS-SN-3.1.2,THS,SN,review_first,CLEAN,16.04,True,26.3,True,,30.94,CLEAN,False,False,True,,,,,PENDING_MATCH,ths_no_zhiji,THS模板无zhiji_id，需后续匹配
RENDER-THS-THS-SN-3.1.3,THS-SN-3.1.3,THS,SN,review_first,P1,11.44,True,15.66,True,,39.41,P1,False,False,True,,,,,PENDING_MATCH,ths_no_zhiji,THS模板无zhiji_id，需后续匹配
RENDER-THS-THS-SN-3.2.2,THS-SN-3.2.2,THS,SN,review_first,P1,16.44,True,17.01,True,,42.14,P1,False,False,True,,,,,PENDING_MATCH,ths_no_zhiji,THS模板无zhiji_id，需后续匹配
RENDER-THS-THS-SN-3.2.3,THS-SN-3.2.3,THS,SN,review_first,P1,5.87,True,32.34,True,,39.68,P1,False,False,True,,,,,PENDING_MATCH,ths_no_zhiji,THS模板无zhiji_id，需后续匹配
RENDER-THS-THS-SN-3.2.4,THS-SN-3.2.4,THS,SN,review_first,CLEAN,21.23,True,21.58,True,,38.23,CLEAN,False,False,True,,,,,PENDING_MATCH,ths_no_zhiji,THS模板无zhiji_id，需后续匹配
RENDER-THS-THS-SN-4.1,THS-SN-4.1,THS,SN,review_first,P1,21.41,True,39.42,True,,32.34,P1,False,False,True,,,,,PENDING_MATCH,ths_no_zhiji,THS模板无zhiji_id，需后续匹配
RENDER-THS-THS-SN-4.2,THS-SN-4.2,THS,SN,review_first,CLEAN,5.74,True,25.07,True,,35.66,CLEAN,False,False,True,,,,,PENDING_MATCH,ths_no_zhiji,THS模板无zhiji_id，需后续匹配
RENDER-THS-THS-SN-4.3,THS-SN-4.3,THS,SN,review_first,CLEAN,22.39,True,36.23,True,,30.41,CLEAN,False,False,True,,,,,PENDING_MATCH,ths_no_zhiji,THS模板无zhiji_id，需后续匹配
RENDER-THS-THS-SN-4.4,THS-SN-4.4,THS,SN,review_first,P1,15.52,True,23.71,True,,40.29,CLEAN,False,False,True,,,,,PENDING_MATCH,ths_no_zhiji,THS模板无zhiji_id，需后续匹配
RENDER-THS-THS-SN-4.5,THS-SN-4.5,THS,SN,review_first,P1,13.2,True,29.64,True,,20.4,CLEAN,False,False,True,,,,,PENDING_MATCH,ths_no_zhiji,THS模板无zhiji_id，需后续匹配
RENDER-THS-THS-SN-5.3,THS-SN-5.3,THS,SN,review_first,CLEAN,14.39,True,39.08,True,,26.85,CLEAN,False,False,True,,,,,PENDING_MATCH,ths_no_zhiji,THS模板无zhiji_id，需后续匹配
RENDER-THS-THS-SN-6.3,THS-SN-6.3,THS,SN,review_first,P1,18.85,True,29.5,True,,44.81,CLEAN,False,False,True,,,,,PENDING_MATCH,ths_no_zhiji,THS模板无zhiji_id，需后续匹配
RENDER-THS-THS-SN-6.4,THS-SN-6.4,THS,SN,review_first,CLEAN,22.05,True,35.78,True,,28.3,CLEAN,False,False,True,,,,,PENDING_MATCH,ths_no_zhiji,THS模板无zhiji_id，需后续匹配
RENDER-THS-THS-SN-7.1,THS-SN-7.1,THS,SN,review_first,P1,11.33,True,31.56,True,,41.58,P1,False,False,True,,,,,PENDING_MATCH,ths_no_zhiji,THS模板无zhiji_id，需后续匹配
RENDER-THS-THS-SN-7.2,THS-SN-7.2,THS,SN,review_first,P1,22.45,True,11.08,True,,17.39,P1,False,False,True,,,,,PENDING_MATCH,ths_no_zhiji,THS模板无zhiji_id，需后续匹配
RENDER-THS-THS-SN-7.3,THS-SN-7.3,THS,SN,review_first,P1,17.62,True,37.63,True,,49.91,P1,False,False,True,,,,,PENDING_MATCH,ths_no_zhiji,THS模板无zhiji_id，需后续匹配
RENDER-THS-THS-ZN-2.1,THS-ZN-2.1,THS,ZN,review_first,CLEAN,19.94,True,23.02,True,,18.45,CLEAN,False,False,True,,,,,PENDING_MATCH,ths_no_zhiji,THS模板无zhiji_id，需后续匹配
RENDER-THS-THS-ZN-2.2,THS-ZN-2.2,THS,ZN,review_first,CLEAN,17.67,True,36.18,True,,30.53,CLEAN,False,False,True,,,,,PENDING_MATCH,ths_no_zhiji,THS模板无zhiji_id，需后续匹配
RENDER-THS-THS-ZN-2.3,THS-ZN-2.3,THS,ZN,review_first,CLEAN,18.88,True,37.1,True,,16.61,CLEAN,False,False,True,,,,,PENDING_MATCH,ths_no_zhiji,THS模板无zhiji_id，需后续匹配
RENDER-THS-THS-ZN-2.4,THS-ZN-2.4,THS,ZN,review_first,CLEAN,20.92,True,18.8,True,,28.12,CLEAN,False,False,True,,,,,PENDING_MATCH,ths_no_zhiji,THS模板无zhiji_id，需后续匹配
RENDER-THS-THS-ZN-2.5,THS-ZN-2.5,THS,ZN,review_first,P1,7.91,True,25.93,True,,34.81,P1,False,False,True,,,,,PENDING_MATCH,ths_no_zhiji,THS模板无zhiji_id，需后续匹配
RENDER-THS-THS-ZN-2.6,THS-ZN-2.6,THS,ZN,review_first,CLEAN,20.85,True,15.1,True,,17.76,CLEAN,False,False,True,,,,,PENDING_MATCH,ths_no_zhiji,THS模板无zhiji_id，需后续匹配
RENDER-THS-THS-ZN-3.1.1,THS-ZN-3.1.1,THS,ZN,review_first,P1,22.42,True,28.59,True,,23.43,P1,False,False,True,,,,,PENDING_MATCH,ths_no_zhiji,THS模板无zhiji_id，需后续匹配
RENDER-THS-THS-ZN-3.1.2,THS-ZN-3.1.2,THS,ZN,review_first,P1,23.26,True,14.29,True,,31.14,P1,False,False,True,,,,,PENDING_MATCH,ths_no_zhiji,THS模板无zhiji_id，需后续匹配
RENDER-THS-THS-ZN-3.1.3,THS-ZN-3.1.3,THS,ZN,review_first,P1,10.08,True,17.66,True,,15.33,P1,False,False,True,,,,,PENDING_MATCH,ths_no_zhiji,THS模板无zhiji_id，需后续匹配
RENDER-THS-THS-ZN-3.1.4,THS-ZN-3.1.4,THS,ZN,review_first,P1,21.09,True,37.04,True,,38.72,CLEAN,False,False,True,,,,,PENDING_MATCH,ths_no_zhiji,THS模板无zhiji_id，需后续匹配
RENDER-THS-THS-ZN-3.1.5,THS-ZN-3.1.5,THS,ZN,review_first,CLEAN,8.16,True,23.25,True,,27.09,CLEAN,False,False,True,,,,,PENDING_MATCH,ths_no_zhiji,THS模板无zhiji_id，需后续匹配
RENDER-THS-THS-ZN-3.2.1,THS-ZN-3.2.1,THS,ZN,review_first,P1,16.75,True,29.17,True,,29.85,P1,False,False,True,,,,,PENDING_MATCH,ths_no_zhiji,THS模板无zhiji_id，需后续匹配
RENDER-THS-THS-ZN-3.2.2,THS-ZN-3.2.2,THS,ZN,review_first,P1,10.0,True,35.36,True,,21.97,P1,False,False,True,,,,,PENDING_MATCH,ths_no_zhiji,THS模板无zhiji_id，需后续匹配
RENDER-THS-THS-ZN-3.2.3,THS-ZN-3.2.3,THS,ZN,review_first,P1,12.69,True,24.5,True,,23.3,P1,False,False,True,,,,,PENDING_MATCH,ths_no_zhiji,THS模板无zhiji_id，需后续匹配
RENDER-THS-THS-ZN-3.2.4,THS-ZN-3.2.4,THS,ZN,review_first,CLEAN,16.44,True,27.24,True,,49.74,CLEAN,False,False,True,,,,,PENDING_MATCH,ths_no_zhiji,THS模板无zhiji_id，需后续匹配
RENDER-THS-THS-ZN-4.1,THS-ZN-4.1,THS,ZN,review_first,CLEAN,10.9,True,39.34,True,,38.04,CLEAN,False,False,True,,,,,PENDING_MATCH,ths_no_zhiji,THS模板无zhiji_id，需后续匹配
RENDER-THS-THS-ZN-4.2,THS-ZN-4.2,THS,ZN,review_first,CLEAN,10.49,True,26.98,True,,39.0,CLEAN,False,False,True,,,,,PENDING_MATCH,ths_no_zhiji,THS模板无zhiji_id，需后续匹配
RENDER-THS-THS-ZN-4.3,THS-ZN-4.3,THS,ZN,review_first,CLEAN,19.89,True,11.47,True,,36.22,CLEAN,False,False,True,,,,,PENDING_MATCH,ths_no_zhiji,THS模板无zhiji_id，需后续匹配
RENDER-THS-THS-ZN-4.4,THS-ZN-4.4,THS,ZN,review_first,P1,14.93,True,37.12,True,,25.02,P1,False,False,True,,,,,PENDING_MATCH,ths_no_zhiji,THS模板无zhiji_id，需后续匹配
RENDER-THS-THS-ZN-4.5,THS-ZN-4.5,THS,ZN,review_first,CLEAN,20.98,True,28.21,True,,27.33,CLEAN,False,False,True,,,,,PENDING_MATCH,ths_no_zhiji,THS模板无zhiji_id，需后续匹配
RENDER-THS-THS-ZN-6.1,THS-ZN-6.1,THS,ZN,review_first,CLEAN,17.73,True,28.63,True,,38.72,CLEAN,False,False,True,,,,,PENDING_MATCH,ths_no_zhiji,THS模板无zhiji_id，需后续匹配
RENDER-THS-THS-ZN-6.3,THS-ZN-6.3,THS,ZN,review_first,CLEAN,19.42,True,29.78,True,,44.34,CLEAN,False,False,True,,,,,PENDING_MATCH,ths_no_zhiji,THS模板无zhiji_id，需后续匹配
RENDER-THS-THS-ZN-7.1,THS-ZN-7.1,THS,ZN,review_first,P1,17.56,True,37.1,True,,37.62,P1,False,False,True,,,,,PENDING_MATCH,ths_no_zhiji,THS模板无zhiji_id，需后续匹配
RENDER-THS-THS-ZN-7.2,THS-ZN-7.2,THS,ZN,review_first,P1,11.18,True,23.22,True,,35.29,P1,False,False,True,,,,,PENDING_MATCH,ths_no_zhiji,THS模板无zhiji_id，需后续匹配
RENDER-THS-THS-ZN-7.3,THS-ZN-7.3,THS,ZN,review_first,CLEAN,19.65,True,12.7,True,,25.33,CLEAN,False,False,True,,,,,PENDING_MATCH,ths_no_zhiji,THS模板无zhiji_id，需后续匹配
RENDER-PDF-TPL-AO-002,TPL-AO-002,PDF,AO,blocked,P0,19.95,True,15.27,True,,19.63,P0,True,True,False,,,,,BLOCKED_P0,p0_blocked,命中P0语义冲突，拦截渲染
RENDER-PDF-TPL-AO-003,TPL-AO-003,PDF,AO,blocked,P0,15.79,True,39.14,True,,33.58,P0,True,True,False,,,,,BLOCKED_P0,p0_blocked,命中P0语义冲突，拦截渲染
RENDER-PDF-TPL-AO-004,TPL-AO-004,PDF,AO,blocked,P0,23.27,True,34.91,True,,23.99,P0,True,True,False,,,,,BLOCKED_P0,p0_blocked,命中P0语义冲突，拦截渲染
RENDER-PDF-TPL-AO-005,TPL-AO-005,PDF,AO,blocked,P0,21.49,True,24.46,True,,43.23,P0,True,True,False,,,,,BLOCKED_P0,p0_blocked,命中P0语义冲突，拦截渲染
RENDER-PDF-TPL-AO-006,TPL-AO-006,PDF,AO,blocked,P0,19.93,True,20.16,True,,19.03,P0,True,True,False,,,,,BLOCKED_P0,p0_blocked,命中P0语义冲突，拦截渲染
RENDER-PDF-TPL-AO-007,TPL-AO-007,PDF,AO,blocked,P0,24.26,True,14.22,True,,48.83,P0,True,True,False,,,,,BLOCKED_P0,p0_blocked,命中P0语义冲突，拦截渲染
RENDER-PDF-TPL-AO-008,TPL-AO-008,PDF,AO,blocked,P0,22.2,True,31.73,True,,49.3,P0,True,True,False,,,,,BLOCKED_P0,p0_blocked,命中P0语义冲突，拦截渲染
RENDER-PDF-TPL-AO-009,TPL-AO-009,PDF,AO,blocked,P0,24.35,True,34.14,True,,27.8,P0,True,True,False,,,,,BLOCKED_P0,p0_blocked,命中P0语义冲突，拦截渲染
RENDER-PDF-TPL-AO-014,TPL-AO-014,PDF,AO,blocked,P0,20.81,True,10.42,True,,33.78,P0,True,True,False,,,,,BLOCKED_P0,p0_blocked,命中P0语义冲突，拦截渲染
RENDER-PDF-TPL-AO-015,TPL-AO-015,PDF,AO,blocked,P0,14.1,True,30.18,True,,38.53,P0,True,True,False,,,,,BLOCKED_P0,p0_blocked,命中P0语义冲突，拦截渲染
RENDER-PDF-TPL-AO-018,TPL-AO-018,PDF,AO,blocked,P0,16.69,True,34.67,True,,47.91,P0,True,True,False,,,,,BLOCKED_P0,p0_blocked,命中P0语义冲突，拦截渲染
RENDER-PDF-TPL-AO-019,TPL-AO-019,PDF,AO,blocked,P0,7.17,True,17.01,True,,15.88,P0,True,True,False,,,,,BLOCKED_P0,p0_blocked,命中P0语义冲突，拦截渲染
RENDER-PDF-TPL-AO-020,TPL-AO-020,PDF,AO,blocked,P0,22.68,True,26.84,True,,47.03,P0,True,True,False,,,,,BLOCKED_P0,p0_blocked,命中P0语义冲突，拦截渲染
RENDER-PDF-TPL-AO-021,TPL-AO-021,PDF,AO,blocked,P0,9.43,True,11.9,True,,43.83,P0,True,True,False,,,,,BLOCKED_P0,p0_blocked,命中P0语义冲突，拦截渲染
RENDER-PDF-TPL-AO-023,TPL-AO-023,PDF,AO,blocked,P0,23.19,True,19.07,True,,29.29,P0,True,True,False,,,,,BLOCKED_P0,p0_blocked,命中P0语义冲突，拦截渲染
RENDER-PDF-TPL-AO-025,TPL-AO-025,PDF,AO,blocked,P0,7.8,True,38.39,True,,25.65,P0,True,True,False,,,,,BLOCKED_P0,p0_blocked,命中P0语义冲突，拦截渲染
RENDER-PDF-TPL-AO-026,TPL-AO-026,PDF,AO,blocked,P0,14.85,True,12.92,True,,46.05,P0,True,True,False,,,,,BLOCKED_P0,p0_blocked,命中P0语义冲突，拦截渲染
RENDER-PDF-TPL-AO-027,TPL-AO-027,PDF,AO,blocked,P0,7.71,True,23.61,True,,38.47,P0,True,True,False,,,,,BLOCKED_P0,p0_blocked,命中P0语义冲突，拦截渲染
RENDER-PDF-TPL-AO-028,TPL-AO-028,PDF,AO,blocked,P0,19.86,True,38.38,True,,29.67,P0,True,True,False,,,,,BLOCKED_P0,p0_blocked,命中P0语义冲突，拦截渲染
RENDER-PDF-TPL-AO-029,TPL-AO-029,PDF,AO,blocked,P0,19.85,True,14.64,True,,29.52,P0,True,True,False,,,,,BLOCKED_P0,p0_blocked,命中P0语义冲突，拦截渲染
RENDER-PDF-TPL-AO-030,TPL-AO-030,PDF,AO,blocked,P0,6.98,True,24.68,True,,29.28,P0,True,True,False,,,,,BLOCKED_P0,p0_blocked,命中P0语义冲突，拦截渲染
RENDER-PDF-TPL-AO-031,TPL-AO-031,PDF,AO,blocked,P0,24.03,True,10.98,True,,27.97,P0,True,True,False,,,,,BLOCKED_P0,p0_blocked,命中P0语义冲突，拦截渲染
RENDER-PDF-TPL-AO-033,TPL-AO-033,PDF,AO,blocked,P0,13.87,True,38.52,True,,44.94,P0,True,True,False,,,,,BLOCKED_P0,p0_blocked,命中P0语义冲突，拦截渲染
RENDER-PDF-TPL-AO-034,TPL-AO-034,PDF,AO,blocked,P0,6.99,True,30.57,True,,34.06,P0,True,True,False,,,,,BLOCKED_P0,p0_blocked,命中P0语义冲突，拦截渲染
RENDER-PDF-TPL-AO-035,TPL-AO-035,PDF,AO,blocked,P0,24.56,True,20.76,True,,28.93,P0,True,True,False,,,,,BLOCKED_P0,p0_blocked,命中P0语义冲突，拦截渲染
RENDER-PDF-TPL-AO-037,TPL-AO-037,PDF,AO,blocked,P0,8.8,True,13.66,True,,44.68,P0,True,True,False,,,,,BLOCKED_P0,p0_blocked,命中P0语义冲突，拦截渲染
RENDER-PDF-TPL-AO-038,TPL-AO-038,PDF,AO,blocked,P0,14.09,True,29.88,True,,37.46,P0,True,True,False,,,,,BLOCKED_P0,p0_blocked,命中P0语义冲突，拦截渲染
RENDER-PDF-TPL-AO-039,TPL-AO-039,PDF,AO,blocked,P0,16.94,True,10.64,True,,42.54,P0,True,True,False,,,,,BLOCKED_P0,p0_blocked,命中P0语义冲突，拦截渲染
RENDER-PDF-TPL-AO-040,TPL-AO-040,PDF,AO,blocked,P0,9.87,True,13.78,True,,34.76,P0,True,True,False,,,,,BLOCKED_P0,p0_blocked,命中P0语义冲突，拦截渲染
RENDER-PDF-TPL-AO-041,TPL-AO-041,PDF,AO,blocked,P0,6.37,True,32.95,True,,22.25,P0,True,True,False,,,,,BLOCKED_P0,p0_blocked,命中P0语义冲突，拦截渲染
RENDER-PDF-TPL-AO-042,TPL-AO-042,PDF,AO,blocked,P0,9.32,True,36.09,True,,26.5,P0,True,True,False,,,,,BLOCKED_P0,p0_blocked,命中P0语义冲突，拦截渲染
RENDER-PDF-TPL-AO-043,TPL-AO-043,PDF,AO,blocked,P0,7.95,True,37.02,True,,15.1,P0,True,True,False,,,,,BLOCKED_P0,p0_blocked,命中P0语义冲突，拦截渲染
RENDER-PDF-TPL-AO-044,TPL-AO-044,PDF,AO,blocked,P0,22.17,True,14.34,True,,19.55,P0,True,True,False,,,,,BLOCKED_P0,p0_blocked,命中P0语义冲突，拦截渲染
RENDER-PDF-TPL-AO-045,TPL-AO-045,PDF,AO,blocked,P0,10.01,True,15.23,True,,38.14,P0,True,True,False,,,,,BLOCKED_P0,p0_blocked,命中P0语义冲突，拦截渲染
RENDER-PDF-TPL-AO-046,TPL-AO-046,PDF,AO,blocked,P0,5.52,True,10.45,True,,42.65,P0,True,True,False,,,,,BLOCKED_P0,p0_blocked,命中P0语义冲突，拦截渲染
RENDER-PDF-TPL-AO-047,TPL-AO-047,PDF,AO,blocked,P0,9.76,True,19.71,True,,21.1,P0,True,True,False,,,,,BLOCKED_P0,p0_blocked,命中P0语义冲突，拦截渲染
RENDER-PDF-TPL-AO-048,TPL-AO-048,PDF,AO,blocked,P0,6.05,True,32.25,True,,33.41,P0,True,True,False,,,,,BLOCKED_P0,p0_blocked,命中P0语义冲突，拦截渲染
RENDER-PDF-TPL-AO-049,TPL-AO-049,PDF,AO,blocked,P0,19.91,True,24.29,True,,42.23,P0,True,True,False,,,,,BLOCKED_P0,p0_blocked,命中P0语义冲突，拦截渲染
RENDER-PDF-TPL-AO-050,TPL-AO-050,PDF,AO,blocked,P0,15.26,True,13.27,True,,32.63,P0,True,True,False,,,,,BLOCKED_P0,p0_blocked,命中P0语义冲突，拦截渲染
RENDER-PDF-TPL-AO-051,TPL-AO-051,PDF,AO,blocked,P0,23.91,True,11.3,True,,42.41,P0,True,True,False,,,,,BLOCKED_P0,p0_blocked,命中P0语义冲突，拦截渲染
RENDER-PDF-TPL-AO-052,TPL-AO-052,PDF,AO,blocked,P0,22.34,True,25.64,True,,31.03,P0,True,True,False,,,,,BLOCKED_P0,p0_blocked,命中P0语义冲突，拦截渲染
RENDER-PDF-TPL-AO-053,TPL-AO-053,PDF,AO,blocked,P0,24.28,True,11.82,True,,31.76,P0,True,True,False,,,,,BLOCKED_P0,p0_blocked,命中P0语义冲突，拦截渲染
RENDER-PDF-TPL-AO-054,TPL-AO-054,PDF,AO,blocked,P0,13.03,True,30.58,True,,32.16,P0,True,True,False,,,,,BLOCKED_P0,p0_blocked,命中P0语义冲突，拦截渲染
RENDER-PDF-TPL-AO-055,TPL-AO-055,PDF,AO,blocked,P0,23.19,True,12.2,True,,17.83,P0,True,True,False,,,,,BLOCKED_P0,p0_blocked,命中P0语义冲突，拦截渲染
RENDER-PDF-TPL-AO-056,TPL-AO-056,PDF,AO,blocked,P0,17.17,True,11.97,True,,24.63,P0,True,True,False,,,,,BLOCKED_P0,p0_blocked,命中P0语义冲突，拦截渲染
RENDER-PDF-TPL-AO-057,TPL-AO-057,PDF,AO,blocked,P0,17.66,True,26.45,True,,26.38,P0,True,True,False,,,,,BLOCKED_P0,p0_blocked,命中P0语义冲突，拦截渲染
RENDER-PDF-TPL-AO-058,TPL-AO-058,PDF,AO,blocked,P0,24.89,True,25.92,True,,30.88,P0,True,True,False,,,,,BLOCKED_P0,p0_blocked,命中P0语义冲突，拦截渲染
RENDER-PDF-TPL-AO-059,TPL-AO-059,PDF,AO,blocked,P0,17.11,True,12.98,True,,39.56,P0,True,True,False,,,,,BLOCKED_P0,p0_blocked,命中P0语义冲突，拦截渲染
RENDER-PDF-TPL-AO-061,TPL-AO-061,PDF,AO,blocked,P0,22.06,True,29.53,True,,41.91,P0,True,True,False,,,,,BLOCKED_P0,p0_blocked,命中P0语义冲突，拦截渲染
RENDER-PDF-TPL-AO-062,TPL-AO-062,PDF,AO,blocked,P0,19.42,True,16.45,True,,30.8,P0,True,True,False,,,,,BLOCKED_P0,p0_blocked,命中P0语义冲突，拦截渲染
RENDER-PDF-TPL-AO-063,TPL-AO-063,PDF,AO,blocked,P0,9.57,True,20.17,True,,30.87,P0,True,True,False,,,,,BLOCKED_P0,p0_blocked,命中P0语义冲突，拦截渲染
RENDER-PDF-TPL-SI-001,TPL-SI-001,PDF,SI,blocked,P0,13.32,True,12.85,True,,29.94,P0,True,True,False,,,,,BLOCKED_P0,p0_blocked,命中P0语义冲突，拦截渲染
RENDER-PDF-TPL-SI-002,TPL-SI-002,PDF,SI,blocked,P0,18.3,True,21.23,True,,20.34,P0,True,True,False,,,,,BLOCKED_P0,p0_blocked,命中P0语义冲突，拦截渲染
RENDER-PDF-TPL-SI-004,TPL-SI-004,PDF,SI,blocked,P0,23.46,True,12.01,True,,44.11,P0,True,True,False,,,,,BLOCKED_P0,p0_blocked,命中P0语义冲突，拦截渲染
RENDER-PDF-TPL-SI-006,TPL-SI-006,PDF,SI,blocked,P0,6.86,True,12.9,True,,40.86,P0,True,True,False,,,,,BLOCKED_P0,p0_blocked,命中P0语义冲突，拦截渲染
RENDER-PDF-TPL-SI-007,TPL-SI-007,PDF,SI,blocked,P0,21.24,True,26.69,True,,35.53,P0,True,True,False,,,,,BLOCKED_P0,p0_blocked,命中P0语义冲突，拦截渲染
RENDER-PDF-TPL-SI-011,TPL-SI-011,PDF,SI,blocked,P0,16.23,True,19.89,True,,19.28,P0,True,True,False,,,,,BLOCKED_P0,p0_blocked,命中P0语义冲突，拦截渲染
RENDER-PDF-TPL-SI-012,TPL-SI-012,PDF,SI,blocked,P0,12.07,True,29.96,True,,41.26,P0,True,True,False,,,,,BLOCKED_P0,p0_blocked,命中P0语义冲突，拦截渲染
RENDER-PDF-TPL-SI-013,TPL-SI-013,PDF,SI,blocked,P0,22.36,True,31.63,True,,48.89,P0,True,True,False,,,,,BLOCKED_P0,p0_blocked,命中P0语义冲突，拦截渲染
RENDER-PDF-TPL-SI-016,TPL-SI-016,PDF,SI,blocked,P0,17.01,True,20.55,True,,35.23,P0,True,True,False,,,,,BLOCKED_P0,p0_blocked,命中P0语义冲突，拦截渲染
RENDER-PDF-TPL-SI-018,TPL-SI-018,PDF,SI,blocked,P0,9.25,True,29.7,True,,22.85,P0,True,True,False,,,,,BLOCKED_P0,p0_blocked,命中P0语义冲突，拦截渲染
RENDER-PDF-TPL-SI-019,TPL-SI-019,PDF,SI,blocked,P0,7.16,True,35.36,True,,27.86,P0,True,True,False,,,,,BLOCKED_P0,p0_blocked,命中P0语义冲突，拦截渲染
RENDER-PDF-TPL-SI-020,TPL-SI-020,PDF,SI,blocked,P0,20.25,True,27.22,True,,43.25,P0,True,True,False,,,,,BLOCKED_P0,p0_blocked,命中P0语义冲突，拦截渲染
RENDER-PDF-TPL-SI-022,TPL-SI-022,PDF,SI,blocked,P0,21.9,True,39.24,True,,43.64,P0,True,True,False,,,,,BLOCKED_P0,p0_blocked,命中P0语义冲突，拦截渲染
RENDER-PDF-TPL-SI-023,TPL-SI-023,PDF,SI,blocked,P0,17.27,True,29.28,True,,15.92,P0,True,True,False,,,,,BLOCKED_P0,p0_blocked,命中P0语义冲突，拦截渲染
RENDER-PDF-TPL-SI-025,TPL-SI-025,PDF,SI,blocked,P0,23.58,True,34.88,True,,24.36,P0,True,True,False,,,,,BLOCKED_P0,p0_blocked,命中P0语义冲突，拦截渲染
RENDER-PDF-TPL-SI-026,TPL-SI-026,PDF,SI,blocked,P0,8.61,True,31.08,True,,25.81,P0,True,True,False,,,,,BLOCKED_P0,p0_blocked,命中P0语义冲突，拦截渲染
RENDER-PDF-TPL-SI-027,TPL-SI-027,PDF,SI,blocked,P0,11.8,True,10.18,True,,45.45,P0,True,True,False,,,,,BLOCKED_P0,p0_blocked,命中P0语义冲突，拦截渲染
RENDER-PDF-TPL-SI-028,TPL-SI-028,PDF,SI,blocked,P0,16.33,True,22.02,True,,19.97,P0,True,True,False,,,,,BLOCKED_P0,p0_blocked,命中P0语义冲突，拦截渲染
RENDER-PDF-TPL-SI-031,TPL-SI-031,PDF,SI,blocked,P0,17.66,True,10.92,True,,41.11,P0,True,True,False,,,,,BLOCKED_P0,p0_blocked,命中P0语义冲突，拦截渲染
RENDER-PDF-TPL-SI-032,TPL-SI-032,PDF,SI,blocked,P0,9.3,True,22.59,True,,26.93,P0,True,True,False,,,,,BLOCKED_P0,p0_blocked,命中P0语义冲突，拦截渲染
RENDER-PDF-TPL-SI-033,TPL-SI-033,PDF,SI,blocked,P0,12.4,True,31.65,True,,42.19,P0,True,True,False,,,,,BLOCKED_P0,p0_blocked,命中P0语义冲突，拦截渲染
RENDER-PDF-TPL-SI-034,TPL-SI-034,PDF,SI,blocked,P0,16.35,True,12.55,True,,16.84,P0,True,True,False,,,,,BLOCKED_P0,p0_blocked,命中P0语义冲突，拦截渲染
RENDER-PDF-TPL-SI-035,TPL-SI-035,PDF,SI,blocked,P0,8.15,True,28.54,True,,38.59,P0,True,True,False,,,,,BLOCKED_P0,p0_blocked,命中P0语义冲突，拦截渲染
RENDER-PDF-TPL-SI-036,TPL-SI-036,PDF,SI,blocked,P0,10.44,True,29.86,True,,32.0,P0,True,True,False,,,,,BLOCKED_P0,p0_blocked,命中P0语义冲突，拦截渲染
RENDER-PDF-TPL-SI-037,TPL-SI-037,PDF,SI,blocked,P0,13.84,True,18.2,True,,41.42,P0,True,True,False,,,,,BLOCKED_P0,p0_blocked,命中P0语义冲突，拦截渲染
RENDER-PDF-TPL-SI-039,TPL-SI-039,PDF,SI,blocked,P0,7.28,True,22.9,True,,24.91,P0,True,True,False,,,,,BLOCKED_P0,p0_blocked,命中P0语义冲突，拦截渲染
RENDER-PDF-TPL-SI-040,TPL-SI-040,PDF,SI,blocked,P0,18.57,True,24.6,True,,38.35,P0,True,True,False,,,,,BLOCKED_P0,p0_blocked,命中P0语义冲突，拦截渲染
RENDER-PDF-TPL-SI-041,TPL-SI-041,PDF,SI,blocked,P0,5.91,True,21.86,True,,35.98,P0,True,True,False,,,,,BLOCKED_P0,p0_blocked,命中P0语义冲突，拦截渲染
RENDER-PDF-TPL-SI-042,TPL-SI-042,PDF,SI,blocked,P0,5.15,True,19.04,True,,22.39,P0,True,True,False,,,,,BLOCKED_P0,p0_blocked,命中P0语义冲突，拦截渲染
RENDER-PDF-TPL-SI-043,TPL-SI-043,PDF,SI,blocked,P0,7.74,True,17.67,True,,26.48,P0,True,True,False,,,,,BLOCKED_P0,p0_blocked,命中P0语义冲突，拦截渲染
RENDER-PDF-TPL-SI-044,TPL-SI-044,PDF,SI,blocked,P0,5.15,True,32.41,True,,21.15,P0,True,True,False,,,,,BLOCKED_P0,p0_blocked,命中P0语义冲突，拦截渲染
RENDER-PDF-TPL-SI-045,TPL-SI-045,PDF,SI,blocked,P0,12.6,True,31.11,True,,32.51,P0,True,True,False,,,,,BLOCKED_P0,p0_blocked,命中P0语义冲突，拦截渲染
RENDER-PDF-TPL-SI-047,TPL-SI-047,PDF,SI,blocked,P0,21.67,True,34.19,True,,17.52,P0,True,True,False,,,,,BLOCKED_P0,p0_blocked,命中P0语义冲突，拦截渲染
RENDER-PDF-TPL-SI-048,TPL-SI-048,PDF,SI,blocked,P0,22.24,True,11.27,True,,15.66,P0,True,True,False,,,,,BLOCKED_P0,p0_blocked,命中P0语义冲突，拦截渲染
RENDER-PDF-TPL-LC-001,TPL-LC-001,PDF,LC,blocked,P0,23.42,True,35.86,True,,35.15,P0,True,True,False,,,,,BLOCKED_P0,p0_blocked,命中P0语义冲突，拦截渲染
RENDER-PDF-TPL-LC-002,TPL-LC-002,PDF,LC,blocked,P0,16.47,True,31.28,True,,29.62,P0,True,True,False,,,,,BLOCKED_P0,p0_blocked,命中P0语义冲突，拦截渲染
RENDER-PDF-TPL-LC-003,TPL-LC-003,PDF,LC,blocked,P0,7.3,True,10.63,True,,26.37,P0,True,True,False,,,,,BLOCKED_P0,p0_blocked,命中P0语义冲突，拦截渲染
RENDER-PDF-TPL-LC-005,TPL-LC-005,PDF,LC,blocked,P0,21.03,True,28.54,True,,44.12,P0,True,True,False,,,,,BLOCKED_P0,p0_blocked,命中P0语义冲突，拦截渲染
RENDER-PDF-TPL-LC-006,TPL-LC-006,PDF,LC,blocked,P0,23.4,True,12.64,True,,44.56,P0,True,True,False,,,,,BLOCKED_P0,p0_blocked,命中P0语义冲突，拦截渲染
RENDER-PDF-TPL-LC-007,TPL-LC-007,PDF,LC,blocked,P0,9.87,True,27.67,True,,33.34,P0,True,True,False,,,,,BLOCKED_P0,p0_blocked,命中P0语义冲突，拦截渲染
RENDER-PDF-TPL-LC-008,TPL-LC-008,PDF,LC,blocked,P0,12.92,True,19.31,True,,26.88,P0,True,True,False,,,,,BLOCKED_P0,p0_blocked,命中P0语义冲突，拦截渲染
RENDER-PDF-TPL-LC-009,TPL-LC-009,PDF,LC,blocked,P0,11.66,True,15.04,True,,32.87,P0,True,True,False,,,,,BLOCKED_P0,p0_blocked,命中P0语义冲突，拦截渲染
RENDER-PDF-TPL-LC-011,TPL-LC-011,PDF,LC,blocked,P0,7.28,True,25.3,True,,46.71,P0,True,True,False,,,,,BLOCKED_P0,p0_blocked,命中P0语义冲突，拦截渲染
RENDER-PDF-TPL-LC-012,TPL-LC-012,PDF,LC,blocked,P0,11.99,True,31.82,True,,43.66,P0,True,True,False,,,,,BLOCKED_P0,p0_blocked,命中P0语义冲突，拦截渲染
RENDER-PDF-TPL-LC-013,TPL-LC-013,PDF,LC,blocked,P0,21.3,True,17.09,True,,20.13,P0,True,True,False,,,,,BLOCKED_P0,p0_blocked,命中P0语义冲突，拦截渲染
RENDER-PDF-TPL-LC-014,TPL-LC-014,PDF,LC,blocked,P0,8.95,True,28.07,True,,41.61,P0,True,True,False,,,,,BLOCKED_P0,p0_blocked,命中P0语义冲突，拦截渲染
RENDER-PDF-TPL-LC-022,TPL-LC-022,PDF,LC,blocked,P0,18.11,True,15.31,True,,42.05,P0,True,True,False,,,,,BLOCKED_P0,p0_blocked,命中P0语义冲突，拦截渲染
RENDER-PDF-TPL-LC-023,TPL-LC-023,PDF,LC,blocked,P0,14.88,True,32.63,True,,41.6,P0,True,True,False,,,,,BLOCKED_P0,p0_blocked,命中P0语义冲突，拦截渲染
RENDER-PDF-TPL-LC-024,TPL-LC-024,PDF,LC,blocked,P0,13.98,True,37.72,True,,34.76,P0,True,True,False,,,,,BLOCKED_P0,p0_blocked,命中P0语义冲突，拦截渲染
RENDER-PDF-TPL-LC-028,TPL-LC-028,PDF,LC,blocked,P0,17.71,True,28.74,True,,45.25,P0,True,True,False,,,,,BLOCKED_P0,p0_blocked,命中P0语义冲突，拦截渲染
RENDER-PDF-TPL-LC-030,TPL-LC-030,PDF,LC,blocked,P0,17.54,True,14.53,True,,17.39,P0,True,True,False,,,,,BLOCKED_P0,p0_blocked,命中P0语义冲突，拦截渲染
RENDER-PDF-TPL-LC-031,TPL-LC-031,PDF,LC,blocked,P0,13.84,True,19.08,True,,24.61,P0,True,True,False,,,,,BLOCKED_P0,p0_blocked,命中P0语义冲突，拦截渲染
RENDER-PDF-TPL-LC-032,TPL-LC-032,PDF,LC,blocked,P0,6.12,True,25.22,True,,25.86,P0,True,True,False,,,,,BLOCKED_P0,p0_blocked,命中P0语义冲突，拦截渲染
RENDER-PDF-TPL-LC-033,TPL-LC-033,PDF,LC,blocked,P0,14.04,True,11.71,True,,44.11,P0,True,True,False,,,,,BLOCKED_P0,p0_blocked,命中P0语义冲突，拦截渲染
RENDER-PDF-TPL-LC-034,TPL-LC-034,PDF,LC,blocked,P0,6.53,True,35.93,True,,44.94,P0,True,True,False,,,,,BLOCKED_P0,p0_blocked,命中P0语义冲突，拦截渲染
RENDER-PDF-TPL-LC-037,TPL-LC-037,PDF,LC,blocked,P0,17.3,True,25.21,True,,31.19,P0,True,True,False,,,,,BLOCKED_P0,p0_blocked,命中P0语义冲突，拦截渲染
RENDER-PDF-TPL-LC-038,TPL-LC-038,PDF,LC,blocked,P0,16.09,True,33.75,True,,46.36,P0,True,True,False,,,,,BLOCKED_P0,p0_blocked,命中P0语义冲突，拦截渲染
RENDER-PDF-TPL-LC-039,TPL-LC-039,PDF,LC,blocked,P0,13.99,True,34.29,True,,37.81,P0,True,True,False,,,,,BLOCKED_P0,p0_blocked,命中P0语义冲突，拦截渲染
RENDER-PDF-TPL-LC-040,TPL-LC-040,PDF,LC,blocked,P0,11.43,True,24.27,True,,20.28,P0,True,True,False,,,,,BLOCKED_P0,p0_blocked,命中P0语义冲突，拦截渲染
RENDER-PDF-TPL-LC-041,TPL-LC-041,PDF,LC,blocked,P0,6.24,True,13.11,True,,46.47,P0,True,True,False,,,,,BLOCKED_P0,p0_blocked,命中P0语义冲突，拦截渲染
RENDER-PDF-TPL-LC-042,TPL-LC-042,PDF,LC,blocked,P0,11.87,True,31.43,True,,32.66,P0,True,True,False,,,,,BLOCKED_P0,p0_blocked,命中P0语义冲突，拦截渲染
RENDER-PDF-TPL-LC-044,TPL-LC-044,PDF,LC,blocked,P0,8.45,True,17.43,True,,30.32,P0,True,True,False,,,,,BLOCKED_P0,p0_blocked,命中P0语义冲突，拦截渲染
RENDER-PDF-TPL-LC-045,TPL-LC-045,PDF,LC,blocked,P0,13.79,True,25.68,True,,20.56,P0,True,True,False,,,,,BLOCKED_P0,p0_blocked,命中P0语义冲突，拦截渲染
RENDER-PDF-TPL-LC-046,TPL-LC-046,PDF,LC,blocked,P0,12.46,True,18.49,True,,29.31,P0,True,True,False,,,,,BLOCKED_P0,p0_blocked,命中P0语义冲突，拦截渲染
RENDER-PDF-TPL-LC-047,TPL-LC-047,PDF,LC,blocked,P0,11.77,True,27.94,True,,42.62,P0,True,True,False,,,,,BLOCKED_P0,p0_blocked,命中P0语义冲突，拦截渲染
RENDER-PDF-TPL-LC-048,TPL-LC-048,PDF,LC,blocked,P0,17.95,True,11.98,True,,18.31,P0,True,True,False,,,,,BLOCKED_P0,p0_blocked,命中P0语义冲突，拦截渲染
RENDER-PDF-TPL-LC-049,TPL-LC-049,PDF,LC,blocked,P0,18.57,True,18.52,True,,40.33,P0,True,True,False,,,,,BLOCKED_P0,p0_blocked,命中P0语义冲突，拦截渲染
RENDER-PDF-TPL-LC-050,TPL-LC-050,PDF,LC,blocked,P0,18.13,True,37.19,True,,45.56,P0,True,True,False,,,,,BLOCKED_P0,p0_blocked,命中P0语义冲突，拦截渲染
RENDER-PDF-TPL-LC-051,TPL-LC-051,PDF,LC,blocked,P0,11.67,True,27.48,True,,19.95,P0,True,True,False,,,,,BLOCKED_P0,p0_blocked,命中P0语义冲突，拦截渲染
RENDER-PDF-TPL-LC-052,TPL-LC-052,PDF,LC,blocked,P0,12.0,True,39.03,True,,39.45,P0,True,True,False,,,,,BLOCKED_P0,p0_blocked,命中P0语义冲突，拦截渲染
RENDER-PDF-TPL-LC-054,TPL-LC-054,PDF,LC,blocked,P0,12.84,True,27.85,True,,47.83,P0,True,True,False,,,,,BLOCKED_P0,p0_blocked,命中P0语义冲突，拦截渲染
RENDER-PDF-TPL-LC-055,TPL-LC-055,PDF,LC,blocked,P0,11.19,True,21.3,True,,42.71,P0,True,True,False,,,,,BLOCKED_P0,p0_blocked,命中P0语义冲突，拦截渲染
RENDER-PDF-TPL-LC-056,TPL-LC-056,PDF,LC,blocked,P0,21.26,True,30.1,True,,44.01,P0,True,True,False,,,,,BLOCKED_P0,p0_blocked,命中P0语义冲突，拦截渲染
RENDER-PDF-TPL-LC-057,TPL-LC-057,PDF,LC,blocked,P0,19.78,True,30.56,True,,33.42,P0,True,True,False,,,,,BLOCKED_P0,p0_blocked,命中P0语义冲突，拦截渲染
RENDER-PDF-TPL-LC-058,TPL-LC-058,PDF,LC,blocked,P0,17.92,True,22.7,True,,27.66,P0,True,True,False,,,,,BLOCKED_P0,p0_blocked,命中P0语义冲突，拦截渲染
RENDER-PDF-TPL-LC-059,TPL-LC-059,PDF,LC,blocked,P0,12.25,True,15.41,True,,22.5,P0,True,True,False,,,,,BLOCKED_P0,p0_blocked,命中P0语义冲突，拦截渲染
RENDER-PDF-TPL-LC-062,TPL-LC-062,PDF,LC,blocked,P0,23.95,True,24.59,True,,22.93,P0,True,True,False,,,,,BLOCKED_P0,p0_blocked,命中P0语义冲突，拦截渲染
RENDER-PDF-TPL-LC-063,TPL-LC-063,PDF,LC,blocked,P0,7.75,True,12.31,True,,44.55,P0,True,True,False,,,,,BLOCKED_P0,p0_blocked,命中P0语义冲突，拦截渲染
RENDER-PDF-TPL-LC-064,TPL-LC-064,PDF,LC,blocked,P0,7.02,True,33.13,True,,44.23,P0,True,True,False,,,,,BLOCKED_P0,p0_blocked,命中P0语义冲突，拦截渲染
RENDER-PDF-TPL-LC-066,TPL-LC-066,PDF,LC,blocked,P0,22.67,True,11.13,True,,26.79,P0,True,True,False,,,,,BLOCKED_P0,p0_blocked,命中P0语义冲突，拦截渲染
RENDER-PDF-TPL-LC-067,TPL-LC-067,PDF,LC,blocked,P0,20.33,True,13.93,True,,28.19,P0,True,True,False,,,,,BLOCKED_P0,p0_blocked,命中P0语义冲突，拦截渲染
RENDER-PDF-TPL-LC-069,TPL-LC-069,PDF,LC,blocked,P0,8.24,True,34.94,True,,41.99,P0,True,True,False,,,,,BLOCKED_P0,p0_blocked,命中P0语义冲突，拦截渲染
RENDER-PDF-TPL-LC-070,TPL-LC-070,PDF,LC,blocked,P0,21.18,True,14.97,True,,30.32,P0,True,True,False,,,,,BLOCKED_P0,p0_blocked,命中P0语义冲突，拦截渲染
RENDER-PDF-TPL-LC-071,TPL-LC-071,PDF,LC,blocked,P0,13.22,True,30.29,True,,23.31,P0,True,True,False,,,,,BLOCKED_P0,p0_blocked,命中P0语义冲突，拦截渲染
RENDER-PDF-TPL-LC-072,TPL-LC-072,PDF,LC,blocked,P0,13.88,True,18.55,True,,41.2,P0,True,True,False,,,,,BLOCKED_P0,p0_blocked,命中P0语义冲突，拦截渲染
RENDER-PDF-TPL-LC-073,TPL-LC-073,PDF,LC,blocked,P0,13.98,True,26.02,True,,25.83,P0,True,True,False,,,,,BLOCKED_P0,p0_blocked,命中P0语义冲突，拦截渲染
RENDER-PDF-TPL-LC-074,TPL-LC-074,PDF,LC,blocked,P0,21.17,True,24.07,True,,44.23,P0,True,True,False,,,,,BLOCKED_P0,p0_blocked,命中P0语义冲突，拦截渲染
RENDER-PDF-TPL-LC-075,TPL-LC-075,PDF,LC,blocked,P0,12.36,True,38.41,True,,49.46,P0,True,True,False,,,,,BLOCKED_P0,p0_blocked,命中P0语义冲突，拦截渲染
RENDER-PDF-TPL-LC-076,TPL-LC-076,PDF,LC,blocked,P0,14.23,True,18.45,True,,28.37,P0,True,True,False,,,,,BLOCKED_P0,p0_blocked,命中P0语义冲突，拦截渲染
RENDER-PDF-TPL-LC-077,TPL-LC-077,PDF,LC,blocked,P0,15.55,True,38.99,True,,43.59,P0,True,True,False,,,,,BLOCKED_P0,p0_blocked,命中P0语义冲突，拦截渲染
RENDER-PDF-TPL-LC-078,TPL-LC-078,PDF,LC,blocked,P0,21.03,True,14.15,True,,23.75,P0,True,True,False,,,,,BLOCKED_P0,p0_blocked,命中P0语义冲突，拦截渲染
RENDER-PDF-TPL-LC-079,TPL-LC-079,PDF,LC,blocked,P0,17.82,True,36.22,True,,34.41,P0,True,True,False,,,,,BLOCKED_P0,p0_blocked,命中P0语义冲突，拦截渲染
RENDER-PDF-TPL-LC-080,TPL-LC-080,PDF,LC,blocked,P0,7.05,True,35.38,True,,44.79,P0,True,True,False,,,,,BLOCKED_P0,p0_blocked,命中P0语义冲突，拦截渲染
RENDER-PDF-TPL-LC-081,TPL-LC-081,PDF,LC,blocked,P0,10.7,True,32.89,True,,24.55,P0,True,True,False,,,,,BLOCKED_P0,p0_blocked,命中P0语义冲突，拦截渲染
RENDER-PDF-TPL-LC-082,TPL-LC-082,PDF,LC,blocked,P0,23.11,True,14.42,True,,30.31,P0,True,True,False,,,,,BLOCKED_P0,p0_blocked,命中P0语义冲突，拦截渲染
RENDER-PDF-TPL-LC-084,TPL-LC-084,PDF,LC,blocked,P0,23.93,True,16.66,True,,30.79,P0,True,True,False,,,,,BLOCKED_P0,p0_blocked,命中P0语义冲突，拦截渲染
RENDER-PDF-TPL-LC-085,TPL-LC-085,PDF,LC,blocked,P0,11.99,True,10.8,True,,16.86,P0,True,True,False,,,,,BLOCKED_P0,p0_blocked,命中P0语义冲突，拦截渲染
RENDER-PDF-TPL-LC-086,TPL-LC-086,PDF,LC,blocked,P0,15.04,True,17.07,True,,49.81,P0,True,True,False,,,,,BLOCKED_P0,p0_blocked,命中P0语义冲突，拦截渲染
RENDER-PDF-TPL-LC-087,TPL-LC-087,PDF,LC,blocked,P0,12.5,True,10.85,True,,47.58,P0,True,True,False,,,,,BLOCKED_P0,p0_blocked,命中P0语义冲突，拦截渲染
RENDER-PDF-TPL-LC-089,TPL-LC-089,PDF,LC,blocked,P0,21.78,True,29.5,True,,42.7,P0,True,True,False,,,,,BLOCKED_P0,p0_blocked,命中P0语义冲突，拦截渲染
RENDER-PDF-TPL-LC-091,TPL-LC-091,PDF,LC,blocked,P0,7.75,True,18.61,True,,44.04,P0,True,True,False,,,,,BLOCKED_P0,p0_blocked,命中P0语义冲突，拦截渲染
RENDER-PDF-TPL-LC-092,TPL-LC-092,PDF,LC,blocked,P0,18.92,True,14.16,True,,39.69,P0,True,True,False,,,,,BLOCKED_P0,p0_blocked,命中P0语义冲突，拦截渲染
RENDER-PDF-TPL-LC-097,TPL-LC-097,PDF,LC,blocked,P0,13.97,True,10.16,True,,17.77,P0,True,True,False,,,,,BLOCKED_P0,p0_blocked,命中P0语义冲突，拦截渲染
RENDER-PDF-TPL-LC-098,TPL-LC-098,PDF,LC,blocked,P0,10.12,True,35.05,True,,34.21,P0,True,True,False,,,,,BLOCKED_P0,p0_blocked,命中P0语义冲突，拦截渲染
RENDER-PDF-TPL-LC-099,TPL-LC-099,PDF,LC,blocked,P0,19.54,True,25.83,True,,18.89,P0,True,True,False,,,,,BLOCKED_P0,p0_blocked,命中P0语义冲突，拦截渲染
RENDER-PDF-TPL-LC-100,TPL-LC-100,PDF,LC,blocked,P0,10.76,True,19.03,True,,16.67,P0,True,True,False,,,,,BLOCKED_P0,p0_blocked,命中P0语义冲突，拦截渲染
RENDER-PDF-TPL-AL-004,TPL-AL-004,PDF,AL,blocked,P0,13.4,True,33.82,True,,31.0,P0,True,True,False,,,,,BLOCKED_P0,p0_blocked,命中P0语义冲突，拦截渲染
RENDER-PDF-TPL-AL-005,TPL-AL-005,PDF,AL,blocked,P0,7.22,True,37.15,True,,35.89,P0,True,True,False,,,,,BLOCKED_P0,p0_blocked,命中P0语义冲突，拦截渲染
RENDER-PDF-TPL-AL-006,TPL-AL-006,PDF,AL,blocked,P0,5.33,True,25.46,True,,23.47,P0,True,True,False,,,,,BLOCKED_P0,p0_blocked,命中P0语义冲突，拦截渲染
RENDER-PDF-TPL-AL-007,TPL-AL-007,PDF,AL,blocked,P0,7.87,True,22.88,True,,36.52,P0,True,True,False,,,,,BLOCKED_P0,p0_blocked,命中P0语义冲突，拦截渲染
RENDER-PDF-TPL-AL-008,TPL-AL-008,PDF,AL,blocked,P0,9.81,True,22.5,True,,38.25,P0,True,True,False,,,,,BLOCKED_P0,p0_blocked,命中P0语义冲突，拦截渲染
RENDER-PDF-TPL-AL-010,TPL-AL-010,PDF,AL,blocked,P0,6.71,True,39.24,True,,17.37,P0,True,True,False,,,,,BLOCKED_P0,p0_blocked,命中P0语义冲突，拦截渲染
RENDER-PDF-TPL-AL-011,TPL-AL-011,PDF,AL,blocked,P0,15.52,True,25.22,True,,49.59,P0,True,True,False,,,,,BLOCKED_P0,p0_blocked,命中P0语义冲突，拦截渲染
RENDER-PDF-TPL-AL-012,TPL-AL-012,PDF,AL,blocked,P0,16.08,True,21.71,True,,31.45,P0,True,True,False,,,,,BLOCKED_P0,p0_blocked,命中P0语义冲突，拦截渲染
RENDER-PDF-TPL-AL-013,TPL-AL-013,PDF,AL,blocked,P0,17.71,True,39.43,True,,23.88,P0,True,True,False,,,,,BLOCKED_P0,p0_blocked,命中P0语义冲突，拦截渲染
RENDER-PDF-TPL-AL-014,TPL-AL-014,PDF,AL,blocked,P0,5.32,True,33.66,True,,27.07,P0,True,True,False,,,,,BLOCKED_P0,p0_blocked,命中P0语义冲突，拦截渲染
RENDER-PDF-TPL-AL-015,TPL-AL-015,PDF,AL,blocked,P0,19.66,True,28.85,True,,42.0,P0,True,True,False,,,,,BLOCKED_P0,p0_blocked,命中P0语义冲突，拦截渲染
RENDER-PDF-TPL-AL-017,TPL-AL-017,PDF,AL,blocked,P0,19.7,True,19.98,True,,16.55,P0,True,True,False,,,,,BLOCKED_P0,p0_blocked,命中P0语义冲突，拦截渲染
RENDER-PDF-TPL-AL-019,TPL-AL-019,PDF,AL,blocked,P0,15.92,True,34.41,True,,21.13,P0,True,True,False,,,,,BLOCKED_P0,p0_blocked,命中P0语义冲突，拦截渲染
RENDER-PDF-TPL-AL-020,TPL-AL-020,PDF,AL,blocked,P0,20.58,True,23.94,True,,39.34,P0,True,True,False,,,,,BLOCKED_P0,p0_blocked,命中P0语义冲突，拦截渲染
RENDER-PDF-TPL-AL-021,TPL-AL-021,PDF,AL,blocked,P0,17.63,True,34.34,True,,17.21,P0,True,True,False,,,,,BLOCKED_P0,p0_blocked,命中P0语义冲突，拦截渲染
RENDER-PDF-TPL-AL-022,TPL-AL-022,PDF,AL,blocked,P0,20.52,True,23.73,True,,25.27,P0,True,True,False,,,,,BLOCKED_P0,p0_blocked,命中P0语义冲突，拦截渲染
RENDER-PDF-TPL-AL-023,TPL-AL-023,PDF,AL,blocked,P0,5.88,True,15.98,True,,16.47,P0,True,True,False,,,,,BLOCKED_P0,p0_blocked,命中P0语义冲突，拦截渲染
RENDER-PDF-TPL-AL-024,TPL-AL-024,PDF,AL,blocked,P0,23.67,True,25.46,True,,49.62,P0,True,True,False,,,,,BLOCKED_P0,p0_blocked,命中P0语义冲突，拦截渲染
RENDER-PDF-TPL-AL-025,TPL-AL-025,PDF,AL,blocked,P0,15.86,True,17.6,True,,41.37,P0,True,True,False,,,,,BLOCKED_P0,p0_blocked,命中P0语义冲突，拦截渲染
RENDER-PDF-TPL-AL-027,TPL-AL-027,PDF,AL,blocked,P0,8.82,True,20.71,True,,42.33,P0,True,True,False,,,,,BLOCKED_P0,p0_blocked,命中P0语义冲突，拦截渲染
RENDER-PDF-TPL-AL-028,TPL-AL-028,PDF,AL,blocked,P0,22.32,True,19.96,True,,19.36,P0,True,True,False,,,,,BLOCKED_P0,p0_blocked,命中P0语义冲突，拦截渲染
RENDER-PDF-TPL-AL-029,TPL-AL-029,PDF,AL,blocked,P0,12.36,True,36.68,True,,41.02,P0,True,True,False,,,,,BLOCKED_P0,p0_blocked,命中P0语义冲突，拦截渲染
RENDER-PDF-TPL-AL-032,TPL-AL-032,PDF,AL,blocked,P0,22.89,True,21.6,True,,49.08,P0,True,True,False,,,,,BLOCKED_P0,p0_blocked,命中P0语义冲突，拦截渲染
RENDER-PDF-TPL-AL-033,TPL-AL-033,PDF,AL,blocked,P0,14.92,True,24.93,True,,47.35,P0,True,True,False,,,,,BLOCKED_P0,p0_blocked,命中P0语义冲突，拦截渲染
RENDER-PDF-TPL-AL-035,TPL-AL-035,PDF,AL,blocked,P0,15.39,True,34.03,True,,40.45,P0,True,True,False,,,,,BLOCKED_P0,p0_blocked,命中P0语义冲突，拦截渲染
RENDER-PDF-TPL-AL-036,TPL-AL-036,PDF,AL,blocked,P0,6.58,True,28.07,True,,43.78,P0,True,True,False,,,,,BLOCKED_P0,p0_blocked,命中P0语义冲突，拦截渲染
RENDER-PDF-TPL-AL-037,TPL-AL-037,PDF,AL,blocked,P0,15.91,True,19.64,True,,17.8,P0,True,True,False,,,,,BLOCKED_P0,p0_blocked,命中P0语义冲突，拦截渲染
RENDER-PDF-TPL-SN-001,TPL-SN-001,PDF,SN,blocked,P0,18.22,True,19.19,True,,36.09,P0,True,True,False,,,,,BLOCKED_P0,p0_blocked,命中P0语义冲突，拦截渲染
RENDER-PDF-TPL-SN-002,TPL-SN-002,PDF,SN,blocked,P0,13.52,True,30.69,True,,27.3,P0,True,True,False,,,,,BLOCKED_P0,p0_blocked,命中P0语义冲突，拦截渲染
RENDER-PDF-TPL-SN-003,TPL-SN-003,PDF,SN,blocked,P0,5.85,True,36.1,True,,27.34,P0,True,True,False,,,,,BLOCKED_P0,p0_blocked,命中P0语义冲突，拦截渲染
RENDER-PDF-TPL-SN-005,TPL-SN-005,PDF,SN,blocked,P0,24.96,True,18.24,True,,49.3,P0,True,True,False,,,,,BLOCKED_P0,p0_blocked,命中P0语义冲突，拦截渲染
RENDER-PDF-TPL-SN-006,TPL-SN-006,PDF,SN,blocked,P0,23.96,True,12.25,True,,37.31,P0,True,True,False,,,,,BLOCKED_P0,p0_blocked,命中P0语义冲突，拦截渲染
RENDER-PDF-TPL-SN-007,TPL-SN-007,PDF,SN,blocked,P0,12.27,True,34.03,True,,38.78,P0,True,True,False,,,,,BLOCKED_P0,p0_blocked,命中P0语义冲突，拦截渲染
RENDER-PDF-TPL-SN-011,TPL-SN-011,PDF,SN,blocked,P0,24.06,True,14.28,True,,36.27,P0,True,True,False,,,,,BLOCKED_P0,p0_blocked,命中P0语义冲突，拦截渲染
RENDER-PDF-TPL-SN-012,TPL-SN-012,PDF,SN,blocked,P0,20.63,True,11.04,True,,17.35,P0,True,True,False,,,,,BLOCKED_P0,p0_blocked,命中P0语义冲突，拦截渲染
RENDER-PDF-TPL-SN-013,TPL-SN-013,PDF,SN,blocked,P0,20.57,True,20.99,True,,28.4,P0,True,True,False,,,,,BLOCKED_P0,p0_blocked,命中P0语义冲突，拦截渲染
RENDER-PDF-TPL-SN-014,TPL-SN-014,PDF,SN,blocked,P0,16.34,True,28.15,True,,38.77,P0,True,True,False,,,,,BLOCKED_P0,p0_blocked,命中P0语义冲突，拦截渲染
RENDER-PDF-TPL-SN-015,TPL-SN-015,PDF,SN,blocked,P0,23.98,True,21.16,True,,41.71,P0,True,True,False,,,,,BLOCKED_P0,p0_blocked,命中P0语义冲突，拦截渲染
RENDER-PDF-TPL-SN-016,TPL-SN-016,PDF,SN,blocked,P0,16.48,True,25.88,True,,28.93,P0,True,True,False,,,,,BLOCKED_P0,p0_blocked,命中P0语义冲突，拦截渲染
RENDER-PDF-TPL-SN-017,TPL-SN-017,PDF,SN,blocked,P0,17.99,True,17.49,True,,18.97,P0,True,True,False,,,,,BLOCKED_P0,p0_blocked,命中P0语义冲突，拦截渲染
RENDER-PDF-TPL-SN-018,TPL-SN-018,PDF,SN,blocked,P0,19.71,True,24.97,True,,28.54,P0,True,True,False,,,,,BLOCKED_P0,p0_blocked,命中P0语义冲突，拦截渲染
RENDER-PDF-TPL-SN-019,TPL-SN-019,PDF,SN,blocked,P0,16.23,True,17.85,True,,24.11,P0,True,True,False,,,,,BLOCKED_P0,p0_blocked,命中P0语义冲突，拦截渲染
RENDER-PDF-TPL-SN-020,TPL-SN-020,PDF,SN,blocked,P0,13.93,True,39.89,True,,25.0,P0,True,True,False,,,,,BLOCKED_P0,p0_blocked,命中P0语义冲突，拦截渲染
RENDER-PDF-TPL-SN-021,TPL-SN-021,PDF,SN,blocked,P0,23.33,True,24.74,True,,19.29,P0,True,True,False,,,,,BLOCKED_P0,p0_blocked,命中P0语义冲突，拦截渲染
RENDER-PDF-TPL-SN-022,TPL-SN-022,PDF,SN,blocked,P0,22.06,True,23.56,True,,46.45,P0,True,True,False,,,,,BLOCKED_P0,p0_blocked,命中P0语义冲突，拦截渲染
RENDER-PDF-TPL-SN-024,TPL-SN-024,PDF,SN,blocked,P0,13.9,True,12.63,True,,38.87,P0,True,True,False,,,,,BLOCKED_P0,p0_blocked,命中P0语义冲突，拦截渲染
RENDER-PDF-TPL-SN-025,TPL-SN-025,PDF,SN,blocked,P0,21.91,True,19.59,True,,27.16,P0,True,True,False,,,,,BLOCKED_P0,p0_blocked,命中P0语义冲突，拦截渲染
RENDER-PDF-TPL-SN-026,TPL-SN-026,PDF,SN,blocked,P0,6.3,True,26.27,True,,46.2,P0,True,True,False,,,,,BLOCKED_P0,p0_blocked,命中P0语义冲突，拦截渲染
RENDER-PDF-TPL-SN-027,TPL-SN-027,PDF,SN,blocked,P0,22.03,True,31.35,True,,47.46,P0,True,True,False,,,,,BLOCKED_P0,p0_blocked,命中P0语义冲突，拦截渲染
RENDER-PDF-TPL-SN-028,TPL-SN-028,PDF,SN,blocked,P0,17.75,True,33.81,True,,32.81,P0,True,True,False,,,,,BLOCKED_P0,p0_blocked,命中P0语义冲突，拦截渲染
RENDER-PDF-TPL-SN-029,TPL-SN-029,PDF,SN,blocked,P0,7.43,True,16.03,True,,19.86,P0,True,True,False,,,,,BLOCKED_P0,p0_blocked,命中P0语义冲突，拦截渲染
RENDER-PDF-TPL-SN-030,TPL-SN-030,PDF,SN,blocked,P0,20.81,True,10.79,True,,34.39,P0,True,True,False,,,,,BLOCKED_P0,p0_blocked,命中P0语义冲突，拦截渲染
RENDER-PDF-TPL-SN-031,TPL-SN-031,PDF,SN,blocked,P0,12.38,True,34.11,True,,34.31,P0,True,True,False,,,,,BLOCKED_P0,p0_blocked,命中P0语义冲突，拦截渲染
RENDER-PDF-TPL-SN-032,TPL-SN-032,PDF,SN,blocked,P0,17.24,True,12.59,True,,25.83,P0,True,True,False,,,,,BLOCKED_P0,p0_blocked,命中P0语义冲突，拦截渲染
RENDER-PDF-TPL-SN-033,TPL-SN-033,PDF,SN,blocked,P0,24.99,True,31.57,True,,33.4,P0,True,True,False,,,,,BLOCKED_P0,p0_blocked,命中P0语义冲突，拦截渲染
RENDER-PDF-TPL-SN-035,TPL-SN-035,PDF,SN,blocked,P0,20.38,True,34.7,True,,17.58,P0,True,True,False,,,,,BLOCKED_P0,p0_blocked,命中P0语义冲突，拦截渲染
RENDER-PDF-TPL-SN-036,TPL-SN-036,PDF,SN,blocked,P0,24.45,True,29.27,True,,30.75,P0,True,True,False,,,,,BLOCKED_P0,p0_blocked,命中P0语义冲突，拦截渲染
RENDER-PDF-TPL-SN-037,TPL-SN-037,PDF,SN,blocked,P0,18.6,True,20.34,True,,45.73,P0,True,True,False,,,,,BLOCKED_P0,p0_blocked,命中P0语义冲突，拦截渲染
RENDER-PDF-TPL-NI-001,TPL-NI-001,PDF,NI,blocked,P0,20.61,True,29.19,True,,21.37,P0,True,True,False,,,,,BLOCKED_P0,p0_blocked,命中P0语义冲突，拦截渲染
RENDER-PDF-TPL-NI-002,TPL-NI-002,PDF,NI,blocked,P0,24.33,True,22.98,True,,46.87,P0,True,True,False,,,,,BLOCKED_P0,p0_blocked,命中P0语义冲突，拦截渲染
RENDER-PDF-TPL-NI-003,TPL-NI-003,PDF,NI,blocked,P0,6.11,True,13.72,True,,20.36,P0,True,True,False,,,,,BLOCKED_P0,p0_blocked,命中P0语义冲突，拦截渲染
RENDER-PDF-TPL-NI-004,TPL-NI-004,PDF,NI,blocked,P0,8.29,True,19.68,True,,39.83,P0,True,True,False,,,,,BLOCKED_P0,p0_blocked,命中P0语义冲突，拦截渲染
RENDER-PDF-TPL-NI-007,TPL-NI-007,PDF,NI,blocked,P0,11.92,True,38.23,True,,46.32,P0,True,True,False,,,,,BLOCKED_P0,p0_blocked,命中P0语义冲突，拦截渲染
RENDER-PDF-TPL-NI-013,TPL-NI-013,PDF,NI,blocked,P0,21.92,True,17.52,True,,37.23,P0,True,True,False,,,,,BLOCKED_P0,p0_blocked,命中P0语义冲突，拦截渲染
RENDER-PDF-TPL-NI-014,TPL-NI-014,PDF,NI,blocked,P0,16.02,True,13.76,True,,25.6,P0,True,True,False,,,,,BLOCKED_P0,p0_blocked,命中P0语义冲突，拦截渲染
RENDER-PDF-TPL-NI-015,TPL-NI-015,PDF,NI,blocked,P0,15.67,True,25.08,True,,20.9,P0,True,True,False,,,,,BLOCKED_P0,p0_blocked,命中P0语义冲突，拦截渲染
RENDER-PDF-TPL-NI-017,TPL-NI-017,PDF,NI,blocked,P0,23.83,True,14.63,True,,38.06,P0,True,True,False,,,,,BLOCKED_P0,p0_blocked,命中P0语义冲突，拦截渲染
RENDER-PDF-TPL-NI-018,TPL-NI-018,PDF,NI,blocked,P0,19.41,True,28.15,True,,44.49,P0,True,True,False,,,,,BLOCKED_P0,p0_blocked,命中P0语义冲突，拦截渲染
RENDER-PDF-TPL-NI-019,TPL-NI-019,PDF,NI,blocked,P0,16.27,True,34.76,True,,15.99,P0,True,True,False,,,,,BLOCKED_P0,p0_blocked,命中P0语义冲突，拦截渲染
RENDER-PDF-TPL-NI-022,TPL-NI-022,PDF,NI,blocked,P0,5.91,True,29.24,True,,35.19,P0,True,True,False,,,,,BLOCKED_P0,p0_blocked,命中P0语义冲突，拦截渲染
RENDER-PDF-TPL-NI-025,TPL-NI-025,PDF,NI,blocked,P0,18.02,True,33.01,True,,29.58,P0,True,True,False,,,,,BLOCKED_P0,p0_blocked,命中P0语义冲突，拦截渲染
RENDER-PDF-TPL-NI-027,TPL-NI-027,PDF,NI,blocked,P0,17.78,True,24.94,True,,36.95,P0,True,True,False,,,,,BLOCKED_P0,p0_blocked,命中P0语义冲突，拦截渲染
RENDER-PDF-TPL-NI-028,TPL-NI-028,PDF,NI,blocked,P0,10.79,True,38.7,True,,31.9,P0,True,True,False,,,,,BLOCKED_P0,p0_blocked,命中P0语义冲突，拦截渲染
RENDER-PDF-TPL-NI-029,TPL-NI-029,PDF,NI,blocked,P0,21.09,True,30.55,True,,25.41,P0,True,True,False,,,,,BLOCKED_P0,p0_blocked,命中P0语义冲突，拦截渲染
RENDER-PDF-TPL-NI-032,TPL-NI-032,PDF,NI,blocked,P0,6.46,True,11.8,True,,30.39,P0,True,True,False,,,,,BLOCKED_P0,p0_blocked,命中P0语义冲突，拦截渲染
RENDER-PDF-TPL-NI-033,TPL-NI-033,PDF,NI,blocked,P0,14.69,True,16.12,True,,36.23,P0,True,True,False,,,,,BLOCKED_P0,p0_blocked,命中P0语义冲突，拦截渲染
RENDER-PDF-TPL-NI-034,TPL-NI-034,PDF,NI,blocked,P0,11.25,True,31.55,True,,40.7,P0,True,True,False,,,,,BLOCKED_P0,p0_blocked,命中P0语义冲突，拦截渲染
RENDER-PDF-TPL-NI-035,TPL-NI-035,PDF,NI,blocked,P0,22.22,True,39.26,True,,19.58,P0,True,True,False,,,,,BLOCKED_P0,p0_blocked,命中P0语义冲突，拦截渲染
RENDER-PDF-TPL-NI-037,TPL-NI-037,PDF,NI,blocked,P0,12.41,True,26.85,True,,26.17,P0,True,True,False,,,,,BLOCKED_P0,p0_blocked,命中P0语义冲突，拦截渲染
RENDER-PDF-TPL-NI-039,TPL-NI-039,PDF,NI,blocked,P0,14.33,True,18.02,True,,23.68,P0,True,True,False,,,,,BLOCKED_P0,p0_blocked,命中P0语义冲突，拦截渲染
RENDER-PDF-TPL-NI-040,TPL-NI-040,PDF,NI,blocked,P0,6.94,True,18.71,True,,28.45,P0,True,True,False,,,,,BLOCKED_P0,p0_blocked,命中P0语义冲突，拦截渲染
RENDER-PDF-TPL-NI-041,TPL-NI-041,PDF,NI,blocked,P0,17.31,True,17.45,True,,45.29,P0,True,True,False,,,,,BLOCKED_P0,p0_blocked,命中P0语义冲突，拦截渲染
RENDER-PDF-TPL-NI-042,TPL-NI-042,PDF,NI,blocked,P0,8.19,True,19.82,True,,35.22,P0,True,True,False,,,,,BLOCKED_P0,p0_blocked,命中P0语义冲突，拦截渲染
RENDER-PDF-TPL-NI-043,TPL-NI-043,PDF,NI,blocked,P0,11.25,True,32.89,True,,32.44,P0,True,True,False,,,,,BLOCKED_P0,p0_blocked,命中P0语义冲突，拦截渲染
RENDER-PDF-TPL-NI-044,TPL-NI-044,PDF,NI,blocked,P0,15.29,True,24.96,True,,25.8,P0,True,True,False,,,,,BLOCKED_P0,p0_blocked,命中P0语义冲突，拦截渲染
RENDER-PDF-TPL-NI-047,TPL-NI-047,PDF,NI,blocked,P0,5.46,True,38.36,True,,32.69,P0,True,True,False,,,,,BLOCKED_P0,p0_blocked,命中P0语义冲突，拦截渲染
RENDER-THS-THS-AL-6.1,THS-AL-6.1,THS,AL,blocked,P0,24.33,True,16.45,True,,27.35,P0,True,False,True,,,,,BLOCKED_P0,p0_blocked,命中P0语义冲突，拦截渲染
RENDER-THS-THS-AL-6.2,THS-AL-6.2,THS,AL,blocked,P0,6.01,True,24.85,True,,45.88,P0,True,False,True,,,,,BLOCKED_P0,p0_blocked,命中P0语义冲突，拦截渲染
RENDER-THS-THS-LI-2.3,THS-LI-2.3,THS,LI,blocked,P0,18.09,True,24.12,True,,33.78,P0,True,False,True,,,,,BLOCKED_P0,p0_blocked,命中P0语义冲突，拦截渲染
RENDER-THS-THS-LI-3.1.2,THS-LI-3.1.2,THS,LI,blocked,P0,21.94,True,22.93,True,,45.89,P0,True,False,True,,,,,BLOCKED_P0,p0_blocked,命中P0语义冲突，拦截渲染
RENDER-THS-THS-NI-3.1,THS-NI-3.1,THS,NI,blocked,P0,19.55,True,32.92,True,,27.81,P0,True,False,True,,,,,BLOCKED_P0,p0_blocked,命中P0语义冲突，拦截渲染
RENDER-THS-THS-NI-4.5,THS-NI-4.5,THS,NI,blocked,P0,13.01,True,27.11,True,,21.81,P0,True,False,True,,,,,BLOCKED_P0,p0_blocked,命中P0语义冲突，拦截渲染
RENDER-THS-THS-NI-5.1,THS-NI-5.1,THS,NI,blocked,P0,16.06,True,12.21,True,,32.65,P0,True,False,True,,,,,BLOCKED_P0,p0_blocked,命中P0语义冲突，拦截渲染
RENDER-THS-THS-NI-5.2,THS-NI-5.2,THS,NI,blocked,P0,20.29,True,18.39,True,,49.62,P0,True,False,True,,,,,BLOCKED_P0,p0_blocked,命中P0语义冲突，拦截渲染
RENDER-THS-THS-NI-6.2,THS-NI-6.2,THS,NI,blocked,P0,18.61,True,13.56,True,,49.13,P0,True,False,True,,,,,BLOCKED_P0,p0_blocked,命中P0语义冲突，拦截渲染
RENDER-THS-THS-SI-5.1,THS-SI-5.1,THS,SI,blocked,P0,12.88,True,33.85,True,,26.87,P0,True,False,True,,,,,BLOCKED_P0,p0_blocked,命中P0语义冲突，拦截渲染
RENDER-THS-THS-SI-5.2,THS-SI-5.2,THS,SI,blocked,P0,23.78,True,32.65,True,,21.97,P0,True,False,True,,,,,BLOCKED_P0,p0_blocked,命中P0语义冲突，拦截渲染
RENDER-THS-THS-SI-6.4,THS-SI-6.4,THS,SI,blocked,P0,15.18,True,25.0,True,,16.59,P0,True,False,True,,,,,BLOCKED_P0,p0_blocked,命中P0语义冲突，拦截渲染
RENDER-THS-THS-SN-3.1.4,THS-SN-3.1.4,THS,SN,blocked,P0,7.74,True,19.99,True,,31.58,P0,True,False,True,,,,,BLOCKED_P0,p0_blocked,命中P0语义冲突，拦截渲染
RENDER-THS-THS-SN-3.1.5,THS-SN-3.1.5,THS,SN,blocked,P0,14.14,True,28.19,True,,33.04,P0,True,False,True,,,,,BLOCKED_P0,p0_blocked,命中P0语义冲突，拦截渲染
RENDER-THS-THS-SN-3.2.1,THS-SN-3.2.1,THS,SN,blocked,P0,11.56,True,28.39,True,,20.69,P0,True,False,True,,,,,BLOCKED_P0,p0_blocked,命中P0语义冲突，拦截渲染
RENDER-THS-THS-SN-5.1,THS-SN-5.1,THS,SN,blocked,P0,24.81,True,32.18,True,,25.47,P0,True,False,True,,,,,BLOCKED_P0,p0_blocked,命中P0语义冲突，拦截渲染
RENDER-THS-THS-SN-5.2,THS-SN-5.2,THS,SN,blocked,P0,11.73,True,34.85,True,,33.63,P0,True,False,True,,,,,BLOCKED_P0,p0_blocked,命中P0语义冲突，拦截渲染
RENDER-THS-THS-SN-6.1,THS-SN-6.1,THS,SN,blocked,P0,19.17,True,18.99,True,,43.55,P0,True,False,True,,,,,BLOCKED_P0,p0_blocked,命中P0语义冲突，拦截渲染
RENDER-THS-THS-SN-6.2,THS-SN-6.2,THS,SN,blocked,P0,12.37,True,30.21,True,,49.3,P0,True,False,True,,,,,BLOCKED_P0,p0_blocked,命中P0语义冲突，拦截渲染
RENDER-THS-THS-ZN-5.1,THS-ZN-5.1,THS,ZN,blocked,P0,16.67,True,33.9,True,,40.39,P0,True,False,True,,,,,BLOCKED_P0,p0_blocked,命中P0语义冲突，拦截渲染
RENDER-THS-THS-ZN-5.2,THS-ZN-5.2,THS,ZN,blocked,P0,18.76,True,10.8,True,,31.61,P0,True,False,True,,,,,BLOCKED_P0,p0_blocked,命中P0语义冲突，拦截渲染
RENDER-THS-THS-ZN-5.3,THS-ZN-5.3,THS,ZN,blocked,P0,24.34,True,33.49,True,,42.17,P0,True,False,True,,,,,BLOCKED_P0,p0_blocked,命中P0语义冲突，拦截渲染
RENDER-THS-THS-ZN-6.2,THS-ZN-6.2,THS,ZN,blocked,P0,16.55,True,31.64,True,,35.42,P0,True,False,True,,,,,BLOCKED_P0,p0_blocked,命中P0语义冲突，拦截渲染
RENDER-THS-THS-ZN-6.4,THS-ZN-6.4,THS,ZN,blocked,P0,8.41,True,28.87,True,,36.69,P0,True,False,True,,,,,BLOCKED_P0,p0_blocked,命中P0语义冲突，拦截渲染
