task_id,source,template_id,variety,risk_level,p0,p1,blocked,strategy,status
RENDER-PDF-TPL-AO-001,PDF,TPL-AO-001,AO,CLEAN,0,0,0,"立即执行渲染",PENDING
RENDER-PDF-TPL-AO-010,PDF,TPL-AO-010,AO,CLEAN,0,0,0,"立即执行渲染",PENDING
RENDER-PDF-TPL-AO-011,PDF,TPL-AO-011,AO,CLEAN,0,0,0,"立即执行渲染",PENDING
RENDER-PDF-TPL-AO-012,PDF,TPL-AO-012,AO,CLEAN,0,0,0,"立即执行渲染",PENDING
RENDER-PDF-TPL-AO-013,PDF,TPL-AO-013,AO,CLEAN,0,0,0,"立即执行渲染",PENDING
RENDER-PDF-TPL-AO-016,PDF,TPL-AO-016,AO,CLEAN,0,0,0,"立即执行渲染",PENDING
RENDER-PDF-TPL-AO-017,PDF,TPL-AO-017,AO,CLEAN,0,0,0,"立即执行渲染",PENDING
RENDER-PDF-TPL-AO-022,PDF,TPL-AO-022,AO,CLEAN,0,0,0,"立即执行渲染",PENDING
RENDER-PDF-TPL-AO-024,PDF,TPL-AO-024,AO,CLEAN,0,0,0,"立即执行渲染",PENDING
RENDER-PDF-TPL-AO-032,PDF,TPL-AO-032,AO,CLEAN,0,0,0,"立即执行渲染",PENDING
RENDER-PDF-TPL-AO-036,PDF,TPL-AO-036,AO,CLEAN,0,0,0,"立即执行渲染",PENDING
RENDER-PDF-TPL-AO-060,PDF,TPL-AO-060,AO,CLEAN,0,0,0,"立即执行渲染",PENDING
RENDER-PDF-TPL-SI-003,PDF,TPL-SI-003,SI,CLEAN,0,0,0,"立即执行渲染",PENDING
RENDER-PDF-TPL-SI-005,PDF,TPL-SI-005,SI,CLEAN,0,0,0,"立即执行渲染",PENDING
RENDER-PDF-TPL-SI-008,PDF,TPL-SI-008,SI,CLEAN,0,0,0,"立即执行渲染",PENDING
RENDER-PDF-TPL-SI-009,PDF,TPL-SI-009,SI,CLEAN,0,0,0,"立即执行渲染",PENDING
RENDER-PDF-TPL-SI-010,PDF,TPL-SI-010,SI,CLEAN,0,0,0,"立即执行渲染",PENDING
RENDER-PDF-TPL-SI-014,PDF,TPL-SI-014,SI,CLEAN,0,0,0,"立即执行渲染",PENDING
RENDER-PDF-TPL-SI-015,PDF,TPL-SI-015,SI,CLEAN,0,0,0,"立即执行渲染",PENDING
RENDER-PDF-TPL-SI-017,PDF,TPL-SI-017,SI,CLEAN,0,0,0,"立即执行渲染",PENDING
RENDER-PDF-TPL-SI-021,PDF,TPL-SI-021,SI,CLEAN,0,0,0,"立即执行渲染",PENDING
RENDER-PDF-TPL-SI-024,PDF,TPL-SI-024,SI,CLEAN,0,0,0,"立即执行渲染",PENDING
RENDER-PDF-TPL-SI-029,PDF,TPL-SI-029,SI,CLEAN,0,0,0,"立即执行渲染",PENDING
RENDER-PDF-TPL-SI-030,PDF,TPL-SI-030,SI,CLEAN,0,0,0,"立即执行渲染",PENDING
RENDER-PDF-TPL-SI-038,PDF,TPL-SI-038,SI,CLEAN,0,0,0,"立即执行渲染",PENDING
RENDER-PDF-TPL-SI-046,PDF,TPL-SI-046,SI,CLEAN,0,0,0,"立即执行渲染",PENDING
RENDER-PDF-TPL-LC-004,PDF,TPL-LC-004,LC,CLEAN,0,0,0,"立即执行渲染",PENDING
RENDER-PDF-TPL-LC-010,PDF,TPL-LC-010,LC,CLEAN,0,0,0,"立即执行渲染",PENDING
RENDER-PDF-TPL-LC-015,PDF,TPL-LC-015,LC,CLEAN,0,0,0,"立即执行渲染",PENDING
RENDER-PDF-TPL-LC-016,PDF,TPL-LC-016,LC,CLEAN,0,0,0,"立即执行渲染",PENDING
RENDER-PDF-TPL-LC-017,PDF,TPL-LC-017,LC,CLEAN,0,0,0,"立即执行渲染",PENDING
RENDER-PDF-TPL-LC-018,PDF,TPL-LC-018,LC,CLEAN,0,0,0,"立即执行渲染",PENDING
RENDER-PDF-TPL-LC-019,PDF,TPL-LC-019,LC,CLEAN,0,0,0,"立即执行渲染",PENDING
RENDER-PDF-TPL-LC-020,PDF,TPL-LC-020,LC,CLEAN,0,0,0,"立即执行渲染",PENDING
RENDER-PDF-TPL-LC-021,PDF,TPL-LC-021,LC,CLEAN,0,0,0,"立即执行渲染",PENDING
RENDER-PDF-TPL-LC-025,PDF,TPL-LC-025,LC,CLEAN,0,0,0,"立即执行渲染",PENDING
RENDER-PDF-TPL-LC-026,PDF,TPL-LC-026,LC,CLEAN,0,0,0,"立即执行渲染",PENDING
RENDER-PDF-TPL-LC-027,PDF,TPL-LC-027,LC,CLEAN,0,0,0,"立即执行渲染",PENDING
RENDER-PDF-TPL-LC-029,PDF,TPL-LC-029,LC,CLEAN,0,0,0,"立即执行渲染",PENDING
RENDER-PDF-TPL-LC-035,PDF,TPL-LC-035,LC,CLEAN,0,0,0,"立即执行渲染",PENDING
RENDER-PDF-TPL-LC-036,PDF,TPL-LC-036,LC,CLEAN,0,0,0,"立即执行渲染",PENDING
RENDER-PDF-TPL-LC-043,PDF,TPL-LC-043,LC,CLEAN,0,0,0,"立即执行渲染",PENDING
RENDER-PDF-TPL-LC-053,PDF,TPL-LC-053,LC,CLEAN,0,0,0,"立即执行渲染",PENDING
RENDER-PDF-TPL-LC-060,PDF,TPL-LC-060,LC,CLEAN,0,0,0,"立即执行渲染",PENDING
RENDER-PDF-TPL-LC-061,PDF,TPL-LC-061,LC,CLEAN,0,0,0,"立即执行渲染",PENDING
RENDER-PDF-TPL-LC-065,PDF,TPL-LC-065,LC,CLEAN,0,0,0,"立即执行渲染",PENDING
RENDER-PDF-TPL-LC-068,PDF,TPL-LC-068,LC,CLEAN,0,0,0,"立即执行渲染",PENDING
RENDER-PDF-TPL-LC-083,PDF,TPL-LC-083,LC,CLEAN,0,0,0,"立即执行渲染",PENDING
RENDER-PDF-TPL-LC-088,PDF,TPL-LC-088,LC,CLEAN,0,0,0,"立即执行渲染",PENDING
RENDER-PDF-TPL-LC-090,PDF,TPL-LC-090,LC,CLEAN,0,0,0,"立即执行渲染",PENDING
RENDER-PDF-TPL-LC-093,PDF,TPL-LC-093,LC,CLEAN,0,0,0,"立即执行渲染",PENDING
RENDER-PDF-TPL-LC-094,PDF,TPL-LC-094,LC,CLEAN,0,0,0,"立即执行渲染",PENDING
RENDER-PDF-TPL-LC-095,PDF,TPL-LC-095,LC,CLEAN,0,0,0,"立即执行渲染",PENDING
RENDER-PDF-TPL-LC-096,PDF,TPL-LC-096,LC,CLEAN,0,0,0,"立即执行渲染",PENDING
RENDER-PDF-TPL-AL-001,PDF,TPL-AL-001,AL,CLEAN,0,0,0,"立即执行渲染",PENDING
RENDER-PDF-TPL-AL-002,PDF,TPL-AL-002,AL,CLEAN,0,0,0,"立即执行渲染",PENDING
RENDER-PDF-TPL-AL-003,PDF,TPL-AL-003,AL,CLEAN,0,0,0,"立即执行渲染",PENDING
RENDER-PDF-TPL-AL-009,PDF,TPL-AL-009,AL,CLEAN,0,0,0,"立即执行渲染",PENDING
RENDER-PDF-TPL-AL-016,PDF,TPL-AL-016,AL,CLEAN,0,0,0,"立即执行渲染",PENDING
RENDER-PDF-TPL-AL-018,PDF,TPL-AL-018,AL,CLEAN,0,0,0,"立即执行渲染",PENDING
RENDER-PDF-TPL-AL-026,PDF,TPL-AL-026,AL,CLEAN,0,0,0,"立即执行渲染",PENDING
RENDER-PDF-TPL-AL-030,PDF,TPL-AL-030,AL,CLEAN,0,0,0,"立即执行渲染",PENDING
RENDER-PDF-TPL-AL-031,PDF,TPL-AL-031,AL,CLEAN,0,0,0,"立即执行渲染",PENDING
RENDER-PDF-TPL-AL-034,PDF,TPL-AL-034,AL,CLEAN,0,0,0,"立即执行渲染",PENDING
RENDER-PDF-TPL-AL-038,PDF,TPL-AL-038,AL,CLEAN,0,0,0,"立即执行渲染",PENDING
RENDER-PDF-TPL-SN-004,PDF,TPL-SN-004,SN,CLEAN,0,0,0,"立即执行渲染",PENDING
RENDER-PDF-TPL-SN-008,PDF,TPL-SN-008,SN,CLEAN,0,0,0,"立即执行渲染",PENDING
RENDER-PDF-TPL-SN-009,PDF,TPL-SN-009,SN,CLEAN,0,0,0,"立即执行渲染",PENDING
RENDER-PDF-TPL-SN-010,PDF,TPL-SN-010,SN,CLEAN,0,0,0,"立即执行渲染",PENDING
RENDER-PDF-TPL-SN-023,PDF,TPL-SN-023,SN,CLEAN,0,0,0,"立即执行渲染",PENDING
RENDER-PDF-TPL-NI-005,PDF,TPL-NI-005,NI,CLEAN,0,0,0,"立即执行渲染",PENDING
RENDER-PDF-TPL-NI-006,PDF,TPL-NI-006,NI,CLEAN,0,0,0,"立即执行渲染",PENDING
RENDER-PDF-TPL-NI-008,PDF,TPL-NI-008,NI,CLEAN,0,0,0,"立即执行渲染",PENDING
RENDER-PDF-TPL-NI-009,PDF,TPL-NI-009,NI,CLEAN,0,0,0,"立即执行渲染",PENDING
RENDER-PDF-TPL-NI-010,PDF,TPL-NI-010,NI,CLEAN,0,0,0,"立即执行渲染",PENDING
RENDER-PDF-TPL-NI-011,PDF,TPL-NI-011,NI,CLEAN,0,0,0,"立即执行渲染",PENDING
RENDER-PDF-TPL-NI-012,PDF,TPL-NI-012,NI,CLEAN,0,0,0,"立即执行渲染",PENDING
RENDER-PDF-TPL-NI-016,PDF,TPL-NI-016,NI,CLEAN,0,0,0,"立即执行渲染",PENDING
RENDER-PDF-TPL-NI-020,PDF,TPL-NI-020,NI,CLEAN,0,0,0,"立即执行渲染",PENDING
RENDER-PDF-TPL-NI-021,PDF,TPL-NI-021,NI,CLEAN,0,0,0,"立即执行渲染",PENDING
RENDER-PDF-TPL-NI-023,PDF,TPL-NI-023,NI,CLEAN,0,0,0,"立即执行渲染",PENDING
RENDER-PDF-TPL-NI-024,PDF,TPL-NI-024,NI,CLEAN,0,0,0,"立即执行渲染",PENDING
RENDER-PDF-TPL-NI-026,PDF,TPL-NI-026,NI,CLEAN,0,0,0,"立即执行渲染",PENDING
RENDER-PDF-TPL-NI-030,PDF,TPL-NI-030,NI,CLEAN,0,0,0,"立即执行渲染",PENDING
RENDER-PDF-TPL-NI-031,PDF,TPL-NI-031,NI,CLEAN,0,0,0,"立即执行渲染",PENDING
RENDER-PDF-TPL-NI-036,PDF,TPL-NI-036,NI,CLEAN,0,0,0,"立即执行渲染",PENDING
RENDER-PDF-TPL-NI-038,PDF,TPL-NI-038,NI,CLEAN,0,0,0,"立即执行渲染",PENDING
RENDER-PDF-TPL-NI-045,PDF,TPL-NI-045,NI,CLEAN,0,0,0,"立即执行渲染",PENDING
RENDER-PDF-TPL-NI-046,PDF,TPL-NI-046,NI,CLEAN,0,0,0,"立即执行渲染",PENDING
RENDER-PDF-TPL-SN-034,PDF,TPL-SN-034,SN,P1,0,1,0,"等待人工复核确认后执行渲染",PENDING
RENDER-THS-THS-AL-3.1,THS,THS-AL-3.1,AL,CLEAN,0,0,0,"等待人工复核确认后执行渲染",PENDING
RENDER-THS-THS-AL-3.2,THS,THS-AL-3.2,AL,P1,0,0,0,"等待人工复核确认后执行渲染",PENDING
RENDER-THS-THS-AL-3.3,THS,THS-AL-3.3,AL,P1,0,0,0,"等待人工复核确认后执行渲染",PENDING
RENDER-THS-THS-AL-4.1,THS,THS-AL-4.1,AL,CLEAN,0,0,0,"等待人工复核确认后执行渲染",PENDING
RENDER-THS-THS-AL-4.2,THS,THS-AL-4.2,AL,P1,0,0,0,"等待人工复核确认后执行渲染",PENDING
RENDER-THS-THS-AL-4.3,THS,THS-AL-4.3,AL,P1,0,0,0,"等待人工复核确认后执行渲染",PENDING
RENDER-THS-THS-AL-6.3,THS,THS-AL-6.3,AL,CLEAN,0,0,0,"等待人工复核确认后执行渲染",PENDING
RENDER-THS-THS-CU-2.3,THS,THS-CU-2.3,CU,CLEAN,0,0,0,"等待人工复核确认后执行渲染",PENDING
RENDER-THS-THS-CU-4.1,THS,THS-CU-4.1,CU,CLEAN,0,0,0,"等待人工复核确认后执行渲染",PENDING
RENDER-THS-THS-CU-4.2,THS,THS-CU-4.2,CU,CLEAN,0,0,0,"等待人工复核确认后执行渲染",PENDING
RENDER-THS-THS-CU-4.3,THS,THS-CU-4.3,CU,CLEAN,0,0,0,"等待人工复核确认后执行渲染",PENDING
RENDER-THS-THS-CU-4.4,THS,THS-CU-4.4,CU,CLEAN,0,0,0,"等待人工复核确认后执行渲染",PENDING
RENDER-THS-THS-CU-4.5,THS,THS-CU-4.5,CU,CLEAN,0,0,0,"等待人工复核确认后执行渲染",PENDING
RENDER-THS-THS-LI-2.1,THS,THS-LI-2.1,LI,CLEAN,0,0,0,"等待人工复核确认后执行渲染",PENDING
RENDER-THS-THS-LI-2.2,THS,THS-LI-2.2,LI,CLEAN,0,0,0,"等待人工复核确认后执行渲染",PENDING
RENDER-THS-THS-LI-2.4,THS,THS-LI-2.4,LI,CLEAN,0,0,0,"等待人工复核确认后执行渲染",PENDING
RENDER-THS-THS-LI-2.5,THS,THS-LI-2.5,LI,CLEAN,0,0,0,"等待人工复核确认后执行渲染",PENDING
RENDER-THS-THS-LI-2.6,THS,THS-LI-2.6,LI,CLEAN,0,0,0,"等待人工复核确认后执行渲染",PENDING
RENDER-THS-THS-LI-3.1.1,THS,THS-LI-3.1.1,LI,P1,0,0,0,"等待人工复核确认后执行渲染",PENDING
RENDER-THS-THS-LI-3.1.3,THS,THS-LI-3.1.3,LI,P1,0,0,0,"等待人工复核确认后执行渲染",PENDING
RENDER-THS-THS-LI-3.1.4,THS,THS-LI-3.1.4,LI,CLEAN,0,0,0,"等待人工复核确认后执行渲染",PENDING
RENDER-THS-THS-LI-3.1.5,THS,THS-LI-3.1.5,LI,CLEAN,0,0,0,"等待人工复核确认后执行渲染",PENDING
RENDER-THS-THS-LI-3.2.1,THS,THS-LI-3.2.1,LI,P1,0,0,0,"等待人工复核确认后执行渲染",PENDING
RENDER-THS-THS-LI-3.2.2,THS,THS-LI-3.2.2,LI,P1,0,0,0,"等待人工复核确认后执行渲染",PENDING
RENDER-THS-THS-LI-3.2.3,THS,THS-LI-3.2.3,LI,P1,0,0,0,"等待人工复核确认后执行渲染",PENDING
RENDER-THS-THS-LI-3.2.4,THS,THS-LI-3.2.4,LI,CLEAN,0,0,0,"等待人工复核确认后执行渲染",PENDING
RENDER-THS-THS-LI-4.1,THS,THS-LI-4.1,LI,P1,0,0,0,"等待人工复核确认后执行渲染",PENDING
RENDER-THS-THS-LI-4.2,THS,THS-LI-4.2,LI,P1,0,0,0,"等待人工复核确认后执行渲染",PENDING
RENDER-THS-THS-LI-4.3,THS,THS-LI-4.3,LI,P1,0,0,0,"等待人工复核确认后执行渲染",PENDING
RENDER-THS-THS-LI-4.4,THS,THS-LI-4.4,LI,P1,0,0,0,"等待人工复核确认后执行渲染",PENDING
RENDER-THS-THS-NI-2.1,THS,THS-NI-2.1,NI,P1,0,0,0,"等待人工复核确认后执行渲染",PENDING
RENDER-THS-THS-NI-2.2,THS,THS-NI-2.2,NI,P1,0,0,0,"等待人工复核确认后执行渲染",PENDING
RENDER-THS-THS-NI-2.3,THS,THS-NI-2.3,NI,CLEAN,0,0,0,"等待人工复核确认后执行渲染",PENDING
RENDER-THS-THS-NI-2.4,THS,THS-NI-2.4,NI,CLEAN,0,0,0,"等待人工复核确认后执行渲染",PENDING
RENDER-THS-THS-NI-2.5,THS,THS-NI-2.5,NI,P1,0,0,0,"等待人工复核确认后执行渲染",PENDING
RENDER-THS-THS-NI-2.6,THS,THS-NI-2.6,NI,CLEAN,0,0,0,"等待人工复核确认后执行渲染",PENDING
RENDER-THS-THS-NI-3.1.1,THS,THS-NI-3.1.1,NI,P1,0,0,0,"等待人工复核确认后执行渲染",PENDING
RENDER-THS-THS-NI-3.1.2,THS,THS-NI-3.1.2,NI,CLEAN,0,0,0,"等待人工复核确认后执行渲染",PENDING
RENDER-THS-THS-NI-3.1.3,THS,THS-NI-3.1.3,NI,P1,0,0,0,"等待人工复核确认后执行渲染",PENDING
RENDER-THS-THS-NI-3.1.4,THS,THS-NI-3.1.4,NI,P1,0,0,0,"等待人工复核确认后执行渲染",PENDING
RENDER-THS-THS-NI-3.1.5,THS,THS-NI-3.1.5,NI,CLEAN,0,0,0,"等待人工复核确认后执行渲染",PENDING
RENDER-THS-THS-NI-3.2,THS,THS-NI-3.2,NI,P1,0,0,0,"等待人工复核确认后执行渲染",PENDING
RENDER-THS-THS-NI-3.2.1,THS,THS-NI-3.2.1,NI,CLEAN,0,0,0,"等待人工复核确认后执行渲染",PENDING
RENDER-THS-THS-NI-3.2.2,THS,THS-NI-3.2.2,NI,CLEAN,0,0,0,"等待人工复核确认后执行渲染",PENDING
RENDER-THS-THS-NI-3.2.3,THS,THS-NI-3.2.3,NI,CLEAN,0,0,0,"等待人工复核确认后执行渲染",PENDING
RENDER-THS-THS-NI-3.2.4,THS,THS-NI-3.2.4,NI,CLEAN,0,0,0,"等待人工复核确认后执行渲染",PENDING
RENDER-THS-THS-NI-4.1,THS,THS-NI-4.1,NI,P1,0,0,0,"等待人工复核确认后执行渲染",PENDING
RENDER-THS-THS-NI-4.2,THS,THS-NI-4.2,NI,P1,0,0,0,"等待人工复核确认后执行渲染",PENDING
RENDER-THS-THS-NI-4.3,THS,THS-NI-4.3,NI,P1,0,0,0,"等待人工复核确认后执行渲染",PENDING
RENDER-THS-THS-NI-4.4,THS,THS-NI-4.4,NI,CLEAN,0,0,0,"等待人工复核确认后执行渲染",PENDING
RENDER-THS-THS-NI-5.3,THS,THS-NI-5.3,NI,P1,0,0,0,"等待人工复核确认后执行渲染",PENDING
RENDER-THS-THS-NI-6.1,THS,THS-NI-6.1,NI,P1,0,0,0,"等待人工复核确认后执行渲染",PENDING
RENDER-THS-THS-NI-6.3,THS,THS-NI-6.3,NI,P1,0,0,0,"等待人工复核确认后执行渲染",PENDING
RENDER-THS-THS-NI-6.4,THS,THS-NI-6.4,NI,CLEAN,0,0,0,"等待人工复核确认后执行渲染",PENDING
RENDER-THS-THS-NI-7.1,THS,THS-NI-7.1,NI,P1,0,0,0,"等待人工复核确认后执行渲染",PENDING
RENDER-THS-THS-NI-7.2,THS,THS-NI-7.2,NI,P1,0,0,0,"等待人工复核确认后执行渲染",PENDING
RENDER-THS-THS-NI-7.3,THS,THS-NI-7.3,NI,P1,0,0,0,"等待人工复核确认后执行渲染",PENDING
RENDER-THS-THS-SI-2.1,THS,THS-SI-2.1,SI,CLEAN,0,0,0,"等待人工复核确认后执行渲染",PENDING
RENDER-THS-THS-SI-2.2,THS,THS-SI-2.2,SI,CLEAN,0,0,0,"等待人工复核确认后执行渲染",PENDING
RENDER-THS-THS-SI-2.3,THS,THS-SI-2.3,SI,CLEAN,0,0,0,"等待人工复核确认后执行渲染",PENDING
RENDER-THS-THS-SI-2.4,THS,THS-SI-2.4,SI,CLEAN,0,0,0,"等待人工复核确认后执行渲染",PENDING
RENDER-THS-THS-SI-2.5,THS,THS-SI-2.5,SI,CLEAN,0,0,0,"等待人工复核确认后执行渲染",PENDING
RENDER-THS-THS-SI-2.6,THS,THS-SI-2.6,SI,CLEAN,0,0,0,"等待人工复核确认后执行渲染",PENDING
RENDER-THS-THS-SI-3.1.1,THS,THS-SI-3.1.1,SI,P1,0,0,0,"等待人工复核确认后执行渲染",PENDING
RENDER-THS-THS-SI-3.1.2,THS,THS-SI-3.1.2,SI,P1,0,0,0,"等待人工复核确认后执行渲染",PENDING
RENDER-THS-THS-SI-3.1.3,THS,THS-SI-3.1.3,SI,P1,0,0,0,"等待人工复核确认后执行渲染",PENDING
RENDER-THS-THS-SI-3.1.4,THS,THS-SI-3.1.4,SI,CLEAN,0,0,0,"等待人工复核确认后执行渲染",PENDING
RENDER-THS-THS-SI-3.1.5,THS,THS-SI-3.1.5,SI,P1,0,0,0,"等待人工复核确认后执行渲染",PENDING
RENDER-THS-THS-SI-3.2.1,THS,THS-SI-3.2.1,SI,P1,0,0,0,"等待人工复核确认后执行渲染",PENDING
RENDER-THS-THS-SI-3.2.2,THS,THS-SI-3.2.2,SI,P1,0,0,0,"等待人工复核确认后执行渲染",PENDING
RENDER-THS-THS-SI-3.2.3,THS,THS-SI-3.2.3,SI,P1,0,0,0,"等待人工复核确认后执行渲染",PENDING
RENDER-THS-THS-SI-3.2.4,THS,THS-SI-3.2.4,SI,P1,0,0,0,"等待人工复核确认后执行渲染",PENDING
RENDER-THS-THS-SI-4.1,THS,THS-SI-4.1,SI,P1,0,0,0,"等待人工复核确认后执行渲染",PENDING
RENDER-THS-THS-SI-4.2,THS,THS-SI-4.2,SI,CLEAN,0,0,0,"等待人工复核确认后执行渲染",PENDING
RENDER-THS-THS-SI-4.3,THS,THS-SI-4.3,SI,CLEAN,0,0,0,"等待人工复核确认后执行渲染",PENDING
RENDER-THS-THS-SI-4.4,THS,THS-SI-4.4,SI,CLEAN,0,0,0,"等待人工复核确认后执行渲染",PENDING
RENDER-THS-THS-SI-4.5,THS,THS-SI-4.5,SI,CLEAN,0,0,0,"等待人工复核确认后执行渲染",PENDING
RENDER-THS-THS-SI-5.3,THS,THS-SI-5.3,SI,CLEAN,0,0,0,"等待人工复核确认后执行渲染",PENDING
RENDER-THS-THS-SI-6.1,THS,THS-SI-6.1,SI,CLEAN,0,0,0,"等待人工复核确认后执行渲染",PENDING
RENDER-THS-THS-SI-6.2,THS,THS-SI-6.2,SI,CLEAN,0,0,0,"等待人工复核确认后执行渲染",PENDING
RENDER-THS-THS-SI-6.3,THS,THS-SI-6.3,SI,CLEAN,0,0,0,"等待人工复核确认后执行渲染",PENDING
RENDER-THS-THS-SI-7.1,THS,THS-SI-7.1,SI,CLEAN,0,0,0,"等待人工复核确认后执行渲染",PENDING
RENDER-THS-THS-SI-7.2,THS,THS-SI-7.2,SI,P1,0,0,0,"等待人工复核确认后执行渲染",PENDING
RENDER-THS-THS-SN-2.1,THS,THS-SN-2.1,SN,P1,0,0,0,"等待人工复核确认后执行渲染",PENDING
RENDER-THS-THS-SN-2.2,THS,THS-SN-2.2,SN,CLEAN,0,0,0,"等待人工复核确认后执行渲染",PENDING
RENDER-THS-THS-SN-2.3,THS,THS-SN-2.3,SN,CLEAN,0,0,0,"等待人工复核确认后执行渲染",PENDING
RENDER-THS-THS-SN-2.4,THS,THS-SN-2.4,SN,CLEAN,0,0,0,"等待人工复核确认后执行渲染",PENDING
RENDER-THS-THS-SN-2.5,THS,THS-SN-2.5,SN,P1,0,0,0,"等待人工复核确认后执行渲染",PENDING
RENDER-THS-THS-SN-2.6,THS,THS-SN-2.6,SN,CLEAN,0,0,0,"等待人工复核确认后执行渲染",PENDING
RENDER-THS-THS-SN-3.1.1,THS,THS-SN-3.1.1,SN,P1,0,0,0,"等待人工复核确认后执行渲染",PENDING
RENDER-THS-THS-SN-3.1.2,THS,THS-SN-3.1.2,SN,CLEAN,0,0,0,"等待人工复核确认后执行渲染",PENDING
RENDER-THS-THS-SN-3.1.3,THS,THS-SN-3.1.3,SN,P1,0,0,0,"等待人工复核确认后执行渲染",PENDING
RENDER-THS-THS-SN-3.2.2,THS,THS-SN-3.2.2,SN,P1,0,0,0,"等待人工复核确认后执行渲染",PENDING
RENDER-THS-THS-SN-3.2.3,THS,THS-SN-3.2.3,SN,P1,0,0,0,"等待人工复核确认后执行渲染",PENDING
RENDER-THS-THS-SN-3.2.4,THS,THS-SN-3.2.4,SN,CLEAN,0,0,0,"等待人工复核确认后执行渲染",PENDING
RENDER-THS-THS-SN-4.1,THS,THS-SN-4.1,SN,P1,0,0,0,"等待人工复核确认后执行渲染",PENDING
RENDER-THS-THS-SN-4.2,THS,THS-SN-4.2,SN,CLEAN,0,0,0,"等待人工复核确认后执行渲染",PENDING
RENDER-THS-THS-SN-4.3,THS,THS-SN-4.3,SN,CLEAN,0,0,0,"等待人工复核确认后执行渲染",PENDING
RENDER-THS-THS-SN-4.4,THS,THS-SN-4.4,SN,P1,0,0,0,"等待人工复核确认后执行渲染",PENDING
RENDER-THS-THS-SN-4.5,THS,THS-SN-4.5,SN,P1,0,0,0,"等待人工复核确认后执行渲染",PENDING
RENDER-THS-THS-SN-5.3,THS,THS-SN-5.3,SN,CLEAN,0,0,0,"等待人工复核确认后执行渲染",PENDING
RENDER-THS-THS-SN-6.3,THS,THS-SN-6.3,SN,P1,0,0,0,"等待人工复核确认后执行渲染",PENDING
RENDER-THS-THS-SN-6.4,THS,THS-SN-6.4,SN,CLEAN,0,0,0,"等待人工复核确认后执行渲染",PENDING
RENDER-THS-THS-SN-7.1,THS,THS-SN-7.1,SN,P1,0,0,0,"等待人工复核确认后执行渲染",PENDING
RENDER-THS-THS-SN-7.2,THS,THS-SN-7.2,SN,P1,0,0,0,"等待人工复核确认后执行渲染",PENDING
RENDER-THS-THS-SN-7.3,THS,THS-SN-7.3,SN,P1,0,0,0,"等待人工复核确认后执行渲染",PENDING
RENDER-THS-THS-ZN-2.1,THS,THS-ZN-2.1,ZN,CLEAN,0,0,0,"等待人工复核确认后执行渲染",PENDING
RENDER-THS-THS-ZN-2.2,THS,THS-ZN-2.2,ZN,CLEAN,0,0,0,"等待人工复核确认后执行渲染",PENDING
RENDER-THS-THS-ZN-2.3,THS,THS-ZN-2.3,ZN,CLEAN,0,0,0,"等待人工复核确认后执行渲染",PENDING
RENDER-THS-THS-ZN-2.4,THS,THS-ZN-2.4,ZN,CLEAN,0,0,0,"等待人工复核确认后执行渲染",PENDING
RENDER-THS-THS-ZN-2.5,THS,THS-ZN-2.5,ZN,P1,0,0,0,"等待人工复核确认后执行渲染",PENDING
RENDER-THS-THS-ZN-2.6,THS,THS-ZN-2.6,ZN,CLEAN,0,0,0,"等待人工复核确认后执行渲染",PENDING
RENDER-THS-THS-ZN-3.1.1,THS,THS-ZN-3.1.1,ZN,P1,0,0,0,"等待人工复核确认后执行渲染",PENDING
RENDER-THS-THS-ZN-3.1.2,THS,THS-ZN-3.1.2,ZN,P1,0,0,0,"等待人工复核确认后执行渲染",PENDING
RENDER-THS-THS-ZN-3.1.3,THS,THS-ZN-3.1.3,ZN,P1,0,0,0,"等待人工复核确认后执行渲染",PENDING
RENDER-THS-THS-ZN-3.1.4,THS,THS-ZN-3.1.4,ZN,P1,0,0,0,"等待人工复核确认后执行渲染",PENDING
RENDER-THS-THS-ZN-3.1.5,THS,THS-ZN-3.1.5,ZN,CLEAN,0,0,0,"等待人工复核确认后执行渲染",PENDING
RENDER-THS-THS-ZN-3.2.1,THS,THS-ZN-3.2.1,ZN,P1,0,0,0,"等待人工复核确认后执行渲染",PENDING
RENDER-THS-THS-ZN-3.2.2,THS,THS-ZN-3.2.2,ZN,P1,0,0,0,"等待人工复核确认后执行渲染",PENDING
RENDER-THS-THS-ZN-3.2.3,THS,THS-ZN-3.2.3,ZN,P1,0,0,0,"等待人工复核确认后执行渲染",PENDING
RENDER-THS-THS-ZN-3.2.4,THS,THS-ZN-3.2.4,ZN,CLEAN,0,0,0,"等待人工复核确认后执行渲染",PENDING
RENDER-THS-THS-ZN-4.1,THS,THS-ZN-4.1,ZN,CLEAN,0,0,0,"等待人工复核确认后执行渲染",PENDING
RENDER-THS-THS-ZN-4.2,THS,THS-ZN-4.2,ZN,CLEAN,0,0,0,"等待人工复核确认后执行渲染",PENDING
RENDER-THS-THS-ZN-4.3,THS,THS-ZN-4.3,ZN,CLEAN,0,0,0,"等待人工复核确认后执行渲染",PENDING
RENDER-THS-THS-ZN-4.4,THS,THS-ZN-4.4,ZN,P1,0,0,0,"等待人工复核确认后执行渲染",PENDING
RENDER-THS-THS-ZN-4.5,THS,THS-ZN-4.5,ZN,CLEAN,0,0,0,"等待人工复核确认后执行渲染",PENDING
RENDER-THS-THS-ZN-6.1,THS,THS-ZN-6.1,ZN,CLEAN,0,0,0,"等待人工复核确认后执行渲染",PENDING
RENDER-THS-THS-ZN-6.3,THS,THS-ZN-6.3,ZN,CLEAN,0,0,0,"等待人工复核确认后执行渲染",PENDING
RENDER-THS-THS-ZN-7.1,THS,THS-ZN-7.1,ZN,P1,0,0,0,"等待人工复核确认后执行渲染",PENDING
RENDER-THS-THS-ZN-7.2,THS,THS-ZN-7.2,ZN,P1,0,0,0,"等待人工复核确认后执行渲染",PENDING
RENDER-THS-THS-ZN-7.3,THS,THS-ZN-7.3,ZN,CLEAN,0,0,0,"等待人工复核确认后执行渲染",PENDING
RENDER-PDF-TPL-AO-002,PDF,TPL-AO-002,AO,P0,0,0,1,"禁止渲染, 需修复风险后重新评估",PENDING
RENDER-PDF-TPL-AO-003,PDF,TPL-AO-003,AO,P0,0,0,1,"禁止渲染, 需修复风险后重新评估",PENDING
RENDER-PDF-TPL-AO-004,PDF,TPL-AO-004,AO,P0,0,0,1,"禁止渲染, 需修复风险后重新评估",PENDING
RENDER-PDF-TPL-AO-005,PDF,TPL-AO-005,AO,P0,0,0,1,"禁止渲染, 需修复风险后重新评估",PENDING
RENDER-PDF-TPL-AO-006,PDF,TPL-AO-006,AO,P0,0,0,1,"禁止渲染, 需修复风险后重新评估",PENDING
RENDER-PDF-TPL-AO-007,PDF,TPL-AO-007,AO,P0,0,0,1,"禁止渲染, 需修复风险后重新评估",PENDING
RENDER-PDF-TPL-AO-008,PDF,TPL-AO-008,AO,P0,0,0,1,"禁止渲染, 需修复风险后重新评估",PENDING
RENDER-PDF-TPL-AO-009,PDF,TPL-AO-009,AO,P0,0,0,1,"禁止渲染, 需修复风险后重新评估",PENDING
RENDER-PDF-TPL-AO-014,PDF,TPL-AO-014,AO,P0,0,0,1,"禁止渲染, 需修复风险后重新评估",PENDING
RENDER-PDF-TPL-AO-015,PDF,TPL-AO-015,AO,P0,0,0,1,"禁止渲染, 需修复风险后重新评估",PENDING
RENDER-PDF-TPL-AO-018,PDF,TPL-AO-018,AO,P0,0,0,1,"禁止渲染, 需修复风险后重新评估",PENDING
RENDER-PDF-TPL-AO-019,PDF,TPL-AO-019,AO,P0,0,0,1,"禁止渲染, 需修复风险后重新评估",PENDING
RENDER-PDF-TPL-AO-020,PDF,TPL-AO-020,AO,P0,0,0,1,"禁止渲染, 需修复风险后重新评估",PENDING
RENDER-PDF-TPL-AO-021,PDF,TPL-AO-021,AO,P0,0,0,1,"禁止渲染, 需修复风险后重新评估",PENDING
RENDER-PDF-TPL-AO-023,PDF,TPL-AO-023,AO,P0,0,0,1,"禁止渲染, 需修复风险后重新评估",PENDING
RENDER-PDF-TPL-AO-025,PDF,TPL-AO-025,AO,P0,0,0,1,"禁止渲染, 需修复风险后重新评估",PENDING
RENDER-PDF-TPL-AO-026,PDF,TPL-AO-026,AO,P0,0,0,1,"禁止渲染, 需修复风险后重新评估",PENDING
RENDER-PDF-TPL-AO-027,PDF,TPL-AO-027,AO,P0,0,0,1,"禁止渲染, 需修复风险后重新评估",PENDING
RENDER-PDF-TPL-AO-028,PDF,TPL-AO-028,AO,P0,0,0,1,"禁止渲染, 需修复风险后重新评估",PENDING
RENDER-PDF-TPL-AO-029,PDF,TPL-AO-029,AO,P0,0,0,1,"禁止渲染, 需修复风险后重新评估",PENDING
RENDER-PDF-TPL-AO-030,PDF,TPL-AO-030,AO,P0,0,0,1,"禁止渲染, 需修复风险后重新评估",PENDING
RENDER-PDF-TPL-AO-031,PDF,TPL-AO-031,AO,P0,0,0,1,"禁止渲染, 需修复风险后重新评估",PENDING
RENDER-PDF-TPL-AO-033,PDF,TPL-AO-033,AO,P0,0,0,1,"禁止渲染, 需修复风险后重新评估",PENDING
RENDER-PDF-TPL-AO-034,PDF,TPL-AO-034,AO,P0,0,0,1,"禁止渲染, 需修复风险后重新评估",PENDING
RENDER-PDF-TPL-AO-035,PDF,TPL-AO-035,AO,P0,0,0,1,"禁止渲染, 需修复风险后重新评估",PENDING
RENDER-PDF-TPL-AO-037,PDF,TPL-AO-037,AO,P0,0,0,1,"禁止渲染, 需修复风险后重新评估",PENDING
RENDER-PDF-TPL-AO-038,PDF,TPL-AO-038,AO,P0,0,0,2,"禁止渲染, 需修复风险后重新评估",PENDING
RENDER-PDF-TPL-AO-039,PDF,TPL-AO-039,AO,P0,0,0,1,"禁止渲染, 需修复风险后重新评估",PENDING
RENDER-PDF-TPL-AO-040,PDF,TPL-AO-040,AO,P0,0,0,1,"禁止渲染, 需修复风险后重新评估",PENDING
RENDER-PDF-TPL-AO-041,PDF,TPL-AO-041,AO,P0,0,0,1,"禁止渲染, 需修复风险后重新评估",PENDING
RENDER-PDF-TPL-AO-042,PDF,TPL-AO-042,AO,P0,0,0,1,"禁止渲染, 需修复风险后重新评估",PENDING
RENDER-PDF-TPL-AO-043,PDF,TPL-AO-043,AO,P0,0,0,1,"禁止渲染, 需修复风险后重新评估",PENDING
RENDER-PDF-TPL-AO-044,PDF,TPL-AO-044,AO,P0,0,0,1,"禁止渲染, 需修复风险后重新评估",PENDING
RENDER-PDF-TPL-AO-045,PDF,TPL-AO-045,AO,P0,0,0,1,"禁止渲染, 需修复风险后重新评估",PENDING
RENDER-PDF-TPL-AO-046,PDF,TPL-AO-046,AO,P0,0,0,1,"禁止渲染, 需修复风险后重新评估",PENDING
RENDER-PDF-TPL-AO-047,PDF,TPL-AO-047,AO,P0,0,0,1,"禁止渲染, 需修复风险后重新评估",PENDING
RENDER-PDF-TPL-AO-048,PDF,TPL-AO-048,AO,P0,0,0,1,"禁止渲染, 需修复风险后重新评估",PENDING
RENDER-PDF-TPL-AO-049,PDF,TPL-AO-049,AO,P0,0,0,1,"禁止渲染, 需修复风险后重新评估",PENDING
RENDER-PDF-TPL-AO-050,PDF,TPL-AO-050,AO,P0,0,0,1,"禁止渲染, 需修复风险后重新评估",PENDING
RENDER-PDF-TPL-AO-051,PDF,TPL-AO-051,AO,P0,0,0,1,"禁止渲染, 需修复风险后重新评估",PENDING
RENDER-PDF-TPL-AO-052,PDF,TPL-AO-052,AO,P0,0,0,1,"禁止渲染, 需修复风险后重新评估",PENDING
RENDER-PDF-TPL-AO-053,PDF,TPL-AO-053,AO,P0,0,0,1,"禁止渲染, 需修复风险后重新评估",PENDING
RENDER-PDF-TPL-AO-054,PDF,TPL-AO-054,AO,P0,0,0,1,"禁止渲染, 需修复风险后重新评估",PENDING
RENDER-PDF-TPL-AO-055,PDF,TPL-AO-055,AO,P0,0,0,1,"禁止渲染, 需修复风险后重新评估",PENDING
RENDER-PDF-TPL-AO-056,PDF,TPL-AO-056,AO,P0,0,0,1,"禁止渲染, 需修复风险后重新评估",PENDING
RENDER-PDF-TPL-AO-057,PDF,TPL-AO-057,AO,P0,0,0,1,"禁止渲染, 需修复风险后重新评估",PENDING
RENDER-PDF-TPL-AO-058,PDF,TPL-AO-058,AO,P0,0,0,1,"禁止渲染, 需修复风险后重新评估",PENDING
RENDER-PDF-TPL-AO-059,PDF,TPL-AO-059,AO,P0,0,0,1,"禁止渲染, 需修复风险后重新评估",PENDING
RENDER-PDF-TPL-AO-061,PDF,TPL-AO-061,AO,P0,0,0,1,"禁止渲染, 需修复风险后重新评估",PENDING
RENDER-PDF-TPL-AO-062,PDF,TPL-AO-062,AO,P0,0,0,1,"禁止渲染, 需修复风险后重新评估",PENDING
RENDER-PDF-TPL-AO-063,PDF,TPL-AO-063,AO,P0,0,0,1,"禁止渲染, 需修复风险后重新评估",PENDING
RENDER-PDF-TPL-SI-001,PDF,TPL-SI-001,SI,P0,0,0,1,"禁止渲染, 需修复风险后重新评估",PENDING
RENDER-PDF-TPL-SI-002,PDF,TPL-SI-002,SI,P0,0,0,1,"禁止渲染, 需修复风险后重新评估",PENDING
RENDER-PDF-TPL-SI-004,PDF,TPL-SI-004,SI,P0,0,0,1,"禁止渲染, 需修复风险后重新评估",PENDING
RENDER-PDF-TPL-SI-006,PDF,TPL-SI-006,SI,P0,0,0,1,"禁止渲染, 需修复风险后重新评估",PENDING
RENDER-PDF-TPL-SI-007,PDF,TPL-SI-007,SI,P0,0,0,1,"禁止渲染, 需修复风险后重新评估",PENDING
RENDER-PDF-TPL-SI-011,PDF,TPL-SI-011,SI,P0,0,0,1,"禁止渲染, 需修复风险后重新评估",PENDING
RENDER-PDF-TPL-SI-012,PDF,TPL-SI-012,SI,P0,0,0,1,"禁止渲染, 需修复风险后重新评估",PENDING
RENDER-PDF-TPL-SI-013,PDF,TPL-SI-013,SI,P0,0,0,1,"禁止渲染, 需修复风险后重新评估",PENDING
RENDER-PDF-TPL-SI-016,PDF,TPL-SI-016,SI,P0,0,0,1,"禁止渲染, 需修复风险后重新评估",PENDING
RENDER-PDF-TPL-SI-018,PDF,TPL-SI-018,SI,P0,0,0,1,"禁止渲染, 需修复风险后重新评估",PENDING
RENDER-PDF-TPL-SI-019,PDF,TPL-SI-019,SI,P0,0,0,1,"禁止渲染, 需修复风险后重新评估",PENDING
RENDER-PDF-TPL-SI-020,PDF,TPL-SI-020,SI,P0,0,0,1,"禁止渲染, 需修复风险后重新评估",PENDING
RENDER-PDF-TPL-SI-022,PDF,TPL-SI-022,SI,P0,0,0,2,"禁止渲染, 需修复风险后重新评估",PENDING
RENDER-PDF-TPL-SI-023,PDF,TPL-SI-023,SI,P0,0,0,2,"禁止渲染, 需修复风险后重新评估",PENDING
RENDER-PDF-TPL-SI-025,PDF,TPL-SI-025,SI,P0,0,0,1,"禁止渲染, 需修复风险后重新评估",PENDING
RENDER-PDF-TPL-SI-026,PDF,TPL-SI-026,SI,P0,0,0,2,"禁止渲染, 需修复风险后重新评估",PENDING
RENDER-PDF-TPL-SI-027,PDF,TPL-SI-027,SI,P0,0,0,1,"禁止渲染, 需修复风险后重新评估",PENDING
RENDER-PDF-TPL-SI-028,PDF,TPL-SI-028,SI,P0,0,0,1,"禁止渲染, 需修复风险后重新评估",PENDING
RENDER-PDF-TPL-SI-031,PDF,TPL-SI-031,SI,P0,0,0,1,"禁止渲染, 需修复风险后重新评估",PENDING
RENDER-PDF-TPL-SI-032,PDF,TPL-SI-032,SI,P0,0,0,1,"禁止渲染, 需修复风险后重新评估",PENDING
RENDER-PDF-TPL-SI-033,PDF,TPL-SI-033,SI,P0,0,0,1,"禁止渲染, 需修复风险后重新评估",PENDING
RENDER-PDF-TPL-SI-034,PDF,TPL-SI-034,SI,P0,0,0,3,"禁止渲染, 需修复风险后重新评估",PENDING
RENDER-PDF-TPL-SI-035,PDF,TPL-SI-035,SI,P0,0,0,1,"禁止渲染, 需修复风险后重新评估",PENDING
RENDER-PDF-TPL-SI-036,PDF,TPL-SI-036,SI,P0,0,0,1,"禁止渲染, 需修复风险后重新评估",PENDING
RENDER-PDF-TPL-SI-037,PDF,TPL-SI-037,SI,P0,0,0,1,"禁止渲染, 需修复风险后重新评估",PENDING
RENDER-PDF-TPL-SI-039,PDF,TPL-SI-039,SI,P0,0,0,1,"禁止渲染, 需修复风险后重新评估",PENDING
RENDER-PDF-TPL-SI-040,PDF,TPL-SI-040,SI,P0,0,0,1,"禁止渲染, 需修复风险后重新评估",PENDING
RENDER-PDF-TPL-SI-041,PDF,TPL-SI-041,SI,P0,0,0,1,"禁止渲染, 需修复风险后重新评估",PENDING
RENDER-PDF-TPL-SI-042,PDF,TPL-SI-042,SI,P0,0,0,1,"禁止渲染, 需修复风险后重新评估",PENDING
RENDER-PDF-TPL-SI-043,PDF,TPL-SI-043,SI,P0,0,0,1,"禁止渲染, 需修复风险后重新评估",PENDING
RENDER-PDF-TPL-SI-044,PDF,TPL-SI-044,SI,P0,0,0,3,"禁止渲染, 需修复风险后重新评估",PENDING
RENDER-PDF-TPL-SI-045,PDF,TPL-SI-045,SI,P0,0,0,1,"禁止渲染, 需修复风险后重新评估",PENDING
RENDER-PDF-TPL-SI-047,PDF,TPL-SI-047,SI,P0,0,0,1,"禁止渲染, 需修复风险后重新评估",PENDING
RENDER-PDF-TPL-SI-048,PDF,TPL-SI-048,SI,P0,0,0,1,"禁止渲染, 需修复风险后重新评估",PENDING
RENDER-PDF-TPL-LC-001,PDF,TPL-LC-001,LC,P0,0,0,1,"禁止渲染, 需修复风险后重新评估",PENDING
RENDER-PDF-TPL-LC-002,PDF,TPL-LC-002,LC,P0,0,0,1,"禁止渲染, 需修复风险后重新评估",PENDING
RENDER-PDF-TPL-LC-003,PDF,TPL-LC-003,LC,P0,0,0,1,"禁止渲染, 需修复风险后重新评估",PENDING
RENDER-PDF-TPL-LC-005,PDF,TPL-LC-005,LC,P0,0,0,1,"禁止渲染, 需修复风险后重新评估",PENDING
RENDER-PDF-TPL-LC-006,PDF,TPL-LC-006,LC,P0,0,0,1,"禁止渲染, 需修复风险后重新评估",PENDING
RENDER-PDF-TPL-LC-007,PDF,TPL-LC-007,LC,P0,0,0,1,"禁止渲染, 需修复风险后重新评估",PENDING
RENDER-PDF-TPL-LC-008,PDF,TPL-LC-008,LC,P0,0,0,1,"禁止渲染, 需修复风险后重新评估",PENDING
RENDER-PDF-TPL-LC-009,PDF,TPL-LC-009,LC,P0,0,0,1,"禁止渲染, 需修复风险后重新评估",PENDING
RENDER-PDF-TPL-LC-011,PDF,TPL-LC-011,LC,P0,0,0,1,"禁止渲染, 需修复风险后重新评估",PENDING
RENDER-PDF-TPL-LC-012,PDF,TPL-LC-012,LC,P0,0,0,1,"禁止渲染, 需修复风险后重新评估",PENDING
RENDER-PDF-TPL-LC-013,PDF,TPL-LC-013,LC,P0,0,0,1,"禁止渲染, 需修复风险后重新评估",PENDING
RENDER-PDF-TPL-LC-014,PDF,TPL-LC-014,LC,P0,0,0,1,"禁止渲染, 需修复风险后重新评估",PENDING
RENDER-PDF-TPL-LC-022,PDF,TPL-LC-022,LC,P0,0,0,1,"禁止渲染, 需修复风险后重新评估",PENDING
RENDER-PDF-TPL-LC-023,PDF,TPL-LC-023,LC,P0,0,0,1,"禁止渲染, 需修复风险后重新评估",PENDING
RENDER-PDF-TPL-LC-024,PDF,TPL-LC-024,LC,P0,0,0,2,"禁止渲染, 需修复风险后重新评估",PENDING
RENDER-PDF-TPL-LC-028,PDF,TPL-LC-028,LC,P0,0,0,1,"禁止渲染, 需修复风险后重新评估",PENDING
RENDER-PDF-TPL-LC-030,PDF,TPL-LC-030,LC,P0,0,0,1,"禁止渲染, 需修复风险后重新评估",PENDING
RENDER-PDF-TPL-LC-031,PDF,TPL-LC-031,LC,P0,0,0,1,"禁止渲染, 需修复风险后重新评估",PENDING
RENDER-PDF-TPL-LC-032,PDF,TPL-LC-032,LC,P0,0,0,1,"禁止渲染, 需修复风险后重新评估",PENDING
RENDER-PDF-TPL-LC-033,PDF,TPL-LC-033,LC,P0,0,0,1,"禁止渲染, 需修复风险后重新评估",PENDING
RENDER-PDF-TPL-LC-034,PDF,TPL-LC-034,LC,P0,0,0,1,"禁止渲染, 需修复风险后重新评估",PENDING
RENDER-PDF-TPL-LC-037,PDF,TPL-LC-037,LC,P0,0,0,1,"禁止渲染, 需修复风险后重新评估",PENDING
RENDER-PDF-TPL-LC-038,PDF,TPL-LC-038,LC,P0,0,0,1,"禁止渲染, 需修复风险后重新评估",PENDING
RENDER-PDF-TPL-LC-039,PDF,TPL-LC-039,LC,P0,0,0,1,"禁止渲染, 需修复风险后重新评估",PENDING
RENDER-PDF-TPL-LC-040,PDF,TPL-LC-040,LC,P0,0,0,1,"禁止渲染, 需修复风险后重新评估",PENDING
RENDER-PDF-TPL-LC-041,PDF,TPL-LC-041,LC,P0,0,0,1,"禁止渲染, 需修复风险后重新评估",PENDING
RENDER-PDF-TPL-LC-042,PDF,TPL-LC-042,LC,P0,0,0,1,"禁止渲染, 需修复风险后重新评估",PENDING
RENDER-PDF-TPL-LC-044,PDF,TPL-LC-044,LC,P0,0,0,1,"禁止渲染, 需修复风险后重新评估",PENDING
RENDER-PDF-TPL-LC-045,PDF,TPL-LC-045,LC,P0,0,0,2,"禁止渲染, 需修复风险后重新评估",PENDING
RENDER-PDF-TPL-LC-046,PDF,TPL-LC-046,LC,P0,0,0,1,"禁止渲染, 需修复风险后重新评估",PENDING
RENDER-PDF-TPL-LC-047,PDF,TPL-LC-047,LC,P0,0,0,1,"禁止渲染, 需修复风险后重新评估",PENDING
RENDER-PDF-TPL-LC-048,PDF,TPL-LC-048,LC,P0,0,0,1,"禁止渲染, 需修复风险后重新评估",PENDING
RENDER-PDF-TPL-LC-049,PDF,TPL-LC-049,LC,P0,0,0,1,"禁止渲染, 需修复风险后重新评估",PENDING
RENDER-PDF-TPL-LC-050,PDF,TPL-LC-050,LC,P0,0,0,1,"禁止渲染, 需修复风险后重新评估",PENDING
RENDER-PDF-TPL-LC-051,PDF,TPL-LC-051,LC,P0,0,0,2,"禁止渲染, 需修复风险后重新评估",PENDING
RENDER-PDF-TPL-LC-052,PDF,TPL-LC-052,LC,P0,0,0,2,"禁止渲染, 需修复风险后重新评估",PENDING
RENDER-PDF-TPL-LC-054,PDF,TPL-LC-054,LC,P0,0,0,1,"禁止渲染, 需修复风险后重新评估",PENDING
RENDER-PDF-TPL-LC-055,PDF,TPL-LC-055,LC,P0,0,0,1,"禁止渲染, 需修复风险后重新评估",PENDING
RENDER-PDF-TPL-LC-056,PDF,TPL-LC-056,LC,P0,0,0,1,"禁止渲染, 需修复风险后重新评估",PENDING
RENDER-PDF-TPL-LC-057,PDF,TPL-LC-057,LC,P0,0,0,1,"禁止渲染, 需修复风险后重新评估",PENDING
RENDER-PDF-TPL-LC-058,PDF,TPL-LC-058,LC,P0,0,0,1,"禁止渲染, 需修复风险后重新评估",PENDING
RENDER-PDF-TPL-LC-059,PDF,TPL-LC-059,LC,P0,0,0,1,"禁止渲染, 需修复风险后重新评估",PENDING
RENDER-PDF-TPL-LC-062,PDF,TPL-LC-062,LC,P0,0,0,1,"禁止渲染, 需修复风险后重新评估",PENDING
RENDER-PDF-TPL-LC-063,PDF,TPL-LC-063,LC,P0,0,0,1,"禁止渲染, 需修复风险后重新评估",PENDING
RENDER-PDF-TPL-LC-064,PDF,TPL-LC-064,LC,P0,0,0,1,"禁止渲染, 需修复风险后重新评估",PENDING
RENDER-PDF-TPL-LC-066,PDF,TPL-LC-066,LC,P0,0,0,1,"禁止渲染, 需修复风险后重新评估",PENDING
RENDER-PDF-TPL-LC-067,PDF,TPL-LC-067,LC,P0,0,0,1,"禁止渲染, 需修复风险后重新评估",PENDING
RENDER-PDF-TPL-LC-069,PDF,TPL-LC-069,LC,P0,0,0,1,"禁止渲染, 需修复风险后重新评估",PENDING
RENDER-PDF-TPL-LC-070,PDF,TPL-LC-070,LC,P0,0,0,1,"禁止渲染, 需修复风险后重新评估",PENDING
RENDER-PDF-TPL-LC-071,PDF,TPL-LC-071,LC,P0,0,0,1,"禁止渲染, 需修复风险后重新评估",PENDING
RENDER-PDF-TPL-LC-072,PDF,TPL-LC-072,LC,P0,0,0,2,"禁止渲染, 需修复风险后重新评估",PENDING
RENDER-PDF-TPL-LC-073,PDF,TPL-LC-073,LC,P0,0,0,2,"禁止渲染, 需修复风险后重新评估",PENDING
RENDER-PDF-TPL-LC-074,PDF,TPL-LC-074,LC,P0,0,0,1,"禁止渲染, 需修复风险后重新评估",PENDING
RENDER-PDF-TPL-LC-075,PDF,TPL-LC-075,LC,P0,0,0,1,"禁止渲染, 需修复风险后重新评估",PENDING
RENDER-PDF-TPL-LC-076,PDF,TPL-LC-076,LC,P0,0,0,1,"禁止渲染, 需修复风险后重新评估",PENDING
RENDER-PDF-TPL-LC-077,PDF,TPL-LC-077,LC,P0,0,0,1,"禁止渲染, 需修复风险后重新评估",PENDING
RENDER-PDF-TPL-LC-078,PDF,TPL-LC-078,LC,P0,0,0,1,"禁止渲染, 需修复风险后重新评估",PENDING
RENDER-PDF-TPL-LC-079,PDF,TPL-LC-079,LC,P0,0,0,1,"禁止渲染, 需修复风险后重新评估",PENDING
RENDER-PDF-TPL-LC-080,PDF,TPL-LC-080,LC,P0,0,0,1,"禁止渲染, 需修复风险后重新评估",PENDING
RENDER-PDF-TPL-LC-081,PDF,TPL-LC-081,LC,P0,0,0,1,"禁止渲染, 需修复风险后重新评估",PENDING
RENDER-PDF-TPL-LC-082,PDF,TPL-LC-082,LC,P0,0,0,1,"禁止渲染, 需修复风险后重新评估",PENDING
RENDER-PDF-TPL-LC-084,PDF,TPL-LC-084,LC,P0,0,0,1,"禁止渲染, 需修复风险后重新评估",PENDING
RENDER-PDF-TPL-LC-085,PDF,TPL-LC-085,LC,P0,0,0,1,"禁止渲染, 需修复风险后重新评估",PENDING
RENDER-PDF-TPL-LC-086,PDF,TPL-LC-086,LC,P0,0,0,1,"禁止渲染, 需修复风险后重新评估",PENDING
RENDER-PDF-TPL-LC-087,PDF,TPL-LC-087,LC,P0,0,0,1,"禁止渲染, 需修复风险后重新评估",PENDING
RENDER-PDF-TPL-LC-089,PDF,TPL-LC-089,LC,P0,0,0,1,"禁止渲染, 需修复风险后重新评估",PENDING
RENDER-PDF-TPL-LC-091,PDF,TPL-LC-091,LC,P0,0,0,1,"禁止渲染, 需修复风险后重新评估",PENDING
RENDER-PDF-TPL-LC-092,PDF,TPL-LC-092,LC,P0,0,0,1,"禁止渲染, 需修复风险后重新评估",PENDING
RENDER-PDF-TPL-LC-097,PDF,TPL-LC-097,LC,P0,0,0,1,"禁止渲染, 需修复风险后重新评估",PENDING
RENDER-PDF-TPL-LC-098,PDF,TPL-LC-098,LC,P0,0,0,1,"禁止渲染, 需修复风险后重新评估",PENDING
RENDER-PDF-TPL-LC-099,PDF,TPL-LC-099,LC,P0,0,0,1,"禁止渲染, 需修复风险后重新评估",PENDING
RENDER-PDF-TPL-LC-100,PDF,TPL-LC-100,LC,P0,0,0,1,"禁止渲染, 需修复风险后重新评估",PENDING
RENDER-PDF-TPL-AL-004,PDF,TPL-AL-004,AL,P0,0,0,1,"禁止渲染, 需修复风险后重新评估",PENDING
RENDER-PDF-TPL-AL-005,PDF,TPL-AL-005,AL,P0,0,0,1,"禁止渲染, 需修复风险后重新评估",PENDING
RENDER-PDF-TPL-AL-006,PDF,TPL-AL-006,AL,P0,0,0,1,"禁止渲染, 需修复风险后重新评估",PENDING
RENDER-PDF-TPL-AL-007,PDF,TPL-AL-007,AL,P0,0,0,1,"禁止渲染, 需修复风险后重新评估",PENDING
RENDER-PDF-TPL-AL-008,PDF,TPL-AL-008,AL,P0,0,0,1,"禁止渲染, 需修复风险后重新评估",PENDING
RENDER-PDF-TPL-AL-010,PDF,TPL-AL-010,AL,P0,0,0,1,"禁止渲染, 需修复风险后重新评估",PENDING
RENDER-PDF-TPL-AL-011,PDF,TPL-AL-011,AL,P0,0,0,1,"禁止渲染, 需修复风险后重新评估",PENDING
RENDER-PDF-TPL-AL-012,PDF,TPL-AL-012,AL,P0,0,0,1,"禁止渲染, 需修复风险后重新评估",PENDING
RENDER-PDF-TPL-AL-013,PDF,TPL-AL-013,AL,P0,0,0,1,"禁止渲染, 需修复风险后重新评估",PENDING
RENDER-PDF-TPL-AL-014,PDF,TPL-AL-014,AL,P0,0,0,1,"禁止渲染, 需修复风险后重新评估",PENDING
RENDER-PDF-TPL-AL-015,PDF,TPL-AL-015,AL,P0,0,0,1,"禁止渲染, 需修复风险后重新评估",PENDING
RENDER-PDF-TPL-AL-017,PDF,TPL-AL-017,AL,P0,0,0,1,"禁止渲染, 需修复风险后重新评估",PENDING
RENDER-PDF-TPL-AL-019,PDF,TPL-AL-019,AL,P0,0,0,1,"禁止渲染, 需修复风险后重新评估",PENDING
RENDER-PDF-TPL-AL-020,PDF,TPL-AL-020,AL,P0,0,0,1,"禁止渲染, 需修复风险后重新评估",PENDING
RENDER-PDF-TPL-AL-021,PDF,TPL-AL-021,AL,P0,0,0,1,"禁止渲染, 需修复风险后重新评估",PENDING
RENDER-PDF-TPL-AL-022,PDF,TPL-AL-022,AL,P0,0,0,1,"禁止渲染, 需修复风险后重新评估",PENDING
RENDER-PDF-TPL-AL-023,PDF,TPL-AL-023,AL,P0,0,0,1,"禁止渲染, 需修复风险后重新评估",PENDING
RENDER-PDF-TPL-AL-024,PDF,TPL-AL-024,AL,P0,0,0,1,"禁止渲染, 需修复风险后重新评估",PENDING
RENDER-PDF-TPL-AL-025,PDF,TPL-AL-025,AL,P0,0,0,1,"禁止渲染, 需修复风险后重新评估",PENDING
RENDER-PDF-TPL-AL-027,PDF,TPL-AL-027,AL,P0,0,0,1,"禁止渲染, 需修复风险后重新评估",PENDING
RENDER-PDF-TPL-AL-028,PDF,TPL-AL-028,AL,P0,0,0,1,"禁止渲染, 需修复风险后重新评估",PENDING
RENDER-PDF-TPL-AL-029,PDF,TPL-AL-029,AL,P0,0,0,1,"禁止渲染, 需修复风险后重新评估",PENDING
RENDER-PDF-TPL-AL-032,PDF,TPL-AL-032,AL,P0,0,0,2,"禁止渲染, 需修复风险后重新评估",PENDING
RENDER-PDF-TPL-AL-033,PDF,TPL-AL-033,AL,P0,0,0,2,"禁止渲染, 需修复风险后重新评估",PENDING
RENDER-PDF-TPL-AL-035,PDF,TPL-AL-035,AL,P0,0,0,1,"禁止渲染, 需修复风险后重新评估",PENDING
RENDER-PDF-TPL-AL-036,PDF,TPL-AL-036,AL,P0,0,0,1,"禁止渲染, 需修复风险后重新评估",PENDING
RENDER-PDF-TPL-AL-037,PDF,TPL-AL-037,AL,P0,0,0,1,"禁止渲染, 需修复风险后重新评估",PENDING
RENDER-PDF-TPL-SN-001,PDF,TPL-SN-001,SN,P0,0,0,1,"禁止渲染, 需修复风险后重新评估",PENDING
RENDER-PDF-TPL-SN-002,PDF,TPL-SN-002,SN,P0,0,0,1,"禁止渲染, 需修复风险后重新评估",PENDING
RENDER-PDF-TPL-SN-003,PDF,TPL-SN-003,SN,P0,0,0,1,"禁止渲染, 需修复风险后重新评估",PENDING
RENDER-PDF-TPL-SN-005,PDF,TPL-SN-005,SN,P0,0,0,1,"禁止渲染, 需修复风险后重新评估",PENDING
RENDER-PDF-TPL-SN-006,PDF,TPL-SN-006,SN,P0,0,0,1,"禁止渲染, 需修复风险后重新评估",PENDING
RENDER-PDF-TPL-SN-007,PDF,TPL-SN-007,SN,P0,0,0,1,"禁止渲染, 需修复风险后重新评估",PENDING
RENDER-PDF-TPL-SN-011,PDF,TPL-SN-011,SN,P0,0,0,1,"禁止渲染, 需修复风险后重新评估",PENDING
RENDER-PDF-TPL-SN-012,PDF,TPL-SN-012,SN,P0,0,0,1,"禁止渲染, 需修复风险后重新评估",PENDING
RENDER-PDF-TPL-SN-013,PDF,TPL-SN-013,SN,P0,0,0,1,"禁止渲染, 需修复风险后重新评估",PENDING
RENDER-PDF-TPL-SN-014,PDF,TPL-SN-014,SN,P0,0,0,1,"禁止渲染, 需修复风险后重新评估",PENDING
RENDER-PDF-TPL-SN-015,PDF,TPL-SN-015,SN,P0,0,0,1,"禁止渲染, 需修复风险后重新评估",PENDING
RENDER-PDF-TPL-SN-016,PDF,TPL-SN-016,SN,P0,0,0,1,"禁止渲染, 需修复风险后重新评估",PENDING
RENDER-PDF-TPL-SN-017,PDF,TPL-SN-017,SN,P0,0,0,1,"禁止渲染, 需修复风险后重新评估",PENDING
RENDER-PDF-TPL-SN-018,PDF,TPL-SN-018,SN,P0,0,0,1,"禁止渲染, 需修复风险后重新评估",PENDING
RENDER-PDF-TPL-SN-019,PDF,TPL-SN-019,SN,P0,0,0,1,"禁止渲染, 需修复风险后重新评估",PENDING
RENDER-PDF-TPL-SN-020,PDF,TPL-SN-020,SN,P0,0,0,1,"禁止渲染, 需修复风险后重新评估",PENDING
RENDER-PDF-TPL-SN-021,PDF,TPL-SN-021,SN,P0,0,0,1,"禁止渲染, 需修复风险后重新评估",PENDING
RENDER-PDF-TPL-SN-022,PDF,TPL-SN-022,SN,P0,0,0,1,"禁止渲染, 需修复风险后重新评估",PENDING
RENDER-PDF-TPL-SN-024,PDF,TPL-SN-024,SN,P0,0,0,1,"禁止渲染, 需修复风险后重新评估",PENDING
RENDER-PDF-TPL-SN-025,PDF,TPL-SN-025,SN,P0,0,0,1,"禁止渲染, 需修复风险后重新评估",PENDING
RENDER-PDF-TPL-SN-026,PDF,TPL-SN-026,SN,P0,0,0,1,"禁止渲染, 需修复风险后重新评估",PENDING
RENDER-PDF-TPL-SN-027,PDF,TPL-SN-027,SN,P0,0,0,1,"禁止渲染, 需修复风险后重新评估",PENDING
RENDER-PDF-TPL-SN-028,PDF,TPL-SN-028,SN,P0,0,0,1,"禁止渲染, 需修复风险后重新评估",PENDING
RENDER-PDF-TPL-SN-029,PDF,TPL-SN-029,SN,P0,0,0,1,"禁止渲染, 需修复风险后重新评估",PENDING
RENDER-PDF-TPL-SN-030,PDF,TPL-SN-030,SN,P0,0,0,1,"禁止渲染, 需修复风险后重新评估",PENDING
RENDER-PDF-TPL-SN-031,PDF,TPL-SN-031,SN,P0,0,0,1,"禁止渲染, 需修复风险后重新评估",PENDING
RENDER-PDF-TPL-SN-032,PDF,TPL-SN-032,SN,P0,0,0,1,"禁止渲染, 需修复风险后重新评估",PENDING
RENDER-PDF-TPL-SN-033,PDF,TPL-SN-033,SN,P0,0,0,1,"禁止渲染, 需修复风险后重新评估",PENDING
RENDER-PDF-TPL-SN-035,PDF,TPL-SN-035,SN,P0,0,0,1,"禁止渲染, 需修复风险后重新评估",PENDING
RENDER-PDF-TPL-SN-036,PDF,TPL-SN-036,SN,P0,0,0,1,"禁止渲染, 需修复风险后重新评估",PENDING
RENDER-PDF-TPL-SN-037,PDF,TPL-SN-037,SN,P0,0,0,1,"禁止渲染, 需修复风险后重新评估",PENDING
RENDER-PDF-TPL-NI-001,PDF,TPL-NI-001,NI,P0,0,0,1,"禁止渲染, 需修复风险后重新评估",PENDING
RENDER-PDF-TPL-NI-002,PDF,TPL-NI-002,NI,P0,0,0,1,"禁止渲染, 需修复风险后重新评估",PENDING
RENDER-PDF-TPL-NI-003,PDF,TPL-NI-003,NI,P0,0,0,1,"禁止渲染, 需修复风险后重新评估",PENDING
RENDER-PDF-TPL-NI-004,PDF,TPL-NI-004,NI,P0,0,0,1,"禁止渲染, 需修复风险后重新评估",PENDING
RENDER-PDF-TPL-NI-007,PDF,TPL-NI-007,NI,P0,0,0,1,"禁止渲染, 需修复风险后重新评估",PENDING
RENDER-PDF-TPL-NI-013,PDF,TPL-NI-013,NI,P0,0,0,1,"禁止渲染, 需修复风险后重新评估",PENDING
RENDER-PDF-TPL-NI-014,PDF,TPL-NI-014,NI,P0,0,0,1,"禁止渲染, 需修复风险后重新评估",PENDING
RENDER-PDF-TPL-NI-015,PDF,TPL-NI-015,NI,P0,0,0,1,"禁止渲染, 需修复风险后重新评估",PENDING
RENDER-PDF-TPL-NI-017,PDF,TPL-NI-017,NI,P0,0,0,1,"禁止渲染, 需修复风险后重新评估",PENDING
RENDER-PDF-TPL-NI-018,PDF,TPL-NI-018,NI,P0,0,0,1,"禁止渲染, 需修复风险后重新评估",PENDING
RENDER-PDF-TPL-NI-019,PDF,TPL-NI-019,NI,P0,0,0,1,"禁止渲染, 需修复风险后重新评估",PENDING
RENDER-PDF-TPL-NI-022,PDF,TPL-NI-022,NI,P0,0,0,1,"禁止渲染, 需修复风险后重新评估",PENDING
RENDER-PDF-TPL-NI-025,PDF,TPL-NI-025,NI,P0,0,0,1,"禁止渲染, 需修复风险后重新评估",PENDING
RENDER-PDF-TPL-NI-027,PDF,TPL-NI-027,NI,P0,0,0,1,"禁止渲染, 需修复风险后重新评估",PENDING
RENDER-PDF-TPL-NI-028,PDF,TPL-NI-028,NI,P0,0,0,1,"禁止渲染, 需修复风险后重新评估",PENDING
RENDER-PDF-TPL-NI-029,PDF,TPL-NI-029,NI,P0,0,0,1,"禁止渲染, 需修复风险后重新评估",PENDING
RENDER-PDF-TPL-NI-032,PDF,TPL-NI-032,NI,P0,0,0,1,"禁止渲染, 需修复风险后重新评估",PENDING
RENDER-PDF-TPL-NI-033,PDF,TPL-NI-033,NI,P0,0,0,1,"禁止渲染, 需修复风险后重新评估",PENDING
RENDER-PDF-TPL-NI-034,PDF,TPL-NI-034,NI,P0,0,0,1,"禁止渲染, 需修复风险后重新评估",PENDING
RENDER-PDF-TPL-NI-035,PDF,TPL-NI-035,NI,P0,0,0,1,"禁止渲染, 需修复风险后重新评估",PENDING
RENDER-PDF-TPL-NI-037,PDF,TPL-NI-037,NI,P0,0,0,1,"禁止渲染, 需修复风险后重新评估",PENDING
RENDER-PDF-TPL-NI-039,PDF,TPL-NI-039,NI,P0,0,0,1,"禁止渲染, 需修复风险后重新评估",PENDING
RENDER-PDF-TPL-NI-040,PDF,TPL-NI-040,NI,P0,0,0,1,"禁止渲染, 需修复风险后重新评估",PENDING
RENDER-PDF-TPL-NI-041,PDF,TPL-NI-041,NI,P0,0,0,1,"禁止渲染, 需修复风险后重新评估",PENDING
RENDER-PDF-TPL-NI-042,PDF,TPL-NI-042,NI,P0,0,0,1,"禁止渲染, 需修复风险后重新评估",PENDING
RENDER-PDF-TPL-NI-043,PDF,TPL-NI-043,NI,P0,0,0,1,"禁止渲染, 需修复风险后重新评估",PENDING
RENDER-PDF-TPL-NI-044,PDF,TPL-NI-044,NI,P0,0,0,1,"禁止渲染, 需修复风险后重新评估",PENDING
RENDER-PDF-TPL-NI-047,PDF,TPL-NI-047,NI,P0,0,0,1,"禁止渲染, 需修复风险后重新评估",PENDING
RENDER-THS-THS-AL-6.1,THS,THS-AL-6.1,AL,P0,0,0,0,"禁止渲染, 需修复风险后重新评估",PENDING
RENDER-THS-THS-AL-6.2,THS,THS-AL-6.2,AL,P0,0,0,0,"禁止渲染, 需修复风险后重新评估",PENDING
RENDER-THS-THS-LI-2.3,THS,THS-LI-2.3,LI,P0,0,0,0,"禁止渲染, 需修复风险后重新评估",PENDING
RENDER-THS-THS-LI-3.1.2,THS,THS-LI-3.1.2,LI,P0,0,0,0,"禁止渲染, 需修复风险后重新评估",PENDING
RENDER-THS-THS-NI-3.1,THS,THS-NI-3.1,NI,P0,0,0,0,"禁止渲染, 需修复风险后重新评估",PENDING
RENDER-THS-THS-NI-4.5,THS,THS-NI-4.5,NI,P0,0,0,0,"禁止渲染, 需修复风险后重新评估",PENDING
RENDER-THS-THS-NI-5.1,THS,THS-NI-5.1,NI,P0,0,0,0,"禁止渲染, 需修复风险后重新评估",PENDING
RENDER-THS-THS-NI-5.2,THS,THS-NI-5.2,NI,P0,0,0,0,"禁止渲染, 需修复风险后重新评估",PENDING
RENDER-THS-THS-NI-6.2,THS,THS-NI-6.2,NI,P0,0,0,0,"禁止渲染, 需修复风险后重新评估",PENDING
RENDER-THS-THS-SI-5.1,THS,THS-SI-5.1,SI,P0,0,0,0,"禁止渲染, 需修复风险后重新评估",PENDING
RENDER-THS-THS-SI-5.2,THS,THS-SI-5.2,SI,P0,0,0,0,"禁止渲染, 需修复风险后重新评估",PENDING
RENDER-THS-THS-SI-6.4,THS,THS-SI-6.4,SI,P0,0,0,0,"禁止渲染, 需修复风险后重新评估",PENDING
RENDER-THS-THS-SN-3.1.4,THS,THS-SN-3.1.4,SN,P0,0,0,0,"禁止渲染, 需修复风险后重新评估",PENDING
RENDER-THS-THS-SN-3.1.5,THS,THS-SN-3.1.5,SN,P0,0,0,0,"禁止渲染, 需修复风险后重新评估",PENDING
RENDER-THS-THS-SN-3.2.1,THS,THS-SN-3.2.1,SN,P0,0,0,0,"禁止渲染, 需修复风险后重新评估",PENDING
RENDER-THS-THS-SN-5.1,THS,THS-SN-5.1,SN,P0,0,0,0,"禁止渲染, 需修复风险后重新评估",PENDING
RENDER-THS-THS-SN-5.2,THS,THS-SN-5.2,SN,P0,0,0,0,"禁止渲染, 需修复风险后重新评估",PENDING
RENDER-THS-THS-SN-6.1,THS,THS-SN-6.1,SN,P0,0,0,0,"禁止渲染, 需修复风险后重新评估",PENDING
RENDER-THS-THS-SN-6.2,THS,THS-SN-6.2,SN,P0,0,0,0,"禁止渲染, 需修复风险后重新评估",PENDING
RENDER-THS-THS-ZN-5.1,THS,THS-ZN-5.1,ZN,P0,0,0,0,"禁止渲染, 需修复风险后重新评估",PENDING
RENDER-THS-THS-ZN-5.2,THS,THS-ZN-5.2,ZN,P0,0,0,0,"禁止渲染, 需修复风险后重新评估",PENDING
RENDER-THS-THS-ZN-5.3,THS,THS-ZN-5.3,ZN,P0,0,0,0,"禁止渲染, 需修复风险后重新评估",PENDING
RENDER-THS-THS-ZN-6.2,THS,THS-ZN-6.2,ZN,P0,0,0,0,"禁止渲染, 需修复风险后重新评估",PENDING
RENDER-THS-THS-ZN-6.4,THS,THS-ZN-6.4,ZN,P0,0,0,0,"禁止渲染, 需修复风险后重新评估",PENDING