indicator_name,reference_count,sample_template_ids,source,category
镍精矿TC（美元/吨干矿）,18,THS-NI-3.1;THS-NI-3.1.5;THS-NI-3.2.1;THS-NI-3.2.2;THS-NI-3.2.3,同花顺模板,CAT_A_RAW_MISS
沪伦比（元/吨）,12,THS-LI-2.3;THS-ZN-2.1;THS-ZN-2.2;THS-ZN-2.3;THS-ZN-2.4,同花顺模板,CAT_A_RAW_MISS
国内锌精炼产量（万吨）,7,THS-ZN-3.2.1;THS-ZN-3.2.2;THS-ZN-3.2.3;THS-ZN-5.1;THS-ZN-5.3,同花顺模板,CAT_A_RAW_MISS
加工费（元/吨）,6,THS-NI-7.1;THS-NI-7.2;THS-NI-7.3;THS-SN-7.1;THS-SN-7.2,同花顺模板,CAT_A_RAW_MISS
多空持仓比（%）,6,THS-LI-2.1;THS-LI-2.6;THS-SN-2.1;THS-SN-2.6;THS-ZN-2.1,同花顺模板,CAT_A_RAW_MISS
汇率（USD/CNY）,5,THS-NI-2.1;THS-NI-2.2;THS-NI-2.3;THS-NI-2.4;THS-NI-2.6,同花顺模板,CAT_A_RAW_MISS
电价（元/度）,5,THS-NI-7.1;THS-NI-7.3;THS-SN-7.1;THS-SN-7.2;THS-SN-7.3,同花顺模板,CAT_A_RAW_MISS
电解镍产量（万吨）,4,THS-NI-3.1.3;THS-NI-3.2;THS-NI-3.2.1;THS-NI-3.2.3,同花顺模板,CAT_A_RAW_MISS
LME锡期货收盘价（美元/吨）,3,THS-SN-2.3;THS-SN-2.4;THS-SN-2.5,同花顺模板,CAT_A_RAW_MISS
LME镍现货价格（美元/吨）,3,THS-NI-2.1;THS-NI-2.2;THS-NI-2.3,同花顺模板,CAT_A_RAW_MISS
TC（美元/吨干矿）,3,THS-NI-7.1;THS-NI-7.2;THS-NI-7.3,同花顺模板,CAT_A_RAW_MISS
关税税率（%）,3,THS-SN-6.2;THS-SN-6.3;THS-SN-6.4,同花顺模板,CAT_A_RAW_MISS
动力电池排产计划（万吨）,3,THS-NI-5.1;THS-NI-5.2;THS-NI-5.3,同花顺模板,CAT_A_RAW_MISS
印尼镍精矿进口量（万吨）,3,THS-NI-3.1;THS-NI-3.1.4;THS-NI-3.1.5,同花顺模板,CAT_A_RAW_MISS
原料成本（元/吨）,3,THS-SN-7.1;THS-SN-7.2;THS-SN-7.3,同花顺模板,CAT_A_RAW_MISS
国内镍精炼产量（万吨）,3,THS-NI-3.1;THS-NI-3.1.3;THS-NI-3.1.4,同花顺模板,CAT_A_RAW_MISS
沪镍主力合约价格（元/吨）,3,THS-NI-2.1;THS-NI-2.2;THS-NI-2.3,同花顺模板,CAT_A_RAW_MISS
电解镍现货价格（元/吨）,3,THS-NI-2.2;THS-NI-2.4;THS-NI-2.5,同花顺模板,CAT_A_RAW_MISS
电解镍现金成本（元/吨）,3,THS-NI-7.1;THS-NI-7.2;THS-NI-7.3,同花顺模板,CAT_A_RAW_MISS
能源成本（元/吨）,3,THS-SN-7.1;THS-SN-7.2;THS-SN-7.3,同花顺模板,CAT_A_RAW_MISS
菲律宾镍矿产量（万吨）,3,THS-NI-3.1;THS-NI-3.1.1;THS-NI-3.1.2,同花顺模板,CAT_A_RAW_MISS
菲律宾镍精矿进口量（万吨）,3,THS-NI-3.1;THS-NI-3.1.4;THS-NI-3.1.5,同花顺模板,CAT_A_RAW_MISS
进出口金额（亿元）,3,THS-SN-6.2;THS-SN-6.3;THS-SN-6.4,同花顺模板,CAT_A_RAW_MISS
镍合金排产计划（万吨）,3,THS-NI-5.1;THS-NI-5.2;THS-NI-5.3,同花顺模板,CAT_A_RAW_MISS
镍生铁NPI现货价格（元/吨）,3,THS-NI-2.2;THS-NI-2.4;THS-NI-2.5,同花顺模板,CAT_A_RAW_MISS
镍矿成本（元/吨）,3,THS-NI-7.1;THS-NI-7.2;THS-NI-7.3,同花顺模板,CAT_A_RAW_MISS
镍铁产量（万吨）,3,THS-NI-3.1.3;THS-NI-3.2;THS-NI-3.2.1,同花顺模板,CAT_A_RAW_MISS
高冰镍现货价格（元/吨）,3,THS-NI-2.2;THS-NI-2.4;THS-NI-2.5,同花顺模板,CAT_A_RAW_MISS
LME Cash-3M spread,2,THS-NI-2.2;THS-NI-2.3,同花顺模板,CAT_A_RAW_MISS
LME Nickel Stock,2,THS-NI-4.2;THS-NI-4.3,同花顺模板,CAT_A_RAW_MISS
LME工业硅收盘价（美元/吨）,2,THS-SI-2.3;THS-SI-3.1.4,同花顺模板,CAT_A_RAW_MISS
LME锌收盘价（美元/吨）,2,THS-ZN-2.3;THS-ZN-5.3,同花顺模板,CAT_A_RAW_MISS
LME镍近月合约价格（美元/吨）,2,THS-NI-2.3;THS-NI-2.4,同花顺模板,CAT_A_RAW_MISS
LME镍远月合约价格（美元/吨）,2,THS-NI-2.3;THS-NI-2.4,同花顺模板,CAT_A_RAW_MISS
SMM1#电解镍价格、SMM8-12%高镍生铁价格、SMM高冰镍价格,2,THS-NI-2.2;THS-NI-2.4,同花顺模板,CAT_A_RAW_MISS
SMM1#电解镍升贴水,2,THS-NI-2.1;THS-NI-2.2,同花顺模板,CAT_A_RAW_MISS
不锈钢废料再生镍量（万吨）,2,THS-NI-3.2;THS-NI-3.2.3,同花顺模板,CAT_A_RAW_MISS
不锈钢排产计划（万吨）,2,THS-NI-5.1;THS-NI-5.3,同花顺模板,CAT_A_RAW_MISS
中国从印尼进口镍精矿量（万吨）,2,THS-NI-3.1.1;THS-NI-3.1.4,同花顺模板,CAT_A_RAW_MISS
中国从新喀里多尼亚进口镍精矿量（万吨）,2,THS-NI-3.1.1;THS-NI-3.1.4,同花顺模板,CAT_A_RAW_MISS
中国从菲律宾进口镍精矿量（万吨）,2,THS-NI-3.1.1;THS-NI-3.1.4,同花顺模板,CAT_A_RAW_MISS
元/吨）,2,THS-NI-2.2;THS-NI-2.4,同花顺模板,CAT_A_RAW_MISS
再生锡价格（元/吨）,2,THS-SN-2.5;THS-SN-7.3,同花顺模板,CAT_A_RAW_MISS
再生锡进口量时序图,2,THS-SN-3.2.3;THS-SN-6.1,同花顺模板,CAT_A_RAW_MISS
再生锡进口量（万吨）,2,THS-SN-3.2.3;THS-SN-6.1,同花顺模板,CAT_A_RAW_MISS
再生镍产量（万吨）,2,THS-NI-3.2;THS-NI-3.2.3,同花顺模板,CAT_A_RAW_MISS
冶炼成本（元/吨）,2,THS-SN-7.1;THS-SN-7.2,同花顺模板,CAT_A_RAW_MISS
南非锌矿进口量（万吨）,2,THS-ZN-3.1.2;THS-ZN-3.1.4,同花顺模板,CAT_A_RAW_MISS
印尼镍矿HPM基准价（美元/湿吨）,2,THS-NI-3.1;THS-NI-7.3,同花顺模板,CAT_A_RAW_MISS
印尼镍矿开工天数（天/季度）,2,THS-NI-3.1.1;THS-NI-3.1.2,同花顺模板,CAT_A_RAW_MISS
印尼镍精矿TC（美元/吨干矿）,2,THS-NI-3.1;THS-NI-3.1.5,同花顺模板,CAT_A_RAW_MISS
印度锌矿进口量（万吨）,2,THS-ZN-3.1.2;THS-ZN-3.1.4,同花顺模板,CAT_A_RAW_MISS
发运天数（天）,2,THS-SN-6.1;THS-SN-6.4,同花顺模板,CAT_A_RAW_MISS
国内压铸合金产量（万吨）,2,THS-ZN-5.2;THS-ZN-6.3,同花顺模板,CAT_A_RAW_MISS
国内氧化锌产量（万吨）,2,THS-ZN-5.2;THS-ZN-6.3,同花顺模板,CAT_A_RAW_MISS
国内电池级锌产量（万吨）,2,THS-ZN-5.2;THS-ZN-5.3,同花顺模板,CAT_A_RAW_MISS
国内电锌进口量（万吨）,2,THS-ZN-6.2;THS-ZN-6.4,同花顺模板,CAT_A_RAW_MISS
国内硅矿月产量（万吨）,2,THS-SI-3.1.3;THS-SI-3.1.4,同花顺模板,CAT_A_RAW_MISS
国内硅矿月加工费TC（元/吨）,2,THS-SI-3.1.3;THS-SI-3.1.4,同花顺模板,CAT_A_RAW_MISS
国内精炼锡检修量（万吨）,2,THS-SN-3.2.1;THS-SN-3.2.2,同花顺模板,CAT_A_RAW_MISS
国内锂盐检修量（万吨LCE）,2,THS-LI-3.2.1;THS-LI-3.2.2,同花顺模板,CAT_A_RAW_MISS
国内锌精炼产能（万吨）,2,THS-ZN-3.2.1;THS-ZN-3.2.2,同花顺模板,CAT_A_RAW_MISS
国内锌精炼检修量（万吨）,2,THS-ZN-3.2.1;THS-ZN-3.2.2,同花顺模板,CAT_A_RAW_MISS
国内锌精炼进口量（万吨）,2,THS-ZN-3.2.1;THS-ZN-3.2.2,同花顺模板,CAT_A_RAW_MISS
国内镀锌板产量（万吨）,2,THS-ZN-5.2;THS-ZN-6.3,同花顺模板,CAT_A_RAW_MISS
多晶硅下游订单量（万吨）,2,THS-SI-5.2;THS-SI-5.3,同花顺模板,CAT_A_RAW_MISS
多晶硅冶炼成本（元/吨）,2,THS-SI-2.5;THS-SI-7.1,同花顺模板,CAT_A_RAW_MISS
工业硅下游订单量（万吨）,2,THS-SI-5.2;THS-SI-5.3,同花顺模板,CAT_A_RAW_MISS
工业硅冶炼厂检修量（万吨）,2,THS-SI-3.1.5;THS-SI-3.2.4,同花顺模板,CAT_A_RAW_MISS
工业硅能源成本（元/吨）,2,THS-SI-7.1;THS-SI-7.2,同花顺模板,CAT_A_RAW_MISS
工业硅进口盈亏（元/吨）,2,THS-SI-2.2;THS-SI-2.3,同花顺模板,CAT_A_RAW_MISS
排产计划（万吨）,2,THS-SN-5.1;THS-SN-5.3,同花顺模板,CAT_A_RAW_MISS
新喀里多尼亚镍矿产量（万吨）,2,THS-NI-3.1.1;THS-NI-3.1.2,同花顺模板,CAT_A_RAW_MISS
新喀里多尼亚镍矿开工天数（天/季度）,2,THS-NI-3.1.1;THS-NI-3.1.2,同花顺模板,CAT_A_RAW_MISS
新喀里多尼亚镍精炼产量（万吨）,2,THS-NI-3.1.1;THS-NI-3.1.2,同花顺模板,CAT_A_RAW_MISS
月差（近月-远月,2,THS-NI-2.3;THS-NI-2.4,同花顺模板,CAT_A_RAW_MISS
沪铝主力价格,2,THS-AL-4.1;THS-AL-4.2,同花顺模板,CAT_A_RAW_MISS
海外发运量（万吨）,2,THS-SN-6.1;THS-SN-6.4,同花顺模板,CAT_A_RAW_MISS
海外精炼锡产量时序图,2,THS-SN-3.1.1;THS-SN-3.2.1,同花顺模板,CAT_A_RAW_MISS
海外精炼锡产量（万吨）,2,THS-SN-3.1.1;THS-SN-3.2.1,同花顺模板,CAT_A_RAW_MISS
澳大利亚锌矿进口量（万吨）,2,THS-ZN-3.1.2;THS-ZN-3.1.4,同花顺模板,CAT_A_RAW_MISS
澳大利亚镍矿产量（万吨）,2,THS-NI-3.1;THS-NI-3.1.2,同花顺模板,CAT_A_RAW_MISS
现金成本时序图,2,THS-SN-7.1;THS-SN-7.2,同花顺模板,CAT_A_RAW_MISS
现金成本（元/吨）,2,THS-SN-7.1;THS-SN-7.2,同花顺模板,CAT_A_RAW_MISS
电池级镍回收量（万吨）,2,THS-NI-3.2;THS-NI-3.2.3,同花顺模板,CAT_A_RAW_MISS
电解镍出口盈亏（元/吨）,2,THS-NI-6.2;THS-NI-7.2,同花顺模板,CAT_A_RAW_MISS
电解镍现货价格、镍生铁NPI现货价格、高冰镍现货价格,2,THS-NI-2.2;THS-NI-2.4,同花顺模板,CAT_A_RAW_MISS
电解镍现货价格（元/吨）、镍生铁NPI现货价格（元/吨）、高冰镍现货价格（元/吨）,2,THS-NI-2.2;THS-NI-2.4,同花顺模板,CAT_A_RAW_MISS
电解镍进口量（万吨）,2,THS-NI-6.1;THS-NI-6.2,同花顺模板,CAT_A_RAW_MISS
电镀镍排产计划（万吨）,2,THS-NI-5.1;THS-NI-5.2,同花顺模板,CAT_A_RAW_MISS
秘鲁锌矿进口量（万吨）,2,THS-ZN-3.1.2;THS-ZN-3.1.4,同花顺模板,CAT_A_RAW_MISS
终端产量（万吨）,2,THS-SN-5.1;THS-SN-5.2,同花顺模板,CAT_A_RAW_MISS
缅甸锡矿产量（万吨）,2,THS-SN-3.1.1;THS-SN-3.1.2,同花顺模板,CAT_A_RAW_MISS
缅甸锡矿进口量（万吨）,2,THS-SN-3.1.4;THS-SN-3.1.5,同花顺模板,CAT_A_RAW_MISS
美元/吨）,2,THS-NI-2.3;THS-NI-2.4,同花顺模板,CAT_A_RAW_MISS
菲律宾镍矿开工天数（天/季度）,2,THS-NI-3.1.1;THS-NI-3.1.2,同花顺模板,CAT_A_RAW_MISS
菲律宾镍精炼产量（万吨）,2,THS-NI-3.1.1;THS-NI-3.1.2,同花顺模板,CAT_A_RAW_MISS
菲律宾镍精矿TC（美元/吨干矿）,2,THS-NI-3.1;THS-NI-3.1.5,同花顺模板,CAT_A_RAW_MISS
进口依赖度（%）,2,THS-NI-3.1.3;THS-NI-3.1.4,同花顺模板,CAT_A_RAW_MISS
进口费用（元/吨）,2,THS-NI-2.2;THS-NI-2.3,同花顺模板,CAT_A_RAW_MISS
金属硅进口量（万吨）,2,THS-SI-6.1;THS-SI-6.4,同花顺模板,CAT_A_RAW_MISS
锡精矿价格（元/吨）,2,THS-SN-2.5;THS-SN-7.3,同花顺模板,CAT_A_RAW_MISS
锡锭现货价格（元/吨）,2,THS-SN-2.2;THS-SN-2.5,同花顺模板,CAT_A_RAW_MISS
镍价（元/吨）,2,THS-NI-7.1;THS-NI-7.2,同花顺模板,CAT_A_RAW_MISS
镍精矿进口总量（万吨）,2,THS-NI-3.1;THS-NI-3.1.4,同花顺模板,CAT_A_RAW_MISS
镍精矿进口量（万吨）,2,THS-NI-3.1.3;THS-NI-3.1.4,同花顺模板,CAT_A_RAW_MISS
高冰镍再生量（万吨）,2,THS-NI-3.2;THS-NI-3.2.3,同花顺模板,CAT_A_RAW_MISS
高冰镍成本（元/吨）,2,THS-NI-7.1;THS-NI-7.3,同花顺模板,CAT_A_RAW_MISS
2,1,THS-NI-7.3,同花顺模板,CAT_A_RAW_MISS
4,1,THS-NI-7.3,同花顺模板,CAT_A_RAW_MISS
6,1,THS-NI-7.3,同花顺模板,CAT_A_RAW_MISS
8,1,THS-NI-7.3,同花顺模板,CAT_A_RAW_MISS
9,1,THS-NI-7.3,同花顺模板,CAT_A_RAW_MISS
A00现货价,1,THS-AL-3.3,同花顺模板,CAT_A_RAW_MISS
A00铝现货均价,1,THS-AL-3.1,同花顺模板,CAT_A_RAW_MISS
COME,1,THS-CU-2.3,同花顺模板,CAT_A_RAW_MISS
COMEX Copper活跃合约,1,THS-CU-2.3,同花顺模板,CAT_A_RAW_MISS
COMEX工业硅收盘价（美元/磅）,1,THS-SI-2.3,同花顺模板,CAT_A_RAW_MISS
COMEX工业硅现货升贴水（美元/磅）,1,THS-SI-2.3,同花顺模板,CAT_A_RAW_MISS
COMEX活跃价折算美元/吨相对LME 3M溢价,1,THS-CU-2.3,同花顺模板,CAT_A_RAW_MISS
COMEX锂价（美元/吨）,1,THS-LI-2.3,同花顺模板,CAT_A_RAW_MISS
COMEX锌收盘价（美元/吨）,1,THS-ZN-2.3,同花顺模板,CAT_A_RAW_MISS
COMEX锡期货收盘价（美元/吨）,1,THS-SN-2.3,同花顺模板,CAT_A_RAW_MISS
COMEX镍期货收盘价（美元/磅）,1,THS-NI-2.3,同花顺模板,CAT_A_RAW_MISS
Cancelled warrants,1,THS-CU-4.4,同花顺模板,CAT_A_RAW_MISS
Electrolytic nickel production,1,THS-NI-3.2,同花顺模板,CAT_A_RAW_MISS
LME Copper Cash/3M,1,THS-CU-2.3,同花顺模板,CAT_A_RAW_MISS
LME Nickel Stock（吨）,1,THS-NI-4.1,同花顺模板,CAT_A_RAW_MISS
LME warranted stocks,1,THS-NI-2.3,同花顺模板,CAT_A_RAW_MISS
LME-approved warehouses,1,THS-CU-4.4,同花顺模板,CAT_A_RAW_MISS
LME工业硅3个月期货收盘价（美元/吨）,1,THS-SI-2.3,同花顺模板,CAT_A_RAW_MISS
LME工业硅现货升贴水（美元/吨）,1,THS-SI-2.3,同花顺模板,CAT_A_RAW_MISS
LME工业硅现金价格（美元/吨）,1,THS-SI-2.3,同花顺模板,CAT_A_RAW_MISS
LME锂价（美元/吨）,1,THS-LI-2.3,同花顺模板,CAT_A_RAW_MISS
LME锡期货收盘价时序图,1,THS-SN-2.3,同花顺模板,CAT_A_RAW_MISS
LME锡期限结构时序图,1,THS-SN-2.4,同花顺模板,CAT_A_RAW_MISS
LME锡期限结构（美元/吨）,1,THS-SN-2.4,同花顺模板,CAT_A_RAW_MISS
LME锡现货现金价时序图,1,THS-SN-2.3,同花顺模板,CAT_A_RAW_MISS
LME锡近远月价差（美元/吨）,1,THS-SN-2.4,同花顺模板,CAT_A_RAW_MISS
LME镍3个月期货价格（美元/吨）,1,THS-NI-2.3,同花顺模板,CAT_A_RAW_MISS
LME镍升贴水0-3（LME Nickel Premium/Discount 0-3）,1,THS-NI-4.1,同花顺模板,CAT_A_RAW_MISS
LME镍月差（美元/吨）,1,THS-NI-2.4,同花顺模板,CAT_A_RAW_MISS
LME镍现货价格（美元/吨）、LME镍3个月期货价格（美元/吨）、升贴水（美元/吨）,1,THS-NI-2.2,同花顺模板,CAT_A_RAW_MISS
LME镍现金-3个月月差,1,THS-NI-2.3,同花顺模板,CAT_A_RAW_MISS
LME镍现金价格（美元/吨）,1,THS-NI-2.3,同花顺模板,CAT_A_RAW_MISS
LME镍现金价格（美元/吨）、LME镍3个月期货价格（美元/吨）、现金-3个月月差（美元/吨）,1,THS-NI-2.3,同花顺模板,CAT_A_RAW_MISS
LME镍近月-远月价差（美元/吨）,1,THS-NI-2.4,同花顺模板,CAT_A_RAW_MISS
Matte nickel production,1,THS-NI-3.2,同花顺模板,CAT_A_RAW_MISS
Mysteel进口镍在途量:分国别,1,THS-NI-4.5,同花顺模板,CAT_A_RAW_MISS
Nickel concentrate TC,1,THS-NI-3.1,同花顺模板,CAT_A_RAW_MISS
Nickel sulfate production,1,THS-NI-3.2,同花顺模板,CAT_A_RAW_MISS
Recycled nickel production,1,THS-NI-3.2,同花顺模板,CAT_A_RAW_MISS
Refined nickel production,1,THS-NI-3.2,同花顺模板,CAT_A_RAW_MISS
SHFE/LME比价,1,THS-CU-2.3,同花顺模板,CAT_A_RAW_MISS
SMM 1#电解铜升贴水,1,THS-CU-2.3,同花顺模板,CAT_A_RAW_MISS
SMM EQ-A铜升贴水,1,THS-CU-2.3,同花顺模板,CAT_A_RAW_MISS
SMM国内铝水比例,1,THS-AL-4.3,同花顺模板,CAT_A_RAW_MISS
SMM进口镍在途量:分国别,1,THS-NI-4.5,同花顺模板,CAT_A_RAW_MISS
三元电池排产,1,THS-NI-5.2,同花顺模板,CAT_A_RAW_MISS
三元电池排产、沪镍主力合约收盘价,1,THS-NI-5.2,同花顺模板,CAT_A_RAW_MISS
不锈钢废料再生镍量,1,THS-NI-3.2,同花顺模板,CAT_A_RAW_MISS
不锈钢终端产量（万吨）,1,THS-NI-5.2,同花顺模板,CAT_A_RAW_MISS
不锈钢表观消费量、三元电池排产,1,THS-NI-5.2,同花顺模板,CAT_A_RAW_MISS
不锈钢表观消费量、沪镍主力合约收盘价,1,THS-NI-5.2,同花顺模板,CAT_A_RAW_MISS
中位成本,1,THS-AL-3.1,同花顺模板,CAT_A_RAW_MISS
中国未锻轧铝及铝材月度出口量,1,THS-AL-6.2,同花顺模板,CAT_A_RAW_MISS
中国未锻轧铝及铝材月度进口量,1,THS-AL-6.2,同花顺模板,CAT_A_RAW_MISS
中国氧化铝进口/出口/净进口,1,THS-AL-6.1,同花顺模板,CAT_A_RAW_MISS
中国硅矿月产能（万吨）,1,THS-SI-3.1.2,同花顺模板,CAT_A_RAW_MISS
中国硅矿月再生产量（万吨）,1,THS-SI-3.1.2,同花顺模板,CAT_A_RAW_MISS
中国硅矿月加工费TC（元/吨）,1,THS-SI-3.1.2,同花顺模板,CAT_A_RAW_MISS
中国硅矿月进口总量（万吨）,1,THS-SI-3.1.4,同花顺模板,CAT_A_RAW_MISS
中国硅矿月进口量（万吨）,1,THS-SI-3.1.2,同花顺模板,CAT_A_RAW_MISS
中国铝制品月度出口量,1,THS-AL-6.3,同花顺模板,CAT_A_RAW_MISS
中国镍矿到港量（万吨）,1,THS-NI-7.3,同花顺模板,CAT_A_RAW_MISS
云南镍矿产能利用率（%）,1,THS-NI-3.1.3,同花顺模板,CAT_A_RAW_MISS
云南镍矿产量（万吨）,1,THS-NI-3.1.3,同花顺模板,CAT_A_RAW_MISS
云南镍矿开工天数（天/月）,1,THS-NI-3.1.3,同花顺模板,CAT_A_RAW_MISS
云南镍矿检修量（万吨）,1,THS-NI-3.1.3,同花顺模板,CAT_A_RAW_MISS
亚洲锂矿产量（万吨LCE）,1,THS-LI-3.1.2,同花顺模板,CAT_A_RAW_MISS
价差（电解镍-NPI,1,THS-NI-2.2,同花顺模板,CAT_A_RAW_MISS
估算辅料成本,1,THS-AL-3.2,同花顺模板,CAT_A_RAW_MISS
俄罗斯发运量（万吨）,1,THS-SN-6.4,同花顺模板,CAT_A_RAW_MISS
俄罗斯锡矿进口量时序图,1,THS-SN-3.1.4,同花顺模板,CAT_A_RAW_MISS
俄罗斯锡矿进口量（万吨）,1,THS-SN-3.1.4,同花顺模板,CAT_A_RAW_MISS
俄罗斯锡精矿产量时序图,1,THS-SN-3.1.2,同花顺模板,CAT_A_RAW_MISS
俄罗斯锡精矿产量（万吨）,1,THS-SN-3.1.2,同花顺模板,CAT_A_RAW_MISS
俄罗斯锡精矿进口量（万吨）,1,THS-SN-6.1,同花顺模板,CAT_A_RAW_MISS
俄罗斯锡锭出口量（万吨）,1,THS-SN-6.2,同花顺模板,CAT_A_RAW_MISS
俄罗斯锡锭进口量（万吨）,1,THS-SN-6.2,同花顺模板,CAT_A_RAW_MISS
具体执行,1,THS-NI-4.5,同花顺模板,CAT_A_RAW_MISS
再生氢氧化锂产量（万吨LCE）,1,THS-LI-3.2.3,同花顺模板,CAT_A_RAW_MISS
再生碳酸锂产量（万吨LCE）,1,THS-LI-3.2.3,同花顺模板,CAT_A_RAW_MISS
再生锌产能（万吨）,1,THS-ZN-3.2.3,同花顺模板,CAT_A_RAW_MISS
再生锌检修量（万吨）,1,THS-ZN-3.2.3,同花顺模板,CAT_A_RAW_MISS
再生锌进口量分国别（万吨）,1,THS-ZN-3.2.3,同花顺模板,CAT_A_RAW_MISS
再生锌进口量（万吨）,1,THS-ZN-3.2.3,同花顺模板,CAT_A_RAW_MISS
再生锡产能利用率时序图,1,THS-SN-3.2.3,同花顺模板,CAT_A_RAW_MISS
再生锡价格时序图,1,THS-SN-7.3,同花顺模板,CAT_A_RAW_MISS
再生锡开工天数（天）,1,THS-SN-3.2.3,同花顺模板,CAT_A_RAW_MISS
再生锡检修量时序图,1,THS-SN-3.2.3,同花顺模板,CAT_A_RAW_MISS
再生锡检修量（万吨）,1,THS-SN-3.2.3,同花顺模板,CAT_A_RAW_MISS
再生锡进口量分国别时序图,1,THS-SN-6.1,同花顺模板,CAT_A_RAW_MISS
再生镍-电解镍产量比（倍）,1,THS-NI-3.2.3,同花顺模板,CAT_A_RAW_MISS
冰晶石现货价,1,THS-AL-3.2,同花顺模板,CAT_A_RAW_MISS
冶炼产能（万吨LCE）,1,THS-LI-3.2.4,同花顺模板,CAT_A_RAW_MISS
冶炼检修量（万吨LCE）,1,THS-LI-3.2.4,同花顺模板,CAT_A_RAW_MISS
几内亚铝土矿CIF/FOB,1,THS-AL-3.3,同花顺模板,CAT_A_RAW_MISS
出口金额、出口均价,1,THS-AL-6.3,同花顺模板,CAT_A_RAW_MISS
分原料硫酸镍利润（元/镍吨）,1,THS-NI-7.2,同花顺模板,CAT_A_RAW_MISS
分原料硫酸镍利润（元/镍吨）（MHP/高冰镍/镍豆）,1,THS-NI-7.2,同花顺模板,CAT_A_RAW_MISS
分原料硫酸镍完全成本（元/镍吨）,1,THS-NI-7.1,同花顺模板,CAT_A_RAW_MISS
删除图数,1,THS-NI-7.3,同花顺模板,CAT_A_RAW_MISS
前20名席位轮动方向（多头增加/空头增加/双增/双减）,1,THS-NI-2.6,同花顺模板,CAT_A_RAW_MISS
前20名持仓集中度（%）,1,THS-NI-2.6,同花顺模板,CAT_A_RAW_MISS
前20多头净持仓（手）,1,THS-LI-2.6,同花顺模板,CAT_A_RAW_MISS
前20席位总持仓（手）,1,THS-LI-2.6,同花顺模板,CAT_A_RAW_MISS
前20空头净持仓（手）,1,THS-LI-2.6,同花顺模板,CAT_A_RAW_MISS
动力煤价格指数,1,THS-AL-3.3,同花顺模板,CAT_A_RAW_MISS
动力电池废料进口量（万吨）,1,THS-NI-3.2.3,同花顺模板,CAT_A_RAW_MISS
动力电池终端产量（万吨）,1,THS-NI-5.2,同花顺模板,CAT_A_RAW_MISS
升水铜升贴水,1,THS-CU-2.3,同花顺模板,CAT_A_RAW_MISS
升贴水（美元/吨）,1,THS-NI-2.3,同花顺模板,CAT_A_RAW_MISS
单吨氧化铝成本,1,THS-AL-3.2,同花顺模板,CAT_A_RAW_MISS
单吨阳极成本,1,THS-AL-3.2,同花顺模板,CAT_A_RAW_MISS
南美进口量（万吨LCE）,1,THS-LI-3.1.4,同花顺模板,CAT_A_RAW_MISS
南美锂矿产量（万吨LCE）,1,THS-LI-3.1.2,同花顺模板,CAT_A_RAW_MISS
南非锌矿产能利用率（%）,1,THS-ZN-3.1.2,同花顺模板,CAT_A_RAW_MISS
南非锌矿产量（万吨）,1,THS-ZN-3.1.2,同花顺模板,CAT_A_RAW_MISS
南非锌矿再生产量（万吨）,1,THS-ZN-3.1.2,同花顺模板,CAT_A_RAW_MISS
南非锌矿检修量（万吨）,1,THS-ZN-3.1.2,同花顺模板,CAT_A_RAW_MISS
南非锌精炼产量（万吨）,1,THS-ZN-3.1.2,同花顺模板,CAT_A_RAW_MISS
印尼-菲律宾进口量比（倍）,1,THS-NI-3.1.4,同花顺模板,CAT_A_RAW_MISS
印尼再生锡产能（万吨）,1,THS-SN-3.2.3,同花顺模板,CAT_A_RAW_MISS
印尼再生锡产量（万吨）,1,THS-SN-3.2.3,同花顺模板,CAT_A_RAW_MISS
印尼再生锡进口量（万吨）,1,THS-SN-6.1,同花顺模板,CAT_A_RAW_MISS
印尼发运量（万吨）,1,THS-SN-6.4,同花顺模板,CAT_A_RAW_MISS
印尼电子级锡出口量（万吨）,1,THS-SN-6.3,同花顺模板,CAT_A_RAW_MISS
印尼电解镍进口量（万吨）,1,THS-NI-6.2,同花顺模板,CAT_A_RAW_MISS
印尼进口在途量、菲律宾进口在途量、新喀里多尼亚进口在途量,1,THS-NI-4.5,同花顺模板,CAT_A_RAW_MISS
印尼进口在途量（万吨）,1,THS-NI-4.5,同花顺模板,CAT_A_RAW_MISS
印尼进口量（万吨）,1,THS-NI-3.1.4,同花顺模板,CAT_A_RAW_MISS
印尼锡矿进口量时序图,1,THS-SN-3.1.4,同花顺模板,CAT_A_RAW_MISS
印尼锡矿进口量（万吨）,1,THS-SN-3.1.4,同花顺模板,CAT_A_RAW_MISS
印尼锡精矿产量时序图,1,THS-SN-3.1.2,同花顺模板,CAT_A_RAW_MISS
印尼锡精矿进口量（万吨）,1,THS-SN-6.1,同花顺模板,CAT_A_RAW_MISS
印尼锡锭进口量（万吨）,1,THS-SN-6.2,同花顺模板,CAT_A_RAW_MISS
印尼镍生铁/NPI发运天数（天）,1,THS-NI-6.4,同花顺模板,CAT_A_RAW_MISS
印尼镍生铁/NPI对华发运量（万吨）,1,THS-NI-6.4,同花顺模板,CAT_A_RAW_MISS
印尼镍矿HPM基准价,1,THS-NI-3.1,同花顺模板,CAT_A_RAW_MISS
印尼镍矿RKAB配额,1,THS-NI-3.1,同花顺模板,CAT_A_RAW_MISS
印尼镍矿RKAB配额（万吨）,1,THS-NI-3.1,同花顺模板,CAT_A_RAW_MISS
印尼镍矿产能利用率（%）,1,THS-NI-3.1.1,同花顺模板,CAT_A_RAW_MISS
印尼镍矿产能（万吨/年）,1,THS-NI-3.1.2,同花顺模板,CAT_A_RAW_MISS
印尼镍矿发运天数（天）,1,THS-NI-6.4,同花顺模板,CAT_A_RAW_MISS
印尼镍矿对华发运量（万吨）,1,THS-NI-6.4,同花顺模板,CAT_A_RAW_MISS
印尼镍矿检修量（万吨）,1,THS-NI-3.1.1,同花顺模板,CAT_A_RAW_MISS
印尼镍矿进口量（万吨）,1,THS-NI-6.1,同花顺模板,CAT_A_RAW_MISS
印尼镍矿配额利用率,1,THS-NI-3.1,同花顺模板,CAT_A_RAW_MISS
印尼镍矿配额利用率（%）,1,THS-NI-3.1,同花顺模板,CAT_A_RAW_MISS
印尼镍精炼产能（万吨/年）,1,THS-NI-3.1.1,同花顺模板,CAT_A_RAW_MISS
印尼镍精矿TC,1,THS-NI-3.1,同花顺模板,CAT_A_RAW_MISS
印尼镍铁冶炼项目样本投产条数,1,THS-NI-3.2,同花顺模板,CAT_A_RAW_MISS
印尼需求增速（%）,1,THS-SN-5.3,同花顺模板,CAT_A_RAW_MISS
印尼高冰镍完全成本、印尼高冰镍现金成本、印尼高冰镍利润,1,THS-NI-2.5,同花顺模板,CAT_A_RAW_MISS
印尼高冰镍完全成本（元/吨）、印尼高冰镍现金成本（元/吨）、印尼高冰镍利润（元/吨）,1,THS-NI-2.5,同花顺模板,CAT_A_RAW_MISS
印尼高冰镍完全成本（周度）、印尼高冰镍现金成本（周度）、印尼高冰镍利润（周度）,1,THS-NI-2.5,同花顺模板,CAT_A_RAW_MISS
印尼高冰镍完全成本（美元/镍吨）、印尼高冰镍现金成本（美元/镍吨）,1,THS-NI-7.1,同花顺模板,CAT_A_RAW_MISS
印尼高冰镍完全成本：利润（周度）,1,THS-NI-7.2,同花顺模板,CAT_A_RAW_MISS
印度锌矿产能利用率（%）,1,THS-ZN-3.1.2,同花顺模板,CAT_A_RAW_MISS
印度锌矿产量（万吨）,1,THS-ZN-3.1.2,同花顺模板,CAT_A_RAW_MISS
印度锌矿再生产量（万吨）,1,THS-ZN-3.1.2,同花顺模板,CAT_A_RAW_MISS
印度锌矿检修量（万吨）,1,THS-ZN-3.1.2,同花顺模板,CAT_A_RAW_MISS
印度锌精炼产量（万吨）,1,THS-ZN-3.1.2,同花顺模板,CAT_A_RAW_MISS
原图数,1,THS-NI-7.3,同花顺模板,CAT_A_RAW_MISS
原料成本时序图,1,THS-SN-7.3,同花顺模板,CAT_A_RAW_MISS
发运天数时序图,1,THS-SN-6.4,同花顺模板,CAT_A_RAW_MISS
四川镍矿产能利用率（%）,1,THS-NI-3.1.3,同花顺模板,CAT_A_RAW_MISS
四川镍矿产量（万吨）,1,THS-NI-3.1.3,同花顺模板,CAT_A_RAW_MISS
四川镍矿开工天数（天/月）,1,THS-NI-3.1.3,同花顺模板,CAT_A_RAW_MISS
四川镍矿检修量（万吨）,1,THS-NI-3.1.3,同花顺模板,CAT_A_RAW_MISS
回收企业产能（万吨LCE）,1,THS-LI-3.2.3,同花顺模板,CAT_A_RAW_MISS
回收企业产量（万吨LCE）,1,THS-LI-3.2.3,同花顺模板,CAT_A_RAW_MISS
回收企业开工天数（天）,1,THS-LI-3.2.3,同花顺模板,CAT_A_RAW_MISS
回收企业检修量（万吨LCE）,1,THS-LI-3.2.3,同花顺模板,CAT_A_RAW_MISS
国产铝土矿价格,1,THS-AL-3.3,同花顺模板,CAT_A_RAW_MISS
国内再生锌进口量（万吨）,1,THS-ZN-6.1,同花顺模板,CAT_A_RAW_MISS
国内压铸合金出口量（万吨）,1,THS-ZN-6.3,同花顺模板,CAT_A_RAW_MISS
国内氧化锌出口量（万吨）,1,THS-ZN-6.3,同花顺模板,CAT_A_RAW_MISS
国内电池级锌订单量（万吨）,1,THS-ZN-5.3,同花顺模板,CAT_A_RAW_MISS
国内电锌关税税率（%）,1,THS-ZN-6.2,同花顺模板,CAT_A_RAW_MISS
国内电锌净进口量（万吨）,1,THS-ZN-6.2,同花顺模板,CAT_A_RAW_MISS
国内电锌出口量（万吨）,1,THS-ZN-6.2,同花顺模板,CAT_A_RAW_MISS
国内电锌进出口金额（亿美元）,1,THS-ZN-6.2,同花顺模板,CAT_A_RAW_MISS
国内电锌进口量分国别（万吨）,1,THS-ZN-6.2,同花顺模板,CAT_A_RAW_MISS
国内电锌进口量总量（万吨）,1,THS-ZN-6.2,同花顺模板,CAT_A_RAW_MISS
国内硅矿月产能（万吨）,1,THS-SI-3.1.3,同花顺模板,CAT_A_RAW_MISS
国内硅矿月检修量（万吨）,1,THS-SI-3.1.3,同花顺模板,CAT_A_RAW_MISS
国内硅矿月沪伦比（倍）,1,THS-SI-3.1.4,同花顺模板,CAT_A_RAW_MISS
国内硅矿月进口盈亏（元/吨）,1,THS-SI-3.1.4,同花顺模板,CAT_A_RAW_MISS
国内精炼锡产能利用率时序图,1,THS-SN-3.2.1,同花顺模板,CAT_A_RAW_MISS
国内精炼锡产能时序图,1,THS-SN-3.2.2,同花顺模板,CAT_A_RAW_MISS
国内精炼锡产能（万吨）,1,THS-SN-3.2.2,同花顺模板,CAT_A_RAW_MISS
国内精炼锡产量（万吨）,1,THS-SN-3.2.1,同花顺模板,CAT_A_RAW_MISS
国内精炼锡开工天数时序图,1,THS-SN-3.2.2,同花顺模板,CAT_A_RAW_MISS
国内精炼锡开工天数（天）,1,THS-SN-3.2.2,同花顺模板,CAT_A_RAW_MISS
国内精炼锡检修量时序图,1,THS-SN-3.2.2,同花顺模板,CAT_A_RAW_MISS
国内锂盐产能（万吨LCE）,1,THS-LI-3.2.2,同花顺模板,CAT_A_RAW_MISS
国内锂盐精炼产能（万吨LCE）,1,THS-LI-3.2.1,同花顺模板,CAT_A_RAW_MISS
国内锂矿产能（万吨LCE）,1,THS-LI-3.1.3,同花顺模板,CAT_A_RAW_MISS
国内锂矿产量（万吨LCE）,1,THS-LI-3.1.3,同花顺模板,CAT_A_RAW_MISS
国内锂矿检修量（万吨LCE）,1,THS-LI-3.1.3,同花顺模板,CAT_A_RAW_MISS
国内锌冶炼产量（万吨）,1,THS-ZN-5.1,同花顺模板,CAT_A_RAW_MISS
国内锌冶炼成本（元/吨）,1,THS-ZN-7.1,同花顺模板,CAT_A_RAW_MISS
国内锌冶炼排产计划（万吨）,1,THS-ZN-5.1,同花顺模板,CAT_A_RAW_MISS
国内锌冶炼日度利润（元/吨）,1,THS-ZN-7.2,同花顺模板,CAT_A_RAW_MISS
国内锌冶炼日度原料成本（元/吨）,1,THS-ZN-7.2,同花顺模板,CAT_A_RAW_MISS
国内锌冶炼日度现金成本（元/吨）,1,THS-ZN-7.2,同花顺模板,CAT_A_RAW_MISS
国内锌冶炼日度电价（元/度）,1,THS-ZN-7.2,同花顺模板,CAT_A_RAW_MISS
国内锌冶炼月天然气成本（元/吨）,1,THS-ZN-7.3,同花顺模板,CAT_A_RAW_MISS
国内锌冶炼月成本（元/吨）,1,THS-ZN-7.3,同花顺模板,CAT_A_RAW_MISS
国内锌冶炼月柴油成本（元/吨）,1,THS-ZN-7.3,同花顺模板,CAT_A_RAW_MISS
国内锌冶炼月煤炭成本（元/吨）,1,THS-ZN-7.3,同花顺模板,CAT_A_RAW_MISS
国内锌冶炼月电价（元/度）,1,THS-ZN-7.3,同花顺模板,CAT_A_RAW_MISS
国内锌冶炼月硫酸成本（元/吨）,1,THS-ZN-7.3,同花顺模板,CAT_A_RAW_MISS
国内锌冶炼月能源成本分结构（元/吨）,1,THS-ZN-7.3,同花顺模板,CAT_A_RAW_MISS
国内锌冶炼月能源成本（元/吨）,1,THS-ZN-7.3,同花顺模板,CAT_A_RAW_MISS
国内锌冶炼订单量（万吨）,1,THS-ZN-5.1,同花顺模板,CAT_A_RAW_MISS
国内锌冶炼需求增速（%）,1,THS-ZN-5.1,同花顺模板,CAT_A_RAW_MISS
国内锌出口量（万吨）,1,THS-ZN-5.3,同花顺模板,CAT_A_RAW_MISS
国内锌制品出口量分国别（万吨）,1,THS-ZN-6.3,同花顺模板,CAT_A_RAW_MISS
国内锌制品出口量总量（万吨）,1,THS-ZN-6.3,同花顺模板,CAT_A_RAW_MISS
国内锌制品出口量（万吨）,1,THS-ZN-6.3,同花顺模板,CAT_A_RAW_MISS
国内锌制品出口金额（亿美元）,1,THS-ZN-6.3,同花顺模板,CAT_A_RAW_MISS
国内锌原料成本（元/吨）,1,THS-ZN-7.1,同花顺模板,CAT_A_RAW_MISS
国内锌合金出口量（万吨）,1,THS-ZN-6.3,同花顺模板,CAT_A_RAW_MISS
国内锌现金成本（元/吨）,1,THS-ZN-7.1,同花顺模板,CAT_A_RAW_MISS
国内锌电价（元/度）,1,THS-ZN-7.1,同花顺模板,CAT_A_RAW_MISS
国内锌电解成本（元/吨）,1,THS-ZN-7.1,同花顺模板,CAT_A_RAW_MISS
国内锌电解日度利润（元/吨）,1,THS-ZN-7.2,同花顺模板,CAT_A_RAW_MISS
国内锌电解月成本（元/吨）,1,THS-ZN-7.3,同花顺模板,CAT_A_RAW_MISS
国内锌矿产能利用率（%）,1,THS-ZN-3.1.3,同花顺模板,CAT_A_RAW_MISS
国内锌矿产能（万吨）,1,THS-ZN-3.1.3,同花顺模板,CAT_A_RAW_MISS
国内锌矿检修量（万吨）,1,THS-ZN-3.1.3,同花顺模板,CAT_A_RAW_MISS
国内锌矿进口量分国别（万吨）,1,THS-ZN-3.1.3,同花顺模板,CAT_A_RAW_MISS
国内锌精炼开工天数（天）,1,THS-ZN-3.2.2,同花顺模板,CAT_A_RAW_MISS
国内锌精炼日度产量（吨）,1,THS-ZN-7.2,同花顺模板,CAT_A_RAW_MISS
国内锌精炼进口量分国别（万吨）,1,THS-ZN-3.2.1,同花顺模板,CAT_A_RAW_MISS
国内锌精矿关税税率（%）,1,THS-ZN-6.1,同花顺模板,CAT_A_RAW_MISS
国内锌精矿发运量（万吨）,1,THS-ZN-6.1,同花顺模板,CAT_A_RAW_MISS
国内锌精矿月成本（元/吨）,1,THS-ZN-7.3,同花顺模板,CAT_A_RAW_MISS
国内锌精矿进口量总量（万吨）,1,THS-ZN-6.1,同花顺模板,CAT_A_RAW_MISS
国内锌锭消费量（万吨）,1,THS-ZN-5.2,同花顺模板,CAT_A_RAW_MISS
国内锡矿产能利用率时序图,1,THS-SN-3.1.3,同花顺模板,CAT_A_RAW_MISS
国内锡矿产能利用率（%）,1,THS-SN-3.1.3,同花顺模板,CAT_A_RAW_MISS
国内锡矿检修量（万吨）,1,THS-SN-3.1.3,同花顺模板,CAT_A_RAW_MISS
国内镀锌板/热镀锌消费量（万吨）,1,THS-ZN-5.2,同花顺模板,CAT_A_RAW_MISS
国内镀锌板出口量（万吨）,1,THS-ZN-6.3,同花顺模板,CAT_A_RAW_MISS
国内镀锌板排产计划（万吨）,1,THS-ZN-5.3,同花顺模板,CAT_A_RAW_MISS
国内镀锌板订单量（万吨）,1,THS-ZN-5.3,同花顺模板,CAT_A_RAW_MISS
国内镍矿-精炼产量比（倍）,1,THS-NI-3.1,同花顺模板,CAT_A_RAW_MISS
国内镍矿进口依赖度（%）,1,THS-NI-3.1,同花顺模板,CAT_A_RAW_MISS
国内需求增速（%）,1,THS-SN-5.3,同花顺模板,CAT_A_RAW_MISS
多晶硅下游排产计划量（万吨）,1,THS-SI-5.3,同花顺模板,CAT_A_RAW_MISS
多晶硅下游终端产量（万吨）,1,THS-SI-5.2,同花顺模板,CAT_A_RAW_MISS
多晶硅下游采购量（万吨）,1,THS-SI-5.3,同花顺模板,CAT_A_RAW_MISS
多晶硅下游预付款（亿元）,1,THS-SI-5.3,同花顺模板,CAT_A_RAW_MISS
多晶硅再生月产能（万吨）,1,THS-SI-3.2.3,同花顺模板,CAT_A_RAW_MISS
多晶硅净出口量（万吨）,1,THS-SI-6.2,同花顺模板,CAT_A_RAW_MISS
多晶硅制品净出口量（万吨）,1,THS-SI-6.3,同花顺模板,CAT_A_RAW_MISS
多晶硅制品出口量（万吨）,1,THS-SI-6.3,同花顺模板,CAT_A_RAW_MISS
多晶硅海外发运量（万吨）,1,THS-SI-6.4,同花顺模板,CAT_A_RAW_MISS
多晶硅现金利润（元/吨）,1,THS-SI-7.2,同花顺模板,CAT_A_RAW_MISS
多晶硅精炼月检修量（万吨）,1,THS-SI-3.2.2,同花顺模板,CAT_A_RAW_MISS
多空持仓比（多头/空头）,1,THS-NI-2.6,同花顺模板,CAT_A_RAW_MISS
工业硅TC加工费（元/吨）,1,THS-SI-3.2.4,同花顺模板,CAT_A_RAW_MISS
工业硅下游排产计划量（万吨）,1,THS-SI-5.3,同花顺模板,CAT_A_RAW_MISS
工业硅下游消费增速（%）,1,THS-SI-5.2,同花顺模板,CAT_A_RAW_MISS
工业硅下游终端产量（万吨）,1,THS-SI-5.2,同花顺模板,CAT_A_RAW_MISS
工业硅下游采购量（万吨）,1,THS-SI-5.3,同花顺模板,CAT_A_RAW_MISS
工业硅下游预付款（亿元）,1,THS-SI-5.3,同花顺模板,CAT_A_RAW_MISS
工业硅出口关税税率（%）,1,THS-SI-6.2,同花顺模板,CAT_A_RAW_MISS
工业硅出口发运天数（天）,1,THS-SI-6.2,同花顺模板,CAT_A_RAW_MISS
工业硅制品出口关税税率（%）,1,THS-SI-6.3,同花顺模板,CAT_A_RAW_MISS
工业硅制品出口发运天数（天）,1,THS-SI-6.3,同花顺模板,CAT_A_RAW_MISS
工业硅加工费（元/吨）,1,THS-SI-7.2,同花顺模板,CAT_A_RAW_MISS
工业硅原料成本（元/吨）,1,THS-SI-7.1,同花顺模板,CAT_A_RAW_MISS
工业硅排产计划量（万吨）,1,THS-SI-5.1,同花顺模板,CAT_A_RAW_MISS
工业硅期货多空持仓比（%）,1,THS-SI-2.6,同花顺模板,CAT_A_RAW_MISS
工业硅期货日度多空持仓比（%）,1,THS-SI-2.1,同花顺模板,CAT_A_RAW_MISS
工业硅期货近月合约收盘价（元/吨）,1,THS-SI-2.4,同花顺模板,CAT_A_RAW_MISS
工业硅期货远月合约收盘价（元/吨）,1,THS-SI-2.4,同花顺模板,CAT_A_RAW_MISS
工业硅沪伦比（倍）,1,THS-SI-2.2,同花顺模板,CAT_A_RAW_MISS
工业硅海外发运分国别量（万吨）,1,THS-SI-6.4,同花顺模板,CAT_A_RAW_MISS
工业硅海外发运发运天数（天）,1,THS-SI-6.4,同花顺模板,CAT_A_RAW_MISS
工业硅海外发运发运金额（亿元）,1,THS-SI-6.4,同花顺模板,CAT_A_RAW_MISS
工业硅海外发运总量（万吨）,1,THS-SI-6.4,同花顺模板,CAT_A_RAW_MISS
工业硅海外发运量（万吨）,1,THS-SI-6.4,同花顺模板,CAT_A_RAW_MISS
工业硅现货价格（元/吨）,1,THS-SI-2.2,同花顺模板,CAT_A_RAW_MISS
工业硅现货升贴水（元/吨）,1,THS-SI-2.2,同花顺模板,CAT_A_RAW_MISS
工业硅现金利润（元/吨）,1,THS-SI-7.2,同花顺模板,CAT_A_RAW_MISS
工业硅矿端TC加工费（元/吨）,1,THS-SI-3.1.5,同花顺模板,CAT_A_RAW_MISS
工业硅精炼月开工天数（天）,1,THS-SI-3.2.2,同花顺模板,CAT_A_RAW_MISS
工业硅进口关税税率（%）,1,THS-SI-6.1,同花顺模板,CAT_A_RAW_MISS
工业硅进口发运天数（天）,1,THS-SI-6.1,同花顺模板,CAT_A_RAW_MISS
工业级碳酸锂利润（元/吨）,1,THS-LI-2.5,同花顺模板,CAT_A_RAW_MISS
巴西硅矿月产能利用率（%）,1,THS-SI-3.1.2,同花顺模板,CAT_A_RAW_MISS
巴西硅矿月产能（万吨）,1,THS-SI-3.1.2,同花顺模板,CAT_A_RAW_MISS
巴西硅矿月产量（万吨）,1,THS-SI-3.1.2,同花顺模板,CAT_A_RAW_MISS
巴西硅矿月再生产量（万吨）,1,THS-SI-3.1.2,同花顺模板,CAT_A_RAW_MISS
巴西硅矿月加工费TC（元/吨）,1,THS-SI-3.1.2,同花顺模板,CAT_A_RAW_MISS
巴西硅矿月进口量（万吨）,1,THS-SI-3.1.2,同花顺模板,CAT_A_RAW_MISS
平水铜升贴水,1,THS-CU-2.3,同花顺模板,CAT_A_RAW_MISS
总进口量（万吨）,1,THS-SN-3.1.4,同花顺模板,CAT_A_RAW_MISS
排产计划时序图,1,THS-SN-5.3,同花顺模板,CAT_A_RAW_MISS
新喀里多尼亚电解镍进口量（万吨）,1,THS-NI-6.2,同花顺模板,CAT_A_RAW_MISS
新喀里多尼亚进口在途量（万吨）,1,THS-NI-4.5,同花顺模板,CAT_A_RAW_MISS
新喀里多尼亚进口量（万吨）,1,THS-NI-3.1.4,同花顺模板,CAT_A_RAW_MISS
新喀里多尼亚镍矿产能利用率（%）,1,THS-NI-3.1.1,同花顺模板,CAT_A_RAW_MISS
新喀里多尼亚镍矿产能（万吨/年）,1,THS-NI-3.1.2,同花顺模板,CAT_A_RAW_MISS
新喀里多尼亚镍矿检修量（万吨）,1,THS-NI-3.1.1,同花顺模板,CAT_A_RAW_MISS
新喀里多尼亚镍矿进口量（万吨）,1,THS-NI-6.1,同花顺模板,CAT_A_RAW_MISS
新喀里多尼亚镍精炼产能（万吨/年）,1,THS-NI-3.1.1,同花顺模板,CAT_A_RAW_MISS
新喀里多尼亚镍精矿TC（美元/吨干矿）,1,THS-NI-3.1.5,同花顺模板,CAT_A_RAW_MISS
新增图数,1,THS-NI-7.3,同花顺模板,CAT_A_RAW_MISS
日度分原料硫酸镍完全成本（元/镍吨）,1,THS-NI-7.1,同花顺模板,CAT_A_RAW_MISS
日度分原料硫酸镍完全成本（元/镍吨）（MHP/高冰镍/镍豆）,1,THS-NI-7.1,同花顺模板,CAT_A_RAW_MISS
最终图数,1,THS-NI-7.3,同花顺模板,CAT_A_RAW_MISS
月差（近月-远月）,1,THS-NI-2.1,同花顺模板,CAT_A_RAW_MISS
氟化铝现货价,1,THS-AL-3.2,同花顺模板,CAT_A_RAW_MISS
氧化铝现货均价/指数,1,THS-AL-3.2,同花顺模板,CAT_A_RAW_MISS
沪锡前20净持仓时序图,1,THS-SN-2.6,同花顺模板,CAT_A_RAW_MISS
沪锡多空持仓比时序图,1,THS-SN-2.6,同花顺模板,CAT_A_RAW_MISS
沪锡期限结构时序图,1,THS-SN-2.4,同花顺模板,CAT_A_RAW_MISS
沪锡期限结构（元/吨）,1,THS-SN-2.4,同花顺模板,CAT_A_RAW_MISS
沪锡近远月价差时序图,1,THS-SN-2.4,同花顺模板,CAT_A_RAW_MISS
沪锡近远月价差（元/吨）,1,THS-SN-2.4,同花顺模板,CAT_A_RAW_MISS
沪镍3个月期货价格（元/吨）,1,THS-NI-2.4,同花顺模板,CAT_A_RAW_MISS
沪镍主力合约价格（元/吨）、LME镍现货价格（美元/吨）、汇率（USD/CNY）,1,THS-NI-2.3,同花顺模板,CAT_A_RAW_MISS
沪镍主力合约价格（元/吨）、LME镍现货价格（美元/吨）、汇率（USD/CNY）、进口费用（元/吨）,1,THS-NI-2.2,同花顺模板,CAT_A_RAW_MISS
沪镍主力合约前20名持仓总量（手）,1,THS-NI-2.6,同花顺模板,CAT_A_RAW_MISS
沪镍前20名多空持仓比,1,THS-NI-2.6,同花顺模板,CAT_A_RAW_MISS
沪镍前20名席位轮动方向,1,THS-NI-2.6,同花顺模板,CAT_A_RAW_MISS
沪镍前20名持仓集中度,1,THS-NI-2.6,同花顺模板,CAT_A_RAW_MISS
沪镍月差,1,THS-NI-2.4,同花顺模板,CAT_A_RAW_MISS
沪镍月差（元/吨）,1,THS-NI-2.4,同花顺模板,CAT_A_RAW_MISS
沪镍现金-3个月月差,1,THS-NI-2.4,同花顺模板,CAT_A_RAW_MISS
沪镍现金价格（元/吨）,1,THS-NI-2.4,同花顺模板,CAT_A_RAW_MISS
沪镍现金价格（元/吨）、沪镍3个月期货价格（元/吨）、现金-3个月月差（元/吨）,1,THS-NI-2.4,同花顺模板,CAT_A_RAW_MISS
沪镍近月-远月价差（元/吨）,1,THS-NI-2.4,同花顺模板,CAT_A_RAW_MISS
沪镍近月-远月价差（元/吨）、LME镍近月-远月价差（美元/吨）、汇率（USD/CNY）,1,THS-NI-2.4,同花顺模板,CAT_A_RAW_MISS
沪镍近月合约价格、沪镍远月合约价格、月差,1,THS-NI-2.1,同花顺模板,CAT_A_RAW_MISS
沪镍近月合约价格、沪镍远月合约价格、月差（近月-远月）,1,THS-NI-2.1,同花顺模板,CAT_A_RAW_MISS
沪镍近月合约价格（元/吨）,1,THS-NI-2.4,同花顺模板,CAT_A_RAW_MISS
沪镍远月合约价格,1,THS-NI-2.1,同花顺模板,CAT_A_RAW_MISS
沪镍远月合约价格（元/吨）,1,THS-NI-2.4,同花顺模板,CAT_A_RAW_MISS
海外发运量与发运天数时序图,1,THS-SN-6.4,同花顺模板,CAT_A_RAW_MISS
海外发运量分国别时序图,1,THS-SN-6.4,同花顺模板,CAT_A_RAW_MISS
海外发运量时序图,1,THS-SN-6.4,同花顺模板,CAT_A_RAW_MISS
海外对华发运总量（万吨）,1,THS-NI-6.4,同花顺模板,CAT_A_RAW_MISS
海外对华电锌发运量（万吨）,1,THS-ZN-6.4,同花顺模板,CAT_A_RAW_MISS
海外对华锌发运天数（天）,1,THS-ZN-6.4,同花顺模板,CAT_A_RAW_MISS
海外对华锌发运盈亏（元/吨）,1,THS-ZN-6.4,同花顺模板,CAT_A_RAW_MISS
海外对华锌发运量分国别（万吨）,1,THS-ZN-6.4,同花顺模板,CAT_A_RAW_MISS
海外对华锌发运量总量（万吨）,1,THS-ZN-6.4,同花顺模板,CAT_A_RAW_MISS
海外对华锌发运量（万吨）,1,THS-ZN-6.4,同花顺模板,CAT_A_RAW_MISS
海外对华锌精矿发运量（万吨）,1,THS-ZN-6.4,同花顺模板,CAT_A_RAW_MISS
海外检修量（万吨LCE）,1,THS-LI-3.1.1,同花顺模板,CAT_A_RAW_MISS
海外硅矿季度产能利用率（%）,1,THS-SI-3.1.1,同花顺模板,CAT_A_RAW_MISS
海外硅矿季度产能（万吨）,1,THS-SI-3.1.1,同花顺模板,CAT_A_RAW_MISS
海外硅矿季度产量（万吨）,1,THS-SI-3.1.1,同花顺模板,CAT_A_RAW_MISS
海外硅矿季度再生产量（万吨）,1,THS-SI-3.1.1,同花顺模板,CAT_A_RAW_MISS
海外硅矿季度加工费TC（元/吨）,1,THS-SI-3.1.1,同花顺模板,CAT_A_RAW_MISS
海外硅矿季度检修量（万吨）,1,THS-SI-3.1.1,同花顺模板,CAT_A_RAW_MISS
海外硅矿季度进口量（万吨）,1,THS-SI-3.1.1,同花顺模板,CAT_A_RAW_MISS
海外精炼产量（万吨LCE）,1,THS-LI-3.1.1,同花顺模板,CAT_A_RAW_MISS
海外精炼锡检修量时序图,1,THS-SN-3.2.2,同花顺模板,CAT_A_RAW_MISS
海外精炼锡检修量（万吨）,1,THS-SN-3.2.2,同花顺模板,CAT_A_RAW_MISS
海外进口量分国别（万吨LCE）,1,THS-LI-3.1.1,同花顺模板,CAT_A_RAW_MISS
海外进口量（万吨LCE）,1,THS-LI-3.1.1,同花顺模板,CAT_A_RAW_MISS
海外锂矿产能分国别（万吨LCE）,1,THS-LI-3.1.2,同花顺模板,CAT_A_RAW_MISS
海外锂矿产量（万吨LCE）,1,THS-LI-3.1.1,同花顺模板,CAT_A_RAW_MISS
海外锂矿出口量分国别（万吨LCE）,1,THS-LI-3.1.2,同花顺模板,CAT_A_RAW_MISS
海外锂矿进口量分国别（万吨LCE）,1,THS-LI-3.1.2,同花顺模板,CAT_A_RAW_MISS
海外锌矿产能利用率（%）,1,THS-ZN-3.1.1,同花顺模板,CAT_A_RAW_MISS
海外锌矿产能（万吨）,1,THS-ZN-3.1.1,同花顺模板,CAT_A_RAW_MISS
海外锌矿产量（万吨）,1,THS-ZN-3.1.1,同花顺模板,CAT_A_RAW_MISS
海外锌矿再生产量（万吨）,1,THS-ZN-3.1.1,同花顺模板,CAT_A_RAW_MISS
海外锌矿检修量（万吨）,1,THS-ZN-3.1.1,同花顺模板,CAT_A_RAW_MISS
海外锌矿进口量分国别（万吨）,1,THS-ZN-3.1.1,同花顺模板,CAT_A_RAW_MISS
海外锌矿进口量（万吨）,1,THS-ZN-3.1.1,同花顺模板,CAT_A_RAW_MISS
海外锌精炼产量（万吨）,1,THS-ZN-3.1.1,同花顺模板,CAT_A_RAW_MISS
海外锡矿产能利用率时序图,1,THS-SN-3.1.1,同花顺模板,CAT_A_RAW_MISS
海外锡矿产能利用率（%）,1,THS-SN-3.1.1,同花顺模板,CAT_A_RAW_MISS
海外锡矿产量（万吨）,1,THS-SN-3.1.1,同花顺模板,CAT_A_RAW_MISS
海外锡矿进口量（万吨）,1,THS-SN-3.1.1,同花顺模板,CAT_A_RAW_MISS
海外锡精矿产量总量（万吨）,1,THS-SN-3.1.2,同花顺模板,CAT_A_RAW_MISS
海外锡精矿产量时序图,1,THS-SN-3.1.1,同花顺模板,CAT_A_RAW_MISS
湿法铜升贴水,1,THS-CU-2.3,同花顺模板,CAT_A_RAW_MISS
澳大利亚进口量（万吨LCE）,1,THS-LI-3.1.4,同花顺模板,CAT_A_RAW_MISS
澳大利亚进口量（万吨）,1,THS-NI-3.1.4,同花顺模板,CAT_A_RAW_MISS
澳大利亚锂矿产量（万吨LCE）,1,THS-LI-3.1.2,同花顺模板,CAT_A_RAW_MISS
澳大利亚锌矿产能利用率（%）,1,THS-ZN-3.1.2,同花顺模板,CAT_A_RAW_MISS
澳大利亚锌矿产量（万吨）,1,THS-ZN-3.1.2,同花顺模板,CAT_A_RAW_MISS
澳大利亚锌矿再生产量（万吨）,1,THS-ZN-3.1.2,同花顺模板,CAT_A_RAW_MISS
澳大利亚锌矿检修量（万吨）,1,THS-ZN-3.1.2,同花顺模板,CAT_A_RAW_MISS
澳大利亚锌精炼产量（万吨）,1,THS-ZN-3.1.2,同花顺模板,CAT_A_RAW_MISS
澳大利亚锡矿进口量（万吨）,1,THS-SN-3.1.4,同花顺模板,CAT_A_RAW_MISS
澳大利亚锡精矿产量时序图,1,THS-SN-3.1.2,同花顺模板,CAT_A_RAW_MISS
澳大利亚锡精矿产量（万吨）,1,THS-SN-3.1.2,同花顺模板,CAT_A_RAW_MISS
澳大利亚镍矿产能（万吨/年）,1,THS-NI-3.1.2,同花顺模板,CAT_A_RAW_MISS
澳大利亚镍矿产量,1,THS-NI-3.1,同花顺模板,CAT_A_RAW_MISS
澳大利亚镍矿开工天数（天/季度）,1,THS-NI-3.1.2,同花顺模板,CAT_A_RAW_MISS
澳大利亚镍精炼产量（万吨）,1,THS-NI-3.1.2,同花顺模板,CAT_A_RAW_MISS
焊锡/锡化工终端产量时序图,1,THS-SN-5.2,同花顺模板,CAT_A_RAW_MISS
焊锡/锡焊料排产计划（万吨）,1,THS-SN-5.3,同花顺模板,CAT_A_RAW_MISS
焊锡/锡焊料终端产量（万吨）,1,THS-SN-5.2,同花顺模板,CAT_A_RAW_MISS
焊锡/锡焊料终端订单量（万吨）,1,THS-SN-5.2,同花顺模板,CAT_A_RAW_MISS
焊锡/锡焊料订单量（万吨）,1,THS-SN-5.3,同花顺模板,CAT_A_RAW_MISS
焊锡价格（元/吨）,1,THS-SN-2.5,同花顺模板,CAT_A_RAW_MISS
焊锡终端产量时序图,1,THS-SN-5.2,同花顺模板,CAT_A_RAW_MISS
焊锡订单量时序图,1,THS-SN-5.3,同花顺模板,CAT_A_RAW_MISS
煤价（元/吨）,1,THS-SN-7.3,同花顺模板,CAT_A_RAW_MISS
煤沥青价格,1,THS-AL-3.3,同花顺模板,CAT_A_RAW_MISS
现金-3个月月差（元/吨）,1,THS-NI-2.4,同花顺模板,CAT_A_RAW_MISS
现金-3个月月差（美元/吨）,1,THS-NI-2.3,同花顺模板,CAT_A_RAW_MISS
现金价（美元/吨）,1,THS-LI-2.3,同花顺模板,CAT_A_RAW_MISS
甘肃镍矿产能利用率（%）,1,THS-NI-3.1.3,同花顺模板,CAT_A_RAW_MISS
甘肃镍矿产量（万吨）,1,THS-NI-3.1.3,同花顺模板,CAT_A_RAW_MISS
甘肃镍矿开工天数（天/月）,1,THS-NI-3.1.3,同花顺模板,CAT_A_RAW_MISS
甘肃镍矿检修量（万吨）,1,THS-NI-3.1.3,同花顺模板,CAT_A_RAW_MISS
电价时序图,1,THS-SN-7.3,同花顺模板,CAT_A_RAW_MISS
电子级锡出口量（万吨）,1,THS-SN-6.3,同花顺模板,CAT_A_RAW_MISS
电子级锡终端产量（万吨）,1,THS-SN-5.2,同花顺模板,CAT_A_RAW_MISS
电子级锡订单量（万吨）,1,THS-SN-5.3,同花顺模板,CAT_A_RAW_MISS
电池级碳酸锂利润（元/吨）,1,THS-LI-2.5,同花顺模板,CAT_A_RAW_MISS
电池级镍制品出口量（万吨）,1,THS-NI-6.3,同花顺模板,CAT_A_RAW_MISS
电池级镍制品出口金额（亿美元）,1,THS-NI-6.3,同花顺模板,CAT_A_RAW_MISS
电池级镍回收量,1,THS-NI-3.2,同花顺模板,CAT_A_RAW_MISS
电解铝行业加权平均完全成本,1,THS-AL-3.1,同花顺模板,CAT_A_RAW_MISS
电解锌现金成本（元/吨）,1,THS-ZN-2.5,同花顺模板,CAT_A_RAW_MISS
电解镍产量,1,THS-NI-3.2,同花顺模板,CAT_A_RAW_MISS
电解镍冶炼完全成本（元/吨）,1,THS-NI-2.5,同花顺模板,CAT_A_RAW_MISS
电解镍出口量（万吨）,1,THS-NI-6.2,同花顺模板,CAT_A_RAW_MISS
电解镍发运天数（天）,1,THS-NI-6.4,同花顺模板,CAT_A_RAW_MISS
电解镍完全成本（元/吨）,1,THS-NI-3.2.4,同花顺模板,CAT_A_RAW_MISS
电解镍对华发运量（万吨）,1,THS-NI-6.4,同花顺模板,CAT_A_RAW_MISS
电解镍日度利润（元/吨）,1,THS-NI-7.2,同花顺模板,CAT_A_RAW_MISS
电解镍日度利润（元/吨）、沪镍主力合约收盘价（元/吨）、电解镍现金成本（元/吨）,1,THS-NI-7.2,同花顺模板,CAT_A_RAW_MISS
电解镍检修量（万吨）,1,THS-NI-3.2.2,同花顺模板,CAT_A_RAW_MISS
电镀镍制品出口量（万吨）,1,THS-NI-6.3,同花顺模板,CAT_A_RAW_MISS
电镀镍制品出口金额（亿美元）,1,THS-NI-6.3,同花顺模板,CAT_A_RAW_MISS
电镀镍终端消费量（万吨）,1,THS-NI-5.2,同花顺模板,CAT_A_RAW_MISS
电镀镍订单量（万吨）,1,THS-NI-5.3,同花顺模板,CAT_A_RAW_MISS
盐湖提锂利润（元/吨）,1,THS-LI-2.5,同花顺模板,CAT_A_RAW_MISS
盐湖提锂精炼产量（万吨LCE）,1,THS-LI-3.2.1,同花顺模板,CAT_A_RAW_MISS
矿-精炼产量比（倍）,1,THS-NI-3.1.3,同花顺模板,CAT_A_RAW_MISS
秘鲁锌矿产能利用率（%）,1,THS-ZN-3.1.2,同花顺模板,CAT_A_RAW_MISS
秘鲁锌矿产量（万吨）,1,THS-ZN-3.1.2,同花顺模板,CAT_A_RAW_MISS
秘鲁锌矿再生产量（万吨）,1,THS-ZN-3.1.2,同花顺模板,CAT_A_RAW_MISS
秘鲁锌矿检修量（万吨）,1,THS-ZN-3.1.2,同花顺模板,CAT_A_RAW_MISS
秘鲁锌精炼产量（万吨）,1,THS-ZN-3.1.2,同花顺模板,CAT_A_RAW_MISS
精炼锡净进口量（万吨）,1,THS-SN-6.2,同花顺模板,CAT_A_RAW_MISS
精炼镍日度利润（元/吨）,1,THS-NI-7.2,同花顺模板,CAT_A_RAW_MISS
精炼镍检修量（万吨）,1,THS-NI-3.2.2,同花顺模板,CAT_A_RAW_MISS
精炼镍进口量（万吨）,1,THS-NI-6.2,同花顺模板,CAT_A_RAW_MISS
终端排产计划（万吨）,1,THS-SN-5.2,同花顺模板,CAT_A_RAW_MISS
终端消费增速（%）,1,THS-SN-5.2,同花顺模板,CAT_A_RAW_MISS
缅甸再生锡产能（万吨）,1,THS-SN-3.2.3,同花顺模板,CAT_A_RAW_MISS
缅甸再生锡产量（万吨）,1,THS-SN-3.2.3,同花顺模板,CAT_A_RAW_MISS
缅甸再生锡进口量（万吨）,1,THS-SN-6.1,同花顺模板,CAT_A_RAW_MISS
缅甸发运量（万吨）,1,THS-SN-6.4,同花顺模板,CAT_A_RAW_MISS
缅甸电子级锡出口量（万吨）,1,THS-SN-6.3,同花顺模板,CAT_A_RAW_MISS
缅甸锡矿产量时序图,1,THS-SN-3.1.1,同花顺模板,CAT_A_RAW_MISS
缅甸锡矿价格时序图,1,THS-SN-7.3,同花顺模板,CAT_A_RAW_MISS
缅甸锡矿价格（元/吨）,1,THS-SN-7.3,同花顺模板,CAT_A_RAW_MISS
缅甸锡矿进口量时序图,1,THS-SN-3.1.4,同花顺模板,CAT_A_RAW_MISS
缅甸锡精矿产量时序图,1,THS-SN-3.1.2,同花顺模板,CAT_A_RAW_MISS
缅甸锡精矿进口量（万吨）,1,THS-SN-6.1,同花顺模板,CAT_A_RAW_MISS
缅甸锡锭出口量（万吨）,1,THS-SN-6.2,同花顺模板,CAT_A_RAW_MISS
缅甸锡锭进口量（万吨）,1,THS-SN-6.2,同花顺模板,CAT_A_RAW_MISS
缅甸需求增速（%）,1,THS-SN-5.3,同花顺模板,CAT_A_RAW_MISS
美国硅矿月产能（万吨）,1,THS-SI-3.1.2,同花顺模板,CAT_A_RAW_MISS
美国硅矿月产量（万吨）,1,THS-SI-3.1.2,同花顺模板,CAT_A_RAW_MISS
美国硅矿月再生产量（万吨）,1,THS-SI-3.1.2,同花顺模板,CAT_A_RAW_MISS
美国硅矿月加工费TC（元/吨）,1,THS-SI-3.1.2,同花顺模板,CAT_A_RAW_MISS
美国硅矿月进口量（万吨）,1,THS-SI-3.1.2,同花顺模板,CAT_A_RAW_MISS
能源/原料成本总量（元/吨）,1,THS-NI-7.3,同花顺模板,CAT_A_RAW_MISS
能源成本时序图,1,THS-SN-7.3,同花顺模板,CAT_A_RAW_MISS
船货在途量（万吨）,1,THS-NI-4.5,同花顺模板,CAT_A_RAW_MISS
菲律宾电解镍进口量（万吨）,1,THS-NI-6.2,同花顺模板,CAT_A_RAW_MISS
菲律宾矿-精炼产量比（倍）,1,THS-NI-3.1.2,同花顺模板,CAT_A_RAW_MISS
菲律宾至中国海运费（美元/湿吨）,1,THS-NI-7.3,同花顺模板,CAT_A_RAW_MISS
菲律宾进口在途量（万吨）,1,THS-NI-4.5,同花顺模板,CAT_A_RAW_MISS
菲律宾进口量（万吨）,1,THS-NI-3.1.4,同花顺模板,CAT_A_RAW_MISS
菲律宾镍矿CIF价格（美元/湿吨）,1,THS-NI-7.1,同花顺模板,CAT_A_RAW_MISS
菲律宾镍矿CIF价格（美元/湿吨）、菲律宾镍矿FOB价格（美元/湿吨）,1,THS-NI-7.1,同花顺模板,CAT_A_RAW_MISS
菲律宾镍矿产能利用率（%）,1,THS-NI-3.1.1,同花顺模板,CAT_A_RAW_MISS
菲律宾镍矿产能（万吨/年）,1,THS-NI-3.1.2,同花顺模板,CAT_A_RAW_MISS
菲律宾镍矿产量,1,THS-NI-3.1,同花顺模板,CAT_A_RAW_MISS
菲律宾镍矿发运天数（天）,1,THS-NI-6.4,同花顺模板,CAT_A_RAW_MISS
菲律宾镍矿对华发运量（万吨）,1,THS-NI-6.4,同花顺模板,CAT_A_RAW_MISS
菲律宾镍矿检修量（万吨）,1,THS-NI-3.1.1,同花顺模板,CAT_A_RAW_MISS
菲律宾镍矿离港量（万吨）,1,THS-NI-7.3,同花顺模板,CAT_A_RAW_MISS
菲律宾镍矿进口量（万吨）,1,THS-NI-6.1,同花顺模板,CAT_A_RAW_MISS
菲律宾镍精炼产能（万吨/年）,1,THS-NI-3.1.1,同花顺模板,CAT_A_RAW_MISS
菲律宾镍精矿TC,1,THS-NI-3.1,同花顺模板,CAT_A_RAW_MISS
菲律宾镍精矿进口量,1,THS-NI-3.1,同花顺模板,CAT_A_RAW_MISS
行业理论盈利,1,THS-AL-3.1,同花顺模板,CAT_A_RAW_MISS
进口在途量（万吨）,1,THS-NI-4.5,同花顺模板,CAT_A_RAW_MISS
金属硅下游终端产量（万吨）,1,THS-SI-5.2,同花顺模板,CAT_A_RAW_MISS
金属硅再生月产能（万吨）,1,THS-SI-3.2.3,同花顺模板,CAT_A_RAW_MISS
金属硅冶炼成本（元/吨）,1,THS-SI-7.1,同花顺模板,CAT_A_RAW_MISS
金属硅净出口量（万吨）,1,THS-SI-6.2,同花顺模板,CAT_A_RAW_MISS
金属硅净进口量（万吨）,1,THS-SI-6.1,同花顺模板,CAT_A_RAW_MISS
金属硅出口量（万吨）,1,THS-SI-6.2,同花顺模板,CAT_A_RAW_MISS
金属硅制品净出口量（万吨）,1,THS-SI-6.3,同花顺模板,CAT_A_RAW_MISS
金属硅制品出口量（万吨）,1,THS-SI-6.3,同花顺模板,CAT_A_RAW_MISS
金属硅海外发运量（万吨）,1,THS-SI-6.4,同花顺模板,CAT_A_RAW_MISS
金属硅精炼月检修量（万吨）,1,THS-SI-3.2.2,同花顺模板,CAT_A_RAW_MISS
铝价指数,1,THS-AL-3.1,同花顺模板,CAT_A_RAW_MISS
铝制结构件/容器/车轮/绞线出口量,1,THS-AL-6.3,同花顺模板,CAT_A_RAW_MISS
铝板带/铝箔/铝挤压材出口量,1,THS-AL-6.3,同花顺模板,CAT_A_RAW_MISS
锂云母/锂辉石利润（元/吨）,1,THS-LI-2.5,同花顺模板,CAT_A_RAW_MISS
锂云母精炼产量（万吨LCE）,1,THS-LI-3.2.1,同花顺模板,CAT_A_RAW_MISS
锂云母进口量（万吨LCE）,1,THS-LI-3.1.4,同花顺模板,CAT_A_RAW_MISS
锂矿进口总量（万吨LCE）,1,THS-LI-3.1.4,同花顺模板,CAT_A_RAW_MISS
锂矿进口量（万吨LCE）,1,THS-LI-3.1.4,同花顺模板,CAT_A_RAW_MISS
锂辉石产量（万吨LCE）,1,THS-LI-3.1.3,同花顺模板,CAT_A_RAW_MISS
锂辉石精炼产量（万吨LCE）,1,THS-LI-3.2.1,同花顺模板,CAT_A_RAW_MISS
锂辉石进口量（万吨LCE）,1,THS-LI-3.1.4,同花顺模板,CAT_A_RAW_MISS
锌月差（元/吨）,1,THS-ZN-2.4,同花顺模板,CAT_A_RAW_MISS
锌矿进口量（万吨）,1,THS-ZN-3.1.4,同花顺模板,CAT_A_RAW_MISS
锌精矿成本（元/吨）,1,THS-ZN-2.5,同花顺模板,CAT_A_RAW_MISS
锡制品出口量（万吨）,1,THS-SN-6.3,同花顺模板,CAT_A_RAW_MISS
锡化工出口量时序图,1,THS-SN-6.3,同花顺模板,CAT_A_RAW_MISS
锡化工出口量（万吨）,1,THS-SN-6.3,同花顺模板,CAT_A_RAW_MISS
锡化工终端产量时序图,1,THS-SN-5.2,同花顺模板,CAT_A_RAW_MISS
锡化工终端产量（万吨）,1,THS-SN-5.2,同花顺模板,CAT_A_RAW_MISS
锡化工订单量（万吨）,1,THS-SN-5.3,同花顺模板,CAT_A_RAW_MISS
锡焊料/焊锡与锡化工出口量时序图,1,THS-SN-6.3,同花顺模板,CAT_A_RAW_MISS
锡焊料/焊锡出口量分国别时序图,1,THS-SN-6.3,同花顺模板,CAT_A_RAW_MISS
锡焊料/焊锡出口量时序图,1,THS-SN-6.3,同花顺模板,CAT_A_RAW_MISS
锡焊料/焊锡出口量（万吨）,1,THS-SN-6.3,同花顺模板,CAT_A_RAW_MISS
锡矿总进口量（万吨）,1,THS-SN-3.1.4,同花顺模板,CAT_A_RAW_MISS
锡精矿与再生锡进口量时序图,1,THS-SN-6.1,同花顺模板,CAT_A_RAW_MISS
锡精矿价格时序图,1,THS-SN-7.3,同花顺模板,CAT_A_RAW_MISS
锡精矿进口量（万吨）,1,THS-SN-6.1,同花顺模板,CAT_A_RAW_MISS
锡锭净进口量（万吨）,1,THS-SN-6.1,同花顺模板,CAT_A_RAW_MISS
锡锭现货价格时序图,1,THS-SN-2.2,同花顺模板,CAT_A_RAW_MISS
锡锭进口量（万吨）,1,THS-SN-6.1,同花顺模板,CAT_A_RAW_MISS
镍冶炼成本总量（元/吨）,1,THS-NI-7.1,同花顺模板,CAT_A_RAW_MISS
镍冶炼成本（元/吨）,1,THS-NI-7.1,同花顺模板,CAT_A_RAW_MISS
镍冶炼日度利润（元/吨）,1,THS-NI-7.2,同花顺模板,CAT_A_RAW_MISS
镍制品出口总量（万吨）,1,THS-NI-6.3,同花顺模板,CAT_A_RAW_MISS
镍原料进口总量（万吨）,1,THS-NI-6.1,同花顺模板,CAT_A_RAW_MISS
镍合金出口量（万吨）,1,THS-NI-6.3,同花顺模板,CAT_A_RAW_MISS
镍合金出口金额（亿美元）,1,THS-NI-6.3,同花顺模板,CAT_A_RAW_MISS
镍合金终端产量（万吨）,1,THS-NI-5.2,同花顺模板,CAT_A_RAW_MISS
镍现货价格（元/吨）,1,THS-NI-2.2,同花顺模板,CAT_A_RAW_MISS
镍生铁/NPI成本（元/吨）,1,THS-NI-7.3,同花顺模板,CAT_A_RAW_MISS
镍生铁/NPI进口量（万吨）,1,THS-NI-6.1,同花顺模板,CAT_A_RAW_MISS
镍矿CIF价格（美元/湿吨）、镍矿FOB价格（美元/湿吨）,1,THS-NI-7.1,同花顺模板,CAT_A_RAW_MISS
镍矿进口量（万吨）,1,THS-NI-6.1,同花顺模板,CAT_A_RAW_MISS
镍精炼产量（万吨）,1,THS-NI-3.2.1,同花顺模板,CAT_A_RAW_MISS
镍精炼金属进口总量（万吨）,1,THS-NI-6.2,同花顺模板,CAT_A_RAW_MISS
镍精矿TC,1,THS-NI-3.1,同花顺模板,CAT_A_RAW_MISS
镍精矿进口到港量（万吨）,1,THS-NI-3.1,同花顺模板,CAT_A_RAW_MISS
镍精矿进口量（吨）,1,THS-NI-3.1.4,同花顺模板,CAT_A_RAW_MISS
镍终端消费总量（万吨）,1,THS-NI-5.2,同花顺模板,CAT_A_RAW_MISS
镍铁RKEF成本（元/镍点）,1,THS-NI-7.1,同花顺模板,CAT_A_RAW_MISS
镍铁一体化利润（元/吨）,1,THS-NI-2.5,同花顺模板,CAT_A_RAW_MISS
镍铁一体化成本（元/吨）,1,THS-NI-7.1,同花顺模板,CAT_A_RAW_MISS
镍铁一体化成本（元/吨）、镍精矿TC（美元/吨干矿）,1,THS-NI-7.1,同花顺模板,CAT_A_RAW_MISS
镍铁一体化日度利润（元/吨）,1,THS-NI-7.2,同花顺模板,CAT_A_RAW_MISS
镍铁一体化日度利润（元/吨）、镍矿成本（元/吨）、TC（美元/吨干矿）,1,THS-NI-7.2,同花顺模板,CAT_A_RAW_MISS
镍铁完全成本（元/吨）,1,THS-NI-3.2.4,同花顺模板,CAT_A_RAW_MISS
镍铁检修量（万吨）,1,THS-NI-3.2.2,同花顺模板,CAT_A_RAW_MISS
镍需求先行指标总量（万吨）,1,THS-NI-5.3,同花顺模板,CAT_A_RAW_MISS
需求增速（%）,1,THS-SN-5.3,同花顺模板,CAT_A_RAW_MISS
非洲进口量（万吨LCE）,1,THS-LI-3.1.4,同花顺模板,CAT_A_RAW_MISS
非洲锂矿产量（万吨LCE）,1,THS-LI-3.1.2,同花顺模板,CAT_A_RAW_MISS
预焙阳极价格,1,THS-AL-3.3,同花顺模板,CAT_A_RAW_MISS
预焙阳极均价,1,THS-AL-3.2,同花顺模板,CAT_A_RAW_MISS
高冰镍产量,1,THS-NI-3.2,同花顺模板,CAT_A_RAW_MISS
高冰镍再生量,1,THS-NI-3.2,同花顺模板,CAT_A_RAW_MISS
高冰镍发运天数（天）,1,THS-NI-6.4,同花顺模板,CAT_A_RAW_MISS
高冰镍完全成本（元/吨）,1,THS-NI-3.2.4,同花顺模板,CAT_A_RAW_MISS
高冰镍对华发运量（万吨）,1,THS-NI-6.4,同花顺模板,CAT_A_RAW_MISS
高冰镍成本（元/吨）、镍矿成本（元/吨）、加工费（元/吨）,1,THS-NI-7.1,同花顺模板,CAT_A_RAW_MISS
高冰镍日度利润（元/吨）,1,THS-NI-7.2,同花顺模板,CAT_A_RAW_MISS
高冰镍日度利润（元/吨）、镍矿成本（元/吨）、加工费（元/吨）,1,THS-NI-7.2,同花顺模板,CAT_A_RAW_MISS
高冰镍检修量（万吨）,1,THS-NI-3.2.2,同花顺模板,CAT_A_RAW_MISS
