indicator_name,reference_count,sample_template_ids
镍精矿TC（美元/吨干矿）,18,THS-NI-3.1;THS-NI-3.1.5;THS-NI-3.2.1;THS-NI-3.2.2;THS-NI-3.2.3
沪伦比（元/吨）,12,THS-LI-2.3;THS-ZN-2.1;THS-ZN-2.2;THS-ZN-2.3;THS-ZN-2.4
近3年同月产量均值（万吨）,12,THS-SI-3.1.2;THS-SI-3.1.3;THS-SI-3.2.1;THS-SI-3.2.3;THS-SN-3.1.2
近3年同月产量标准差（万吨）,12,THS-SI-3.1.2;THS-SI-3.1.3;THS-SI-3.2.1;THS-SI-3.2.3;THS-SN-3.1.2
近3年同月均值（万吨LCE）,10,THS-LI-3.1.2;THS-LI-3.1.3;THS-LI-3.1.4;THS-LI-3.2.1;THS-LI-3.2.2
近3年同月标准差（万吨LCE）,10,THS-LI-3.1.2;THS-LI-3.1.3;THS-LI-3.1.4;THS-LI-3.2.1;THS-LI-3.2.2
近3年同月进口量均值（万吨）,10,THS-NI-6.1;THS-NI-6.2;THS-SI-3.1.4;THS-SI-6.1;THS-SN-3.1.4
近3年同月进口量标准差（万吨）,10,THS-NI-6.1;THS-NI-6.2;THS-SI-3.1.4;THS-SI-6.1;THS-SN-3.1.4
近3年同月开工率均值（%）,8,THS-NI-3.2.2;THS-NI-5.1;THS-SI-3.2.2;THS-SI-5.1;THS-SN-3.2.1
近3年同月开工率标准差（%）,8,THS-NI-3.2.2;THS-NI-5.1;THS-SI-3.2.2;THS-SI-5.1;THS-SN-3.2.1
国内锌精炼产量（万吨）,7,THS-ZN-3.2.1;THS-ZN-3.2.2;THS-ZN-3.2.3;THS-ZN-5.1;THS-ZN-5.3
月差（元/吨）,7,THS-LI-2.1;THS-LI-2.2;THS-LI-2.4;THS-SN-2.1;THS-ZN-2.1
近3年同月出口量均值（万吨）,7,THS-NI-6.3;THS-SI-6.2;THS-SI-6.3;THS-SN-6.2;THS-SN-6.3
近3年同月出口量标准差（万吨）,7,THS-NI-6.3;THS-SI-6.2;THS-SI-6.3;THS-SN-6.2;THS-SN-6.3
上期所锌仓单注册量（手）,6,THS-ZN-3.1.4;THS-ZN-3.1.5;THS-ZN-3.2.4;THS-ZN-4.1;THS-ZN-4.2
加工费（元/吨）,6,THS-NI-7.1;THS-NI-7.2;THS-NI-7.3;THS-SN-7.1;THS-SN-7.2
多空持仓比（%）,6,THS-LI-2.1;THS-LI-2.6;THS-SN-2.1;THS-SN-2.6;THS-ZN-2.1
上期所镍仓单量（手）,5,THS-NI-4.1;THS-NI-4.2;THS-NI-4.3;THS-NI-4.5;THS-NI-5.3
冶炼利润（元/吨）,5,THS-LI-2.5;THS-LI-3.2.4;THS-SN-7.1;THS-SN-7.2;THS-SN-7.3
成交量（手）,5,THS-LI-2.1;THS-LI-2.6;THS-SN-2.1;THS-ZN-2.1;THS-ZN-2.6
持仓量（手）,5,THS-LI-2.1;THS-LI-2.4;THS-LI-2.6;THS-SN-2.1;THS-ZN-2.1
汇率（USD/CNY）,5,THS-NI-2.1;THS-NI-2.2;THS-NI-2.3;THS-NI-2.4;THS-NI-2.6
电价（元/度）,5,THS-NI-7.1;THS-NI-7.3;THS-SN-7.1;THS-SN-7.2;THS-SN-7.3
电解锌冶炼利润（元/吨）,5,THS-ZN-2.5;THS-ZN-3.1.5;THS-ZN-3.2.1;THS-ZN-3.2.2;THS-ZN-3.2.4
锌精矿TC（美元/吨干矿）,5,THS-ZN-2.5;THS-ZN-3.1.5;THS-ZN-3.2.1;THS-ZN-3.2.2;THS-ZN-3.2.4
保税区仓单（手）,4,THS-SN-6.1;THS-SN-6.2;THS-SN-6.3;THS-SN-6.4
国内锌社会库存总量（万吨）,4,THS-ZN-4.3;THS-ZN-4.4;THS-ZN-4.5;THS-ZN-5.1
现货升贴水（元/吨）,4,THS-LI-2.1;THS-SN-2.1;THS-ZN-2.1;THS-ZN-2.2
电解镍产量（万吨）,4,THS-NI-3.1.3;THS-NI-3.2;THS-NI-3.2.1;THS-NI-3.2.3
电解镍冶炼利润（元/吨）,4,THS-NI-2.5;THS-NI-3.1.5;THS-NI-3.2;THS-NI-3.2.4
近3年同月升贴水均值（元/吨）,4,THS-LI-2.2;THS-NI-2.2;THS-SN-2.2;THS-ZN-2.2
近3年同月升贴水标准差（元/吨）,4,THS-LI-2.2;THS-NI-2.2;THS-SN-2.2;THS-ZN-2.2
近3年同月发运量均值（万吨）,4,THS-NI-6.4;THS-SI-6.4;THS-SN-6.4;THS-ZN-6.4
近3年同月发运量标准差（万吨）,4,THS-NI-6.4;THS-SI-6.4;THS-SN-6.4;THS-ZN-6.4
镍现货升贴水（元/吨）,4,THS-NI-2.1;THS-NI-2.2;THS-NI-4.1;THS-NI-4.2
LME锡期货收盘价（美元/吨）,3,THS-SN-2.3;THS-SN-2.4;THS-SN-2.5
LME镍现货价格（美元/吨）,3,THS-NI-2.1;THS-NI-2.2;THS-NI-2.3
TC（美元/吨干矿）,3,THS-NI-7.1;THS-NI-7.2;THS-NI-7.3
仓单注册量（手）,3,THS-LI-2.1;THS-LI-2.2;THS-LI-2.4
关税税率（%）,3,THS-SN-6.2;THS-SN-6.3;THS-SN-6.4
动力电池排产计划（万吨）,3,THS-NI-5.1;THS-NI-5.2;THS-NI-5.3
印尼镍精矿进口量（万吨）,3,THS-NI-3.1;THS-NI-3.1.4;THS-NI-3.1.5
厂内库存（万吨）,3,THS-NI-4.3;THS-SN-4.3;THS-SN-4.4
原料成本（元/吨）,3,THS-SN-7.1;THS-SN-7.2;THS-SN-7.3
国内镍精炼产量（万吨）,3,THS-NI-3.1;THS-NI-3.1.3;THS-NI-3.1.4
在途库存（万吨）,3,THS-NI-4.3;THS-SN-4.3;THS-SN-4.4
基差（元/吨）,3,THS-LI-2.1;THS-LI-2.2;THS-LI-2.4
多晶硅冶炼利润（元/吨）,3,THS-SI-2.5;THS-SI-3.2.4;THS-SI-7.2
工业硅仓单注册量（吨）,3,THS-SI-2.2;THS-SI-4.1;THS-SI-4.2
库存天数（天）,3,THS-LI-4.3;THS-SN-5.1;THS-SN-5.3
期限结构（元/吨）,3,THS-LI-2.1;THS-LI-2.2;THS-LI-2.4
沪镍主力合约价格（元/吨）,3,THS-NI-2.1;THS-NI-2.2;THS-NI-2.3
电解镍开工率（%）,3,THS-NI-3.2;THS-NI-3.2.2;THS-NI-3.2.4
电解镍现货价格（元/吨）,3,THS-NI-2.2;THS-NI-2.4;THS-NI-2.5
电解镍现金成本（元/吨）,3,THS-NI-7.1;THS-NI-7.2;THS-NI-7.3
能源成本（元/吨）,3,THS-SN-7.1;THS-SN-7.2;THS-SN-7.3
菲律宾镍矿产量（万吨）,3,THS-NI-3.1;THS-NI-3.1.1;THS-NI-3.1.2
菲律宾镍精矿进口量（万吨）,3,THS-NI-3.1;THS-NI-3.1.4;THS-NI-3.1.5
近3年同季产量均值（万吨）,3,THS-SI-3.1.1;THS-SN-3.1.1;THS-ZN-3.1.1
近3年同季产量标准差（万吨）,3,THS-SI-3.1.1;THS-SN-3.1.1;THS-ZN-3.1.1
近3年同季成本均值（元/吨）,3,THS-NI-7.1;THS-SN-7.1;THS-ZN-7.1
近3年同季成本标准差（元/吨）,3,THS-NI-7.1;THS-SN-7.1;THS-ZN-7.1
近3年同月冶炼利润均值（元/吨）,3,THS-SI-2.5;THS-SN-2.5;THS-SN-3.2.4
近3年同月冶炼利润标准差（元/吨）,3,THS-SI-2.5;THS-SN-2.5;THS-SN-3.2.4
近3年同月利润均值（元/吨）,3,THS-LI-2.5;THS-ZN-2.5;THS-ZN-3.2.4
近3年同月利润标准差（元/吨）,3,THS-LI-2.5;THS-ZN-2.5;THS-ZN-3.2.4
近3年同月均值（%）,3,THS-LI-3.1.3;THS-LI-3.2.2;THS-LI-3.2.3
近3年同月均值（元/吨）,3,THS-LI-2.4;THS-LI-3.1.5;THS-LI-3.2.4
近3年同月收盘价均值（元/吨）,3,THS-LI-2.1;THS-SN-2.1;THS-ZN-2.1
近3年同月收盘价标准差（元/吨）,3,THS-LI-2.1;THS-SN-2.1;THS-ZN-2.1
近3年同月月差均值（元/吨）,3,THS-NI-2.4;THS-SN-2.4;THS-ZN-2.4
近3年同月月差标准差（元/吨）,3,THS-NI-2.4;THS-SN-2.4;THS-ZN-2.4
近3年同月标准差（%）,3,THS-LI-3.1.3;THS-LI-3.2.2;THS-LI-3.2.3
近3年同月标准差（元/吨）,3,THS-LI-2.4;THS-LI-3.1.5;THS-LI-3.2.4
近3年同月检修量均值（万吨）,3,THS-SI-3.2.2;THS-SN-3.2.2;THS-ZN-3.2.2
近3年同月检修量标准差（万吨）,3,THS-SI-3.2.2;THS-SN-3.2.2;THS-ZN-3.2.2
进出口金额（亿元）,3,THS-SN-6.2;THS-SN-6.3;THS-SN-6.4
锌仓单注册量（手）,3,THS-ZN-2.1;THS-ZN-2.2;THS-ZN-2.4
锌锭现货升贴水（元/吨）,3,THS-ZN-4.3;THS-ZN-4.4;THS-ZN-4.5
锡锭冶炼利润时序图,3,THS-SN-2.5;THS-SN-3.2.4;THS-SN-7.2
镍合金排产计划（万吨）,3,THS-NI-5.1;THS-NI-5.2;THS-NI-5.3
镍现货升贴水,3,THS-NI-2.1;THS-NI-2.2;THS-NI-4.1
镍生铁NPI现货价格（元/吨）,3,THS-NI-2.2;THS-NI-2.4;THS-NI-2.5
镍矿成本（元/吨）,3,THS-NI-7.1;THS-NI-7.2;THS-NI-7.3
镍铁产量（万吨）,3,THS-NI-3.1.3;THS-NI-3.2;THS-NI-3.2.1
镍铁冶炼利润（元/吨）,3,THS-NI-3.1.5;THS-NI-3.2;THS-NI-3.2.4
隐性库存（万吨）,3,THS-NI-4.3;THS-SN-4.3;THS-SN-4.4
高冰镍冶炼利润（元/吨）,3,THS-NI-2.5;THS-NI-3.2;THS-NI-3.2.4
高冰镍现货价格（元/吨）,3,THS-NI-2.2;THS-NI-2.4;THS-NI-2.5
LME Cash-3M spread,2,THS-NI-2.2;THS-NI-2.3
LME Nickel Stock,2,THS-NI-4.2;THS-NI-4.3
LME工业硅收盘价（美元/吨）,2,THS-SI-2.3;THS-SI-3.1.4
LME锌收盘价（美元/吨）,2,THS-ZN-2.3;THS-ZN-5.3
LME镍近月合约价格（美元/吨）,2,THS-NI-2.3;THS-NI-2.4
LME镍远月合约价格（美元/吨）,2,THS-NI-2.3;THS-NI-2.4
SMM1#电解镍价格、SMM8-12%高镍生铁价格、SMM高冰镍价格,2,THS-NI-2.2;THS-NI-2.4
SMM1#电解镍升贴水,2,THS-NI-2.1;THS-NI-2.2
SMM1#电解镍基差,2,THS-NI-2.2;THS-NI-2.4
SMM纯镍社会库存:上海/广东/浙江,2,THS-NI-4.1;THS-NI-4.3
上期所沪铝期货仓单,2,THS-AL-4.1;THS-AL-4.2
上期所锌仓单量（手）,2,THS-ZN-2.1;THS-ZN-2.2
上期所锌库存（手）,2,THS-ZN-4.1;THS-ZN-4.3
上期所锌注销仓单（手）,2,THS-ZN-4.1;THS-ZN-4.2
上期所镍注销仓单量（手）,2,THS-NI-4.1;THS-NI-4.2
上海地区仓单量（手）,2,THS-NI-4.1;THS-NI-4.2
不锈钢废料再生镍量（万吨）,2,THS-NI-3.2;THS-NI-3.2.3
不锈钢开工率（%）,2,THS-NI-5.1;THS-NI-5.3
不锈钢排产计划（万吨）,2,THS-NI-5.1;THS-NI-5.3
中国从印尼进口镍精矿量（万吨）,2,THS-NI-3.1.1;THS-NI-3.1.4
中国从新喀里多尼亚进口镍精矿量（万吨）,2,THS-NI-3.1.1;THS-NI-3.1.4
中国从菲律宾进口镍精矿量（万吨）,2,THS-NI-3.1.1;THS-NI-3.1.4
仓单数量（万吨LCE）,2,THS-LI-4.1;THS-LI-4.2
仓单注册量变化（吨）,2,THS-NI-2.1;THS-NI-2.2
元/吨）,2,THS-NI-2.2;THS-NI-2.4
再生锡价格（元/吨）,2,THS-SN-2.5;THS-SN-7.3
再生锡冶炼利润时序图,2,THS-SN-2.5;THS-SN-3.2.4
再生锡冶炼利润（元/吨）,2,THS-SN-2.5;THS-SN-3.2.4
再生锡进口量时序图,2,THS-SN-3.2.3;THS-SN-6.1
再生锡进口量（万吨）,2,THS-SN-3.2.3;THS-SN-6.1
再生镍产量（万吨）,2,THS-NI-3.2;THS-NI-3.2.3
冶炼利润时序图,2,THS-SN-7.1;THS-SN-7.2
冶炼成本（元/吨）,2,THS-SN-7.1;THS-SN-7.2
分位成本（元/吨）,2,THS-SN-7.1;THS-SN-7.2
南非锌矿进口量（万吨）,2,THS-ZN-3.1.2;THS-ZN-3.1.4
印尼镍矿HPM基准价（美元/湿吨）,2,THS-NI-3.1;THS-NI-7.3
印尼镍矿开工天数（天/季度）,2,THS-NI-3.1.1;THS-NI-3.1.2
印尼镍精矿TC（美元/吨干矿）,2,THS-NI-3.1;THS-NI-3.1.5
印度锌矿进口量（万吨）,2,THS-ZN-3.1.2;THS-ZN-3.1.4
厂内库存时序图,2,THS-SN-4.3;THS-SN-4.4
发运天数（天）,2,THS-SN-6.1;THS-SN-6.4
国内压铸合金产量（万吨）,2,THS-ZN-5.2;THS-ZN-6.3
国内氧化锌产量（万吨）,2,THS-ZN-5.2;THS-ZN-6.3
国内电池级锌产量（万吨）,2,THS-ZN-5.2;THS-ZN-5.3
国内电锌进口量（万吨）,2,THS-ZN-6.2;THS-ZN-6.4
国内硅矿月产量（万吨）,2,THS-SI-3.1.3;THS-SI-3.1.4
国内硅矿月加工费TC（元/吨）,2,THS-SI-3.1.3;THS-SI-3.1.4
国内精炼锡检修量（万吨）,2,THS-SN-3.2.1;THS-SN-3.2.2
国内锂盐检修量（万吨LCE）,2,THS-LI-3.2.1;THS-LI-3.2.2
国内锌精炼产能（万吨）,2,THS-ZN-3.2.1;THS-ZN-3.2.2
国内锌精炼检修量（万吨）,2,THS-ZN-3.2.1;THS-ZN-3.2.2
国内锌精炼进口量（万吨）,2,THS-ZN-3.2.1;THS-ZN-3.2.2
国内锌表观消费量（万吨）,2,THS-ZN-5.1;THS-ZN-5.3
国内锡矿加工费TC（美元/吨）,2,THS-SN-3.1.3;THS-SN-3.1.5
国内镀锌板产量（万吨）,2,THS-ZN-5.2;THS-ZN-6.3
在途库存（万吨LCE）,2,THS-LI-4.1;THS-LI-4.3
在途库存（手）,2,THS-ZN-4.1;THS-ZN-4.2
多晶硅下游订单量（万吨）,2,THS-SI-5.2;THS-SI-5.3
多晶硅冶炼成本（元/吨）,2,THS-SI-2.5;THS-SI-7.1
多晶硅社会库存总量（万吨）,2,THS-SI-4.3;THS-SI-4.5
工业硅下游订单量（万吨）,2,THS-SI-5.2;THS-SI-5.3
工业硅冶炼厂检修量（万吨）,2,THS-SI-3.1.5;THS-SI-3.2.4
工业硅期货仓单注册量（吨）,2,THS-SI-2.4;THS-SI-2.6
工业硅期货持仓量（手）,2,THS-SI-2.1;THS-SI-2.4
工业硅注销仓单占比（%）,2,THS-SI-4.1;THS-SI-4.2
工业硅注销仓单量（吨）,2,THS-SI-4.1;THS-SI-4.2
工业硅能源成本（元/吨）,2,THS-SI-7.1;THS-SI-7.2
工业硅进口盈亏（元/吨）,2,THS-SI-2.2;THS-SI-2.3
广东地区仓单量（手）,2,THS-NI-4.1;THS-NI-4.2
排产计划（万吨）,2,THS-SN-5.1;THS-SN-5.3
新喀里多尼亚镍矿产量（万吨）,2,THS-NI-3.1.1;THS-NI-3.1.2
新喀里多尼亚镍矿开工天数（天/季度）,2,THS-NI-3.1.1;THS-NI-3.1.2
新喀里多尼亚镍精炼产量（万吨）,2,THS-NI-3.1.1;THS-NI-3.1.2
月差（近月-远月,2,THS-NI-2.3;THS-NI-2.4
沪铝主力价格,2,THS-AL-4.1;THS-AL-4.2
沪锡仓单总量时序图,2,THS-SN-4.1;THS-SN-4.2
沪锡仓单总量（手）,2,THS-SN-4.1;THS-SN-4.2
沪锡仓单注册量时序图,2,THS-SN-2.1;THS-SN-4.1
沪锡仓单注册量（手）,2,THS-SN-4.1;THS-SN-4.2
注销仓单数量（万吨LCE）,2,THS-LI-4.1;THS-LI-4.2
浙江地区仓单量（手）,2,THS-NI-4.1;THS-NI-4.2
海外发运量（万吨）,2,THS-SN-6.1;THS-SN-6.4
海外精炼锡产量时序图,2,THS-SN-3.1.1;THS-SN-3.2.1
海外精炼锡产量（万吨）,2,THS-SN-3.1.1;THS-SN-3.2.1
海外精炼锡开工率（%）,2,THS-SN-3.2.2;THS-SN-3.2.4
海外锡矿加工费TC（美元/吨）,2,THS-SN-3.1.1;THS-SN-3.1.5
消费占比（%）,2,THS-SN-5.1;THS-SN-5.3
澳大利亚锌矿进口量（万吨）,2,THS-ZN-3.1.2;THS-ZN-3.1.4
澳大利亚镍矿产量（万吨）,2,THS-NI-3.1;THS-NI-3.1.2
现金成本时序图,2,THS-SN-7.1;THS-SN-7.2
现金成本（元/吨）,2,THS-SN-7.1;THS-SN-7.2
电池级镍回收量（万吨）,2,THS-NI-3.2;THS-NI-3.2.3
电解镍出口盈亏（元/吨）,2,THS-NI-6.2;THS-NI-7.2
电解镍现货价格、镍生铁NPI现货价格、高冰镍现货价格,2,THS-NI-2.2;THS-NI-2.4
电解镍现货价格（元/吨）、镍生铁NPI现货价格（元/吨）、高冰镍现货价格（元/吨）,2,THS-NI-2.2;THS-NI-2.4
电解镍进口量（万吨）,2,THS-NI-6.1;THS-NI-6.2
电镀镍开工率（%）,2,THS-NI-5.1;THS-NI-5.3
电镀镍排产计划（万吨）,2,THS-NI-5.1;THS-NI-5.2
碳酸锂交易所库存（万吨LCE）,2,THS-LI-4.1;THS-LI-4.2
碳酸锂冶炼利润（元/吨）,2,THS-LI-2.5;THS-LI-3.2.4
秘鲁锌矿进口量（万吨）,2,THS-ZN-3.1.2;THS-ZN-3.1.4
终端产量（万吨）,2,THS-SN-5.1;THS-SN-5.2
缅甸锡矿产量（万吨）,2,THS-SN-3.1.1;THS-SN-3.1.2
缅甸锡矿加工费TC时序图,2,THS-SN-3.1.5;THS-SN-7.3
缅甸锡矿加工费TC（美元/吨）,2,THS-SN-3.1.5;THS-SN-3.2.4
缅甸锡矿进口量（万吨）,2,THS-SN-3.1.4;THS-SN-3.1.5
美元/吨）,2,THS-NI-2.3;THS-NI-2.4
菲律宾镍矿开工天数（天/季度）,2,THS-NI-3.1.1;THS-NI-3.1.2
菲律宾镍精炼产量（万吨）,2,THS-NI-3.1.1;THS-NI-3.1.2
菲律宾镍精矿TC（美元/吨干矿）,2,THS-NI-3.1;THS-NI-3.1.5
近1年仓单量分位（%）,2,THS-NI-4.1;THS-NI-4.2
近1年电解镍冶炼利润分位（%）,2,THS-NI-2.5;THS-NI-3.2.4
近3年同周库存均值（万吨）,2,THS-SN-4.3;THS-ZN-4.3
近3年同周库存标准差（万吨）,2,THS-SN-4.3;THS-ZN-4.3
近3年同月TC均值（美元/吨干矿）,2,THS-NI-3.1.5;THS-ZN-3.1.5
近3年同月TC标准差（美元/吨干矿）,2,THS-NI-3.1.5;THS-ZN-3.1.5
近3年同月仓单量均值（手）,2,THS-NI-4.1;THS-NI-4.2
近3年同月仓单量标准差（手）,2,THS-NI-4.1;THS-NI-4.2
近3年同月加工费TC均值（美元/吨）,2,THS-SN-3.1.3;THS-SN-3.1.5
近3年同月加工费TC标准差（美元/吨）,2,THS-SN-3.1.3;THS-SN-3.1.5
近3年同月多空持仓比均值（%）,2,THS-LI-2.6;THS-SN-2.6
近3年同月多空持仓比标准差（%）,2,THS-LI-2.6;THS-SN-2.6
近3年同月库存均值（万吨）,2,THS-SN-4.4;THS-SN-4.5
近3年同月库存标准差（万吨）,2,THS-SN-4.4;THS-SN-4.5
近3年同月持仓量均值（手）,2,THS-LI-2.1;THS-SN-2.1
近3年同月持仓量标准差（手）,2,THS-LI-2.1;THS-SN-2.1
近3年同月收盘价均值（美元/吨）,2,THS-SN-2.3;THS-ZN-2.3
近3年同月收盘价标准差（美元/吨）,2,THS-SN-2.3;THS-ZN-2.3
近3年同月表观消费量均值（万吨）,2,THS-ZN-5.1;THS-ZN-5.3
近3年同月表观消费量标准差（万吨）,2,THS-ZN-5.1;THS-ZN-5.3
近3年同期利润均值（元/吨）,2,THS-ZN-2.5;THS-ZN-3.2.4
进口依赖度（%）,2,THS-NI-3.1.3;THS-NI-3.1.4
进口费用（元/吨）,2,THS-NI-2.2;THS-NI-2.3
金属硅进口量（万吨）,2,THS-SI-6.1;THS-SI-6.4
锂矿TC（元/吨）,2,THS-LI-3.1.5;THS-LI-3.2.4
锌冶炼估值分位（%）,2,THS-ZN-2.5;THS-ZN-2.6
锌冶炼利润分位（%）,2,THS-ZN-2.5;THS-ZN-3.1.5
锌合金冶炼利润（元/吨）,2,THS-ZN-2.5;THS-ZN-3.2.4
锌基差（元/吨）,2,THS-ZN-2.1;THS-ZN-2.2
锡精矿价格（元/吨）,2,THS-SN-2.5;THS-SN-7.3
锡锭冶炼利润（元/吨）,2,THS-SN-2.5;THS-SN-3.2.4
锡锭现货价格（元/吨）,2,THS-SN-2.2;THS-SN-2.5
镍价（元/吨）,2,THS-NI-7.1;THS-NI-7.2
镍合金开工率（%）,2,THS-NI-5.1;THS-NI-5.3
镍基差,2,THS-NI-2.2;THS-NI-2.4
镍期货仓单数量（吨）,2,THS-NI-2.1;THS-NI-2.2
镍现货升贴水（元/吨）、沪镍主力合约收盘价（元/吨）,2,THS-NI-2.1;THS-NI-2.2
镍精矿进口总量（万吨）,2,THS-NI-3.1;THS-NI-3.1.4
镍精矿进口量（万吨）,2,THS-NI-3.1.3;THS-NI-3.1.4
镍铁开工率（%）,2,THS-NI-3.2;THS-NI-3.2.2
隐性库存占比（%）,2,THS-NI-4.5;THS-SN-4.5
隐性库存（万吨LCE）,2,THS-LI-4.1;THS-LI-4.3
高冰镍再生量（万吨）,2,THS-NI-3.2;THS-NI-3.2.3
高冰镍开工率（%）,2,THS-NI-3.2;THS-NI-3.2.2
高冰镍成本（元/吨）,2,THS-NI-7.1;THS-NI-7.3
2,1,THS-NI-7.3
4,1,THS-NI-7.3
6,1,THS-NI-7.3
8,1,THS-NI-7.3
9,1,THS-NI-7.3
A00现货价,1,THS-AL-3.3
A00铝现货均价,1,THS-AL-3.1
COME,1,THS-CU-2.3
COMEX Copper活跃合约,1,THS-CU-2.3
COMEX仓单（手）,1,THS-LI-2.3
COMEX工业硅收盘价（美元/磅）,1,THS-SI-2.3
COMEX工业硅现货升贴水（美元/磅）,1,THS-SI-2.3
COMEX活跃价折算美元/吨相对LME 3M溢价,1,THS-CU-2.3
COMEX锂价（美元/吨）,1,THS-LI-2.3
COMEX锌收盘价（美元/吨）,1,THS-ZN-2.3
COMEX锡期货收盘价（美元/吨）,1,THS-SN-2.3
COMEX镍期货收盘价（美元/磅）,1,THS-NI-2.3
Cancelled warrants,1,THS-CU-4.4
Electrolytic nickel production,1,THS-NI-3.2
LME Copper Cash/3M,1,THS-CU-2.3
LME Nickel Stock（吨）,1,THS-NI-4.1
LME warranted stocks,1,THS-NI-2.3
LME-approved warehouses,1,THS-CU-4.4
LME工业硅3个月期货收盘价（美元/吨）,1,THS-SI-2.3
LME工业硅持仓量（手）,1,THS-SI-2.3
LME工业硅现货升贴水（美元/吨）,1,THS-SI-2.3
LME工业硅现金价格（美元/吨）,1,THS-SI-2.3
LME铜库存、上期所铜库存、COMEX铜库存,1,THS-CU-4.1
LME锂价（美元/吨）,1,THS-LI-2.3
LME锌现货升贴水（美元/吨）,1,THS-ZN-2.3
LME锡交易所库存时序图,1,THS-SN-4.1
LME锡交易所库存（手）,1,THS-SN-4.1
LME锡估值分位（%）,1,THS-SN-2.5
LME锡月差时序图,1,THS-SN-2.4
LME锡月差（美元/吨）,1,THS-SN-2.4
LME锡期货收盘价时序图,1,THS-SN-2.3
LME锡期限结构时序图,1,THS-SN-2.4
LME锡期限结构（美元/吨）,1,THS-SN-2.4
LME锡现货现金价时序图,1,THS-SN-2.3
LME锡近远月价差（美元/吨）,1,THS-SN-2.4
LME镍3个月期货价格（美元/吨）,1,THS-NI-2.3
LME镍主力合约收盘价、LME镍主力合约持仓量,1,THS-NI-2.3
LME镍主力合约收盘价（美元/吨）、LME镍主力合约持仓量（手）,1,THS-NI-2.3
LME镍仓单数量、LME镍仓单注册量变化,1,THS-NI-2.3
LME镍仓单数量、LME镍月差,1,THS-NI-2.3
LME镍仓单数量（吨）、LME镍仓单注册量变化（吨）,1,THS-NI-2.3
LME镍仓单数量（吨）、LME镍月差（美元/吨）,1,THS-NI-2.3
LME镍仓单注册量变化（吨）,1,THS-NI-2.3
LME镍前20名净持仓量（手）,1,THS-NI-2.6
LME镍升贴水0-3（LME Nickel Premium/Discount 0-3）,1,THS-NI-4.1
LME镍库存、沪镍主力合约收盘价,1,THS-NI-5.3
LME镍库存（LME Nickel Stock）,1,THS-NI-4.1
LME镍月差（美元/吨）,1,THS-NI-2.4
LME镍注册仓单（LME Nickel Registered Stock）、LME镍注销仓单（LME,1,THS-NI-4.2
LME镍注册仓单（LME镍注册仓单）,1,THS-NI-5.3
LME镍注销仓单占比（LME Nickel Unregistered Stock Ratio）,1,THS-NI-4.2
LME镍现货价格（美元/吨）、LME镍3个月期货价格（美元/吨）、升贴水（美元/吨）,1,THS-NI-2.2
LME镍现金-3个月月差,1,THS-NI-2.3
LME镍现金价格（美元/吨）,1,THS-NI-2.3
LME镍现金价格（美元/吨）、LME镍3个月期货价格（美元/吨）、现金-3个月月差（美元/吨）,1,THS-NI-2.3
LME镍近月-远月价差（美元/吨）,1,THS-NI-2.4
Matte nickel production,1,THS-NI-3.2
Mysteel/SMM社会库存,1,THS-AL-4.2
Mysteel中国精炼镍27库社会库存,1,THS-NI-4.3
Mysteel中国精炼镍27库社会库存、LME镍库存,1,THS-NI-4.3
Mysteel中国精炼镍27库社会库存、Mysteel精炼镍仓单库存,1,THS-NI-4.3
Mysteel中国精炼镍27库社会库存、沪镍主力合约收盘价,1,THS-NI-4.3
Mysteel中国精炼镍在途库存,1,THS-NI-4.5
Mysteel中国精炼镍在途库存、沪镍主力合约收盘价,1,THS-NI-4.5
Mysteel中国精炼镍在途库存、隐性库存,1,THS-NI-4.3
Mysteel中国精炼镍社会库存:上海/广东/浙江,1,THS-NI-4.3
Mysteel中国精炼镍隐性库存,1,THS-NI-4.5
Mysteel中国精炼镍隐性库存、Mysteel精炼镍仓单库存,1,THS-NI-4.5
Mysteel国内市场电解铜现货库存,1,THS-CU-4.3
Mysteel电解镍厂库存,1,THS-NI-4.4
Mysteel社会库存,1,THS-AL-4.2
Mysteel精炼镍仓单库存、LME镍库存,1,THS-NI-4.2
Mysteel精炼镍仓单库存、Mysteel纯镍现货升贴水,1,THS-NI-4.2
Mysteel精炼镍仓单库存、沪镍主力合约收盘价,1,THS-NI-4.2
Mysteel精炼镍仓单库存、注销仓单,1,THS-NI-4.2
Mysteel精炼镍仓单注销占比,1,THS-NI-4.2
Mysteel精炼镍厂库存:分工艺,1,THS-NI-4.4
Mysteel纯镍现货升贴水,1,THS-NI-4.1
Mysteel进口镍在途量:分国别,1,THS-NI-4.5
Mysteel镍精矿TC、Mysteel中国精炼镍在途库存,1,THS-NI-4.5
Mysteel镍精矿TC、Mysteel镍厂库存总量,1,THS-NI-4.4
Mysteel镍豆进口盈亏,1,THS-NI-4.1
Mysteel镍铁厂库存,1,THS-NI-4.4
Mysteel高冰镍厂库存,1,THS-NI-4.4
NPI冶炼利润（元/吨）,1,THS-NI-2.5
Nickel concentrate TC,1,THS-NI-3.1
Nickel sulfate production,1,THS-NI-3.2
Recycled nickel production,1,THS-NI-3.2
Refined nickel production,1,THS-NI-3.2
SHFE/LME比价,1,THS-CU-2.3
SHFE铜仓单、沪铜主力价格、现货升贴水,1,THS-CU-4.2
SMM 1#电解铜升贴水,1,THS-CU-2.3
SMM EQ-A铜升贴水,1,THS-CU-2.3
SMM1#电解镍价格、SMM8-12%高镍生铁价格、SMM高冰镍价格、冶炼利润,1,THS-NI-2.5
SMM1#电解镍价格、电解镍冶炼完全成本、电解镍冶炼利润,1,THS-NI-2.5
SMM8-12%高镍生铁价格、SMM1#电解镍价格、NPI冶炼利润,1,THS-NI-2.5
SMM中国主流地区电解铜社会库存,1,THS-CU-4.3
SMM周度铝锭库存 / 国内主流消费地电解铝锭库存,1,THS-AL-4.2
SMM国内铝水比例,1,THS-AL-4.3
SMM纯镍社会库存:三地总量,1,THS-NI-4.3
SMM纯镍社会库存:三地总量、LME镍库存,1,THS-NI-4.3
SMM纯镍社会库存:三地总量、SMM纯镍社会库存:上期所,1,THS-NI-4.3
SMM纯镍社会库存:三地总量、沪镍主力合约收盘价,1,THS-NI-4.3
SMM纯镍社会库存:上期所、LME镍库存,1,THS-NI-4.2
SMM纯镍社会库存:上期所、SMM纯镍现货升贴水,1,THS-NI-4.2
SMM纯镍社会库存:上期所、沪镍主力合约收盘价,1,THS-NI-4.2
SMM纯镍社会库存:上期所（含注销仓单）,1,THS-NI-4.2
SMM纯镍社会库存:在途,1,THS-NI-4.5
SMM纯镍社会库存:在途/隐性,1,THS-NI-4.3
SMM纯镍社会库存:在途、沪镍主力合约收盘价,1,THS-NI-4.5
SMM纯镍社会库存:隐性,1,THS-NI-4.5
SMM纯镍社会库存:隐性、SMM纯镍社会库存:上期所,1,THS-NI-4.5
SMM进口镍在途量:分国别,1,THS-NI-4.5
SMM镍精矿TC、SMM纯镍社会库存:在途,1,THS-NI-4.5
SMM镍精矿TC、SMM镍厂库存总量,1,THS-NI-4.4
SMM高冰镍价格、SMM1#电解镍价格、高冰镍冶炼利润,1,THS-NI-2.5
SMM高冰镍厂库存,1,THS-NI-4.4
三元电池排产,1,THS-NI-5.2
三元电池排产、沪镍主力合约收盘价,1,THS-NI-5.2
上期所锌仓单分地区（手）,1,THS-ZN-4.2
上期所锌仓单持有天数（天）,1,THS-ZN-4.2
上期所锌库存分地区（手）,1,THS-ZN-4.1
上期所镍仓单量,1,THS-NI-4.1
上期所镍仓单量、上期所镍注销仓单量,1,THS-NI-4.2
上期所镍仓单量、上期所镍注销仓单量、注销占比,1,THS-NI-4.2
上期所镍仓单量、沪镍主力合约收盘价,1,THS-NI-4.2
上期所镍仓单量、镍现货升贴水,1,THS-NI-4.2
上海、广东、江苏、浙江、江西等区域库存,1,THS-CU-4.3
上海、广东等保税区库存,1,THS-CU-4.4
上海、江苏、广东、浙江等仓单数量,1,THS-CU-4.2
上海保税区铜库存、广东保税区铜库存,1,THS-CU-4.4
上海地区仓单量、广东地区仓单量、浙江地区仓单量,1,THS-NI-4.1
上海地区社会库存、广东地区社会库存、浙江地区社会库存,1,THS-NI-4.3
上海地区社会库存（万吨）,1,THS-NI-4.3
上海库存、广东库存、江苏库存,1,THS-CU-4.3
上海锌现货升贴水（元/吨）,1,THS-ZN-2.2
不锈钢废料再生镍量,1,THS-NI-3.2
不锈钢开工率,1,THS-NI-5.1
不锈钢终端产量（万吨）,1,THS-NI-5.2
不锈钢表观消费量、三元电池排产,1,THS-NI-5.2
不锈钢表观消费量、沪镍主力合约收盘价,1,THS-NI-5.2
中位成本,1,THS-AL-3.1
中国主要地区/市场电解铝社会库存,1,THS-AL-4.2
中国主要地区电解铝社会库存,1,THS-AL-4.3
中国未锻轧铝及铝材月度出口量,1,THS-AL-6.2
中国未锻轧铝及铝材月度进口量,1,THS-AL-6.2
中国氧化铝进口/出口/净进口,1,THS-AL-6.1
中国电解铝企业厂内铝锭库存,1,THS-AL-4.3
中国硅矿月产能（万吨）,1,THS-SI-3.1.2
中国硅矿月再生产量（万吨）,1,THS-SI-3.1.2
中国硅矿月加工费TC（元/吨）,1,THS-SI-3.1.2
中国硅矿月进口总量（万吨）,1,THS-SI-3.1.4
中国硅矿月进口量（万吨）,1,THS-SI-3.1.2
中国铝制品月度出口量,1,THS-AL-6.3
中国镍矿到港量（万吨）,1,THS-NI-7.3
亏损产量占比,1,THS-AL-3.1
云南镍矿产能利用率（%）,1,THS-NI-3.1.3
云南镍矿产量（万吨）,1,THS-NI-3.1.3
云南镍矿开工天数（天/月）,1,THS-NI-3.1.3
云南镍矿检修量（万吨）,1,THS-NI-3.1.3
亚洲锂矿产量（万吨LCE）,1,THS-LI-3.1.2
仓单库存天数（天）,1,THS-LI-4.2
仓单注册量、仓单注销量、仓单总量,1,THS-CU-4.2
仓单注册量（吨）,1,THS-SN-2.1
仓单注销占比（%）,1,THS-LI-4.2
价差（电解镍-NPI,1,THS-NI-2.2
估值分位（%）,1,THS-LI-2.5
估算辅料成本,1,THS-AL-3.2
俄罗斯发运占比（%）,1,THS-SN-6.4
俄罗斯发运量（万吨）,1,THS-SN-6.4
俄罗斯精炼锡开工率（%）,1,THS-SN-3.2.2
俄罗斯锡矿加工费TC（美元/吨）,1,THS-SN-3.1.5
俄罗斯锡矿进口量占比（%）,1,THS-SN-3.1.4
俄罗斯锡矿进口量时序图,1,THS-SN-3.1.4
俄罗斯锡矿进口量（万吨）,1,THS-SN-3.1.4
俄罗斯锡精矿产量占比（%）,1,THS-SN-3.1.2
俄罗斯锡精矿产量时序图,1,THS-SN-3.1.2
俄罗斯锡精矿产量（万吨）,1,THS-SN-3.1.2
俄罗斯锡精矿进口量（万吨）,1,THS-SN-6.1
俄罗斯锡锭出口量（万吨）,1,THS-SN-6.2
俄罗斯锡锭进口量（万吨）,1,THS-SN-6.2
保税区仓单时序图,1,THS-SN-6.2
保税区库存、沪伦进口盈亏或COMEX-LME价差,1,THS-CU-4.4
保税区库存、进口利润、精废价差,1,THS-CU-4.4
保税区库存（万吨）,1,THS-SN-6.1
具体执行,1,THS-NI-4.5
再生氢氧化锂产量（万吨LCE）,1,THS-LI-3.2.3
再生碳酸锂产量（万吨LCE）,1,THS-LI-3.2.3
再生锌产能（万吨）,1,THS-ZN-3.2.3
再生锌冶炼利润（元/吨）,1,THS-ZN-2.5
再生锌检修量（万吨）,1,THS-ZN-3.2.3
再生锌进口盈亏（元/吨）,1,THS-ZN-3.2.3
再生锌进口量分国别（万吨）,1,THS-ZN-3.2.3
再生锌进口量（万吨）,1,THS-ZN-3.2.3
再生锡产能利用率时序图,1,THS-SN-3.2.3
再生锡价格时序图,1,THS-SN-7.3
再生锡开工天数（天）,1,THS-SN-3.2.3
再生锡开工率时序图,1,THS-SN-3.2.3
再生锡检修量时序图,1,THS-SN-3.2.3
再生锡检修量（万吨）,1,THS-SN-3.2.3
再生锡进口量分国别时序图,1,THS-SN-6.1
再生镍-电解镍产量比（倍）,1,THS-NI-3.2.3
再生镍占比（%）,1,THS-NI-3.2.3
冰晶石现货价,1,THS-AL-3.2
冶炼产能（万吨LCE）,1,THS-LI-3.2.4
冶炼检修量（万吨LCE）,1,THS-LI-3.2.4
几内亚铝土矿CIF/FOB,1,THS-AL-3.3
出口金额、出口均价,1,THS-AL-6.3
分原料硫酸镍利润（元/镍吨）,1,THS-NI-7.2
分原料硫酸镍利润（元/镍吨）（MHP/高冰镍/镍豆）,1,THS-NI-7.2
分原料硫酸镍完全成本（元/镍吨）,1,THS-NI-7.1
分国别锡矿加工费TC时序图,1,THS-SN-3.1.5
分国别锡精矿产量结构占比时序图,1,THS-SN-3.1.2
删除图数,1,THS-NI-7.3
前20名席位轮动方向（多头增加/空头增加/双增/双减）,1,THS-NI-2.6
前20名持仓集中度（%）,1,THS-NI-2.6
前20多头净持仓（手）,1,THS-LI-2.6
前20席位总持仓（手）,1,THS-LI-2.6
前20空头净持仓（手）,1,THS-LI-2.6
动力煤价格指数,1,THS-AL-3.3
动力电池废料进口量（万吨）,1,THS-NI-3.2.3
动力电池开工率（%）,1,THS-NI-5.3
动力电池终端产量（万吨）,1,THS-NI-5.2
升水铜升贴水,1,THS-CU-2.3
升贴水（美元/吨）,1,THS-NI-2.3
单吨氧化铝成本,1,THS-AL-3.2
单吨阳极成本,1,THS-AL-3.2
南美TC（元/吨）,1,THS-LI-3.1.5
南美进口占比（%）,1,THS-LI-3.1.4
南美进口量（万吨LCE）,1,THS-LI-3.1.4
南美锂矿产量（万吨LCE）,1,THS-LI-3.1.2
南非锌矿产能利用率（%）,1,THS-ZN-3.1.2
南非锌矿产量（万吨）,1,THS-ZN-3.1.2
南非锌矿再生产量（万吨）,1,THS-ZN-3.1.2
南非锌矿开工率（%）,1,THS-ZN-3.1.2
南非锌矿检修量（万吨）,1,THS-ZN-3.1.2
南非锌精炼产量（万吨）,1,THS-ZN-3.1.2
印尼-菲律宾进口量比（倍）,1,THS-NI-3.1.4
印尼再生锡产能（万吨）,1,THS-SN-3.2.3
印尼再生锡产量（万吨）,1,THS-SN-3.2.3
印尼再生锡进口量（万吨）,1,THS-SN-6.1
印尼出口占比（%）,1,THS-SN-6.3
印尼厂内库存占比（%）,1,THS-SN-4.4
印尼厂内库存（万吨）,1,THS-SN-4.4
印尼发运占比（%）,1,THS-SN-6.4
印尼发运量（万吨）,1,THS-SN-6.4
印尼在途库存占比（%）,1,THS-SN-4.5
印尼消费占比（%）,1,THS-SN-5.1
印尼电子级锡出口量（万吨）,1,THS-SN-6.3
印尼电解镍进口量（万吨）,1,THS-NI-6.2
印尼社会库存占比（%）,1,THS-SN-4.3
印尼社会库存（万吨）,1,THS-SN-4.3
印尼精炼锡冶炼利润（元/吨）,1,THS-SN-3.2.4
印尼精炼锡开工率（%）,1,THS-SN-3.2.2
印尼终端消费占比（%）,1,THS-SN-5.2
印尼进口占比（%）,1,THS-NI-3.1.4
印尼进口在途量、菲律宾进口在途量、新喀里多尼亚进口在途量,1,THS-NI-4.5
印尼进口在途量（万吨）,1,THS-NI-4.5
印尼进口量（万吨）,1,THS-NI-3.1.4
印尼锡矿加工费TC（美元/吨）,1,THS-SN-3.1.5
印尼锡矿进口量占比（%）,1,THS-SN-3.1.4
印尼锡矿进口量时序图,1,THS-SN-3.1.4
印尼锡矿进口量（万吨）,1,THS-SN-3.1.4
印尼锡精矿产量占比（%）,1,THS-SN-3.1.2
印尼锡精矿产量时序图,1,THS-SN-3.1.2
印尼锡精矿进口量（万吨）,1,THS-SN-6.1
印尼锡锭进口量（万吨）,1,THS-SN-6.2
印尼镍生铁/NPI发运天数（天）,1,THS-NI-6.4
印尼镍生铁/NPI对华发运量（万吨）,1,THS-NI-6.4
印尼镍矿HPM基准价,1,THS-NI-3.1
印尼镍矿RKAB配额,1,THS-NI-3.1
印尼镍矿RKAB配额（万吨）,1,THS-NI-3.1
印尼镍矿产能利用率（%）,1,THS-NI-3.1.1
印尼镍矿产能（万吨/年）,1,THS-NI-3.1.2
印尼镍矿发运天数（天）,1,THS-NI-6.4
印尼镍矿对华发运量（万吨）,1,THS-NI-6.4
印尼镍矿检修量（万吨）,1,THS-NI-3.1.1
印尼镍矿进口量（万吨）,1,THS-NI-6.1
印尼镍矿配额利用率,1,THS-NI-3.1
印尼镍矿配额利用率（%）,1,THS-NI-3.1
印尼镍精炼产能（万吨/年）,1,THS-NI-3.1.1
印尼镍精矿TC,1,THS-NI-3.1
印尼镍铁冶炼项目样本投产条数,1,THS-NI-3.2
印尼隐性库存占比（%）,1,THS-SN-4.5
印尼需求增速（%）,1,THS-SN-5.3
印尼高冰镍完全成本、印尼高冰镍现金成本、印尼高冰镍利润,1,THS-NI-2.5
印尼高冰镍完全成本（元/吨）、印尼高冰镍现金成本（元/吨）、印尼高冰镍利润（元/吨）,1,THS-NI-2.5
印尼高冰镍完全成本（周度）、印尼高冰镍现金成本（周度）、印尼高冰镍利润（周度）,1,THS-NI-2.5
印尼高冰镍完全成本（美元/镍吨）、印尼高冰镍现金成本（美元/镍吨）,1,THS-NI-7.1
印尼高冰镍完全成本：利润（周度）,1,THS-NI-7.2
印度锌矿产能利用率（%）,1,THS-ZN-3.1.2
印度锌矿产量（万吨）,1,THS-ZN-3.1.2
印度锌矿再生产量（万吨）,1,THS-ZN-3.1.2
印度锌矿开工率（%）,1,THS-ZN-3.1.2
印度锌矿检修量（万吨）,1,THS-ZN-3.1.2
印度锌精炼产量（万吨）,1,THS-ZN-3.1.2
厂内库存分地区（万吨LCE）,1,THS-LI-4.4
厂内库存在途量（万吨LCE）,1,THS-LI-4.4
厂内库存天数（天）,1,THS-LI-4.4
厂内库存持有者（万吨LCE）,1,THS-LI-4.4
厂内库存（万吨LCE）,1,THS-LI-4.3
厂外库存（万吨）,1,THS-NI-4.3
原图数,1,THS-NI-7.3
原料成本时序图,1,THS-SN-7.3
发运天数时序图,1,THS-SN-6.4
发运量分国别结构占比时序图,1,THS-SN-6.4
各LME仓库/地点铜库存,1,THS-CU-4.1
周到港量、港口库存、氧化铝厂库存天数,1,THS-AL-6.1
四川镍矿产能利用率（%）,1,THS-NI-3.1.3
四川镍矿产量（万吨）,1,THS-NI-3.1.3
四川镍矿开工天数（天/月）,1,THS-NI-3.1.3
四川镍矿检修量（万吨）,1,THS-NI-3.1.3
回收企业产能（万吨LCE）,1,THS-LI-3.2.3
回收企业产量（万吨LCE）,1,THS-LI-3.2.3
回收企业开工天数（天）,1,THS-LI-3.2.3
回收企业开工率（%）,1,THS-LI-3.2.3
回收企业检修量（万吨LCE）,1,THS-LI-3.2.3
国产铝土矿价格,1,THS-AL-3.3
国内主流消费地电解铝库存,1,THS-AL-3.3
国内再生锌进口量（万吨）,1,THS-ZN-6.1
国内出口占比（%）,1,THS-SN-6.3
国内厂内库存占比（%）,1,THS-SN-4.4
国内厂内库存（万吨）,1,THS-SN-4.4
国内压铸合金出口量（万吨）,1,THS-ZN-6.3
国内在途库存占比（%）,1,THS-SN-4.5
国内工厂库存总量（万吨）,1,THS-SN-4.4
国内氧化锌出口量（万吨）,1,THS-ZN-6.3
国内消费占比（%）,1,THS-SN-5.1
国内电池级锌订单量（万吨）,1,THS-ZN-5.3
国内电锌保税区仓单（手）,1,THS-ZN-6.2
国内电锌保税区库存（万吨）,1,THS-ZN-6.2
国内电锌关税税率（%）,1,THS-ZN-6.2
国内电锌净进口量（万吨）,1,THS-ZN-6.2
国内电锌出口量（万吨）,1,THS-ZN-6.2
国内电锌进出口金额（亿美元）,1,THS-ZN-6.2
国内电锌进口量分国别（万吨）,1,THS-ZN-6.2
国内电锌进口量总量（万吨）,1,THS-ZN-6.2
国内硅矿月产能（万吨）,1,THS-SI-3.1.3
国内硅矿月仓单注册量（吨）,1,THS-SI-3.1.4
国内硅矿月开工率（%）,1,THS-SI-3.1.3
国内硅矿月检修量（万吨）,1,THS-SI-3.1.3
国内硅矿月沪伦比（倍）,1,THS-SI-3.1.4
国内硅矿月进口盈亏（元/吨）,1,THS-SI-3.1.4
国内社会库存与沪锡主力合约收盘价时序图,1,THS-SN-4.3
国内社会库存分地区时序图,1,THS-SN-4.3
国内社会库存占比（%）,1,THS-SN-4.3
国内社会库存天数时序图,1,THS-SN-4.3
国内社会库存总量时序图,1,THS-SN-4.3
国内社会库存总量（万吨）,1,THS-SN-4.3
国内社会库存（万吨）,1,THS-SN-4.3
国内精炼锡产能利用率时序图,1,THS-SN-3.2.1
国内精炼锡产能时序图,1,THS-SN-3.2.2
国内精炼锡产能（万吨）,1,THS-SN-3.2.2
国内精炼锡产量（万吨）,1,THS-SN-3.2.1
国内精炼锡冶炼利润估值分位（%）,1,THS-SN-3.2.4
国内精炼锡冶炼利润时序图,1,THS-SN-3.2.4
国内精炼锡冶炼利润（元/吨）,1,THS-SN-3.2.4
国内精炼锡开工天数时序图,1,THS-SN-3.2.2
国内精炼锡开工天数（天）,1,THS-SN-3.2.2
国内精炼锡检修量时序图,1,THS-SN-3.2.2
国内终端消费占比（%）,1,THS-SN-5.2
国内铝棒社会库存 / 主要市场铝棒库存,1,THS-AL-4.3
国内锂盐产能（万吨LCE）,1,THS-LI-3.2.2
国内锂盐精炼产能（万吨LCE）,1,THS-LI-3.2.1
国内锂矿产能（万吨LCE）,1,THS-LI-3.1.3
国内锂矿产量（万吨LCE）,1,THS-LI-3.1.3
国内锂矿检修量（万吨LCE）,1,THS-LI-3.1.3
国内锌冶炼产量（万吨）,1,THS-ZN-5.1
国内锌冶炼利润（元/吨）,1,THS-ZN-7.1
国内锌冶炼加工费（元/吨）,1,THS-ZN-7.1
国内锌冶炼成本分位（%）,1,THS-ZN-7.1
国内锌冶炼成本（元/吨）,1,THS-ZN-7.1
国内锌冶炼排产计划（万吨）,1,THS-ZN-5.1
国内锌冶炼日度分位成本（%）,1,THS-ZN-7.2
国内锌冶炼日度利润（元/吨）,1,THS-ZN-7.2
国内锌冶炼日度加工费（元/吨）,1,THS-ZN-7.2
国内锌冶炼日度原料成本（元/吨）,1,THS-ZN-7.2
国内锌冶炼日度现金成本（元/吨）,1,THS-ZN-7.2
国内锌冶炼日度电价（元/度）,1,THS-ZN-7.2
国内锌冶炼月天然气成本（元/吨）,1,THS-ZN-7.3
国内锌冶炼月成本（元/吨）,1,THS-ZN-7.3
国内锌冶炼月柴油成本（元/吨）,1,THS-ZN-7.3
国内锌冶炼月煤炭成本（元/吨）,1,THS-ZN-7.3
国内锌冶炼月电价（元/度）,1,THS-ZN-7.3
国内锌冶炼月硫酸成本（元/吨）,1,THS-ZN-7.3
国内锌冶炼月能源成本分结构（元/吨）,1,THS-ZN-7.3
国内锌冶炼月能源成本（元/吨）,1,THS-ZN-7.3
国内锌冶炼消费占比（%）,1,THS-ZN-5.1
国内锌冶炼表观消费量（万吨）,1,THS-ZN-5.1
国内锌冶炼订单量（万吨）,1,THS-ZN-5.1
国内锌冶炼需求增速（%）,1,THS-ZN-5.1
国内锌出口量（万吨）,1,THS-ZN-5.3
国内锌制品出口量分国别（万吨）,1,THS-ZN-6.3
国内锌制品出口量总量（万吨）,1,THS-ZN-6.3
国内锌制品出口量（万吨）,1,THS-ZN-6.3
国内锌制品出口金额（亿美元）,1,THS-ZN-6.3
国内锌厂内库存占比（%）,1,THS-ZN-4.4
国内锌厂内库存天数（天）,1,THS-ZN-4.4
国内锌厂内库存（万吨）,1,THS-ZN-4.3
国内锌厂内锌合金库存（万吨）,1,THS-ZN-4.4
国内锌厂内锌锭库存分地区（万吨）,1,THS-ZN-4.4
国内锌厂内锌锭库存（万吨）,1,THS-ZN-4.4
国内锌原料成本（元/吨）,1,THS-ZN-7.1
国内锌合金出口量（万吨）,1,THS-ZN-6.3
国内锌在途库存占比（%）,1,THS-ZN-4.5
国内锌在途库存总量（万吨）,1,THS-ZN-4.5
国内锌在途库存（万吨）,1,THS-ZN-4.3
国内锌现金成本（元/吨）,1,THS-ZN-7.1
国内锌电价（元/度）,1,THS-ZN-7.1
国内锌电解成本（元/吨）,1,THS-ZN-7.1
国内锌电解日度利润（元/吨）,1,THS-ZN-7.2
国内锌电解月成本（元/吨）,1,THS-ZN-7.3
国内锌矿TC（美元/吨干矿）,1,THS-ZN-3.1.3
国内锌矿产能利用率（%）,1,THS-ZN-3.1.3
国内锌矿产能（万吨）,1,THS-ZN-3.1.3
国内锌矿加工费TC（美元/吨干矿）,1,THS-ZN-3.1.3
国内锌矿检修量（万吨）,1,THS-ZN-3.1.3
国内锌矿进口量分国别（万吨）,1,THS-ZN-3.1.3
国内锌社会库存分地区（万吨）,1,THS-ZN-4.3
国内锌精炼开工天数（天）,1,THS-ZN-3.2.2
国内锌精炼日度产量（吨）,1,THS-ZN-7.2
国内锌精炼进口量分国别（万吨）,1,THS-ZN-3.2.1
国内锌精矿保税区库存（万吨）,1,THS-ZN-6.1
国内锌精矿关税税率（%）,1,THS-ZN-6.1
国内锌精矿发运量（万吨）,1,THS-ZN-6.1
国内锌精矿月成本（元/吨）,1,THS-ZN-7.3
国内锌精矿进口盈亏（元/吨）,1,THS-ZN-6.1
国内锌精矿进口量总量（万吨）,1,THS-ZN-6.1
国内锌锭消费量（万吨）,1,THS-ZN-5.2
国内锌隐性库存分地区（万吨）,1,THS-ZN-4.5
国内锌隐性库存占比（%）,1,THS-ZN-4.5
国内锌隐性库存总量（万吨）,1,THS-ZN-4.5
国内锌隐性库存（万吨）,1,THS-ZN-4.3
国内锡矿产能利用率时序图,1,THS-SN-3.1.3
国内锡矿产能利用率（%）,1,THS-SN-3.1.3
国内锡矿加工费TC时序图,1,THS-SN-3.1.5
国内锡矿检修量（万吨）,1,THS-SN-3.1.3
国内镀锌板/热镀锌消费量（万吨）,1,THS-ZN-5.2
国内镀锌板出口量（万吨）,1,THS-ZN-6.3
国内镀锌板开工率（%）,1,THS-ZN-5.2
国内镀锌板排产计划（万吨）,1,THS-ZN-5.3
国内镀锌板订单量（万吨）,1,THS-ZN-5.3
国内镍矿-精炼产量比（倍）,1,THS-NI-3.1
国内镍矿进口依赖度（%）,1,THS-NI-3.1
国内隐性库存占比（%）,1,THS-SN-4.5
国内需求增速（%）,1,THS-SN-5.3
在途库存、隐性库存,1,THS-NI-4.3
在途库存占比时序图,1,THS-SN-4.5
在途库存占比（%）,1,THS-SN-4.5
在途库存天数（天）,1,THS-SN-4.5
在途库存总量（万吨）,1,THS-SN-4.5
在途海运铜库存估算,1,THS-CU-4.4
基差,1,THS-AL-3.3
基差（现货-期货,1,THS-NI-2.2
多晶硅下游排产计划量（万吨）,1,THS-SI-5.3
多晶硅下游消费占比（%）,1,THS-SI-5.2
多晶硅下游终端产量（万吨）,1,THS-SI-5.2
多晶硅下游采购量（万吨）,1,THS-SI-5.3
多晶硅下游预付款（亿元）,1,THS-SI-5.3
多晶硅交易所库存总量（吨）,1,THS-SI-4.1
多晶硅仓单注册量（吨）,1,THS-SI-4.2
多晶硅估值分位（%）,1,THS-SI-2.5
多晶硅再生月产能（万吨）,1,THS-SI-3.2.3
多晶硅净出口量（万吨）,1,THS-SI-6.2
多晶硅制品净出口量（万吨）,1,THS-SI-6.3
多晶硅制品出口量（万吨）,1,THS-SI-6.3
多晶硅在途库存总量（万吨）,1,THS-SI-4.5
多晶硅工厂库存天数（天）,1,THS-SI-4.4
多晶硅注销仓单量（吨）,1,THS-SI-4.2
多晶硅海外发运量（万吨）,1,THS-SI-6.4
多晶硅现金利润（元/吨）,1,THS-SI-7.2
多晶硅精炼月检修量（万吨）,1,THS-SI-3.2.2
多晶硅隐性库存总量（万吨）,1,THS-SI-4.5
多空持仓比（多头/空头）,1,THS-NI-2.6
天津锌现货升贴水（元/吨）,1,THS-ZN-2.2
工业硅TC加工费（元/吨）,1,THS-SI-3.2.4
工业硅下游排产计划量（万吨）,1,THS-SI-5.3
工业硅下游消费占比（%）,1,THS-SI-5.2
工业硅下游消费增速（%）,1,THS-SI-5.2
工业硅下游终端产量（万吨）,1,THS-SI-5.2
工业硅下游采购量（万吨）,1,THS-SI-5.3
工业硅下游预付款（亿元）,1,THS-SI-5.3
工业硅仓单分地区量（吨）,1,THS-SI-4.2
工业硅仓单占比（%）,1,THS-SI-4.2
工业硅估值分位（%）,1,THS-SI-2.5
工业硅保税区仓单（万吨）,1,THS-SI-6.2
工业硅保税区库存（万吨）,1,THS-SI-6.1
工业硅出口关税税率（%）,1,THS-SI-6.2
工业硅出口发运天数（天）,1,THS-SI-6.2
工业硅制品保税区仓单（万吨）,1,THS-SI-6.3
工业硅制品出口关税税率（%）,1,THS-SI-6.3
工业硅制品出口发运天数（天）,1,THS-SI-6.3
工业硅加工费（元/吨）,1,THS-SI-7.2
工业硅原料成本（元/吨）,1,THS-SI-7.1
工业硅在途库存分地区量（万吨）,1,THS-SI-4.5
工业硅工厂库存在途库存（万吨）,1,THS-SI-4.4
工业硅工厂库存隐性库存（万吨）,1,THS-SI-4.4
工业硅排产计划量（万吨）,1,THS-SI-5.1
工业硅月差（元/吨）,1,THS-SI-2.2
工业硅期货多空持仓比（%）,1,THS-SI-2.6
工业硅期货成交量（手）,1,THS-SI-2.6
工业硅期货持仓量分位（%）,1,THS-SI-2.6
工业硅期货日度仓单注册量（吨）,1,THS-SI-2.1
工业硅期货日度基差（元/吨）,1,THS-SI-2.1
工业硅期货日度多空持仓比（%）,1,THS-SI-2.1
工业硅期货日度成交量（手）,1,THS-SI-2.1
工业硅期货日度持仓量分位（%）,1,THS-SI-2.1
工业硅期货日度持仓量（手）,1,THS-SI-2.1
工业硅期货近月合约收盘价（元/吨）,1,THS-SI-2.4
工业硅期货远月合约收盘价（元/吨）,1,THS-SI-2.4
工业硅沪伦比（倍）,1,THS-SI-2.2
工业硅海外发运保税区仓单（万吨）,1,THS-SI-6.4
工业硅海外发运分国别量（万吨）,1,THS-SI-6.4
工业硅海外发运发运天数（天）,1,THS-SI-6.4
工业硅海外发运发运金额（亿元）,1,THS-SI-6.4
工业硅海外发运总量（万吨）,1,THS-SI-6.4
工业硅海外发运量（万吨）,1,THS-SI-6.4
工业硅现货价格（元/吨）,1,THS-SI-2.2
工业硅现货升贴水（元/吨）,1,THS-SI-2.2
工业硅现金利润（元/吨）,1,THS-SI-7.2
工业硅矿端TC加工费分位（%）,1,THS-SI-3.1.5
工业硅矿端TC加工费（元/吨）,1,THS-SI-3.1.5
工业硅精炼月开工天数（天）,1,THS-SI-3.2.2
工业硅进口关税税率（%）,1,THS-SI-6.1
工业硅进口发运天数（天）,1,THS-SI-6.1
工业硅隐性库存分地区量（万吨）,1,THS-SI-4.5
工业硅隐性库存分持有者量（万吨）,1,THS-SI-4.5
工业级碳酸锂交易所库存（万吨LCE）,1,THS-LI-4.1
工业级碳酸锂仓单数量（万吨LCE）,1,THS-LI-4.2
工业级碳酸锂冶炼利润（元/吨）,1,THS-LI-3.2.4
工业级碳酸锂利润（元/吨）,1,THS-LI-2.5
工业级碳酸锂工厂库存（万吨LCE）,1,THS-LI-4.4
工业级碳酸锂社会库存（万吨LCE）,1,THS-LI-4.3
工厂库存总量与沪锡主力合约收盘价时序图,1,THS-SN-4.4
巴西硅矿月产能利用率（%）,1,THS-SI-3.1.2
巴西硅矿月产能（万吨）,1,THS-SI-3.1.2
巴西硅矿月产量（万吨）,1,THS-SI-3.1.2
巴西硅矿月再生产量（万吨）,1,THS-SI-3.1.2
巴西硅矿月加工费TC（元/吨）,1,THS-SI-3.1.2
巴西硅矿月开工率（%）,1,THS-SI-3.1.2
巴西硅矿月进口量（万吨）,1,THS-SI-3.1.2
平水铜升贴水,1,THS-CU-2.3
广东地区社会库存（万吨）,1,THS-NI-4.3
广东锌现货升贴水（元/吨）,1,THS-ZN-2.2
废铝进口来源国数量/占比,1,THS-AL-6.1
总进口量（万吨）,1,THS-SN-3.1.4
排产计划时序图,1,THS-SN-5.3
新喀里多尼亚电解镍进口量（万吨）,1,THS-NI-6.2
新喀里多尼亚进口占比（%）,1,THS-NI-3.1.4
新喀里多尼亚进口在途量（万吨）,1,THS-NI-4.5
新喀里多尼亚进口量（万吨）,1,THS-NI-3.1.4
新喀里多尼亚镍矿产能利用率（%）,1,THS-NI-3.1.1
新喀里多尼亚镍矿产能（万吨/年）,1,THS-NI-3.1.2
新喀里多尼亚镍矿检修量（万吨）,1,THS-NI-3.1.1
新喀里多尼亚镍矿进口量（万吨）,1,THS-NI-6.1
新喀里多尼亚镍精炼产能（万吨/年）,1,THS-NI-3.1.1
新喀里多尼亚镍精矿TC（美元/吨干矿）,1,THS-NI-3.1.5
新增图数,1,THS-NI-7.3
无锡、佛山、巩义、上海、重庆、天津等区域库存,1,THS-AL-4.2
日度分原料硫酸镍完全成本（元/镍吨）,1,THS-NI-7.1
日度分原料硫酸镍完全成本（元/镍吨）（MHP/高冰镍/镍豆）,1,THS-NI-7.1
最终图数,1,THS-NI-7.3
月差（近月-远月）,1,THS-NI-2.1
期限结构斜率（元/吨/月）,1,THS-ZN-2.4
氟化铝现货价,1,THS-AL-3.2
氢氧化锂交易所库存（万吨LCE）,1,THS-LI-4.1
氢氧化锂仓单数量（万吨LCE）,1,THS-LI-4.2
氢氧化锂升贴水占比（%）,1,THS-LI-2.2
氢氧化锂工厂库存（万吨LCE）,1,THS-LI-4.4
氢氧化锂现货升贴水（元/吨）,1,THS-LI-2.2
氢氧化锂社会库存（万吨LCE）,1,THS-LI-4.3
氧化铝、电力、阳极、其他成本占比,1,THS-AL-3.2
氧化铝现货均价/指数,1,THS-AL-3.2
沪锡交易所库存时序图,1,THS-SN-4.1
沪锡交易所库存（手）,1,THS-SN-4.1
沪锡仓单注册量与LME锡仓单总量时序图,1,THS-SN-4.1
沪锡估值分位（%）,1,THS-SN-2.5
沪锡前20净持仓时序图,1,THS-SN-2.6
沪锡在途仓单（手）,1,THS-SN-4.2
沪锡在途库存（手）,1,THS-SN-4.1
沪锡基差（元/吨）,1,THS-SN-2.1
沪锡多空持仓比时序图,1,THS-SN-2.6
沪锡库存天数（天）,1,THS-SN-4.1
沪锡月差时序图,1,THS-SN-2.4
沪锡月差（元/吨）,1,THS-SN-2.4
沪锡期限结构时序图,1,THS-SN-2.4
沪锡期限结构（元/吨）,1,THS-SN-2.4
沪锡注销仓单量时序图,1,THS-SN-4.2
沪锡注销占比时序图,1,THS-SN-4.2
沪锡社会库存时序图,1,THS-SN-2.1
沪锡近远月价差时序图,1,THS-SN-2.4
沪锡近远月价差（元/吨）,1,THS-SN-2.4
沪锡隐性仓单（手）,1,THS-SN-4.2
沪锡隐性库存（手）,1,THS-SN-4.1
沪镍3个月期货价格（元/吨）,1,THS-NI-2.4
沪镍主力合约价格（元/吨）、LME镍现货价格（美元/吨）、汇率（USD/CNY）,1,THS-NI-2.3
沪镍主力合约价格（元/吨）、LME镍现货价格（美元/吨）、汇率（USD/CNY）、进口费用（元/吨）,1,THS-NI-2.2
沪镍主力合约前20名净持仓量（手）,1,THS-NI-2.6
沪镍主力合约前20名净持仓量（手）= 多头持仓量 - 空头持仓量,1,THS-NI-2.6
沪镍主力合约前20名多头持仓量（手）,1,THS-NI-2.6
沪镍主力合约前20名多头持仓量（手）、沪镍主力合约前20名空头持仓量（手）,1,THS-NI-2.6
沪镍主力合约前20名多头持仓量（手）、沪镍主力合约前20名空头持仓量（手）、前20名席位轮动方向（多,1,THS-NI-2.6
沪镍主力合约前20名多头持仓量（手）、沪镍主力合约前20名空头持仓量（手）、前20名持仓总量（手）、,1,THS-NI-2.6
沪镍主力合约前20名多头持仓量（手）、沪镍主力合约前20名空头持仓量（手）、多空持仓比（多头/空头）,1,THS-NI-2.6
沪镍主力合约前20名持仓总量（手）,1,THS-NI-2.6
沪镍主力合约前20名空头持仓量（手）,1,THS-NI-2.6
沪镍主力合约持仓量、前20名多头持仓量、前20名空头持仓量,1,THS-NI-2.1
沪镍主力合约收盘价、沪镍主力合约成交量,1,THS-NI-2.1
沪镍主力合约收盘价（元/吨）、近1年沪镍价格分位（%）,1,THS-NI-2.5
沪镍前20名多头持仓量、沪镍前20名空头持仓量,1,THS-NI-2.6
沪镍前20名多空持仓比,1,THS-NI-2.6
沪镍前20名席位轮动方向,1,THS-NI-2.6
沪镍前20名持仓集中度,1,THS-NI-2.6
沪镍前20名期货公司席位成交量（手）,1,THS-NI-2.1
沪镍月差,1,THS-NI-2.4
沪镍月差（元/吨）,1,THS-NI-2.4
沪镍期货仓单数量、仓单注册量变化,1,THS-NI-2.1
沪镍现金-3个月月差,1,THS-NI-2.4
沪镍现金价格（元/吨）,1,THS-NI-2.4
沪镍现金价格（元/吨）、沪镍3个月期货价格（元/吨）、现金-3个月月差（元/吨）,1,THS-NI-2.4
沪镍近月-远月价差（元/吨）,1,THS-NI-2.4
沪镍近月-远月价差（元/吨）、LME镍近月-远月价差（美元/吨）、汇率（USD/CNY）,1,THS-NI-2.4
沪镍近月合约价格、沪镍远月合约价格、月差,1,THS-NI-2.1
沪镍近月合约价格、沪镍远月合约价格、月差（近月-远月）,1,THS-NI-2.1
沪镍近月合约价格（元/吨）,1,THS-NI-2.4
沪镍远月合约价格,1,THS-NI-2.1
沪镍远月合约价格（元/吨）,1,THS-NI-2.4
浙江地区社会库存（万吨）,1,THS-NI-4.3
海外产能（万吨LCE）,1,THS-LI-3.1.1
海外加工费TC（元/吨）,1,THS-LI-3.1.1
海外发运量与发运天数时序图,1,THS-SN-6.4
海外发运量分国别时序图,1,THS-SN-6.4
海外发运量时序图,1,THS-SN-6.4
海外对华发运总量（万吨）,1,THS-NI-6.4
海外对华电锌发运量（万吨）,1,THS-ZN-6.4
海外对华锌保税区仓单（手）,1,THS-ZN-6.4
海外对华锌保税区库存（万吨）,1,THS-ZN-6.4
海外对华锌发运天数（天）,1,THS-ZN-6.4
海外对华锌发运盈亏（元/吨）,1,THS-ZN-6.4
海外对华锌发运量分国别（万吨）,1,THS-ZN-6.4
海外对华锌发运量总量（万吨）,1,THS-ZN-6.4
海外对华锌发运量（万吨）,1,THS-ZN-6.4
海外对华锌精矿发运量（万吨）,1,THS-ZN-6.4
海外开工率（%）,1,THS-LI-3.1.1
海外检修量（万吨LCE）,1,THS-LI-3.1.1
海外现货升贴水（美元/吨）,1,THS-LI-2.3
海外硅矿季度产能利用率（%）,1,THS-SI-3.1.1
海外硅矿季度产能（万吨）,1,THS-SI-3.1.1
海外硅矿季度产量（万吨）,1,THS-SI-3.1.1
海外硅矿季度再生产量（万吨）,1,THS-SI-3.1.1
海外硅矿季度加工费TC（元/吨）,1,THS-SI-3.1.1
海外硅矿季度开工率（%）,1,THS-SI-3.1.1
海外硅矿季度检修量（万吨）,1,THS-SI-3.1.1
海外硅矿季度进口量（万吨）,1,THS-SI-3.1.1
海外精炼产量（万吨LCE）,1,THS-LI-3.1.1
海外精炼锡冶炼利润时序图,1,THS-SN-3.2.4
海外精炼锡冶炼利润（元/吨）,1,THS-SN-3.2.4
海外精炼锡开工率时序图,1,THS-SN-3.2.2
海外精炼锡检修量时序图,1,THS-SN-3.2.2
海外精炼锡检修量（万吨）,1,THS-SN-3.2.2
海外进口量分国别（万吨LCE）,1,THS-LI-3.1.1
海外进口量（万吨LCE）,1,THS-LI-3.1.1
海外锂矿产能分国别（万吨LCE）,1,THS-LI-3.1.2
海外锂矿产量（万吨LCE）,1,THS-LI-3.1.1
海外锂矿出口量分国别（万吨LCE）,1,THS-LI-3.1.2
海外锂矿库存分国别（万吨LCE）,1,THS-LI-3.1.2
海外锂矿进口量分国别（万吨LCE）,1,THS-LI-3.1.2
海外锌矿产能利用率（%）,1,THS-ZN-3.1.1
海外锌矿产能（万吨）,1,THS-ZN-3.1.1
海外锌矿产量（万吨）,1,THS-ZN-3.1.1
海外锌矿再生产量（万吨）,1,THS-ZN-3.1.1
海外锌矿加工费TC（美元/吨干矿）,1,THS-ZN-3.1.1
海外锌矿开工率（%）,1,THS-ZN-3.1.1
海外锌矿检修量（万吨）,1,THS-ZN-3.1.1
海外锌矿进口量分国别（万吨）,1,THS-ZN-3.1.1
海外锌矿进口量（万吨）,1,THS-ZN-3.1.1
海外锌精炼产量（万吨）,1,THS-ZN-3.1.1
海外锡矿产能利用率时序图,1,THS-SN-3.1.1
海外锡矿产能利用率（%）,1,THS-SN-3.1.1
海外锡矿产量（万吨）,1,THS-SN-3.1.1
海外锡矿加工费TC时序图,1,THS-SN-3.1.5
海外锡矿开工率时序图,1,THS-SN-3.1.1
海外锡矿开工率（%）,1,THS-SN-3.1.1
海外锡矿进口量（万吨）,1,THS-SN-3.1.1
海外锡精矿产量总量（万吨）,1,THS-SN-3.1.2
海外锡精矿产量时序图,1,THS-SN-3.1.1
海外镍矿产量分国别占比,1,THS-NI-3.1
海外镍矿产量分国别占比（%）,1,THS-NI-3.1
湿法铜升贴水,1,THS-CU-2.3
澳大利亚TC（元/吨）,1,THS-LI-3.1.5
澳大利亚进口占比（%）,1,THS-LI-3.1.4
澳大利亚进口量（万吨LCE）,1,THS-LI-3.1.4
澳大利亚进口量（万吨）,1,THS-NI-3.1.4
澳大利亚锂矿产量（万吨LCE）,1,THS-LI-3.1.2
澳大利亚锌矿产能利用率（%）,1,THS-ZN-3.1.2
澳大利亚锌矿产量（万吨）,1,THS-ZN-3.1.2
澳大利亚锌矿再生产量（万吨）,1,THS-ZN-3.1.2
澳大利亚锌矿开工率（%）,1,THS-ZN-3.1.2
澳大利亚锌矿检修量（万吨）,1,THS-ZN-3.1.2
澳大利亚锌精炼产量（万吨）,1,THS-ZN-3.1.2
澳大利亚锡矿加工费TC（美元/吨）,1,THS-SN-3.1.5
澳大利亚锡矿进口量（万吨）,1,THS-SN-3.1.4
澳大利亚锡精矿产量时序图,1,THS-SN-3.1.2
澳大利亚锡精矿产量（万吨）,1,THS-SN-3.1.2
澳大利亚镍矿产能（万吨/年）,1,THS-NI-3.1.2
澳大利亚镍矿产量,1,THS-NI-3.1
澳大利亚镍矿开工天数（天/季度）,1,THS-NI-3.1.2
澳大利亚镍精炼产量（万吨）,1,THS-NI-3.1.2
焊锡/锡化工开工率时序图,1,THS-SN-5.1
焊锡/锡化工终端产量时序图,1,THS-SN-5.2
焊锡/锡焊料开工率（%）,1,THS-SN-5.1
焊锡/锡焊料排产计划（万吨）,1,THS-SN-5.3
焊锡/锡焊料终端产量（万吨）,1,THS-SN-5.2
焊锡/锡焊料终端订单量（万吨）,1,THS-SN-5.2
焊锡/锡焊料订单量（万吨）,1,THS-SN-5.3
焊锡价格（元/吨）,1,THS-SN-2.5
焊锡冶炼利润（元/吨）,1,THS-SN-2.5
焊锡开工率时序图,1,THS-SN-5.1
焊锡终端产量时序图,1,THS-SN-5.2
焊锡终端库存时序图,1,THS-SN-5.2
焊锡表观消费量时序图,1,THS-SN-5.1
焊锡订单量同比增速时序图,1,THS-SN-5.3
焊锡订单量时序图,1,THS-SN-5.3
煤价（元/吨）,1,THS-SN-7.3
煤沥青价格,1,THS-AL-3.3
现金-3个月月差（元/吨）,1,THS-NI-2.4
现金-3个月月差（美元/吨）,1,THS-NI-2.3
现金价（美元/吨）,1,THS-LI-2.3
甘肃镍矿产能利用率（%）,1,THS-NI-3.1.3
甘肃镍矿产量（万吨）,1,THS-NI-3.1.3
甘肃镍矿开工天数（天/月）,1,THS-NI-3.1.3
甘肃镍矿检修量（万吨）,1,THS-NI-3.1.3
电价时序图,1,THS-SN-7.3
电子级锡出口量（万吨）,1,THS-SN-6.3
电子级锡开工率（%）,1,THS-SN-5.1
电子级锡终端产量（万吨）,1,THS-SN-5.2
电子级锡订单量（万吨）,1,THS-SN-5.3
电池级碳酸锂交易所库存（万吨LCE）,1,THS-LI-4.1
电池级碳酸锂仓单数量（万吨LCE）,1,THS-LI-4.2
电池级碳酸锂冶炼利润（元/吨）,1,THS-LI-3.2.4
电池级碳酸锂利润（元/吨）,1,THS-LI-2.5
电池级碳酸锂基差（元/吨）,1,THS-LI-2.2
电池级碳酸锂工厂库存（万吨LCE）,1,THS-LI-4.4
电池级碳酸锂社会库存（万吨LCE）,1,THS-LI-4.3
电池级镍制品出口量（万吨）,1,THS-NI-6.3
电池级镍制品出口金额（亿美元）,1,THS-NI-6.3
电池级镍回收量,1,THS-NI-3.2
电池级镍开工率（%）,1,THS-NI-5.1
电解铜仓单、国际铜仓单,1,THS-CU-4.2
电解铝企业厂内铝锭库存,1,THS-AL-4.3
电解铝社会库存,1,THS-AL-4.2
电解铝社会库存、电解铝厂内库存、电解铝出库量,1,THS-AL-4.3
电解铝行业加权平均完全成本,1,THS-AL-3.1
电解锌冶炼利润分位（%）,1,THS-ZN-3.2.4
电解锌现金成本（元/吨）,1,THS-ZN-2.5
电解镍产量,1,THS-NI-3.2
电解镍冶炼利润,1,THS-NI-3.2
电解镍冶炼利润、NPI冶炼利润、高冰镍冶炼利润,1,THS-NI-2.5
电解镍冶炼利润（元/吨）、NPI冶炼利润（元/吨）、高冰镍冶炼利润（元/吨）,1,THS-NI-2.5
电解镍冶炼利润（元/吨）、沪镍主力合约收盘价（元/吨）,1,THS-NI-3.2
电解镍冶炼完全成本（元/吨）,1,THS-NI-2.5
电解镍出口量（万吨）,1,THS-NI-6.2
电解镍厂库存、电解镍厂库存天数,1,THS-NI-4.4
电解镍厂库存、镍铁厂库存、高冰镍厂库存、精炼镍厂库存,1,THS-NI-4.4
电解镍厂库存天数（天）,1,THS-NI-4.4
电解镍厂库存（万吨）,1,THS-NI-4.4
电解镍发运天数（天）,1,THS-NI-6.4
电解镍完全成本（元/吨）,1,THS-NI-3.2.4
电解镍对华发运量（万吨）,1,THS-NI-6.4
电解镍开工率,1,THS-NI-3.2
电解镍日度利润（元/吨）,1,THS-NI-7.2
电解镍日度利润（元/吨）、沪镍主力合约收盘价（元/吨）、电解镍现金成本（元/吨）,1,THS-NI-7.2
电解镍检修量（万吨）,1,THS-NI-3.2.2
电解镍现货价格、电解镍冶炼完全成本、电解镍冶炼利润,1,THS-NI-2.5
电解镍现货价格（元/吨）、电解镍冶炼完全成本（元/吨）、电解镍冶炼利润（元/吨）,1,THS-NI-2.5
电镀镍制品出口量（万吨）,1,THS-NI-6.3
电镀镍制品出口金额（亿美元）,1,THS-NI-6.3
电镀镍终端消费量（万吨）,1,THS-NI-5.2
电镀镍订单量（万吨）,1,THS-NI-5.3
盈利运行产能占比,1,THS-AL-3.1
盐湖提锂TC（元/吨）,1,THS-LI-3.1.5
盐湖提锂冶炼利润（元/吨）,1,THS-LI-3.2.4
盐湖提锂利润（元/吨）,1,THS-LI-2.5
盐湖提锂开工率（%）,1,THS-LI-3.2.2
盐湖提锂精炼产量（万吨LCE）,1,THS-LI-3.2.1
矿-精炼产量比（倍）,1,THS-NI-3.1.3
社会库存、电解铜现货成交量,1,THS-CU-4.3
社会库存天数（天）,1,THS-SN-4.3
秘鲁锌矿产能利用率（%）,1,THS-ZN-3.1.2
秘鲁锌矿产量（万吨）,1,THS-ZN-3.1.2
秘鲁锌矿再生产量（万吨）,1,THS-ZN-3.1.2
秘鲁锌矿开工率（%）,1,THS-ZN-3.1.2
秘鲁锌矿检修量（万吨）,1,THS-ZN-3.1.2
秘鲁锌精炼产量（万吨）,1,THS-ZN-3.1.2
精炼锡净进口量（万吨）,1,THS-SN-6.2
精炼镍厂库存（万吨）,1,THS-NI-4.4
精炼镍开工率、精炼镍产量,1,THS-NI-5.1
精炼镍日度利润（元/吨）,1,THS-NI-7.2
精炼镍检修量（万吨）,1,THS-NI-3.2.2
精炼镍进口量（万吨）,1,THS-NI-6.2
精铜杆、再生铜杆、线缆、铜管等成品库存,1,THS-CU-4.5
精铜杆企业原料库存,1,THS-CU-4.5
精铜杆企业成品库存,1,THS-CU-4.5
终端库存天数（天）,1,THS-SN-5.2
终端排产计划（万吨）,1,THS-SN-5.2
终端消费占比（%）,1,THS-SN-5.2
终端消费增速（%）,1,THS-SN-5.2
综合使用电价,1,THS-AL-3.2
缅甸再生锡产能（万吨）,1,THS-SN-3.2.3
缅甸再生锡产量（万吨）,1,THS-SN-3.2.3
缅甸再生锡进口量（万吨）,1,THS-SN-6.1
缅甸出口占比（%）,1,THS-SN-6.3
缅甸厂内库存占比（%）,1,THS-SN-4.4
缅甸厂内库存（万吨）,1,THS-SN-4.4
缅甸发运占比（%）,1,THS-SN-6.4
缅甸发运量（万吨）,1,THS-SN-6.4
缅甸在途库存占比（%）,1,THS-SN-4.5
缅甸消费占比（%）,1,THS-SN-5.1
缅甸电子级锡出口量（万吨）,1,THS-SN-6.3
缅甸社会库存占比（%）,1,THS-SN-4.3
缅甸社会库存（万吨）,1,THS-SN-4.3
缅甸精炼锡冶炼利润（元/吨）,1,THS-SN-3.2.4
缅甸精炼锡开工率（%）,1,THS-SN-3.2.2
缅甸终端消费占比（%）,1,THS-SN-5.2
缅甸锡矿产量时序图,1,THS-SN-3.1.1
缅甸锡矿价格时序图,1,THS-SN-7.3
缅甸锡矿价格（元/吨）,1,THS-SN-7.3
缅甸锡矿冶炼利润时序图,1,THS-SN-3.2.4
缅甸锡矿冶炼利润（元/吨）,1,THS-SN-3.2.4
缅甸锡矿进口量占比（%）,1,THS-SN-3.1.4
缅甸锡矿进口量时序图,1,THS-SN-3.1.4
缅甸锡精矿产量占比（%）,1,THS-SN-3.1.2
缅甸锡精矿产量时序图,1,THS-SN-3.1.2
缅甸锡精矿进口量（万吨）,1,THS-SN-6.1
缅甸锡锭出口量（万吨）,1,THS-SN-6.2
缅甸锡锭进口量（万吨）,1,THS-SN-6.2
缅甸隐性库存占比（%）,1,THS-SN-4.5
缅甸需求增速（%）,1,THS-SN-5.3
美国硅矿月产能（万吨）,1,THS-SI-3.1.2
美国硅矿月产量（万吨）,1,THS-SI-3.1.2
美国硅矿月再生产量（万吨）,1,THS-SI-3.1.2
美国硅矿月加工费TC（元/吨）,1,THS-SI-3.1.2
美国硅矿月开工率（%）,1,THS-SI-3.1.2
美国硅矿月进口量（万吨）,1,THS-SI-3.1.2
能源/原料成本总量（元/吨）,1,THS-NI-7.3
能源成本时序图,1,THS-SN-7.3
自备电价、网电价差、区域吨铝成本差,1,THS-AL-3.2
自备电厂成本/自备电价,1,THS-AL-3.3
船货在途量（万吨）,1,THS-NI-4.5
菲律宾电解镍进口量（万吨）,1,THS-NI-6.2
菲律宾矿-精炼产量比（倍）,1,THS-NI-3.1.2
菲律宾至中国海运费（美元/湿吨）,1,THS-NI-7.3
菲律宾进口占比（%）,1,THS-NI-3.1.4
菲律宾进口在途量（万吨）,1,THS-NI-4.5
菲律宾进口量（万吨）,1,THS-NI-3.1.4
菲律宾镍矿CIF价格（美元/湿吨）,1,THS-NI-7.1
菲律宾镍矿CIF价格（美元/湿吨）、菲律宾镍矿FOB价格（美元/湿吨）,1,THS-NI-7.1
菲律宾镍矿产能利用率（%）,1,THS-NI-3.1.1
菲律宾镍矿产能（万吨/年）,1,THS-NI-3.1.2
菲律宾镍矿产量,1,THS-NI-3.1
菲律宾镍矿发运天数（天）,1,THS-NI-6.4
菲律宾镍矿对华发运量（万吨）,1,THS-NI-6.4
菲律宾镍矿检修量（万吨）,1,THS-NI-3.1.1
菲律宾镍矿离港量（万吨）,1,THS-NI-7.3
菲律宾镍矿进口量（万吨）,1,THS-NI-6.1
菲律宾镍精炼产能（万吨/年）,1,THS-NI-3.1.1
菲律宾镍精矿TC,1,THS-NI-3.1
菲律宾镍精矿进口量,1,THS-NI-3.1
行业理论盈利,1,THS-AL-3.1
近1年TC分位（%）,1,THS-NI-3.1.5
近1年前20名持仓量分位（%）,1,THS-NI-2.6
近1年升贴水分位（%）,1,THS-NI-2.2
近1年厂库存分位（%）,1,THS-NI-4.4
近1年持仓量分位（%）,1,THS-NI-2.1
近1年月差分位（%）,1,THS-NI-2.4
近1年沪镍价格分位（%）,1,THS-NI-2.5
近1年社会库存分位（%）,1,THS-NI-4.3
近1年隐性库存分位（%）,1,THS-NI-4.5
近3年同周在途库存均值（万吨）,1,THS-SI-4.5
近3年同周在途库存标准差（万吨）,1,THS-SI-4.5
近3年同周库存量均值（万吨）,1,THS-SI-4.3
近3年同周库存量标准差（万吨）,1,THS-SI-4.3
近3年同季冶炼利润均值（元/吨）,1,THS-SI-7.2
近3年同季冶炼利润标准差（元/吨）,1,THS-SI-7.2
近3年同季冶炼成本均值（元/吨）,1,THS-SI-7.1
近3年同季冶炼成本标准差（元/吨）,1,THS-SI-7.1
近3年同季加工费均值（元/吨）,1,THS-SN-7.1
近3年同季加工费标准差（元/吨）,1,THS-SN-7.1
近3年同季均值（万吨LCE）,1,THS-LI-3.1.1
近3年同季标准差（万吨LCE）,1,THS-LI-3.1.1
近3年同日TC加工费均值（元/吨）,1,THS-SI-3.1.5
近3年同日TC加工费标准差（元/吨）,1,THS-SI-3.1.5
近3年同日产量均值（吨）,1,THS-ZN-7.2
近3年同日产量标准差（吨）,1,THS-ZN-7.2
近3年同日仓单均值（手）,1,THS-ZN-4.2
近3年同日仓单标准差（手）,1,THS-ZN-4.2
近3年同日仓单注册量均值（吨）,1,THS-SI-4.2
近3年同日仓单注册量标准差（吨）,1,THS-SI-4.2
近3年同日冶炼利润均值（元/吨）,1,THS-SI-3.2.4
近3年同日冶炼利润标准差（元/吨）,1,THS-SI-3.2.4
近3年同日利润均值（元/吨）,1,THS-NI-7.2
近3年同日利润标准差（元/吨）,1,THS-NI-7.2
近3年同日升贴水均值（元/吨）,1,THS-SI-2.2
近3年同日升贴水标准差（元/吨）,1,THS-SI-2.2
近3年同日多头前20持仓量标准差（手）,1,THS-SI-2.6
近3年同日库存均值（手）,1,THS-ZN-4.1
近3年同日库存标准差（手）,1,THS-ZN-4.1
近3年同日持仓量均值（手）,1,THS-SI-2.1
近3年同日持仓量标准差（手）,1,THS-SI-2.1
近3年同日收盘价均值（美元/吨）,1,THS-SI-2.3
近3年同日收盘价标准差（美元/吨）,1,THS-SI-2.3
近3年同日月差均值（元/吨）,1,THS-SI-2.4
近3年同日月差标准差（元/吨）,1,THS-SI-2.4
近3年同月/同周均值（万吨）,1,THS-ZN-4.5
近3年同月/同周库存均值（万吨）,1,THS-ZN-4.4
近3年同月/同周库存标准差（万吨）,1,THS-ZN-4.4
近3年同月仓单均值（手）,1,THS-SN-4.2
近3年同月仓单标准差（手）,1,THS-SN-4.2
近3年同月价格均值（元/吨）,1,THS-SN-7.3
近3年同月价格均值（美元/吨）,1,THS-LI-2.3
近3年同月价格标准差（元/吨）,1,THS-SN-7.3
近3年同月价格标准差（美元/吨）,1,THS-LI-2.3
近3年同月估值分位均值（%）,1,THS-SN-2.5
近3年同月估值分位标准差（%）,1,THS-SN-2.5
近3年同月先行指标均值（万吨）,1,THS-NI-5.3
近3年同月先行指标标准差（万吨）,1,THS-NI-5.3
近3年同月再生镍产量均值（万吨）,1,THS-NI-3.2.3
近3年同月再生镍产量标准差（万吨）,1,THS-NI-3.2.3
近3年同月冶炼成本均值（元/吨）,1,THS-SN-7.2
近3年同月冶炼成本标准差（元/吨）,1,THS-SN-7.2
近3年同月净持仓量均值（手）,1,THS-ZN-2.6
近3年同月净持仓量标准差（手）,1,THS-ZN-2.6
近3年同月分位均值（%）,1,THS-LI-2.5
近3年同月分位标准差（%）,1,THS-LI-2.5
近3年同月前20总持仓量均值（手）,1,THS-SN-2.6
近3年同月前20总持仓量标准差（手）,1,THS-SN-2.6
近3年同月加工费均值（元/吨）,1,THS-SN-7.2
近3年同月加工费标准差（元/吨）,1,THS-SN-7.2
近3年同月厂库存均值（万吨）,1,THS-NI-4.4
近3年同月厂库存标准差（万吨）,1,THS-NI-4.4
近3年同月库存均值（吨）,1,THS-SN-2.3
近3年同月库存均值（手）,1,THS-SN-4.1
近3年同月库存标准差（吨）,1,THS-SN-2.3
近3年同月库存标准差（手）,1,THS-SN-4.1
近3年同月库存量均值（万吨）,1,THS-SI-4.4
近3年同月库存量标准差（万吨）,1,THS-SI-4.4
近3年同月总持仓均值（手）,1,THS-LI-2.6
近3年同月总持仓标准差（手）,1,THS-LI-2.6
近3年同月总进口量均值（万吨）,1,THS-SN-3.1.4
近3年同月总进口量标准差（万吨）,1,THS-SN-3.1.4
近3年同月成本均值（元/吨）,1,THS-NI-7.3
近3年同月成本标准差（元/吨）,1,THS-NI-7.3
近3年同月持仓总量均值（手）,1,THS-NI-2.6
近3年同月持仓总量标准差（手）,1,THS-NI-2.6
近3年同月排产计划量均值（万吨）,1,THS-SI-5.3
近3年同月排产计划量标准差（万吨）,1,THS-SI-5.3
近3年同月月差均值（美元/吨）,1,THS-SN-2.4
近3年同月月差标准差（美元/吨）,1,THS-SN-2.4
近3年同月沪伦比均值（元/吨）,1,THS-LI-2.3
近3年同月沪伦比标准差（元/吨）,1,THS-LI-2.3
近3年同月沪镍价格分位（%）,1,THS-NI-2.5
近3年同月沪镍价格均值（元/吨）,1,THS-NI-2.5
近3年同月消费占比均值（%）,1,THS-SI-5.2
近3年同月消费占比标准差（%）,1,THS-SI-5.2
近3年同月电解镍冶炼利润均值（元/吨）,1,THS-NI-3.2.4
近3年同月电解镍冶炼利润标准差（元/吨）,1,THS-NI-3.2.4
近3年同月社会库存均值（万吨）,1,THS-NI-4.3
近3年同月社会库存标准差（万吨）,1,THS-NI-4.3
近3年同月秘鲁产量均值（万吨）,1,THS-ZN-3.1.2
近3年同月秘鲁产量标准差（万吨）,1,THS-ZN-3.1.2
近3年同月秘鲁进口量均值（万吨）,1,THS-ZN-3.1.4
近3年同月秘鲁进口量标准差（万吨）,1,THS-ZN-3.1.4
近3年同月终端产量均值（万吨）,1,THS-SN-5.2
近3年同月终端产量标准差（万吨）,1,THS-SN-5.2
近3年同月终端消费均值（万吨）,1,THS-NI-5.2
近3年同月终端消费标准差（万吨）,1,THS-NI-5.2
近3年同月能源成本均值（元/吨）,1,THS-ZN-7.3
近3年同月能源成本标准差（元/吨）,1,THS-ZN-7.3
近3年同月订单量均值（万吨）,1,THS-SN-5.3
近3年同月订单量标准差（万吨）,1,THS-SN-5.3
近3年同月进口总量均值（万吨）,1,THS-NI-3.1.4
近3年同月进口总量标准差（万吨）,1,THS-NI-3.1.4
近3年同月镍矿产量均值（万吨）,1,THS-NI-3.1.3
近3年同月镍矿产量标准差（万吨）,1,THS-NI-3.1.3
近3年同月镍精炼产量均值（万吨）,1,THS-NI-3.2.1
近3年同月镍精炼产量标准差（万吨）,1,THS-NI-3.2.1
近3年同月隐性库存均值（万吨）,1,THS-NI-4.5
近3年同月隐性库存标准差（万吨）,1,THS-NI-4.5
近3年同期TC分位（%）,1,THS-ZN-3.1.5
近3年同期斜率分位（%）,1,THS-ZN-2.4
进口在途量（万吨）,1,THS-NI-4.5
金属硅下游开工率（%）,1,THS-SI-5.1
金属硅下游消费占比（%）,1,THS-SI-5.2
金属硅下游终端产量（万吨）,1,THS-SI-5.2
金属硅再生月产能（万吨）,1,THS-SI-3.2.3
金属硅冶炼利润（元/吨）,1,THS-SI-7.2
金属硅冶炼成本（元/吨）,1,THS-SI-7.1
金属硅净出口量（万吨）,1,THS-SI-6.2
金属硅净进口量（万吨）,1,THS-SI-6.1
金属硅出口量（万吨）,1,THS-SI-6.2
金属硅制品净出口量（万吨）,1,THS-SI-6.3
金属硅制品出口量（万吨）,1,THS-SI-6.3
金属硅工厂库存天数（天）,1,THS-SI-4.4
金属硅海外发运量（万吨）,1,THS-SI-6.4
金属硅精炼月开工率（%）,1,THS-SI-3.2.2
金属硅精炼月检修量（万吨）,1,THS-SI-3.2.2
铜线缆企业原料库存、漆包线企业原料库存,1,THS-CU-4.5
铝价指数,1,THS-AL-3.1
铝制结构件/容器/车轮/绞线出口量,1,THS-AL-6.3
铝板带/铝箔/铝挤压材出口量,1,THS-AL-6.3
锂云母/锂辉石利润（元/吨）,1,THS-LI-2.5
锂云母TC（元/吨）,1,THS-LI-3.1.5
锂云母产量（万吨LCE）,1,THS-LI-3.1.3
锂云母冶炼利润（元/吨）,1,THS-LI-3.2.4
锂云母精炼产量（万吨LCE）,1,THS-LI-3.2.1
锂云母进口量（万吨LCE）,1,THS-LI-3.1.4
锂矿进口仓单量（万吨LCE）,1,THS-LI-3.1.4
锂矿进口总量（万吨LCE）,1,THS-LI-3.1.4
锂矿进口量（万吨LCE）,1,THS-LI-3.1.4
锂辉石TC（元/吨）,1,THS-LI-3.1.5
锂辉石产量（万吨LCE）,1,THS-LI-3.1.3
锂辉石冶炼利润（元/吨）,1,THS-LI-3.2.4
锂辉石精炼产量（万吨LCE）,1,THS-LI-3.2.1
锂辉石进口量（万吨LCE）,1,THS-LI-3.1.4
锌月差（元/吨）,1,THS-ZN-2.4
锌期限结构斜率（元/吨/月）,1,THS-ZN-2.4
锌现货升贴水（元/吨）,1,THS-ZN-2.2
锌矿TC（美元/吨干矿）,1,THS-ZN-3.1.4
锌矿进口量（万吨）,1,THS-ZN-3.1.4
锌精矿加工费（元/吨）,1,THS-ZN-2.5
锌精矿成本（元/吨）,1,THS-ZN-2.5
锡制品出口量（万吨）,1,THS-SN-6.3
锡化工出口量时序图,1,THS-SN-6.3
锡化工出口量（万吨）,1,THS-SN-6.3
锡化工开工率时序图,1,THS-SN-5.1
锡化工开工率（%）,1,THS-SN-5.1
锡化工终端产量时序图,1,THS-SN-5.2
锡化工终端产量（万吨）,1,THS-SN-5.2
锡化工终端库存时序图,1,THS-SN-5.2
锡化工订单量同比增速时序图,1,THS-SN-5.3
锡化工订单量（万吨）,1,THS-SN-5.3
锡焊料/焊锡与锡化工出口量时序图,1,THS-SN-6.3
锡焊料/焊锡出口量分国别时序图,1,THS-SN-6.3
锡焊料/焊锡出口量时序图,1,THS-SN-6.3
锡焊料/焊锡出口量（万吨）,1,THS-SN-6.3
锡矿加工费TC估值分位（%）,1,THS-SN-3.1.5
锡矿加工费TC分地区时序图,1,THS-SN-3.1.5
锡矿总进口量（万吨）,1,THS-SN-3.1.4
锡精矿与再生锡进口量时序图,1,THS-SN-6.1
锡精矿价格时序图,1,THS-SN-7.3
锡精矿冶炼利润时序图,1,THS-SN-2.5
锡精矿冶炼利润（元/吨）,1,THS-SN-2.5
锡精矿加工费时序图,1,THS-SN-2.5
锡精矿进口量（万吨）,1,THS-SN-6.1
锡锭仓单注册量（吨）,1,THS-SN-2.2
锡锭净进口量（万吨）,1,THS-SN-6.1
锡锭基差时序图,1,THS-SN-2.2
锡锭基差（元/吨）,1,THS-SN-2.2
锡锭月差（元/吨）,1,THS-SN-2.2
锡锭现货价格时序图,1,THS-SN-2.2
锡锭现货升贴水分地区（元/吨）,1,THS-SN-2.2
锡锭现货升贴水时序图,1,THS-SN-2.2
锡锭现货升贴水（元/吨）,1,THS-SN-2.2
锡锭进口盈亏时序图,1,THS-SN-2.2
锡锭进口量（万吨）,1,THS-SN-6.1
镍冶炼成本分位（%）,1,THS-NI-7.1
镍冶炼成本总量（元/吨）,1,THS-NI-7.1
镍冶炼成本（元/吨）,1,THS-NI-7.1
镍冶炼日度利润分位（%）,1,THS-NI-7.2
镍冶炼日度利润（元/吨）,1,THS-NI-7.2
镍初级消费开工率（%）,1,THS-NI-5.1
镍制品出口总量（万吨）,1,THS-NI-6.3
镍厂库存总量、镍精矿TC,1,THS-NI-4.4
镍厂库存总量（万吨）,1,THS-NI-4.4
镍原料进口总量（万吨）,1,THS-NI-6.1
镍合金出口量（万吨）,1,THS-NI-6.3
镍合金出口金额（亿美元）,1,THS-NI-6.3
镍合金终端产量（万吨）,1,THS-NI-5.2
镍在途库存总量、沪镍主力合约收盘价,1,THS-NI-4.5
镍在途库存总量、进口在途量、船货在途量,1,THS-NI-4.5
镍在途库存总量、镍精矿TC,1,THS-NI-4.5
镍在途库存总量（万吨）,1,THS-NI-4.5
镍期货仓单数量（吨）、仓单注册量变化（吨）,1,THS-NI-2.1
镍现货价格（元/吨）,1,THS-NI-2.2
镍生铁/NPI成本（元/吨）,1,THS-NI-7.3
镍生铁/NPI进口盈亏（元/吨）,1,THS-NI-6.1
镍生铁/NPI进口量（万吨）,1,THS-NI-6.1
镍生铁NPI现货价格、电解镍现货价格、NPI冶炼利润,1,THS-NI-2.5
镍生铁NPI现货价格（元/吨）、电解镍现货价格（元/吨）、NPI冶炼利润（元/吨）,1,THS-NI-2.5
镍矿CIF价格（美元/湿吨）、镍矿FOB价格（美元/湿吨）,1,THS-NI-7.1
镍矿港口库存（万吨）,1,THS-NI-7.3
镍矿进口量（万吨）,1,THS-NI-6.1
镍社会库存总量、上期所镍仓单量,1,THS-NI-4.3
镍社会库存总量、沪镍主力合约收盘价,1,THS-NI-4.3
镍社会库存总量（万吨）,1,THS-NI-4.3
镍社会库存总量（含上期所、南储、隐性）,1,THS-NI-4.3
镍精炼产量（万吨）,1,THS-NI-3.2.1
镍精炼金属进口总量（万吨）,1,THS-NI-6.2
镍精矿TC,1,THS-NI-3.1
镍精矿TC分位（%）,1,THS-NI-3.1.5
镍精矿TC（美元/吨干矿）、电解镍冶炼利润（元/吨）、镍铁冶炼利润（元/吨）,1,THS-NI-3.1
镍精矿进口到港量（万吨）,1,THS-NI-3.1
镍精矿进口量（吨）,1,THS-NI-3.1.4
镍终端消费总量（万吨）,1,THS-NI-5.2
镍铁RKEF成本（元/镍点）,1,THS-NI-7.1
镍铁一体化利润（元/吨）,1,THS-NI-2.5
镍铁一体化成本（元/吨）,1,THS-NI-7.1
镍铁一体化成本（元/吨）、镍精矿TC（美元/吨干矿）,1,THS-NI-7.1
镍铁一体化日度利润（元/吨）,1,THS-NI-7.2
镍铁一体化日度利润（元/吨）、镍矿成本（元/吨）、TC（美元/吨干矿）,1,THS-NI-7.2
镍铁厂库存、镍铁厂库存天数,1,THS-NI-4.4
镍铁厂库存天数（天）,1,THS-NI-4.4
镍铁完全成本（元/吨）,1,THS-NI-3.2.4
镍铁检修量（万吨）,1,THS-NI-3.2.2
镍隐性库存总量、上期所镍仓单量,1,THS-NI-4.5
镍隐性库存总量、隐性库存占比,1,THS-NI-4.5
镍隐性库存总量（万吨）,1,THS-NI-4.5
镍需求先行指标总量（万吨）,1,THS-NI-5.3
隐性/在途库存总量（万吨）,1,THS-SN-4.5
隐性库存占比时序图,1,THS-SN-4.5
隐性库存天数（天）,1,THS-SN-4.5
隐性库存总量（万吨）,1,THS-SN-4.5
隐性库存（手）,1,THS-ZN-4.2
需求增速（%）,1,THS-SN-5.3
非洲TC（元/吨）,1,THS-LI-3.1.5
非洲进口占比（%）,1,THS-LI-3.1.4
非洲进口量（万吨LCE）,1,THS-LI-3.1.4
非洲锂矿产量（万吨LCE）,1,THS-LI-3.1.2
预焙阳极价格,1,THS-AL-3.3
预焙阳极均价,1,THS-AL-3.2
高冰镍产量,1,THS-NI-3.2
高冰镍再生量,1,THS-NI-3.2
高冰镍冶炼利润,1,THS-NI-3.2
高冰镍厂库存、高冰镍厂库存天数,1,THS-NI-4.4
高冰镍厂库存天数（天）,1,THS-NI-4.4
高冰镍厂库存（万吨）,1,THS-NI-4.4
高冰镍发运天数（天）,1,THS-NI-6.4
高冰镍完全成本（元/吨）,1,THS-NI-3.2.4
高冰镍对华发运量（万吨）,1,THS-NI-6.4
高冰镍开工率,1,THS-NI-3.2
高冰镍成本（元/吨）、镍矿成本（元/吨）、加工费（元/吨）,1,THS-NI-7.1
高冰镍日度利润（元/吨）,1,THS-NI-7.2
高冰镍日度利润（元/吨）、镍矿成本（元/吨）、加工费（元/吨）,1,THS-NI-7.2
高冰镍检修量（万吨）,1,THS-NI-3.2.2
高冰镍现货价格、电解镍现货价格、高冰镍冶炼利润,1,THS-NI-2.5
高冰镍现货价格（元/吨）、电解镍现货价格（元/吨）、高冰镍冶炼利润（元/吨）,1,THS-NI-2.5
黄铜棒企业原料库存,1,THS-CU-4.5
