task_id,template_id,source,variety,routed_group,route_reason,risk_level,stage1_load_ms,stage2_schema_ms,stage2_schema_ok,stage2_warnings,stage3_semantic_ms,stage4_route_ms,fully_blocked,partial_blocked,valid_series_count,invalid_series_count,final_status,v1_final_status,v1_failed,v2_failed,improvement
RENDER-PDF-TPL-AO-001,TPL-AO-001,PDF,AO,can_render,CLEAN，可直接渲染,CLEAN,17.79,10.75,True,0,24.63,3.79,False,False,1,0,RENDERED,RENDERED,False,False,
RENDER-PDF-TPL-AO-010,TPL-AO-010,PDF,AO,can_render,CLEAN，可直接渲染,CLEAN,22.84,12.61,True,0,29.77,2.24,False,False,1,0,RENDERED,RENDERED,False,False,
RENDER-PDF-TPL-AO-011,TPL-AO-011,PDF,AO,can_render,CLEAN，可直接渲染,CLEAN,5.53,15.97,True,0,37.75,6.36,False,False,1,0,RENDERED,RENDERED,False,False,
RENDER-PDF-TPL-AO-012,TPL-AO-012,PDF,AO,can_render,CLEAN，可直接渲染,CLEAN,21.19,10.19,True,0,43.2,7.59,False,False,1,0,RENDERED,RENDERED,False,False,
RENDER-PDF-TPL-AO-013,TPL-AO-013,PDF,AO,can_render,CLEAN，可直接渲染,CLEAN,24.14,20.1,True,0,18.25,2.77,False,False,1,0,RENDERED,RENDERED,False,False,
RENDER-PDF-TPL-AO-016,TPL-AO-016,PDF,AO,can_render,CLEAN，可直接渲染,CLEAN,21.14,31.89,True,0,33.77,9.78,False,False,1,0,RENDERED,RENDERED,False,False,
RENDER-PDF-TPL-AO-017,TPL-AO-017,PDF,AO,can_render,CLEAN，可直接渲染,CLEAN,21.59,28.56,True,0,45.16,6.62,False,False,1,0,RENDERED,RENDERED,False,False,
RENDER-PDF-TPL-AO-022,TPL-AO-022,PDF,AO,can_render,CLEAN，可直接渲染,CLEAN,9.56,18.68,True,0,17.79,3.86,False,False,1,0,RENDERED,RENDERED,False,False,
RENDER-PDF-TPL-AO-024,TPL-AO-024,PDF,AO,can_render,CLEAN，可直接渲染,CLEAN,17.71,20.94,True,0,27.96,3.68,False,False,1,0,RENDERED,RENDERED,False,False,
RENDER-PDF-TPL-AO-032,TPL-AO-032,PDF,AO,can_render,CLEAN，可直接渲染,CLEAN,17.96,28.27,True,0,20.99,7.83,False,False,1,0,RENDERED,RENDERED,False,False,
RENDER-PDF-TPL-AO-036,TPL-AO-036,PDF,AO,can_render,CLEAN，可直接渲染,CLEAN,24.79,29.2,True,0,34.49,7.48,False,False,1,0,RENDERED,RENDERED,False,False,
RENDER-PDF-TPL-AO-060,TPL-AO-060,PDF,AO,can_render,CLEAN，可直接渲染,CLEAN,9.58,10.96,True,0,26.04,4.14,False,False,1,0,RENDERED,RENDERED,False,False,
RENDER-PDF-TPL-SI-003,TPL-SI-003,PDF,SI,can_render,CLEAN，可直接渲染,CLEAN,22.53,19.44,True,0,37.94,5.17,False,False,1,0,RENDERED,RENDERED,False,False,
RENDER-PDF-TPL-SI-005,TPL-SI-005,PDF,SI,can_render,CLEAN，可直接渲染,CLEAN,10.3,17.4,True,0,34.65,4.1,False,False,1,0,RENDERED,RENDERED,False,False,
RENDER-PDF-TPL-SI-008,TPL-SI-008,PDF,SI,can_render,CLEAN，可直接渲染,CLEAN,12.99,16.58,True,0,49.91,6.08,False,False,1,0,RENDERED,RENDERED,False,False,
RENDER-PDF-TPL-SI-009,TPL-SI-009,PDF,SI,can_render,CLEAN，可直接渲染,CLEAN,7.19,28.82,True,0,42.72,5.38,False,False,1,0,RENDERED,RENDERED,False,False,
RENDER-PDF-TPL-SI-010,TPL-SI-010,PDF,SI,can_render,CLEAN，可直接渲染,CLEAN,24.92,25.87,True,0,48.99,8.89,False,False,1,0,RENDERED,RENDERED,False,False,
RENDER-PDF-TPL-SI-014,TPL-SI-014,PDF,SI,can_render,CLEAN，可直接渲染,CLEAN,18.63,26.11,True,0,24.34,7.13,False,False,2,0,RENDERED,RENDERED,False,False,
RENDER-PDF-TPL-SI-015,TPL-SI-015,PDF,SI,can_render,CLEAN，可直接渲染,CLEAN,14.07,38.61,True,0,45.65,4.11,False,False,1,0,RENDERED,RENDERED,False,False,
RENDER-PDF-TPL-SI-017,TPL-SI-017,PDF,SI,can_render,CLEAN，可直接渲染,CLEAN,23.25,36.12,True,0,25.45,7.11,False,False,1,0,RENDERED,RENDERED,False,False,
RENDER-PDF-TPL-SI-021,TPL-SI-021,PDF,SI,can_render,CLEAN，可直接渲染,CLEAN,20.25,26.18,True,0,42.25,6.24,False,False,1,0,RENDERED,RENDERED,False,False,
RENDER-PDF-TPL-SI-024,TPL-SI-024,PDF,SI,can_render,CLEAN，可直接渲染,CLEAN,5.39,37.87,True,0,45.76,8.65,False,False,1,0,RENDERED,RENDERED,False,False,
RENDER-PDF-TPL-SI-029,TPL-SI-029,PDF,SI,can_render,CLEAN，可直接渲染,CLEAN,22.56,38.41,True,0,18.0,5.89,False,False,1,0,RENDERED,RENDERED,False,False,
RENDER-PDF-TPL-SI-030,TPL-SI-030,PDF,SI,can_render,CLEAN，可直接渲染,CLEAN,20.32,13.85,True,0,31.63,6.4,False,False,1,0,RENDERED,RENDERED,False,False,
RENDER-PDF-TPL-SI-038,TPL-SI-038,PDF,SI,can_render,CLEAN，可直接渲染,CLEAN,13.46,16.35,True,0,33.88,7.84,False,False,1,0,RENDERED,RENDERED,False,False,
RENDER-PDF-TPL-SI-046,TPL-SI-046,PDF,SI,can_render,CLEAN，可直接渲染,CLEAN,24.9,29.5,True,0,30.33,6.14,False,False,1,0,RENDERED,RENDERED,False,False,
RENDER-PDF-TPL-LC-004,TPL-LC-004,PDF,LC,can_render,CLEAN，可直接渲染,CLEAN,11.76,27.65,True,0,23.05,3.76,False,False,1,0,RENDERED,RENDERED,False,False,
RENDER-PDF-TPL-LC-010,TPL-LC-010,PDF,LC,can_render,CLEAN，可直接渲染,CLEAN,9.58,37.16,True,0,45.09,2.57,False,False,1,0,RENDERED,RENDERED,False,False,
RENDER-PDF-TPL-LC-015,TPL-LC-015,PDF,LC,can_render,CLEAN，可直接渲染,CLEAN,9.28,13.97,True,0,47.74,6.57,False,False,1,0,RENDERED,RENDERED,False,False,
RENDER-PDF-TPL-LC-016,TPL-LC-016,PDF,LC,can_render,CLEAN，可直接渲染,CLEAN,21.15,15.71,True,0,18.39,5.45,False,False,1,0,RENDERED,RENDERED,False,False,
RENDER-PDF-TPL-LC-017,TPL-LC-017,PDF,LC,can_render,CLEAN，可直接渲染,CLEAN,19.58,30.2,True,0,49.45,2.79,False,False,1,0,RENDERED,RENDERED,False,False,
RENDER-PDF-TPL-LC-018,TPL-LC-018,PDF,LC,can_render,CLEAN，可直接渲染,CLEAN,22.23,17.46,True,0,21.66,5.59,False,False,1,0,RENDERED,RENDERED,False,False,
RENDER-PDF-TPL-LC-019,TPL-LC-019,PDF,LC,can_render,CLEAN，可直接渲染,CLEAN,10.0,37.7,True,0,30.51,8.89,False,False,1,0,RENDERED,RENDERED,False,False,
RENDER-PDF-TPL-LC-020,TPL-LC-020,PDF,LC,can_render,CLEAN，可直接渲染,CLEAN,24.99,35.08,True,0,48.91,9.41,False,False,1,0,RENDERED,RENDERED,False,False,
RENDER-PDF-TPL-LC-021,TPL-LC-021,PDF,LC,can_render,CLEAN，可直接渲染,CLEAN,14.71,16.41,True,0,29.04,2.47,False,False,1,0,RENDERED,RENDERED,False,False,
RENDER-PDF-TPL-LC-025,TPL-LC-025,PDF,LC,can_render,CLEAN，可直接渲染,CLEAN,10.3,33.52,True,0,30.93,5.38,False,False,1,0,RENDERED,RENDERED,False,False,
RENDER-PDF-TPL-LC-026,TPL-LC-026,PDF,LC,can_render,CLEAN，可直接渲染,CLEAN,16.12,31.55,True,0,20.42,4.37,False,False,2,0,RENDERED,RENDERED,False,False,
RENDER-PDF-TPL-LC-027,TPL-LC-027,PDF,LC,can_render,CLEAN，可直接渲染,CLEAN,15.84,32.44,True,0,17.0,6.67,False,False,1,0,RENDERED,RENDERED,False,False,
RENDER-PDF-TPL-LC-029,TPL-LC-029,PDF,LC,can_render,CLEAN，可直接渲染,CLEAN,8.15,38.82,True,0,17.8,3.49,False,False,2,0,RENDERED,RENDERED,False,False,
RENDER-PDF-TPL-LC-035,TPL-LC-035,PDF,LC,can_render,CLEAN，可直接渲染,CLEAN,9.7,13.6,True,0,46.16,3.97,False,False,1,0,RENDERED,RENDERED,False,False,
RENDER-PDF-TPL-LC-036,TPL-LC-036,PDF,LC,can_render,CLEAN，可直接渲染,CLEAN,13.38,27.51,True,0,33.3,9.48,False,False,1,0,RENDERED,RENDERED,False,False,
RENDER-PDF-TPL-LC-043,TPL-LC-043,PDF,LC,can_render,CLEAN，可直接渲染,CLEAN,9.77,21.87,True,0,38.51,4.4,False,False,1,0,RENDERED,RENDERED,False,False,
RENDER-PDF-TPL-LC-053,TPL-LC-053,PDF,LC,can_render,CLEAN，可直接渲染,CLEAN,6.45,23.75,True,0,49.95,9.97,False,False,1,0,RENDERED,RENDERED,False,False,
RENDER-PDF-TPL-LC-060,TPL-LC-060,PDF,LC,can_render,CLEAN，可直接渲染,CLEAN,10.3,38.0,True,0,45.83,9.03,False,False,1,0,RENDERED,RENDERED,False,False,
RENDER-PDF-TPL-LC-061,TPL-LC-061,PDF,LC,can_render,CLEAN，可直接渲染,CLEAN,21.67,31.11,True,0,36.41,9.9,False,False,1,0,RENDER_FAILED,RENDER_FAILED,True,True,
RENDER-PDF-TPL-LC-065,TPL-LC-065,PDF,LC,can_render,CLEAN，可直接渲染,CLEAN,21.34,18.98,True,0,38.22,9.51,False,False,1,0,RENDERED,RENDERED,False,False,
RENDER-PDF-TPL-LC-068,TPL-LC-068,PDF,LC,can_render,CLEAN，可直接渲染,CLEAN,7.14,26.6,True,0,24.53,6.84,False,False,1,0,RENDERED,RENDERED,False,False,
RENDER-PDF-TPL-LC-083,TPL-LC-083,PDF,LC,can_render,CLEAN，可直接渲染,CLEAN,17.68,17.92,True,0,32.1,9.24,False,False,1,0,RENDERED,RENDERED,False,False,
RENDER-PDF-TPL-LC-088,TPL-LC-088,PDF,LC,can_render,CLEAN，可直接渲染,CLEAN,13.47,18.3,True,0,15.12,8.17,False,False,1,0,RENDERED,RENDERED,False,False,
RENDER-PDF-TPL-LC-090,TPL-LC-090,PDF,LC,can_render,CLEAN，可直接渲染,CLEAN,19.82,26.55,True,0,29.97,2.08,False,False,1,0,RENDERED,RENDERED,False,False,
RENDER-PDF-TPL-LC-093,TPL-LC-093,PDF,LC,can_render,CLEAN，可直接渲染,CLEAN,23.08,26.37,True,0,44.21,6.66,False,False,1,0,RENDERED,RENDERED,False,False,
RENDER-PDF-TPL-LC-094,TPL-LC-094,PDF,LC,can_render,CLEAN，可直接渲染,CLEAN,11.17,36.97,True,0,42.86,8.89,False,False,1,0,RENDERED,RENDERED,False,False,
RENDER-PDF-TPL-LC-095,TPL-LC-095,PDF,LC,can_render,CLEAN，可直接渲染,CLEAN,9.99,13.08,True,0,42.3,9.07,False,False,1,0,RENDERED,RENDERED,False,False,
RENDER-PDF-TPL-LC-096,TPL-LC-096,PDF,LC,can_render,CLEAN，可直接渲染,CLEAN,8.09,37.9,True,0,45.26,9.81,False,False,1,0,RENDERED,RENDERED,False,False,
RENDER-PDF-TPL-AL-001,TPL-AL-001,PDF,AL,can_render,CLEAN，可直接渲染,CLEAN,5.5,32.1,True,0,26.63,9.45,False,False,1,0,RENDERED,RENDERED,False,False,
RENDER-PDF-TPL-AL-002,TPL-AL-002,PDF,AL,can_render,CLEAN，可直接渲染,CLEAN,21.21,18.0,True,0,42.56,2.86,False,False,1,0,RENDERED,RENDERED,False,False,
RENDER-PDF-TPL-AL-003,TPL-AL-003,PDF,AL,can_render,CLEAN，可直接渲染,CLEAN,9.45,34.5,True,0,31.11,4.44,False,False,1,0,RENDERED,RENDERED,False,False,
RENDER-PDF-TPL-AL-009,TPL-AL-009,PDF,AL,can_render,CLEAN，可直接渲染,CLEAN,5.47,15.79,True,0,26.49,8.91,False,False,1,0,RENDERED,RENDERED,False,False,
RENDER-PDF-TPL-AL-016,TPL-AL-016,PDF,AL,can_render,CLEAN，可直接渲染,CLEAN,17.83,21.99,True,0,49.34,6.29,False,False,1,0,RENDERED,RENDERED,False,False,
RENDER-PDF-TPL-AL-018,TPL-AL-018,PDF,AL,can_render,CLEAN，可直接渲染,CLEAN,24.41,15.36,True,0,48.69,4.12,False,False,1,0,RENDERED,RENDERED,False,False,
RENDER-PDF-TPL-AL-026,TPL-AL-026,PDF,AL,can_render,CLEAN，可直接渲染,CLEAN,19.57,19.41,True,0,36.22,6.09,False,False,1,0,RENDERED,RENDERED,False,False,
RENDER-PDF-TPL-AL-030,TPL-AL-030,PDF,AL,can_render,CLEAN，可直接渲染,CLEAN,10.09,31.26,True,0,15.06,9.4,False,False,1,0,RENDERED,RENDERED,False,False,
RENDER-PDF-TPL-AL-031,TPL-AL-031,PDF,AL,can_render,CLEAN，可直接渲染,CLEAN,19.84,30.12,True,0,27.75,2.56,False,False,1,0,RENDERED,RENDERED,False,False,
RENDER-PDF-TPL-AL-034,TPL-AL-034,PDF,AL,can_render,CLEAN，可直接渲染,CLEAN,11.28,35.44,True,0,40.19,4.4,False,False,1,0,RENDERED,RENDERED,False,False,
RENDER-PDF-TPL-AL-038,TPL-AL-038,PDF,AL,can_render,CLEAN，可直接渲染,CLEAN,13.05,18.87,True,0,19.46,5.36,False,False,1,0,RENDERED,RENDERED,False,False,
RENDER-PDF-TPL-SN-004,TPL-SN-004,PDF,SN,can_render,CLEAN，可直接渲染,CLEAN,23.06,28.47,True,0,25.53,6.38,False,False,1,0,RENDERED,RENDERED,False,False,
RENDER-PDF-TPL-SN-008,TPL-SN-008,PDF,SN,can_render,CLEAN，可直接渲染,CLEAN,13.6,27.4,True,0,37.91,5.72,False,False,1,0,RENDERED,RENDERED,False,False,
RENDER-PDF-TPL-SN-009,TPL-SN-009,PDF,SN,can_render,CLEAN，可直接渲染,CLEAN,14.46,37.04,True,0,42.86,3.36,False,False,1,0,RENDERED,RENDERED,False,False,
RENDER-PDF-TPL-SN-010,TPL-SN-010,PDF,SN,can_render,CLEAN，可直接渲染,CLEAN,17.66,20.06,True,0,43.64,8.01,False,False,1,0,RENDERED,RENDERED,False,False,
RENDER-PDF-TPL-SN-023,TPL-SN-023,PDF,SN,can_render,CLEAN，可直接渲染,CLEAN,8.98,10.73,True,0,23.57,5.8,False,False,1,0,RENDERED,RENDERED,False,False,
RENDER-PDF-TPL-NI-005,TPL-NI-005,PDF,NI,can_render,CLEAN，可直接渲染,CLEAN,13.29,28.89,True,0,21.81,7.57,False,False,1,0,RENDERED,RENDERED,False,False,
RENDER-PDF-TPL-NI-006,TPL-NI-006,PDF,NI,can_render,CLEAN，可直接渲染,CLEAN,18.12,10.17,True,0,41.28,8.16,False,False,1,0,RENDERED,RENDERED,False,False,
RENDER-PDF-TPL-NI-008,TPL-NI-008,PDF,NI,can_render,CLEAN，可直接渲染,CLEAN,8.52,38.74,True,0,33.13,2.4,False,False,1,0,RENDERED,RENDERED,False,False,
RENDER-PDF-TPL-NI-009,TPL-NI-009,PDF,NI,can_render,CLEAN，可直接渲染,CLEAN,14.13,34.04,True,0,38.37,9.9,False,False,1,0,RENDERED,RENDERED,False,False,
RENDER-PDF-TPL-NI-010,TPL-NI-010,PDF,NI,can_render,CLEAN，可直接渲染,CLEAN,22.83,28.38,True,0,40.17,6.04,False,False,1,0,RENDERED,RENDERED,False,False,
RENDER-PDF-TPL-NI-011,TPL-NI-011,PDF,NI,can_render,CLEAN，可直接渲染,CLEAN,22.94,32.31,True,0,31.61,4.07,False,False,1,0,RENDERED,RENDERED,False,False,
RENDER-PDF-TPL-NI-012,TPL-NI-012,PDF,NI,can_render,CLEAN，可直接渲染,CLEAN,20.32,25.64,True,0,36.94,4.2,False,False,1,0,RENDERED,RENDERED,False,False,
RENDER-PDF-TPL-NI-016,TPL-NI-016,PDF,NI,can_render,CLEAN，可直接渲染,CLEAN,10.43,19.59,True,0,33.91,3.11,False,False,1,0,RENDERED,RENDERED,False,False,
RENDER-PDF-TPL-NI-020,TPL-NI-020,PDF,NI,can_render,CLEAN，可直接渲染,CLEAN,19.13,11.93,True,0,29.27,6.34,False,False,1,0,RENDERED,RENDERED,False,False,
RENDER-PDF-TPL-NI-021,TPL-NI-021,PDF,NI,can_render,CLEAN，可直接渲染,CLEAN,13.4,37.15,True,0,35.44,7.56,False,False,1,0,RENDERED,RENDERED,False,False,
RENDER-PDF-TPL-NI-023,TPL-NI-023,PDF,NI,can_render,CLEAN，可直接渲染,CLEAN,12.61,10.18,True,0,27.31,8.03,False,False,1,0,RENDERED,RENDERED,False,False,
RENDER-PDF-TPL-NI-024,TPL-NI-024,PDF,NI,can_render,CLEAN，可直接渲染,CLEAN,13.38,32.43,True,0,34.11,6.83,False,False,1,0,RENDERED,RENDERED,False,False,
RENDER-PDF-TPL-NI-026,TPL-NI-026,PDF,NI,can_render,CLEAN，可直接渲染,CLEAN,13.72,10.87,True,0,26.76,7.43,False,False,1,0,RENDERED,RENDERED,False,False,
RENDER-PDF-TPL-NI-030,TPL-NI-030,PDF,NI,can_render,CLEAN，可直接渲染,CLEAN,14.35,13.83,True,0,36.78,2.22,False,False,1,0,RENDERED,RENDERED,False,False,
RENDER-PDF-TPL-NI-031,TPL-NI-031,PDF,NI,can_render,CLEAN，可直接渲染,CLEAN,5.54,29.28,True,0,19.75,5.69,False,False,1,0,RENDERED,RENDERED,False,False,
RENDER-PDF-TPL-NI-036,TPL-NI-036,PDF,NI,can_render,CLEAN，可直接渲染,CLEAN,9.23,19.81,True,0,41.64,5.03,False,False,1,0,RENDERED,RENDERED,False,False,
RENDER-PDF-TPL-NI-038,TPL-NI-038,PDF,NI,can_render,CLEAN，可直接渲染,CLEAN,10.05,12.46,True,0,15.68,6.32,False,False,1,0,RENDERED,RENDERED,False,False,
RENDER-PDF-TPL-NI-045,TPL-NI-045,PDF,NI,can_render,CLEAN，可直接渲染,CLEAN,18.0,33.44,True,0,37.81,8.03,False,False,1,0,RENDERED,RENDERED,False,False,
RENDER-PDF-TPL-NI-046,TPL-NI-046,PDF,NI,can_render,CLEAN，可直接渲染,CLEAN,5.41,14.57,True,0,19.42,7.36,False,False,1,0,RENDERED,RENDERED,False,False,
RENDER-PDF-TPL-SI-043,TPL-SI-043,PDF,SI,partial_render,部分 series 无效 (1个)，降级渲染有效 series (1个),P0,18.99,33.01,True,0,20.87,6.86,False,True,1,1,PARTIAL_RENDERED,BLOCKED_P0,True,False,IMPROVED
RENDER-PDF-TPL-LC-031,TPL-LC-031,PDF,LC,partial_render,部分 series 无效 (1个)，降级渲染有效 series (1个),P0,21.39,38.94,True,0,18.78,2.21,False,True,1,1,PARTIAL_RENDERED,BLOCKED_P0,True,False,IMPROVED
RENDER-PDF-TPL-LC-033,TPL-LC-033,PDF,LC,partial_render,部分 series 无效 (1个)，降级渲染有效 series (1个),P0,24.16,21.9,True,0,40.03,2.61,False,True,1,1,PARTIAL_RENDERED,BLOCKED_P0,True,False,IMPROVED
RENDER-PDF-TPL-LC-038,TPL-LC-038,PDF,LC,partial_render,部分 series 无效 (1个)，降级渲染有效 series (1个),P0,7.04,33.17,True,0,44.76,6.8,False,True,1,1,PARTIAL_RENDERED,BLOCKED_P0,True,False,IMPROVED
RENDER-PDF-TPL-LC-074,TPL-LC-074,PDF,LC,partial_render,部分 series 无效 (1个)，降级渲染有效 series (1个),P0,20.65,20.42,True,0,29.99,4.96,False,True,1,1,PARTIAL_RENDERED,BLOCKED_P0,True,False,IMPROVED
RENDER-PDF-TPL-SN-017,TPL-SN-017,PDF,SN,partial_render,部分 series 无效 (1个)，降级渲染有效 series (1个),P0,21.99,34.67,True,0,18.69,9.69,False,True,1,1,PARTIAL_RENDERED,BLOCKED_P0,True,False,IMPROVED
RENDER-PDF-TPL-SN-019,TPL-SN-019,PDF,SN,partial_render,部分 series 无效 (1个)，降级渲染有效 series (1个),P0,19.15,23.06,True,0,40.68,9.72,False,True,1,1,PARTIAL_RENDERED,BLOCKED_P0,True,False,IMPROVED
RENDER-PDF-TPL-NI-032,TPL-NI-032,PDF,NI,partial_render,部分 series 无效 (1个)，降级渲染有效 series (1个),P0,15.76,24.5,True,0,30.25,7.85,False,True,1,1,PARTIAL_RENDERED,BLOCKED_P0,True,False,IMPROVED
RENDER-PDF-TPL-SN-034,TPL-SN-034,PDF,SN,review_first,P1 风险，需人工复核,P1,21.61,12.6,True,0,45.86,3.95,False,False,1,0,QUEUED_FOR_REVIEW,QUEUED_FOR_REVIEW,False,False,
RENDER-PDF-TPL-AO-020,TPL-AO-020,PDF,AO,review_first,P0 但在模板白名单中，放行至人工复核,P0,14.29,28.31,True,0,28.26,2.23,True,False,0,1,QUEUED_FOR_REVIEW,BLOCKED_P0,True,False,IMPROVED
RENDER-PDF-TPL-AO-026,TPL-AO-026,PDF,AO,review_first,P0 但在模板白名单中，放行至人工复核,P0,22.02,15.46,True,0,22.42,8.38,True,False,0,1,QUEUED_FOR_REVIEW,BLOCKED_P0,True,False,IMPROVED
RENDER-PDF-TPL-LC-084,TPL-LC-084,PDF,LC,review_first,P0 但在模板白名单中，放行至人工复核,P0,11.81,36.41,True,0,39.54,4.21,True,False,0,1,QUEUED_FOR_REVIEW,BLOCKED_P0,True,False,IMPROVED
RENDER-THS-THS-AL-3.1,THS-AL-3.1,THS,AL,pending_match,THS 模板无 zhiji_id，需后续匹配,CLEAN,5.2,38.44,True,0,18.0,7.76,False,False,0,0,PENDING_MATCH,PENDING_MATCH,False,False,
RENDER-THS-THS-AL-3.2,THS-AL-3.2,THS,AL,pending_match,THS 模板无 zhiji_id，需后续匹配,P1,14.77,32.74,True,0,39.17,7.17,False,False,0,0,PENDING_MATCH,PENDING_MATCH,False,False,
RENDER-THS-THS-AL-3.3,THS-AL-3.3,THS,AL,pending_match,THS 模板无 zhiji_id，需后续匹配,P1,14.82,33.79,True,0,18.26,3.77,False,False,0,0,PENDING_MATCH,PENDING_MATCH,False,False,
RENDER-THS-THS-AL-4.1,THS-AL-4.1,THS,AL,pending_match,THS 模板无 zhiji_id，需后续匹配,CLEAN,18.84,19.19,True,0,35.35,5.79,False,False,0,0,PENDING_MATCH,PENDING_MATCH,False,False,
RENDER-THS-THS-AL-4.2,THS-AL-4.2,THS,AL,pending_match,THS 模板无 zhiji_id，需后续匹配,P1,15.62,22.77,True,0,41.11,4.65,False,False,0,0,PENDING_MATCH,PENDING_MATCH,False,False,
RENDER-THS-THS-AL-4.3,THS-AL-4.3,THS,AL,pending_match,THS 模板无 zhiji_id，需后续匹配,P1,19.06,18.13,True,0,23.8,2.97,False,False,0,0,PENDING_MATCH,PENDING_MATCH,False,False,
RENDER-THS-THS-AL-6.3,THS-AL-6.3,THS,AL,pending_match,THS 模板无 zhiji_id，需后续匹配,CLEAN,8.85,13.59,True,0,33.76,8.1,False,False,0,0,PENDING_MATCH,PENDING_MATCH,False,False,
RENDER-THS-THS-CU-2.3,THS-CU-2.3,THS,CU,pending_match,THS 模板无 zhiji_id，需后续匹配,CLEAN,8.7,16.49,True,0,31.95,7.8,False,False,0,0,PENDING_MATCH,PENDING_MATCH,False,False,
RENDER-THS-THS-CU-4.1,THS-CU-4.1,THS,CU,pending_match,THS 模板无 zhiji_id，需后续匹配,CLEAN,24.53,25.74,True,0,24.9,2.8,False,False,0,0,PENDING_MATCH,PENDING_MATCH,False,False,
RENDER-THS-THS-CU-4.2,THS-CU-4.2,THS,CU,pending_match,THS 模板无 zhiji_id，需后续匹配,CLEAN,8.88,16.82,True,0,21.28,2.11,False,False,0,0,PENDING_MATCH,PENDING_MATCH,False,False,
RENDER-THS-THS-CU-4.3,THS-CU-4.3,THS,CU,pending_match,THS 模板无 zhiji_id，需后续匹配,CLEAN,15.68,18.23,True,0,49.1,6.43,False,False,0,0,PENDING_MATCH,PENDING_MATCH,False,False,
RENDER-THS-THS-CU-4.4,THS-CU-4.4,THS,CU,pending_match,THS 模板无 zhiji_id，需后续匹配,CLEAN,18.95,13.79,True,0,45.4,5.93,False,False,0,0,PENDING_MATCH,PENDING_MATCH,False,False,
RENDER-THS-THS-CU-4.5,THS-CU-4.5,THS,CU,pending_match,THS 模板无 zhiji_id，需后续匹配,CLEAN,22.45,27.22,True,0,31.43,5.52,False,False,0,0,PENDING_MATCH,PENDING_MATCH,False,False,
RENDER-THS-THS-LI-2.1,THS-LI-2.1,THS,LI,pending_match,THS 模板无 zhiji_id，需后续匹配,CLEAN,8.69,11.54,True,0,47.94,5.82,False,False,0,0,PENDING_MATCH,PENDING_MATCH,False,False,
RENDER-THS-THS-LI-2.2,THS-LI-2.2,THS,LI,pending_match,THS 模板无 zhiji_id，需后续匹配,CLEAN,21.44,22.02,True,0,17.59,7.04,False,False,0,0,PENDING_MATCH,PENDING_MATCH,False,False,
RENDER-THS-THS-LI-2.4,THS-LI-2.4,THS,LI,pending_match,THS 模板无 zhiji_id，需后续匹配,CLEAN,6.07,14.48,True,0,34.7,4.43,False,False,0,0,PENDING_MATCH,PENDING_MATCH,False,False,
RENDER-THS-THS-LI-2.5,THS-LI-2.5,THS,LI,pending_match,THS 模板无 zhiji_id，需后续匹配,CLEAN,24.88,13.55,True,0,41.76,6.85,False,False,0,0,PENDING_MATCH,PENDING_MATCH,False,False,
RENDER-THS-THS-LI-2.6,THS-LI-2.6,THS,LI,pending_match,THS 模板无 zhiji_id，需后续匹配,CLEAN,20.81,16.77,True,0,33.29,5.6,False,False,0,0,PENDING_MATCH,PENDING_MATCH,False,False,
RENDER-THS-THS-LI-3.1.1,THS-LI-3.1.1,THS,LI,pending_match,THS 模板无 zhiji_id，需后续匹配,P1,13.85,35.8,True,0,49.65,4.44,False,False,0,0,PENDING_MATCH,PENDING_MATCH,False,False,
RENDER-THS-THS-LI-3.1.3,THS-LI-3.1.3,THS,LI,pending_match,THS 模板无 zhiji_id，需后续匹配,P1,17.42,28.29,True,0,40.9,9.58,False,False,0,0,PENDING_MATCH,PENDING_MATCH,False,False,
RENDER-THS-THS-LI-3.1.4,THS-LI-3.1.4,THS,LI,pending_match,THS 模板无 zhiji_id，需后续匹配,CLEAN,9.16,16.33,True,0,38.11,3.26,False,False,0,0,PENDING_MATCH,PENDING_MATCH,False,False,
RENDER-THS-THS-LI-3.1.5,THS-LI-3.1.5,THS,LI,pending_match,THS 模板无 zhiji_id，需后续匹配,CLEAN,8.48,12.25,True,0,15.09,5.6,False,False,0,0,PENDING_MATCH,PENDING_MATCH,False,False,
RENDER-THS-THS-LI-3.2.1,THS-LI-3.2.1,THS,LI,pending_match,THS 模板无 zhiji_id，需后续匹配,P1,16.88,18.74,True,0,23.1,7.66,False,False,0,0,PENDING_MATCH,PENDING_MATCH,False,False,
RENDER-THS-THS-LI-3.2.2,THS-LI-3.2.2,THS,LI,pending_match,THS 模板无 zhiji_id，需后续匹配,P1,19.06,23.62,True,0,39.06,9.39,False,False,0,0,PENDING_MATCH,PENDING_MATCH,False,False,
RENDER-THS-THS-LI-3.2.3,THS-LI-3.2.3,THS,LI,pending_match,THS 模板无 zhiji_id，需后续匹配,P1,20.76,28.75,True,0,38.14,9.47,False,False,0,0,PENDING_MATCH,PENDING_MATCH,False,False,
RENDER-THS-THS-LI-3.2.4,THS-LI-3.2.4,THS,LI,pending_match,THS 模板无 zhiji_id，需后续匹配,CLEAN,13.5,26.34,True,0,37.67,9.27,False,False,0,0,PENDING_MATCH,PENDING_MATCH,False,False,
RENDER-THS-THS-LI-4.1,THS-LI-4.1,THS,LI,pending_match,THS 模板无 zhiji_id，需后续匹配,P1,21.53,12.14,True,0,20.81,4.46,False,False,0,0,PENDING_MATCH,PENDING_MATCH,False,False,
RENDER-THS-THS-LI-4.2,THS-LI-4.2,THS,LI,pending_match,THS 模板无 zhiji_id，需后续匹配,P1,19.98,27.08,True,0,25.1,2.99,False,False,0,0,PENDING_MATCH,PENDING_MATCH,False,False,
RENDER-THS-THS-LI-4.3,THS-LI-4.3,THS,LI,pending_match,THS 模板无 zhiji_id，需后续匹配,P1,18.77,30.99,True,0,47.99,6.0,False,False,0,0,PENDING_MATCH,PENDING_MATCH,False,False,
RENDER-THS-THS-LI-4.4,THS-LI-4.4,THS,LI,pending_match,THS 模板无 zhiji_id，需后续匹配,P1,14.88,12.41,True,0,16.4,5.46,False,False,0,0,PENDING_MATCH,PENDING_MATCH,False,False,
RENDER-THS-THS-NI-2.1,THS-NI-2.1,THS,NI,pending_match,THS 模板无 zhiji_id，需后续匹配,P1,11.45,17.51,True,0,18.2,9.7,False,False,0,0,PENDING_MATCH,PENDING_MATCH,False,False,
RENDER-THS-THS-NI-2.2,THS-NI-2.2,THS,NI,pending_match,THS 模板无 zhiji_id，需后续匹配,P1,21.72,27.26,True,0,48.28,10.0,False,False,0,0,PENDING_MATCH,PENDING_MATCH,False,False,
RENDER-THS-THS-NI-2.3,THS-NI-2.3,THS,NI,pending_match,THS 模板无 zhiji_id，需后续匹配,CLEAN,18.45,18.09,True,0,16.41,8.05,False,False,0,0,PENDING_MATCH,PENDING_MATCH,False,False,
RENDER-THS-THS-NI-2.4,THS-NI-2.4,THS,NI,pending_match,THS 模板无 zhiji_id，需后续匹配,CLEAN,14.41,29.55,True,0,47.06,3.45,False,False,0,0,PENDING_MATCH,PENDING_MATCH,False,False,
RENDER-THS-THS-NI-2.5,THS-NI-2.5,THS,NI,pending_match,THS 模板无 zhiji_id，需后续匹配,P1,16.71,29.04,True,0,32.21,2.73,False,False,0,0,PENDING_MATCH,PENDING_MATCH,False,False,
RENDER-THS-THS-NI-2.6,THS-NI-2.6,THS,NI,pending_match,THS 模板无 zhiji_id，需后续匹配,CLEAN,11.96,20.0,True,0,38.45,8.86,False,False,0,0,PENDING_MATCH,PENDING_MATCH,False,False,
RENDER-THS-THS-NI-3.1.1,THS-NI-3.1.1,THS,NI,pending_match,THS 模板无 zhiji_id，需后续匹配,P1,11.6,30.81,True,0,25.09,9.56,False,False,0,0,PENDING_MATCH,PENDING_MATCH,False,False,
RENDER-THS-THS-NI-3.1.2,THS-NI-3.1.2,THS,NI,pending_match,THS 模板无 zhiji_id，需后续匹配,CLEAN,21.27,26.5,True,0,30.92,4.52,False,False,0,0,PENDING_MATCH,PENDING_MATCH,False,False,
RENDER-THS-THS-NI-3.1.3,THS-NI-3.1.3,THS,NI,pending_match,THS 模板无 zhiji_id，需后续匹配,P1,11.47,39.11,True,0,29.15,6.12,False,False,0,0,PENDING_MATCH,PENDING_MATCH,False,False,
RENDER-THS-THS-NI-3.1.4,THS-NI-3.1.4,THS,NI,pending_match,THS 模板无 zhiji_id，需后续匹配,P1,24.76,29.73,True,0,33.99,5.31,False,False,0,0,PENDING_MATCH,PENDING_MATCH,False,False,
RENDER-THS-THS-NI-3.1.5,THS-NI-3.1.5,THS,NI,pending_match,THS 模板无 zhiji_id，需后续匹配,CLEAN,8.75,20.85,True,0,41.48,7.0,False,False,0,0,PENDING_MATCH,PENDING_MATCH,False,False,
RENDER-THS-THS-NI-3.2,THS-NI-3.2,THS,NI,pending_match,THS 模板无 zhiji_id，需后续匹配,P1,20.2,16.11,True,0,34.22,9.42,False,False,0,0,PENDING_MATCH,PENDING_MATCH,False,False,
RENDER-THS-THS-NI-3.2.1,THS-NI-3.2.1,THS,NI,pending_match,THS 模板无 zhiji_id，需后续匹配,CLEAN,13.76,30.95,True,0,19.25,9.79,False,False,0,0,PENDING_MATCH,PENDING_MATCH,False,False,
RENDER-THS-THS-NI-3.2.2,THS-NI-3.2.2,THS,NI,pending_match,THS 模板无 zhiji_id，需后续匹配,CLEAN,17.18,17.18,True,0,20.54,6.41,False,False,0,0,PENDING_MATCH,PENDING_MATCH,False,False,
RENDER-THS-THS-NI-3.2.3,THS-NI-3.2.3,THS,NI,pending_match,THS 模板无 zhiji_id，需后续匹配,CLEAN,16.05,12.8,True,0,49.73,9.3,False,False,0,0,PENDING_MATCH,PENDING_MATCH,False,False,
RENDER-THS-THS-NI-3.2.4,THS-NI-3.2.4,THS,NI,pending_match,THS 模板无 zhiji_id，需后续匹配,CLEAN,14.23,13.52,True,0,44.13,5.99,False,False,0,0,PENDING_MATCH,PENDING_MATCH,False,False,
RENDER-THS-THS-NI-4.1,THS-NI-4.1,THS,NI,pending_match,THS 模板无 zhiji_id，需后续匹配,P1,19.33,25.27,True,0,24.57,8.68,False,False,0,0,PENDING_MATCH,PENDING_MATCH,False,False,
RENDER-THS-THS-NI-4.2,THS-NI-4.2,THS,NI,pending_match,THS 模板无 zhiji_id，需后续匹配,P1,24.6,17.31,True,0,34.29,5.07,False,False,0,0,PENDING_MATCH,PENDING_MATCH,False,False,
RENDER-THS-THS-NI-4.3,THS-NI-4.3,THS,NI,pending_match,THS 模板无 zhiji_id，需后续匹配,P1,23.44,25.25,True,0,45.78,8.91,False,False,0,0,PENDING_MATCH,PENDING_MATCH,False,False,
RENDER-THS-THS-NI-4.4,THS-NI-4.4,THS,NI,pending_match,THS 模板无 zhiji_id，需后续匹配,CLEAN,10.52,33.7,True,0,29.52,9.47,False,False,0,0,PENDING_MATCH,PENDING_MATCH,False,False,
RENDER-THS-THS-NI-5.3,THS-NI-5.3,THS,NI,pending_match,THS 模板无 zhiji_id，需后续匹配,P1,15.15,34.62,True,0,24.9,4.39,False,False,0,0,PENDING_MATCH,PENDING_MATCH,False,False,
RENDER-THS-THS-NI-6.1,THS-NI-6.1,THS,NI,pending_match,THS 模板无 zhiji_id，需后续匹配,P1,16.74,39.97,True,0,32.14,3.19,False,False,0,0,PENDING_MATCH,PENDING_MATCH,False,False,
RENDER-THS-THS-NI-6.3,THS-NI-6.3,THS,NI,pending_match,THS 模板无 zhiji_id，需后续匹配,P1,15.77,20.35,True,0,34.32,6.35,False,False,0,0,PENDING_MATCH,PENDING_MATCH,False,False,
RENDER-THS-THS-NI-6.4,THS-NI-6.4,THS,NI,pending_match,THS 模板无 zhiji_id，需后续匹配,CLEAN,14.11,19.65,True,0,21.6,7.58,False,False,0,0,PENDING_MATCH,PENDING_MATCH,False,False,
RENDER-THS-THS-NI-7.1,THS-NI-7.1,THS,NI,pending_match,THS 模板无 zhiji_id，需后续匹配,P1,16.44,17.01,True,0,42.14,2.35,False,False,0,0,PENDING_MATCH,PENDING_MATCH,False,False,
RENDER-THS-THS-NI-7.2,THS-NI-7.2,THS,NI,pending_match,THS 模板无 zhiji_id，需后续匹配,P1,19.89,31.16,True,0,43.4,5.09,False,False,0,0,PENDING_MATCH,PENDING_MATCH,False,False,
RENDER-THS-THS-NI-7.3,THS-NI-7.3,THS,NI,pending_match,THS 模板无 zhiji_id，需后续匹配,P1,18.27,34.62,True,0,49.33,5.96,False,False,0,0,PENDING_MATCH,PENDING_MATCH,False,False,
RENDER-THS-THS-SI-2.1,THS-SI-2.1,THS,SI,pending_match,THS 模板无 zhiji_id，需后续匹配,CLEAN,5.74,25.07,True,0,35.66,8.96,False,False,0,0,PENDING_MATCH,PENDING_MATCH,False,False,
RENDER-THS-THS-SI-2.2,THS-SI-2.2,THS,SI,pending_match,THS 模板无 zhiji_id，需后续匹配,CLEAN,22.48,23.21,True,0,33.41,5.66,False,False,0,0,PENDING_MATCH,PENDING_MATCH,False,False,
RENDER-THS-THS-SI-2.3,THS-SI-2.3,THS,SI,pending_match,THS 模板无 zhiji_id，需后续匹配,CLEAN,19.45,22.3,True,0,37.92,3.23,False,False,0,0,PENDING_MATCH,PENDING_MATCH,False,False,
RENDER-THS-THS-SI-2.4,THS-SI-2.4,THS,SI,pending_match,THS 模板无 zhiji_id，需后续匹配,CLEAN,14.39,39.08,True,0,26.85,7.54,False,False,0,0,PENDING_MATCH,PENDING_MATCH,False,False,
RENDER-THS-THS-SI-2.5,THS-SI-2.5,THS,SI,pending_match,THS 模板无 zhiji_id，需后续匹配,CLEAN,18.0,35.55,True,0,44.83,8.87,False,False,0,0,PENDING_MATCH,PENDING_MATCH,False,False,
RENDER-THS-THS-SI-2.6,THS-SI-2.6,THS,SI,pending_match,THS 模板无 zhiji_id，需后续匹配,CLEAN,12.6,19.5,True,0,40.16,8.08,False,False,0,0,PENDING_MATCH,PENDING_MATCH,False,False,
RENDER-THS-THS-SI-3.1.1,THS-SI-3.1.1,THS,SI,pending_match,THS 模板无 zhiji_id，需后续匹配,P1,22.45,11.08,True,0,17.39,7.05,False,False,0,0,PENDING_MATCH,PENDING_MATCH,False,False,
RENDER-THS-THS-SI-3.1.2,THS-SI-3.1.2,THS,SI,pending_match,THS 模板无 zhiji_id，需后续匹配,P1,23.42,39.92,True,0,41.14,5.47,False,False,0,0,PENDING_MATCH,PENDING_MATCH,False,False,
RENDER-THS-THS-SI-3.1.3,THS-SI-3.1.3,THS,SI,pending_match,THS 模板无 zhiji_id，需后续匹配,P1,6.97,29.01,True,0,45.54,5.55,False,False,0,0,PENDING_MATCH,PENDING_MATCH,False,False,
RENDER-THS-THS-SI-3.1.4,THS-SI-3.1.4,THS,SI,pending_match,THS 模板无 zhiji_id，需后续匹配,CLEAN,18.88,37.1,True,0,16.61,8.37,False,False,0,0,PENDING_MATCH,PENDING_MATCH,False,False,
RENDER-THS-THS-SI-3.1.5,THS-SI-3.1.5,THS,SI,pending_match,THS 模板无 zhiji_id，需后续匹配,P1,10.87,21.25,True,0,20.09,6.25,False,False,0,0,PENDING_MATCH,PENDING_MATCH,False,False,
RENDER-THS-THS-SI-3.2.1,THS-SI-3.2.1,THS,SI,pending_match,THS 模板无 zhiji_id，需后续匹配,P1,16.32,33.78,True,0,20.95,2.63,False,False,0,0,PENDING_MATCH,PENDING_MATCH,False,False,
RENDER-THS-THS-SI-3.2.2,THS-SI-3.2.2,THS,SI,pending_match,THS 模板无 zhiji_id，需后续匹配,P1,22.42,28.59,True,0,23.43,9.3,False,False,0,0,PENDING_MATCH,PENDING_MATCH,False,False,
RENDER-THS-THS-SI-3.2.3,THS-SI-3.2.3,THS,SI,pending_match,THS 模板无 zhiji_id，需后续匹配,P1,7.86,23.83,True,0,23.89,4.04,False,False,0,0,PENDING_MATCH,PENDING_MATCH,False,False,
RENDER-THS-THS-SI-3.2.4,THS-SI-3.2.4,THS,SI,pending_match,THS 模板无 zhiji_id，需后续匹配,P1,5.19,34.14,True,0,46.54,7.42,False,False,0,0,PENDING_MATCH,PENDING_MATCH,False,False,
RENDER-THS-THS-SI-4.1,THS-SI-4.1,THS,SI,pending_match,THS 模板无 zhiji_id，需后续匹配,P1,8.16,23.25,True,0,27.09,6.7,False,False,0,0,PENDING_MATCH,PENDING_MATCH,False,False,
RENDER-THS-THS-SI-4.2,THS-SI-4.2,THS,SI,pending_match,THS 模板无 zhiji_id，需后续匹配,CLEAN,17.78,22.73,True,0,23.75,8.76,False,False,0,0,PENDING_MATCH,PENDING_MATCH,False,False,
RENDER-THS-THS-SI-4.3,THS-SI-4.3,THS,SI,pending_match,THS 模板无 zhiji_id，需后续匹配,CLEAN,8.98,21.54,True,0,31.91,3.9,False,False,0,0,PENDING_MATCH,PENDING_MATCH,False,False,
RENDER-THS-THS-SI-4.4,THS-SI-4.4,THS,SI,pending_match,THS 模板无 zhiji_id，需后续匹配,CLEAN,16.44,27.24,True,0,49.74,4.36,False,False,0,0,PENDING_MATCH,PENDING_MATCH,False,False,
RENDER-THS-THS-SI-4.5,THS-SI-4.5,THS,SI,pending_match,THS 模板无 zhiji_id，需后续匹配,CLEAN,24.56,29.75,True,0,24.61,6.53,False,False,0,0,PENDING_MATCH,PENDING_MATCH,False,False,
RENDER-THS-THS-SI-5.3,THS-SI-5.3,THS,SI,pending_match,THS 模板无 zhiji_id，需后续匹配,CLEAN,18.72,32.34,True,0,16.72,6.85,False,False,0,0,PENDING_MATCH,PENDING_MATCH,False,False,
RENDER-THS-THS-SI-6.1,THS-SI-6.1,THS,SI,pending_match,THS 模板无 zhiji_id，需后续匹配,CLEAN,14.93,37.12,True,0,25.02,8.39,False,False,0,0,PENDING_MATCH,PENDING_MATCH,False,False,
RENDER-THS-THS-SI-6.2,THS-SI-6.2,THS,SI,pending_match,THS 模板无 zhiji_id，需后续匹配,CLEAN,17.14,20.57,True,0,37.28,6.97,False,False,0,0,PENDING_MATCH,PENDING_MATCH,False,False,
RENDER-THS-THS-SI-6.3,THS-SI-6.3,THS,SI,pending_match,THS 模板无 zhiji_id，需后续匹配,CLEAN,18.56,31.63,True,0,38.07,8.71,False,False,0,0,PENDING_MATCH,PENDING_MATCH,False,False,
RENDER-THS-THS-SI-7.1,THS-SI-7.1,THS,SI,pending_match,THS 模板无 zhiji_id，需后续匹配,CLEAN,17.56,37.1,True,0,37.62,4.47,False,False,0,0,PENDING_MATCH,PENDING_MATCH,False,False,
RENDER-THS-THS-SI-7.2,THS-SI-7.2,THS,SI,pending_match,THS 模板无 zhiji_id，需后续匹配,P1,13.82,27.39,True,0,40.63,2.72,False,False,0,0,PENDING_MATCH,PENDING_MATCH,False,False,
RENDER-THS-THS-SN-2.1,THS-SN-2.1,THS,SN,pending_match,THS 模板无 zhiji_id，需后续匹配,P1,10.9,32.42,True,0,21.15,3.06,False,False,0,0,PENDING_MATCH,PENDING_MATCH,False,False,
RENDER-THS-THS-SN-2.2,THS-SN-2.2,THS,SN,pending_match,THS 模板无 zhiji_id，需后续匹配,CLEAN,15.79,39.14,True,0,33.58,9.31,False,False,0,0,PENDING_MATCH,PENDING_MATCH,False,False,
RENDER-THS-THS-SN-2.3,THS-SN-2.3,THS,SN,pending_match,THS 模板无 zhiji_id，需后续匹配,CLEAN,21.61,17.71,True,0,43.86,5.85,False,False,0,0,PENDING_MATCH,PENDING_MATCH,False,False,
RENDER-THS-THS-SN-2.4,THS-SN-2.4,THS,SN,pending_match,THS 模板无 zhiji_id，需后续匹配,CLEAN,21.13,32.4,True,0,26.86,2.92,False,False,0,0,PENDING_MATCH,PENDING_MATCH,False,False,
RENDER-THS-THS-SN-2.5,THS-SN-2.5,THS,SN,pending_match,THS 模板无 zhiji_id，需后续匹配,P1,24.26,14.22,True,0,48.83,8.88,False,False,0,0,PENDING_MATCH,PENDING_MATCH,False,False,
RENDER-THS-THS-SN-2.6,THS-SN-2.6,THS,SN,pending_match,THS 模板无 zhiji_id，需后续匹配,CLEAN,19.48,39.4,True,0,48.85,8.44,False,False,0,0,PENDING_MATCH,PENDING_MATCH,False,False,
RENDER-THS-THS-SN-3.1.1,THS-SN-3.1.1,THS,SN,pending_match,THS 模板无 zhiji_id，需后续匹配,P1,12.32,33.72,True,0,15.49,6.29,False,False,0,0,PENDING_MATCH,PENDING_MATCH,False,False,
RENDER-THS-THS-SN-3.1.2,THS-SN-3.1.2,THS,SN,pending_match,THS 模板无 zhiji_id，需后续匹配,CLEAN,14.1,30.18,True,0,38.53,6.68,False,False,0,0,PENDING_MATCH,PENDING_MATCH,False,False,
RENDER-THS-THS-SN-3.1.3,THS-SN-3.1.3,THS,SN,pending_match,THS 模板无 zhiji_id，需后续匹配,P1,21.45,38.21,True,0,18.79,3.87,False,False,0,0,PENDING_MATCH,PENDING_MATCH,False,False,
RENDER-THS-THS-SN-3.2.2,THS-SN-3.2.2,THS,SN,pending_match,THS 模板无 zhiji_id，需后续匹配,P1,5.5,36.53,True,0,34.65,9.32,False,False,0,0,PENDING_MATCH,PENDING_MATCH,False,False,
RENDER-THS-THS-SN-3.2.3,THS-SN-3.2.3,THS,SN,pending_match,THS 模板无 zhiji_id，需后续匹配,P1,9.43,11.9,True,0,43.83,9.28,False,False,0,0,PENDING_MATCH,PENDING_MATCH,False,False,
RENDER-THS-THS-SN-3.2.4,THS-SN-3.2.4,THS,SN,pending_match,THS 模板无 zhiji_id，需后续匹配,CLEAN,11.04,22.25,True,0,19.89,9.57,False,False,0,0,PENDING_MATCH,PENDING_MATCH,False,False,
RENDER-THS-THS-SN-4.1,THS-SN-4.1,THS,SN,pending_match,THS 模板无 zhiji_id，需后续匹配,P1,11.09,24.78,True,0,18.4,9.1,False,False,0,0,PENDING_MATCH,PENDING_MATCH,False,False,
RENDER-THS-THS-SN-4.2,THS-SN-4.2,THS,SN,pending_match,THS 模板无 zhiji_id，需后续匹配,CLEAN,7.71,23.61,True,0,38.47,7.95,False,False,0,0,PENDING_MATCH,PENDING_MATCH,False,False,
RENDER-THS-THS-SN-4.3,THS-SN-4.3,THS,SN,pending_match,THS 模板无 zhiji_id，需后续匹配,CLEAN,23.92,22.57,True,0,40.98,3.24,False,False,0,0,PENDING_MATCH,PENDING_MATCH,False,False,
RENDER-THS-THS-SN-4.4,THS-SN-4.4,THS,SN,pending_match,THS 模板无 zhiji_id，需后续匹配,P1,13.3,12.97,True,0,32.13,5.26,False,False,0,0,PENDING_MATCH,PENDING_MATCH,False,False,
RENDER-THS-THS-SN-4.5,THS-SN-4.5,THS,SN,pending_match,THS 模板无 zhiji_id，需后续匹配,P1,24.03,10.98,True,0,27.97,5.55,False,False,0,0,PENDING_MATCH,PENDING_MATCH,False,False,
RENDER-THS-THS-SN-5.3,THS-SN-5.3,THS,SN,pending_match,THS 模板无 zhiji_id，需后续匹配,CLEAN,24.01,35.66,True,0,18.48,7.49,False,False,0,0,PENDING_MATCH,PENDING_MATCH,False,False,
RENDER-THS-THS-SN-6.3,THS-SN-6.3,THS,SN,pending_match,THS 模板无 zhiji_id，需后续匹配,P1,15.89,39.34,True,0,27.55,5.19,False,False,0,0,PENDING_MATCH,PENDING_MATCH,False,False,
RENDER-THS-THS-SN-6.4,THS-SN-6.4,THS,SN,pending_match,THS 模板无 zhiji_id，需后续匹配,CLEAN,8.8,13.66,True,0,44.68,5.64,False,False,0,0,PENDING_MATCH,PENDING_MATCH,False,False,
RENDER-THS-THS-SN-7.1,THS-SN-7.1,THS,SN,pending_match,THS 模板无 zhiji_id，需后续匹配,P1,18.26,29.25,True,0,35.9,2.17,False,False,0,0,PENDING_MATCH,PENDING_MATCH,False,False,
RENDER-THS-THS-SN-7.2,THS-SN-7.2,THS,SN,pending_match,THS 模板无 zhiji_id，需后续匹配,P1,20.74,17.31,True,0,19.41,6.52,False,False,0,0,PENDING_MATCH,PENDING_MATCH,False,False,
RENDER-THS-THS-SN-7.3,THS-SN-7.3,THS,SN,pending_match,THS 模板无 zhiji_id，需后续匹配,P1,6.37,32.95,True,0,22.25,3.73,False,False,0,0,PENDING_MATCH,PENDING_MATCH,False,False,
RENDER-THS-THS-ZN-2.1,THS-ZN-2.1,THS,ZN,pending_match,THS 模板无 zhiji_id，需后续匹配,CLEAN,22.39,19.86,True,0,20.16,9.2,False,False,0,0,PENDING_MATCH,PENDING_MATCH,False,False,
RENDER-THS-THS-ZN-2.2,THS-ZN-2.2,THS,ZN,pending_match,THS 模板无 zhiji_id，需后续匹配,CLEAN,5.06,35.75,True,0,20.06,3.04,False,False,0,0,PENDING_MATCH,PENDING_MATCH,False,False,
RENDER-THS-THS-ZN-2.3,THS-ZN-2.3,THS,ZN,pending_match,THS 模板无 zhiji_id，需后续匹配,CLEAN,10.01,15.23,True,0,38.14,2.21,False,False,0,0,PENDING_MATCH,PENDING_MATCH,False,False,
RENDER-THS-THS-ZN-2.4,THS-ZN-2.4,THS,ZN,pending_match,THS 模板无 zhiji_id，需后续匹配,CLEAN,5.3,33.7,True,0,23.33,4.59,False,False,0,0,PENDING_MATCH,PENDING_MATCH,False,False,
RENDER-THS-THS-ZN-2.5,THS-ZN-2.5,THS,ZN,pending_match,THS 模板无 zhiji_id，需后续匹配,P1,8.48,11.57,True,0,40.96,6.21,False,False,0,0,PENDING_MATCH,PENDING_MATCH,False,False,
RENDER-THS-THS-ZN-2.6,THS-ZN-2.6,THS,ZN,pending_match,THS 模板无 zhiji_id，需后续匹配,CLEAN,19.91,24.29,True,0,42.23,6.11,False,False,0,0,PENDING_MATCH,PENDING_MATCH,False,False,
RENDER-THS-THS-ZN-3.1.1,THS-ZN-3.1.1,THS,ZN,pending_match,THS 模板无 zhiji_id，需后续匹配,P1,7.18,25.12,True,0,48.09,2.35,False,False,0,0,PENDING_MATCH,PENDING_MATCH,False,False,
RENDER-THS-THS-ZN-3.1.2,THS-ZN-3.1.2,THS,ZN,pending_match,THS 模板无 zhiji_id，需后续匹配,P1,20.66,36.01,True,0,33.25,5.66,False,False,0,0,PENDING_MATCH,PENDING_MATCH,False,False,
RENDER-THS-THS-ZN-3.1.3,THS-ZN-3.1.3,THS,ZN,pending_match,THS 模板无 zhiji_id，需后续匹配,P1,24.28,11.82,True,0,31.76,5.21,False,False,0,0,PENDING_MATCH,PENDING_MATCH,False,False,
RENDER-THS-THS-ZN-3.1.4,THS-ZN-3.1.4,THS,ZN,pending_match,THS 模板无 zhiji_id，需后续匹配,P1,18.72,24.71,True,0,46.84,2.59,False,False,0,0,PENDING_MATCH,PENDING_MATCH,False,False,
RENDER-THS-THS-ZN-3.1.5,THS-ZN-3.1.5,THS,ZN,pending_match,THS 模板无 zhiji_id，需后续匹配,CLEAN,6.62,28.25,True,0,17.3,4.2,False,False,0,0,PENDING_MATCH,PENDING_MATCH,False,False,
RENDER-THS-THS-ZN-3.2.1,THS-ZN-3.2.1,THS,ZN,pending_match,THS 模板无 zhiji_id，需后续匹配,P1,17.66,26.45,True,0,26.38,9.96,False,False,0,0,PENDING_MATCH,PENDING_MATCH,False,False,
RENDER-THS-THS-ZN-3.2.2,THS-ZN-3.2.2,THS,ZN,pending_match,THS 模板无 zhiji_id，需后续匹配,P1,15.61,23.61,True,0,36.19,2.79,False,False,0,0,PENDING_MATCH,PENDING_MATCH,False,False,
RENDER-THS-THS-ZN-3.2.3,THS-ZN-3.2.3,THS,ZN,pending_match,THS 模板无 zhiji_id，需后续匹配,P1,19.04,35.58,True,0,37.78,8.15,False,False,0,0,PENDING_MATCH,PENDING_MATCH,False,False,
RENDER-THS-THS-ZN-3.2.4,THS-ZN-3.2.4,THS,ZN,pending_match,THS 模板无 zhiji_id，需后续匹配,CLEAN,19.42,16.45,True,0,30.8,3.83,False,False,0,0,PENDING_MATCH,PENDING_MATCH,False,False,
RENDER-THS-THS-ZN-4.1,THS-ZN-4.1,THS,ZN,pending_match,THS 模板无 zhiji_id，需后续匹配,CLEAN,11.78,23.6,True,0,29.56,2.76,False,False,0,0,PENDING_MATCH,PENDING_MATCH,False,False,
RENDER-THS-THS-ZN-4.2,THS-ZN-4.2,THS,ZN,pending_match,THS 模板无 zhiji_id，需后续匹配,CLEAN,13.54,29.95,True,0,28.1,3.22,False,False,0,0,PENDING_MATCH,PENDING_MATCH,False,False,
RENDER-THS-THS-ZN-4.3,THS-ZN-4.3,THS,ZN,pending_match,THS 模板无 zhiji_id，需后续匹配,CLEAN,23.46,12.01,True,0,44.11,2.75,False,False,0,0,PENDING_MATCH,PENDING_MATCH,False,False,
RENDER-THS-THS-ZN-4.4,THS-ZN-4.4,THS,ZN,pending_match,THS 模板无 zhiji_id，需后续匹配,P1,6.93,32.16,True,0,43.41,6.45,False,False,0,0,PENDING_MATCH,PENDING_MATCH,False,False,
RENDER-THS-THS-ZN-4.5,THS-ZN-4.5,THS,ZN,pending_match,THS 模板无 zhiji_id，需后续匹配,CLEAN,16.73,26.85,True,0,26.54,2.98,False,False,0,0,PENDING_MATCH,PENDING_MATCH,False,False,
RENDER-THS-THS-ZN-6.1,THS-ZN-6.1,THS,ZN,pending_match,THS 模板无 zhiji_id，需后续匹配,CLEAN,12.07,29.96,True,0,41.26,8.94,False,False,0,0,PENDING_MATCH,PENDING_MATCH,False,False,
RENDER-THS-THS-ZN-6.3,THS-ZN-6.3,THS,ZN,pending_match,THS 模板无 zhiji_id，需后续匹配,CLEAN,19.42,39.05,True,0,36.01,4.81,False,False,0,0,PENDING_MATCH,PENDING_MATCH,False,False,
RENDER-THS-THS-ZN-7.1,THS-ZN-7.1,THS,ZN,pending_match,THS 模板无 zhiji_id，需后续匹配,P1,16.56,16.38,True,0,37.99,3.79,False,False,0,0,PENDING_MATCH,PENDING_MATCH,False,False,
RENDER-THS-THS-ZN-7.2,THS-ZN-7.2,THS,ZN,pending_match,THS 模板无 zhiji_id，需后续匹配,P1,7.16,35.36,True,0,27.86,8.1,False,False,0,0,PENDING_MATCH,PENDING_MATCH,False,False,
RENDER-THS-THS-ZN-7.3,THS-ZN-7.3,THS,ZN,pending_match,THS 模板无 zhiji_id，需后续匹配,CLEAN,16.48,34.22,True,0,44.58,9.8,False,False,0,0,PENDING_MATCH,PENDING_MATCH,False,False,
RENDER-THS-THS-AL-6.1,THS-AL-6.1,THS,AL,pending_match,THS 模板无 zhiji_id，需后续匹配,P0,21.37,28.41,True,0,37.49,2.21,False,False,0,0,PENDING_MATCH,BLOCKED_P0,True,False,IMPROVED
RENDER-THS-THS-AL-6.2,THS-AL-6.2,THS,AL,pending_match,THS 模板无 zhiji_id，需后续匹配,P0,23.58,34.88,True,0,24.36,3.44,False,False,0,0,PENDING_MATCH,BLOCKED_P0,True,False,IMPROVED
RENDER-THS-THS-LI-2.3,THS-LI-2.3,THS,LI,pending_match,THS 模板无 zhiji_id，需后续匹配,P0,19.05,19.27,True,0,26.89,2.05,False,False,0,0,PENDING_MATCH,BLOCKED_P0,True,False,IMPROVED
RENDER-THS-THS-LI-3.1.2,THS-LI-3.1.2,THS,LI,pending_match,THS 模板无 zhiji_id，需后续匹配,P0,22.4,26.99,True,0,29.03,3.13,False,False,0,0,PENDING_MATCH,BLOCKED_P0,True,False,IMPROVED
RENDER-THS-THS-NI-3.1,THS-NI-3.1,THS,NI,pending_match,THS 模板无 zhiji_id，需后续匹配,P0,17.66,10.92,True,0,41.11,3.72,False,False,0,0,PENDING_MATCH,BLOCKED_P0,True,False,IMPROVED
RENDER-THS-THS-NI-4.5,THS-NI-4.5,THS,NI,pending_match,THS 模板无 zhiji_id，需后续匹配,P0,13.4,20.23,True,0,27.95,7.77,False,False,0,0,PENDING_MATCH,BLOCKED_P0,True,False,IMPROVED
RENDER-THS-THS-NI-5.1,THS-NI-5.1,THS,NI,pending_match,THS 模板无 zhiji_id，需后续匹配,P0,20.54,27.03,True,0,17.97,2.42,False,False,0,0,PENDING_MATCH,BLOCKED_P0,True,False,IMPROVED
RENDER-THS-THS-NI-5.2,THS-NI-5.2,THS,NI,pending_match,THS 模板无 zhiji_id，需后续匹配,P0,8.15,28.54,True,0,38.59,4.18,False,False,0,0,PENDING_MATCH,BLOCKED_P0,True,False,IMPROVED
RENDER-THS-THS-NI-6.2,THS-NI-6.2,THS,NI,pending_match,THS 模板无 zhiji_id，需后续匹配,P0,18.24,24.57,True,0,30.47,4.19,False,False,0,0,PENDING_MATCH,BLOCKED_P0,True,False,IMPROVED
RENDER-THS-THS-SI-5.1,THS-SI-5.1,THS,SI,pending_match,THS 模板无 zhiji_id，需后续匹配,P0,20.1,13.41,True,0,30.05,4.27,False,False,0,0,PENDING_MATCH,BLOCKED_P0,True,False,IMPROVED
RENDER-THS-THS-SI-5.2,THS-SI-5.2,THS,SI,pending_match,THS 模板无 zhiji_id，需后续匹配,P0,18.57,24.6,True,0,38.35,2.36,False,False,0,0,PENDING_MATCH,BLOCKED_P0,True,False,IMPROVED
RENDER-THS-THS-SI-6.4,THS-SI-6.4,THS,SI,pending_match,THS 模板无 zhiji_id，需后续匹配,P0,12.91,27.98,True,0,15.27,4.41,False,False,0,0,PENDING_MATCH,BLOCKED_P0,True,False,IMPROVED
RENDER-THS-THS-SN-3.1.4,THS-SN-3.1.4,THS,SN,pending_match,THS 模板无 zhiji_id，需后续匹配,P0,9.22,14.12,True,0,23.94,4.62,False,False,0,0,PENDING_MATCH,BLOCKED_P0,True,False,IMPROVED
RENDER-THS-THS-SN-3.1.5,THS-SN-3.1.5,THS,SN,pending_match,THS 模板无 zhiji_id，需后续匹配,P0,5.15,32.41,True,0,21.15,5.04,False,False,0,0,PENDING_MATCH,BLOCKED_P0,True,False,IMPROVED
RENDER-THS-THS-SN-3.2.1,THS-SN-3.2.1,THS,SN,pending_match,THS 模板无 zhiji_id，需后续匹配,P0,19.07,25.01,True,0,44.17,8.45,False,False,0,0,PENDING_MATCH,BLOCKED_P0,True,False,IMPROVED
RENDER-THS-THS-SN-5.1,THS-SN-5.1,THS,SN,pending_match,THS 模板无 zhiji_id，需后续匹配,P0,6.44,35.85,True,0,16.48,2.15,False,False,0,0,PENDING_MATCH,BLOCKED_P0,True,False,IMPROVED
RENDER-THS-THS-SN-5.2,THS-SN-5.2,THS,SN,pending_match,THS 模板无 zhiji_id，需后续匹配,P0,23.42,35.86,True,0,35.15,6.59,False,False,0,0,PENDING_MATCH,BLOCKED_P0,True,False,IMPROVED
RENDER-THS-THS-SN-6.1,THS-SN-6.1,THS,SN,pending_match,THS 模板无 zhiji_id，需后续匹配,P0,19.19,22.53,True,0,19.03,2.17,False,False,0,0,PENDING_MATCH,BLOCKED_P0,True,False,IMPROVED
RENDER-THS-THS-SN-6.2,THS-SN-6.2,THS,SN,pending_match,THS 模板无 zhiji_id，需后续匹配,P0,11.5,34.04,True,0,36.63,8.66,False,False,0,0,PENDING_MATCH,BLOCKED_P0,True,False,IMPROVED
RENDER-THS-THS-ZN-5.1,THS-ZN-5.1,THS,ZN,pending_match,THS 模板无 zhiji_id，需后续匹配,P0,23.4,12.64,True,0,44.56,3.95,False,False,0,0,PENDING_MATCH,BLOCKED_P0,True,False,IMPROVED
RENDER-THS-THS-ZN-5.2,THS-ZN-5.2,THS,ZN,pending_match,THS 模板无 zhiji_id，需后续匹配,P0,16.78,25.72,True,0,28.85,4.48,False,False,0,0,PENDING_MATCH,BLOCKED_P0,True,False,IMPROVED
RENDER-THS-THS-ZN-5.3,THS-ZN-5.3,THS,ZN,pending_match,THS 模板无 zhiji_id，需后续匹配,P0,11.79,19.99,True,0,20.88,6.08,False,False,0,0,PENDING_MATCH,BLOCKED_P0,True,False,IMPROVED
RENDER-THS-THS-ZN-6.2,THS-ZN-6.2,THS,ZN,pending_match,THS 模板无 zhiji_id，需后续匹配,P0,7.28,25.3,True,0,46.71,4.8,False,False,0,0,PENDING_MATCH,BLOCKED_P0,True,False,IMPROVED
RENDER-THS-THS-ZN-6.4,THS-ZN-6.4,THS,ZN,pending_match,THS 模板无 zhiji_id，需后续匹配,P0,19.55,34.57,True,0,43.53,3.89,False,False,0,0,PENDING_MATCH,BLOCKED_P0,True,False,IMPROVED
RENDER-PDF-TPL-AO-002,TPL-AO-002,PDF,AO,blocked,全部 series 无效 (P0/BLOCKED),P0,7.93,15.92,True,0,36.08,8.08,True,False,0,1,BLOCKED,BLOCKED_P0,True,True,
RENDER-PDF-TPL-AO-003,TPL-AO-003,PDF,AO,blocked,全部 series 无效 (P0/BLOCKED),P0,18.11,15.31,True,0,42.05,5.95,True,False,0,1,BLOCKED,BLOCKED_P0,True,True,
RENDER-PDF-TPL-AO-004,TPL-AO-004,PDF,AO,blocked,全部 series 无效 (P0/BLOCKED),P0,20.09,32.8,True,0,30.71,9.39,True,False,0,1,BLOCKED,BLOCKED_P0,True,True,
RENDER-PDF-TPL-AO-005,TPL-AO-005,PDF,AO,blocked,全部 series 无效 (P0/BLOCKED),P0,16.29,29.06,True,0,36.86,8.91,True,False,0,1,BLOCKED,BLOCKED_P0,True,True,
RENDER-PDF-TPL-AO-006,TPL-AO-006,PDF,AO,blocked,全部 series 无效 (P0/BLOCKED),P0,17.54,14.53,True,0,17.39,5.54,True,False,0,1,BLOCKED,BLOCKED_P0,True,True,
RENDER-PDF-TPL-AO-007,TPL-AO-007,PDF,AO,blocked,全部 series 无效 (P0/BLOCKED),P0,11.06,18.24,True,0,16.97,6.06,True,False,0,1,BLOCKED,BLOCKED_P0,True,True,
RENDER-PDF-TPL-AO-008,TPL-AO-008,PDF,AO,blocked,全部 series 无效 (P0/BLOCKED),P0,11.21,23.56,True,0,16.99,8.65,True,False,0,1,BLOCKED,BLOCKED_P0,True,True,
RENDER-PDF-TPL-AO-009,TPL-AO-009,PDF,AO,blocked,全部 series 无效 (P0/BLOCKED),P0,6.53,35.93,True,0,44.94,6.92,True,False,0,1,BLOCKED,BLOCKED_P0,True,True,
RENDER-PDF-TPL-AO-014,TPL-AO-014,PDF,AO,blocked,全部 series 无效 (P0/BLOCKED),P0,15.14,23.88,True,0,34.4,8.33,True,False,0,1,BLOCKED,BLOCKED_P0,True,True,
RENDER-PDF-TPL-AO-015,TPL-AO-015,PDF,AO,blocked,全部 series 无效 (P0/BLOCKED),P0,22.92,23.49,True,0,43.34,7.21,True,False,0,1,BLOCKED,BLOCKED_P0,True,True,
RENDER-PDF-TPL-AO-018,TPL-AO-018,PDF,AO,blocked,全部 series 无效 (P0/BLOCKED),P0,11.43,24.27,True,0,20.28,2.49,True,False,0,1,BLOCKED,BLOCKED_P0,True,True,
RENDER-PDF-TPL-AO-019,TPL-AO-019,PDF,AO,blocked,全部 series 无效 (P0/BLOCKED),P0,7.07,36.97,True,0,27.02,7.71,True,False,0,1,BLOCKED,BLOCKED_P0,True,True,
RENDER-PDF-TPL-AO-021,TPL-AO-021,PDF,AO,blocked,全部 series 无效 (P0/BLOCKED),P0,15.09,15.18,True,0,23.67,5.5,True,False,0,1,BLOCKED,BLOCKED_P0,True,True,
RENDER-PDF-TPL-AO-023,TPL-AO-023,PDF,AO,blocked,全部 series 无效 (P0/BLOCKED),P0,13.79,25.68,True,0,20.56,4.98,True,False,0,1,BLOCKED,BLOCKED_P0,True,True,
RENDER-PDF-TPL-AO-025,TPL-AO-025,PDF,AO,blocked,全部 series 无效 (P0/BLOCKED),P0,10.66,22.26,True,0,26.84,6.78,True,False,0,1,BLOCKED,BLOCKED_P0,True,True,
RENDER-PDF-TPL-AO-027,TPL-AO-027,PDF,AO,blocked,全部 series 无效 (P0/BLOCKED),P0,20.78,29.42,True,0,17.31,2.76,True,False,0,1,BLOCKED,BLOCKED_P0,True,True,
RENDER-PDF-TPL-AO-028,TPL-AO-028,PDF,AO,blocked,全部 series 无效 (P0/BLOCKED),P0,18.57,18.52,True,0,40.33,7.25,True,False,0,1,BLOCKED,BLOCKED_P0,True,True,
RENDER-PDF-TPL-AO-029,TPL-AO-029,PDF,AO,blocked,全部 series 无效 (P0/BLOCKED),P0,23.13,36.2,True,0,26.67,6.66,True,False,0,1,BLOCKED,BLOCKED_P0,True,True,
RENDER-PDF-TPL-AO-030,TPL-AO-030,PDF,AO,blocked,全部 series 无效 (P0/BLOCKED),P0,7.83,20.49,True,0,48.87,7.59,True,False,0,1,BLOCKED,BLOCKED_P0,True,True,
RENDER-PDF-TPL-AO-031,TPL-AO-031,PDF,AO,blocked,全部 series 无效 (P0/BLOCKED),P0,12.84,27.85,True,0,47.83,4.48,True,False,0,1,BLOCKED,BLOCKED_P0,True,True,
RENDER-PDF-TPL-AO-033,TPL-AO-033,PDF,AO,blocked,全部 series 无效 (P0/BLOCKED),P0,12.53,33.75,True,0,43.46,7.36,True,False,0,1,BLOCKED,BLOCKED_P0,True,True,
RENDER-PDF-TPL-AO-034,TPL-AO-034,PDF,AO,blocked,全部 series 无效 (P0/BLOCKED),P0,21.58,32.16,True,0,38.99,6.21,True,False,0,1,BLOCKED,BLOCKED_P0,True,True,
RENDER-PDF-TPL-AO-035,TPL-AO-035,PDF,AO,blocked,全部 series 无效 (P0/BLOCKED),P0,17.92,22.7,True,0,27.66,4.9,True,False,0,1,BLOCKED,BLOCKED_P0,True,True,
RENDER-PDF-TPL-AO-037,TPL-AO-037,PDF,AO,blocked,全部 series 无效 (P0/BLOCKED),P0,8.61,16.43,True,0,48.17,5.89,True,False,0,1,BLOCKED,BLOCKED_P0,True,True,
RENDER-PDF-TPL-AO-038,TPL-AO-038,PDF,AO,blocked,全部 series 无效 (P0/BLOCKED),P0,9.53,14.13,True,0,17.7,8.76,True,False,0,2,BLOCKED,BLOCKED_P0,True,True,
RENDER-PDF-TPL-AO-039,TPL-AO-039,PDF,AO,blocked,全部 series 无效 (P0/BLOCKED),P0,7.02,33.13,True,0,44.23,9.07,True,False,0,1,BLOCKED,BLOCKED_P0,True,True,
RENDER-PDF-TPL-AO-040,TPL-AO-040,PDF,AO,blocked,全部 series 无效 (P0/BLOCKED),P0,5.75,20.1,True,0,41.82,3.05,True,False,0,1,BLOCKED,BLOCKED_P0,True,True,
RENDER-PDF-TPL-AO-041,TPL-AO-041,PDF,AO,blocked,全部 series 无效 (P0/BLOCKED),P0,12.53,14.87,True,0,44.1,8.17,True,False,0,1,BLOCKED,BLOCKED_P0,True,True,
RENDER-PDF-TPL-AO-042,TPL-AO-042,PDF,AO,blocked,全部 series 无效 (P0/BLOCKED),P0,21.18,14.97,True,0,30.32,5.29,True,False,0,1,BLOCKED,BLOCKED_P0,True,True,
RENDER-PDF-TPL-AO-043,TPL-AO-043,PDF,AO,blocked,全部 series 无效 (P0/BLOCKED),P0,18.53,17.13,True,0,30.55,4.28,True,False,0,1,BLOCKED,BLOCKED_P0,True,True,
RENDER-PDF-TPL-AO-044,TPL-AO-044,PDF,AO,blocked,全部 series 无效 (P0/BLOCKED),P0,19.97,23.47,True,0,33.69,4.48,True,False,0,1,BLOCKED,BLOCKED_P0,True,True,
RENDER-PDF-TPL-AO-045,TPL-AO-045,PDF,AO,blocked,全部 series 无效 (P0/BLOCKED),P0,21.17,24.07,True,0,44.23,4.94,True,False,0,1,BLOCKED,BLOCKED_P0,True,True,
RENDER-PDF-TPL-AO-046,TPL-AO-046,PDF,AO,blocked,全部 series 无效 (P0/BLOCKED),P0,23.94,39.53,True,0,31.16,4.25,True,False,0,1,BLOCKED,BLOCKED_P0,True,True,
RENDER-PDF-TPL-AO-047,TPL-AO-047,PDF,AO,blocked,全部 series 无效 (P0/BLOCKED),P0,12.64,25.82,True,0,48.82,8.54,True,False,0,1,BLOCKED,BLOCKED_P0,True,True,
RENDER-PDF-TPL-AO-048,TPL-AO-048,PDF,AO,blocked,全部 series 无效 (P0/BLOCKED),P0,21.03,14.15,True,0,23.75,7.13,True,False,0,1,BLOCKED,BLOCKED_P0,True,True,
RENDER-PDF-TPL-AO-049,TPL-AO-049,PDF,AO,blocked,全部 series 无效 (P0/BLOCKED),P0,22.48,26.64,True,0,18.59,8.77,True,False,0,1,BLOCKED,BLOCKED_P0,True,True,
RENDER-PDF-TPL-AO-050,TPL-AO-050,PDF,AO,blocked,全部 series 无效 (P0/BLOCKED),P0,22.02,18.55,True,0,41.71,4.18,True,False,0,1,BLOCKED,BLOCKED_P0,True,True,
RENDER-PDF-TPL-AO-051,TPL-AO-051,PDF,AO,blocked,全部 series 无效 (P0/BLOCKED),P0,23.11,14.42,True,0,30.31,9.57,True,False,0,1,BLOCKED,BLOCKED_P0,True,True,
RENDER-PDF-TPL-AO-052,TPL-AO-052,PDF,AO,blocked,全部 series 无效 (P0/BLOCKED),P0,9.44,23.53,True,0,27.24,2.21,True,False,0,1,BLOCKED,BLOCKED_P0,True,True,
RENDER-PDF-TPL-AO-053,TPL-AO-053,PDF,AO,blocked,全部 series 无效 (P0/BLOCKED),P0,6.07,25.06,True,0,23.25,9.96,True,False,0,1,BLOCKED,BLOCKED_P0,True,True,
RENDER-PDF-TPL-AO-054,TPL-AO-054,PDF,AO,blocked,全部 series 无效 (P0/BLOCKED),P0,12.5,10.85,True,0,47.58,8.71,True,False,0,1,BLOCKED,BLOCKED_P0,True,True,
RENDER-PDF-TPL-AO-055,TPL-AO-055,PDF,AO,blocked,全部 series 无效 (P0/BLOCKED),P0,18.0,33.74,True,0,19.82,4.3,True,False,0,1,BLOCKED,BLOCKED_P0,True,True,
RENDER-PDF-TPL-AO-056,TPL-AO-056,PDF,AO,blocked,全部 series 无效 (P0/BLOCKED),P0,21.6,30.88,True,0,19.86,7.64,True,False,0,1,BLOCKED,BLOCKED_P0,True,True,
RENDER-PDF-TPL-AO-057,TPL-AO-057,PDF,AO,blocked,全部 series 无效 (P0/BLOCKED),P0,13.97,10.16,True,0,17.77,4.05,True,False,0,1,BLOCKED,BLOCKED_P0,True,True,
RENDER-PDF-TPL-AO-058,TPL-AO-058,PDF,AO,blocked,全部 series 无效 (P0/BLOCKED),P0,21.7,26.46,True,0,40.45,6.22,True,False,0,1,BLOCKED,BLOCKED_P0,True,True,
RENDER-PDF-TPL-AO-059,TPL-AO-059,PDF,AO,blocked,全部 series 无效 (P0/BLOCKED),P0,7.22,18.64,True,0,25.54,2.38,True,False,0,1,BLOCKED,BLOCKED_P0,True,True,
RENDER-PDF-TPL-AO-061,TPL-AO-061,PDF,AO,blocked,全部 series 无效 (P0/BLOCKED),P0,13.4,33.82,True,0,31.0,2.89,True,False,0,1,BLOCKED,BLOCKED_P0,True,True,
RENDER-PDF-TPL-AO-062,TPL-AO-062,PDF,AO,blocked,全部 series 无效 (P0/BLOCKED),P0,23.1,27.9,True,0,15.58,6.12,True,False,0,1,BLOCKED,BLOCKED_P0,True,True,
RENDER-PDF-TPL-AO-063,TPL-AO-063,PDF,AO,blocked,全部 series 无效 (P0/BLOCKED),P0,9.84,14.31,True,0,30.02,6.92,True,False,0,1,BLOCKED,BLOCKED_P0,True,True,
RENDER-PDF-TPL-SI-001,TPL-SI-001,PDF,SI,blocked,全部 series 无效 (P0/BLOCKED),P0,9.81,22.5,True,0,38.25,2.68,True,False,0,1,BLOCKED,BLOCKED_P0,True,True,
RENDER-PDF-TPL-SI-002,TPL-SI-002,PDF,SI,blocked,全部 series 无效 (P0/BLOCKED),P0,24.49,12.03,True,0,33.41,6.06,True,False,0,1,BLOCKED,BLOCKED_P0,True,True,
RENDER-PDF-TPL-SI-004,TPL-SI-004,PDF,SI,blocked,全部 series 无效 (P0/BLOCKED),P0,24.77,26.62,True,0,28.67,5.76,True,False,0,1,BLOCKED,BLOCKED_P0,True,True,
RENDER-PDF-TPL-SI-006,TPL-SI-006,PDF,SI,blocked,全部 series 无效 (P0/BLOCKED),P0,17.71,39.43,True,0,23.88,2.13,True,False,0,1,BLOCKED,BLOCKED_P0,True,True,
RENDER-PDF-TPL-SI-007,TPL-SI-007,PDF,SI,blocked,全部 series 无效 (P0/BLOCKED),P0,20.77,20.34,True,0,40.65,7.03,True,False,0,1,BLOCKED,BLOCKED_P0,True,True,
RENDER-PDF-TPL-SI-011,TPL-SI-011,PDF,SI,blocked,全部 series 无效 (P0/BLOCKED),P0,20.43,32.06,True,0,26.64,2.35,True,False,0,1,BLOCKED,BLOCKED_P0,True,True,
RENDER-PDF-TPL-SI-012,TPL-SI-012,PDF,SI,blocked,全部 series 无效 (P0/BLOCKED),P0,15.92,34.41,True,0,21.13,8.23,True,False,0,1,BLOCKED,BLOCKED_P0,True,True,
RENDER-PDF-TPL-SI-013,TPL-SI-013,PDF,SI,blocked,全部 series 无效 (P0/BLOCKED),P0,14.29,30.86,True,0,37.11,8.49,True,False,0,1,BLOCKED,BLOCKED_P0,True,True,
RENDER-PDF-TPL-SI-016,TPL-SI-016,PDF,SI,blocked,全部 series 无效 (P0/BLOCKED),P0,6.26,33.29,True,0,31.02,4.35,True,False,0,1,BLOCKED,BLOCKED_P0,True,True,
RENDER-PDF-TPL-SI-018,TPL-SI-018,PDF,SI,blocked,全部 series 无效 (P0/BLOCKED),P0,5.88,15.98,True,0,16.47,9.47,True,False,0,1,BLOCKED,BLOCKED_P0,True,True,
RENDER-PDF-TPL-SI-019,TPL-SI-019,PDF,SI,blocked,全部 series 无效 (P0/BLOCKED),P0,15.31,39.67,True,0,34.01,4.03,True,False,0,1,BLOCKED,BLOCKED_P0,True,True,
RENDER-PDF-TPL-SI-020,TPL-SI-020,PDF,SI,blocked,全部 series 无效 (P0/BLOCKED),P0,20.07,15.73,True,0,27.49,8.25,True,False,0,1,BLOCKED,BLOCKED_P0,True,True,
RENDER-PDF-TPL-SI-022,TPL-SI-022,PDF,SI,blocked,全部 series 无效 (P0/BLOCKED),P0,22.32,19.96,True,0,19.36,4.94,True,False,0,2,BLOCKED,BLOCKED_P0,True,True,
RENDER-PDF-TPL-SI-023,TPL-SI-023,PDF,SI,blocked,全部 series 无效 (P0/BLOCKED),P0,22.79,32.3,True,0,46.31,5.09,True,False,0,2,BLOCKED,BLOCKED_P0,True,True,
RENDER-PDF-TPL-SI-025,TPL-SI-025,PDF,SI,blocked,全部 series 无效 (P0/BLOCKED),P0,24.47,24.89,True,0,32.41,9.39,True,False,0,1,BLOCKED,BLOCKED_P0,True,True,
RENDER-PDF-TPL-SI-026,TPL-SI-026,PDF,SI,blocked,全部 series 无效 (P0/BLOCKED),P0,15.39,34.03,True,0,40.45,2.63,True,False,0,2,BLOCKED,BLOCKED_P0,True,True,
RENDER-PDF-TPL-SI-027,TPL-SI-027,PDF,SI,blocked,全部 series 无效 (P0/BLOCKED),P0,17.05,34.67,True,0,34.09,4.57,True,False,0,1,BLOCKED,BLOCKED_P0,True,True,
RENDER-PDF-TPL-SI-028,TPL-SI-028,PDF,SI,blocked,全部 series 无效 (P0/BLOCKED),P0,6.6,29.83,True,0,25.73,6.82,True,False,0,1,BLOCKED,BLOCKED_P0,True,True,
RENDER-PDF-TPL-SI-031,TPL-SI-031,PDF,SI,blocked,全部 series 无效 (P0/BLOCKED),P0,13.52,30.69,True,0,27.3,2.34,True,False,0,1,BLOCKED,BLOCKED_P0,True,True,
RENDER-PDF-TPL-SI-032,TPL-SI-032,PDF,SI,blocked,全部 series 无效 (P0/BLOCKED),P0,22.4,20.58,True,0,49.94,4.2,True,False,0,1,BLOCKED,BLOCKED_P0,True,True,
RENDER-PDF-TPL-SI-033,TPL-SI-033,PDF,SI,blocked,全部 series 无效 (P0/BLOCKED),P0,24.6,38.44,True,0,17.63,7.1,True,False,0,1,BLOCKED,BLOCKED_P0,True,True,
RENDER-PDF-TPL-SI-034,TPL-SI-034,PDF,SI,blocked,全部 series 无效 (P0/BLOCKED),P0,12.27,34.03,True,0,38.78,9.62,True,False,0,3,BLOCKED,BLOCKED_P0,True,True,
RENDER-PDF-TPL-SI-035,TPL-SI-035,PDF,SI,blocked,全部 series 无效 (P0/BLOCKED),P0,7.86,28.23,True,0,42.35,2.28,True,False,0,1,BLOCKED,BLOCKED_P0,True,True,
RENDER-PDF-TPL-SI-036,TPL-SI-036,PDF,SI,blocked,全部 series 无效 (P0/BLOCKED),P0,6.34,33.36,True,0,27.82,5.06,True,False,0,1,BLOCKED,BLOCKED_P0,True,True,
RENDER-PDF-TPL-SI-037,TPL-SI-037,PDF,SI,blocked,全部 series 无效 (P0/BLOCKED),P0,16.34,28.15,True,0,38.77,9.59,True,False,0,1,BLOCKED,BLOCKED_P0,True,True,
RENDER-PDF-TPL-SI-039,TPL-SI-039,PDF,SI,blocked,全部 series 无效 (P0/BLOCKED),P0,12.44,32.89,True,0,35.09,6.24,True,False,0,1,BLOCKED,BLOCKED_P0,True,True,
RENDER-PDF-TPL-SI-040,TPL-SI-040,PDF,SI,blocked,全部 series 无效 (P0/BLOCKED),P0,12.96,29.49,True,0,23.74,2.91,True,False,0,1,BLOCKED,BLOCKED_P0,True,True,
RENDER-PDF-TPL-SI-041,TPL-SI-041,PDF,SI,blocked,全部 series 无效 (P0/BLOCKED),P0,19.71,24.97,True,0,28.54,6.49,True,False,0,1,BLOCKED,BLOCKED_P0,True,True,
RENDER-PDF-TPL-SI-042,TPL-SI-042,PDF,SI,blocked,全部 series 无效 (P0/BLOCKED),P0,10.24,17.81,True,0,30.62,9.97,True,False,0,1,BLOCKED,BLOCKED_P0,True,True,
RENDER-PDF-TPL-SI-044,TPL-SI-044,PDF,SI,blocked,全部 series 无效 (P0/BLOCKED),P0,10.71,37.49,True,0,32.19,2.98,True,False,0,3,BLOCKED,BLOCKED_P0,True,True,
RENDER-PDF-TPL-SI-045,TPL-SI-045,PDF,SI,blocked,全部 series 无效 (P0/BLOCKED),P0,22.06,23.56,True,0,46.45,5.56,True,False,0,1,BLOCKED,BLOCKED_P0,True,True,
RENDER-PDF-TPL-SI-047,TPL-SI-047,PDF,SI,blocked,全部 series 无效 (P0/BLOCKED),P0,6.76,30.46,True,0,44.59,4.56,True,False,0,1,BLOCKED,BLOCKED_P0,True,True,
RENDER-PDF-TPL-SI-048,TPL-SI-048,PDF,SI,blocked,全部 series 无效 (P0/BLOCKED),P0,11.95,11.95,True,0,33.98,9.13,True,False,0,1,BLOCKED,BLOCKED_P0,True,True,
RENDER-PDF-TPL-LC-001,TPL-LC-001,PDF,LC,blocked,全部 series 无效 (P0/BLOCKED),P0,22.03,31.35,True,0,47.46,7.1,True,False,0,1,BLOCKED,BLOCKED_P0,True,True,
RENDER-PDF-TPL-LC-002,TPL-LC-002,PDF,LC,blocked,全部 series 无效 (P0/BLOCKED),P0,20.87,25.26,True,0,19.25,3.61,True,False,0,1,BLOCKED,BLOCKED_P0,True,True,
RENDER-PDF-TPL-LC-003,TPL-LC-003,PDF,LC,blocked,全部 series 无效 (P0/BLOCKED),P0,7.78,33.71,True,0,15.92,6.43,True,False,0,1,BLOCKED,BLOCKED_P0,True,True,
RENDER-PDF-TPL-LC-005,TPL-LC-005,PDF,LC,blocked,全部 series 无效 (P0/BLOCKED),P0,12.38,34.11,True,0,34.31,6.9,True,False,0,1,BLOCKED,BLOCKED_P0,True,True,
RENDER-PDF-TPL-LC-006,TPL-LC-006,PDF,LC,blocked,全部 series 无效 (P0/BLOCKED),P0,6.72,19.28,True,0,49.99,7.75,True,False,0,1,BLOCKED,BLOCKED_P0,True,True,
RENDER-PDF-TPL-LC-007,TPL-LC-007,PDF,LC,blocked,全部 series 无效 (P0/BLOCKED),P0,15.51,33.07,True,0,43.82,2.59,True,False,0,1,BLOCKED,BLOCKED_P0,True,True,
RENDER-PDF-TPL-LC-008,TPL-LC-008,PDF,LC,blocked,全部 series 无效 (P0/BLOCKED),P0,24.45,29.27,True,0,30.75,7.44,True,False,0,1,BLOCKED,BLOCKED_P0,True,True,
RENDER-PDF-TPL-LC-009,TPL-LC-009,PDF,LC,blocked,全部 series 无效 (P0/BLOCKED),P0,11.89,36.34,True,0,42.31,7.12,True,False,0,1,BLOCKED,BLOCKED_P0,True,True,
RENDER-PDF-TPL-LC-011,TPL-LC-011,PDF,LC,blocked,全部 series 无效 (P0/BLOCKED),P0,8.64,38.99,True,0,30.14,9.29,True,False,0,1,BLOCKED,BLOCKED_P0,True,True,
RENDER-PDF-TPL-LC-012,TPL-LC-012,PDF,LC,blocked,全部 series 无效 (P0/BLOCKED),P0,6.11,13.72,True,0,20.36,3.32,True,False,0,1,BLOCKED,BLOCKED_P0,True,True,
RENDER-PDF-TPL-LC-013,TPL-LC-013,PDF,LC,blocked,全部 series 无效 (P0/BLOCKED),P0,11.45,31.28,True,0,27.11,9.53,True,False,0,1,BLOCKED,BLOCKED_P0,True,True,
RENDER-PDF-TPL-LC-014,TPL-LC-014,PDF,LC,blocked,全部 series 无效 (P0/BLOCKED),P0,22.9,35.38,True,0,23.77,7.08,True,False,0,1,BLOCKED,BLOCKED_P0,True,True,
RENDER-PDF-TPL-LC-022,TPL-LC-022,PDF,LC,blocked,全部 series 无效 (P0/BLOCKED),P0,16.02,13.76,True,0,25.6,6.27,True,False,0,1,BLOCKED,BLOCKED_P0,True,True,
RENDER-PDF-TPL-LC-023,TPL-LC-023,PDF,LC,blocked,全部 series 无效 (P0/BLOCKED),P0,15.05,15.06,True,0,47.96,3.23,True,False,0,2,BLOCKED,BLOCKED_P0,True,True,
RENDER-PDF-TPL-LC-024,TPL-LC-024,PDF,LC,blocked,全部 series 无效 (P0/BLOCKED),P0,18.17,31.62,True,0,36.18,8.74,True,False,0,3,BLOCKED,BLOCKED_P0,True,True,
RENDER-PDF-TPL-LC-028,TPL-LC-028,PDF,LC,blocked,全部 series 无效 (P0/BLOCKED),P0,16.27,34.76,True,0,15.99,2.36,True,False,0,1,BLOCKED,BLOCKED_P0,True,True,
RENDER-PDF-TPL-LC-030,TPL-LC-030,PDF,LC,blocked,全部 series 无效 (P0/BLOCKED),P0,17.83,27.3,True,0,37.79,8.14,True,False,0,1,BLOCKED,BLOCKED_P0,True,True,
RENDER-PDF-TPL-LC-032,TPL-LC-032,PDF,LC,blocked,全部 series 无效 (P0/BLOCKED),P0,13.33,29.17,True,0,32.43,7.02,True,False,0,1,BLOCKED,BLOCKED_P0,True,True,
RENDER-PDF-TPL-LC-034,TPL-LC-034,PDF,LC,blocked,全部 series 无效 (P0/BLOCKED),P0,10.79,38.7,True,0,31.9,8.44,True,False,0,1,BLOCKED,BLOCKED_P0,True,True,
RENDER-PDF-TPL-LC-037,TPL-LC-037,PDF,LC,blocked,全部 series 无效 (P0/BLOCKED),P0,18.7,18.92,True,0,17.55,2.48,True,False,0,1,BLOCKED,BLOCKED_P0,True,True,
RENDER-PDF-TPL-LC-039,TPL-LC-039,PDF,LC,blocked,全部 series 无效 (P0/BLOCKED),P0,13.79,24.53,True,0,22.14,6.85,True,False,0,1,BLOCKED,BLOCKED_P0,True,True,
RENDER-PDF-TPL-LC-040,TPL-LC-040,PDF,LC,blocked,全部 series 无效 (P0/BLOCKED),P0,11.25,31.55,True,0,40.7,8.89,True,False,0,1,BLOCKED,BLOCKED_P0,True,True,
RENDER-PDF-TPL-LC-041,TPL-LC-041,PDF,LC,blocked,全部 series 无效 (P0/BLOCKED),P0,24.51,13.92,True,0,27.97,6.49,True,False,0,1,BLOCKED,BLOCKED_P0,True,True,
RENDER-PDF-TPL-LC-042,TPL-LC-042,PDF,LC,blocked,全部 series 无效 (P0/BLOCKED),P0,11.38,23.99,True,0,24.36,3.98,True,False,0,1,BLOCKED,BLOCKED_P0,True,True,
RENDER-PDF-TPL-LC-044,TPL-LC-044,PDF,LC,blocked,全部 series 无效 (P0/BLOCKED),P0,6.94,18.71,True,0,28.45,6.92,True,False,0,1,BLOCKED,BLOCKED_P0,True,True,
RENDER-PDF-TPL-LC-045,TPL-LC-045,PDF,LC,blocked,全部 series 无效 (P0/BLOCKED),P0,9.97,35.96,True,0,20.59,4.62,True,False,0,2,BLOCKED,BLOCKED_P0,True,True,
RENDER-PDF-TPL-LC-046,TPL-LC-046,PDF,LC,blocked,全部 series 无效 (P0/BLOCKED),P0,16.55,19.38,True,0,41.71,5.99,True,False,0,1,BLOCKED,BLOCKED_P0,True,True,
RENDER-PDF-TPL-LC-047,TPL-LC-047,PDF,LC,blocked,全部 series 无效 (P0/BLOCKED),P0,15.29,24.96,True,0,25.8,2.19,True,False,0,1,BLOCKED,BLOCKED_P0,True,True,
RENDER-PDF-TPL-LC-048,TPL-LC-048,PDF,LC,blocked,全部 series 无效 (P0/BLOCKED),P0,23.9,25.16,True,0,48.83,3.72,True,False,0,1,BLOCKED,BLOCKED_P0,True,True,
RENDER-PDF-TPL-LC-049,TPL-LC-049,PDF,LC,blocked,全部 series 无效 (P0/BLOCKED),P0,12.06,11.52,True,0,32.32,9.06,True,False,0,1,BLOCKED,BLOCKED_P0,True,True,
RENDER-PDF-TPL-LC-050,TPL-LC-050,PDF,LC,blocked,全部 series 无效 (P0/BLOCKED),P0,18.09,24.12,True,0,33.78,8.78,True,False,0,1,BLOCKED,BLOCKED_P0,True,True,
RENDER-PDF-TPL-LC-051,TPL-LC-051,PDF,LC,blocked,全部 series 无效 (P0/BLOCKED),P0,13.62,36.47,True,0,40.46,8.11,True,False,0,2,BLOCKED,BLOCKED_P0,True,True,
RENDER-PDF-TPL-LC-052,TPL-LC-052,PDF,LC,blocked,全部 series 无效 (P0/BLOCKED),P0,12.32,22.02,True,0,34.96,3.56,True,False,0,2,BLOCKED,BLOCKED_P0,True,True,
RENDER-PDF-TPL-LC-054,TPL-LC-054,PDF,LC,blocked,全部 series 无效 (P0/BLOCKED),P0,16.06,12.21,True,0,32.65,8.12,True,False,0,1,BLOCKED,BLOCKED_P0,True,True,
RENDER-PDF-TPL-LC-055,TPL-LC-055,PDF,LC,blocked,全部 series 无效 (P0/BLOCKED),P0,10.59,39.67,True,0,38.81,2.95,True,False,0,1,BLOCKED,BLOCKED_P0,True,True,
RENDER-PDF-TPL-LC-056,TPL-LC-056,PDF,LC,blocked,全部 series 无效 (P0/BLOCKED),P0,24.5,21.82,True,0,42.82,4.71,True,False,0,1,BLOCKED,BLOCKED_P0,True,True,
RENDER-PDF-TPL-LC-057,TPL-LC-057,PDF,LC,blocked,全部 series 无效 (P0/BLOCKED),P0,23.78,32.65,True,0,21.97,6.07,True,False,0,1,BLOCKED,BLOCKED_P0,True,True,
RENDER-PDF-TPL-LC-058,TPL-LC-058,PDF,LC,blocked,全部 series 无效 (P0/BLOCKED),P0,15.0,11.36,True,0,19.8,4.66,True,False,0,1,BLOCKED,BLOCKED_P0,True,True,
RENDER-PDF-TPL-LC-059,TPL-LC-059,PDF,LC,blocked,全部 series 无效 (P0/BLOCKED),P0,14.47,23.71,True,0,36.22,6.12,True,False,0,1,BLOCKED,BLOCKED_P0,True,True,
RENDER-PDF-TPL-LC-062,TPL-LC-062,PDF,LC,blocked,全部 series 无效 (P0/BLOCKED),P0,11.56,28.39,True,0,20.69,9.92,True,False,0,1,BLOCKED,BLOCKED_P0,True,True,
RENDER-PDF-TPL-LC-063,TPL-LC-063,PDF,LC,blocked,全部 series 无效 (P0/BLOCKED),P0,19.79,18.98,True,0,26.77,8.63,True,False,0,1,BLOCKED,BLOCKED_P0,True,True,
RENDER-PDF-TPL-LC-064,TPL-LC-064,PDF,LC,blocked,全部 series 无效 (P0/BLOCKED),P0,15.65,31.26,True,0,25.49,8.53,True,False,0,1,BLOCKED,BLOCKED_P0,True,True,
RENDER-PDF-TPL-LC-066,TPL-LC-066,PDF,LC,blocked,全部 series 无效 (P0/BLOCKED),P0,12.37,30.21,True,0,49.3,6.67,True,False,0,1,BLOCKED,BLOCKED_P0,True,True,
RENDER-PDF-TPL-LC-067,TPL-LC-067,PDF,LC,blocked,全部 series 无效 (P0/BLOCKED),P0,20.94,31.76,True,0,39.08,2.21,True,False,0,1,BLOCKED,BLOCKED_P0,True,True,
RENDER-PDF-TPL-LC-069,TPL-LC-069,PDF,LC,blocked,全部 series 无效 (P0/BLOCKED),P0,14.49,39.01,True,0,42.4,8.21,True,False,0,1,BLOCKED,BLOCKED_P0,True,True,
RENDER-PDF-TPL-LC-070,TPL-LC-070,PDF,LC,blocked,全部 series 无效 (P0/BLOCKED),P0,16.55,31.64,True,0,35.42,3.36,True,False,0,1,BLOCKED,BLOCKED_P0,True,True,
RENDER-PDF-TPL-LC-071,TPL-LC-071,PDF,LC,blocked,全部 series 无效 (P0/BLOCKED),P0,17.58,28.59,True,0,44.44,3.18,True,False,0,1,BLOCKED,BLOCKED_P0,True,True,
RENDER-PDF-TPL-LC-072,TPL-LC-072,PDF,LC,blocked,全部 series 无效 (P0/BLOCKED),P0,18.61,10.95,True,0,48.19,2.88,True,False,0,2,BLOCKED,BLOCKED_P0,True,True,
RENDER-PDF-TPL-LC-073,TPL-LC-073,PDF,LC,blocked,全部 series 无效 (P0/BLOCKED),P0,5.38,19.41,True,0,20.3,7.52,True,False,0,2,BLOCKED,BLOCKED_P0,True,True,
RENDER-PDF-TPL-LC-075,TPL-LC-075,PDF,LC,blocked,全部 series 无效 (P0/BLOCKED),P0,13.21,33.25,True,0,47.22,8.98,True,False,0,1,BLOCKED,BLOCKED_P0,True,True,
RENDER-PDF-TPL-LC-076,TPL-LC-076,PDF,LC,blocked,全部 series 无效 (P0/BLOCKED),P0,19.72,11.87,True,0,19.83,3.66,True,False,0,1,BLOCKED,BLOCKED_P0,True,True,
RENDER-PDF-TPL-LC-077,TPL-LC-077,PDF,LC,blocked,全部 series 无效 (P0/BLOCKED),P0,11.5,29.87,True,0,33.39,4.51,True,False,0,1,BLOCKED,BLOCKED_P0,True,True,
RENDER-PDF-TPL-LC-078,TPL-LC-078,PDF,LC,blocked,全部 series 无效 (P0/BLOCKED),P0,8.46,37.36,True,0,26.98,4.83,True,False,0,1,BLOCKED,BLOCKED_P0,True,True,
RENDER-PDF-TPL-LC-079,TPL-LC-079,PDF,LC,blocked,全部 series 无效 (P0/BLOCKED),P0,20.44,31.63,True,0,37.52,7.55,True,False,0,1,BLOCKED,BLOCKED_P0,True,True,
RENDER-PDF-TPL-LC-080,TPL-LC-080,PDF,LC,blocked,全部 series 无效 (P0/BLOCKED),P0,17.2,15.77,True,0,23.63,6.46,True,False,0,1,BLOCKED,BLOCKED_P0,True,True,
RENDER-PDF-TPL-LC-081,TPL-LC-081,PDF,LC,blocked,全部 series 无效 (P0/BLOCKED),P0,9.5,39.19,True,0,25.42,4.31,True,False,0,1,BLOCKED,BLOCKED_P0,True,True,
RENDER-PDF-TPL-LC-082,TPL-LC-082,PDF,LC,blocked,全部 series 无效 (P0/BLOCKED),P0,9.15,31.15,True,0,26.1,4.79,True,False,0,1,BLOCKED,BLOCKED_P0,True,True,
RENDER-PDF-TPL-LC-085,TPL-LC-085,PDF,LC,blocked,全部 series 无效 (P0/BLOCKED),P0,23.67,33.86,True,0,24.57,2.97,True,False,0,1,BLOCKED,BLOCKED_P0,True,True,
RENDER-PDF-TPL-LC-086,TPL-LC-086,PDF,LC,blocked,全部 series 无效 (P0/BLOCKED),P0,18.53,21.39,True,0,49.31,8.55,True,False,0,1,BLOCKED,BLOCKED_P0,True,True,
RENDER-PDF-TPL-LC-087,TPL-LC-087,PDF,LC,blocked,全部 series 无效 (P0/BLOCKED),P0,24.09,34.14,True,0,25.17,4.3,True,False,0,1,BLOCKED,BLOCKED_P0,True,True,
RENDER-PDF-TPL-LC-089,TPL-LC-089,PDF,LC,blocked,全部 series 无效 (P0/BLOCKED),P0,19.28,20.39,True,0,30.48,4.05,True,False,0,1,BLOCKED,BLOCKED_P0,True,True,
RENDER-PDF-TPL-LC-091,TPL-LC-091,PDF,LC,blocked,P0 语义冲突，阻塞不渲染,P0,14.58,16.06,True,0,33.85,9.46,False,False,0,0,BLOCKED,BLOCKED_P0,True,True,
RENDER-PDF-TPL-LC-092,TPL-LC-092,PDF,LC,blocked,全部 series 无效 (P0/BLOCKED),P0,18.92,14.12,True,0,36.55,6.69,True,False,0,1,BLOCKED,BLOCKED_P0,True,True,
RENDER-PDF-TPL-LC-097,TPL-LC-097,PDF,LC,blocked,全部 series 无效 (P0/BLOCKED),P0,9.85,30.1,True,0,33.59,7.1,True,False,0,1,BLOCKED,BLOCKED_P0,True,True,
RENDER-PDF-TPL-LC-098,TPL-LC-098,PDF,LC,blocked,全部 series 无效 (P0/BLOCKED),P0,6.05,22.4,True,0,40.11,2.8,True,False,0,1,BLOCKED,BLOCKED_P0,True,True,
RENDER-PDF-TPL-LC-099,TPL-LC-099,PDF,LC,blocked,全部 series 无效 (P0/BLOCKED),P0,20.42,10.16,True,0,34.26,9.43,True,False,0,1,BLOCKED,BLOCKED_P0,True,True,
RENDER-PDF-TPL-LC-100,TPL-LC-100,PDF,LC,blocked,全部 series 无效 (P0/BLOCKED),P0,13.14,38.05,True,0,45.74,5.82,True,False,0,1,BLOCKED,BLOCKED_P0,True,True,
RENDER-PDF-TPL-AL-004,TPL-AL-004,PDF,AL,blocked,全部 series 无效 (P0/BLOCKED),P0,8.99,38.92,True,0,26.24,7.17,True,False,0,1,BLOCKED,BLOCKED_P0,True,True,
RENDER-PDF-TPL-AL-005,TPL-AL-005,PDF,AL,blocked,全部 series 无效 (P0/BLOCKED),P0,23.16,12.68,True,0,35.09,6.28,True,False,0,1,BLOCKED,BLOCKED_P0,True,True,
RENDER-PDF-TPL-AL-006,TPL-AL-006,PDF,AL,blocked,全部 series 无效 (P0/BLOCKED),P0,19.46,38.1,True,0,46.96,3.4,True,False,0,1,BLOCKED,BLOCKED_P0,True,True,
RENDER-PDF-TPL-AL-007,TPL-AL-007,PDF,AL,blocked,全部 series 无效 (P0/BLOCKED),P0,22.64,15.27,True,0,47.19,9.98,True,False,0,1,BLOCKED,BLOCKED_P0,True,True,
RENDER-PDF-TPL-AL-008,TPL-AL-008,PDF,AL,blocked,全部 series 无效 (P0/BLOCKED),P0,12.94,24.86,True,0,47.78,9.7,True,False,0,1,BLOCKED,BLOCKED_P0,True,True,
RENDER-PDF-TPL-AL-010,TPL-AL-010,PDF,AL,blocked,全部 series 无效 (P0/BLOCKED),P0,23.52,36.3,True,0,15.32,6.54,True,False,0,1,BLOCKED,BLOCKED_P0,True,True,
RENDER-PDF-TPL-AL-011,TPL-AL-011,PDF,AL,blocked,全部 series 无效 (P0/BLOCKED),P0,7.15,39.49,True,0,24.96,9.91,True,False,0,1,BLOCKED,BLOCKED_P0,True,True,
RENDER-PDF-TPL-AL-012,TPL-AL-012,PDF,AL,blocked,全部 series 无效 (P0/BLOCKED),P0,15.87,24.82,True,0,47.85,8.81,True,False,0,1,BLOCKED,BLOCKED_P0,True,True,
RENDER-PDF-TPL-AL-013,TPL-AL-013,PDF,AL,blocked,全部 series 无效 (P0/BLOCKED),P0,14.36,15.78,True,0,18.94,3.3,True,False,0,1,BLOCKED,BLOCKED_P0,True,True,
RENDER-PDF-TPL-AL-014,TPL-AL-014,PDF,AL,blocked,全部 series 无效 (P0/BLOCKED),P0,14.18,17.72,True,0,21.52,7.89,True,False,0,1,BLOCKED,BLOCKED_P0,True,True,
RENDER-PDF-TPL-AL-015,TPL-AL-015,PDF,AL,blocked,全部 series 无效 (P0/BLOCKED),P0,20.82,27.03,True,0,41.5,3.4,True,False,0,1,BLOCKED,BLOCKED_P0,True,True,
RENDER-PDF-TPL-AL-017,TPL-AL-017,PDF,AL,blocked,全部 series 无效 (P0/BLOCKED),P0,22.12,36.91,True,0,43.94,6.12,True,False,0,1,BLOCKED,BLOCKED_P0,True,True,
RENDER-PDF-TPL-AL-019,TPL-AL-019,PDF,AL,blocked,全部 series 无效 (P0/BLOCKED),P0,6.73,30.08,True,0,21.47,3.12,True,False,0,1,BLOCKED,BLOCKED_P0,True,True,
RENDER-PDF-TPL-AL-020,TPL-AL-020,PDF,AL,blocked,全部 series 无效 (P0/BLOCKED),P0,11.47,17.44,True,0,24.13,3.88,True,False,0,1,BLOCKED,BLOCKED_P0,True,True,
RENDER-PDF-TPL-AL-021,TPL-AL-021,PDF,AL,blocked,全部 series 无效 (P0/BLOCKED),P0,20.08,38.62,True,0,25.57,7.78,True,False,0,1,BLOCKED,BLOCKED_P0,True,True,
RENDER-PDF-TPL-AL-022,TPL-AL-022,PDF,AL,blocked,全部 series 无效 (P0/BLOCKED),P0,5.23,29.61,True,0,39.25,2.5,True,False,0,1,BLOCKED,BLOCKED_P0,True,True,
RENDER-PDF-TPL-AL-023,TPL-AL-023,PDF,AL,blocked,全部 series 无效 (P0/BLOCKED),P0,7.36,19.2,True,0,29.19,6.02,True,False,0,1,BLOCKED,BLOCKED_P0,True,True,
RENDER-PDF-TPL-AL-024,TPL-AL-024,PDF,AL,blocked,全部 series 无效 (P0/BLOCKED),P0,22.9,31.11,True,0,25.88,2.94,True,False,0,1,BLOCKED,BLOCKED_P0,True,True,
RENDER-PDF-TPL-AL-025,TPL-AL-025,PDF,AL,blocked,全部 series 无效 (P0/BLOCKED),P0,23.32,18.85,True,0,36.51,3.75,True,False,0,1,BLOCKED,BLOCKED_P0,True,True,
RENDER-PDF-TPL-AL-027,TPL-AL-027,PDF,AL,blocked,全部 series 无效 (P0/BLOCKED),P0,7.67,14.6,True,0,41.17,6.85,True,False,0,1,BLOCKED,BLOCKED_P0,True,True,
RENDER-PDF-TPL-AL-028,TPL-AL-028,PDF,AL,blocked,全部 series 无效 (P0/BLOCKED),P0,13.32,26.48,True,0,31.48,6.3,True,False,0,1,BLOCKED,BLOCKED_P0,True,True,
RENDER-PDF-TPL-AL-029,TPL-AL-029,PDF,AL,blocked,全部 series 无效 (P0/BLOCKED),P0,18.28,16.55,True,0,23.66,8.04,True,False,0,1,BLOCKED,BLOCKED_P0,True,True,
RENDER-PDF-TPL-AL-032,TPL-AL-032,PDF,AL,blocked,全部 series 无效 (P0/BLOCKED),P0,22.46,12.46,True,0,30.64,7.63,True,False,0,2,BLOCKED,BLOCKED_P0,True,True,
RENDER-PDF-TPL-AL-033,TPL-AL-033,PDF,AL,blocked,全部 series 无效 (P0/BLOCKED),P0,6.56,26.93,True,0,17.16,6.38,True,False,0,2,BLOCKED,BLOCKED_P0,True,True,
RENDER-PDF-TPL-AL-035,TPL-AL-035,PDF,AL,blocked,全部 series 无效 (P0/BLOCKED),P0,15.11,27.18,True,0,20.24,4.62,True,False,0,1,BLOCKED,BLOCKED_P0,True,True,
RENDER-PDF-TPL-AL-036,TPL-AL-036,PDF,AL,blocked,全部 series 无效 (P0/BLOCKED),P0,15.41,13.49,True,0,22.19,6.67,True,False,0,1,BLOCKED,BLOCKED_P0,True,True,
RENDER-PDF-TPL-AL-037,TPL-AL-037,PDF,AL,blocked,全部 series 无效 (P0/BLOCKED),P0,6.82,25.31,True,0,43.3,5.63,True,False,0,1,BLOCKED,BLOCKED_P0,True,True,
RENDER-PDF-TPL-SN-001,TPL-SN-001,PDF,SN,blocked,全部 series 无效 (P0/BLOCKED),P0,15.26,23.7,True,0,17.02,5.7,True,False,0,1,BLOCKED,BLOCKED_P0,True,True,
RENDER-PDF-TPL-SN-002,TPL-SN-002,PDF,SN,blocked,全部 series 无效 (P0/BLOCKED),P0,21.14,31.7,True,0,28.86,8.53,True,False,0,1,BLOCKED,BLOCKED_P0,True,True,
RENDER-PDF-TPL-SN-003,TPL-SN-003,PDF,SN,blocked,全部 series 无效 (P0/BLOCKED),P0,19.92,27.35,True,0,16.59,4.76,True,False,0,1,BLOCKED,BLOCKED_P0,True,True,
RENDER-PDF-TPL-SN-005,TPL-SN-005,PDF,SN,blocked,全部 series 无效 (P0/BLOCKED),P0,6.28,39.82,True,0,47.71,2.55,True,False,0,1,BLOCKED,BLOCKED_P0,True,True,
RENDER-PDF-TPL-SN-006,TPL-SN-006,PDF,SN,blocked,全部 series 无效 (P0/BLOCKED),P0,23.68,10.95,True,0,29.31,8.15,True,False,0,1,BLOCKED,BLOCKED_P0,True,True,
RENDER-PDF-TPL-SN-007,TPL-SN-007,PDF,SN,blocked,全部 series 无效 (P0/BLOCKED),P0,20.32,39.35,True,0,37.61,5.36,True,False,0,1,BLOCKED,BLOCKED_P0,True,True,
RENDER-PDF-TPL-SN-011,TPL-SN-011,PDF,SN,blocked,全部 series 无效 (P0/BLOCKED),P0,24.86,21.47,True,0,45.44,9.25,True,False,0,1,BLOCKED,BLOCKED_P0,True,True,
RENDER-PDF-TPL-SN-012,TPL-SN-012,PDF,SN,blocked,全部 series 无效 (P0/BLOCKED),P0,12.51,30.48,True,0,38.16,6.31,True,False,0,1,BLOCKED,BLOCKED_P0,True,True,
RENDER-PDF-TPL-SN-013,TPL-SN-013,PDF,SN,blocked,全部 series 无效 (P0/BLOCKED),P0,18.07,20.43,True,0,21.25,6.3,True,False,0,1,BLOCKED,BLOCKED_P0,True,True,
RENDER-PDF-TPL-SN-014,TPL-SN-014,PDF,SN,blocked,全部 series 无效 (P0/BLOCKED),P0,15.58,31.84,True,0,22.79,2.03,True,False,0,1,BLOCKED,BLOCKED_P0,True,True,
RENDER-PDF-TPL-SN-015,TPL-SN-015,PDF,SN,blocked,全部 series 无效 (P0/BLOCKED),P0,5.45,18.95,True,0,38.57,6.36,True,False,0,1,BLOCKED,BLOCKED_P0,True,True,
RENDER-PDF-TPL-SN-016,TPL-SN-016,PDF,SN,blocked,全部 series 无效 (P0/BLOCKED),P0,15.64,34.7,True,0,23.66,4.77,True,False,0,1,BLOCKED,BLOCKED_P0,True,True,
RENDER-PDF-TPL-SN-018,TPL-SN-018,PDF,SN,blocked,全部 series 无效 (P0/BLOCKED),P0,10.51,38.12,True,0,40.38,2.9,True,False,0,1,BLOCKED,BLOCKED_P0,True,True,
RENDER-PDF-TPL-SN-020,TPL-SN-020,PDF,SN,blocked,全部 series 无效 (P0/BLOCKED),P0,21.19,22.58,True,0,41.81,9.07,True,False,0,1,BLOCKED,BLOCKED_P0,True,True,
RENDER-PDF-TPL-SN-021,TPL-SN-021,PDF,SN,blocked,全部 series 无效 (P0/BLOCKED),P0,5.31,16.18,True,0,18.53,2.27,True,False,0,1,BLOCKED,BLOCKED_P0,True,True,
RENDER-PDF-TPL-SN-022,TPL-SN-022,PDF,SN,blocked,全部 series 无效 (P0/BLOCKED),P0,16.96,31.1,True,0,16.7,7.92,True,False,0,1,BLOCKED,BLOCKED_P0,True,True,
RENDER-PDF-TPL-SN-024,TPL-SN-024,PDF,SN,blocked,全部 series 无效 (P0/BLOCKED),P0,13.05,17.03,True,0,22.6,8.91,True,False,0,1,BLOCKED,BLOCKED_P0,True,True,
RENDER-PDF-TPL-SN-025,TPL-SN-025,PDF,SN,blocked,全部 series 无效 (P0/BLOCKED),P0,6.13,25.12,True,0,25.12,8.53,True,False,0,1,BLOCKED,BLOCKED_P0,True,True,
RENDER-PDF-TPL-SN-026,TPL-SN-026,PDF,SN,blocked,全部 series 无效 (P0/BLOCKED),P0,19.63,19.57,True,0,35.93,7.38,True,False,0,1,BLOCKED,BLOCKED_P0,True,True,
RENDER-PDF-TPL-SN-027,TPL-SN-027,PDF,SN,blocked,全部 series 无效 (P0/BLOCKED),P0,11.41,19.05,True,0,20.01,7.28,True,False,0,1,BLOCKED,BLOCKED_P0,True,True,
RENDER-PDF-TPL-SN-028,TPL-SN-028,PDF,SN,blocked,全部 series 无效 (P0/BLOCKED),P0,9.42,19.02,True,0,17.13,9.59,True,False,0,1,BLOCKED,BLOCKED_P0,True,True,
RENDER-PDF-TPL-SN-029,TPL-SN-029,PDF,SN,blocked,全部 series 无效 (P0/BLOCKED),P0,22.59,37.35,True,0,36.91,5.42,True,False,0,1,BLOCKED,BLOCKED_P0,True,True,
RENDER-PDF-TPL-SN-030,TPL-SN-030,PDF,SN,blocked,全部 series 无效 (P0/BLOCKED),P0,14.91,39.17,True,0,47.96,7.37,True,False,0,1,BLOCKED,BLOCKED_P0,True,True,
RENDER-PDF-TPL-SN-031,TPL-SN-031,PDF,SN,blocked,全部 series 无效 (P0/BLOCKED),P0,20.72,19.56,True,0,29.57,3.19,True,False,0,1,BLOCKED,BLOCKED_P0,True,True,
RENDER-PDF-TPL-SN-032,TPL-SN-032,PDF,SN,blocked,全部 series 无效 (P0/BLOCKED),P0,12.53,32.63,True,0,31.57,8.79,True,False,0,1,BLOCKED,BLOCKED_P0,True,True,
RENDER-PDF-TPL-SN-033,TPL-SN-033,PDF,SN,blocked,全部 series 无效 (P0/BLOCKED),P0,11.01,31.23,True,0,43.2,9.32,True,False,0,1,BLOCKED,BLOCKED_P0,True,True,
RENDER-PDF-TPL-SN-035,TPL-SN-035,PDF,SN,blocked,全部 series 无效 (P0/BLOCKED),P0,16.25,39.03,True,0,34.51,3.07,True,False,0,1,BLOCKED,BLOCKED_P0,True,True,
RENDER-PDF-TPL-SN-036,TPL-SN-036,PDF,SN,blocked,全部 series 无效 (P0/BLOCKED),P0,9.86,16.1,True,0,37.63,9.38,True,False,0,1,BLOCKED,BLOCKED_P0,True,True,
RENDER-PDF-TPL-SN-037,TPL-SN-037,PDF,SN,blocked,全部 series 无效 (P0/BLOCKED),P0,21.94,12.77,True,0,40.36,3.52,True,False,0,1,BLOCKED,BLOCKED_P0,True,True,
RENDER-PDF-TPL-NI-001,TPL-NI-001,PDF,NI,blocked,全部 series 无效 (P0/BLOCKED),P0,10.37,30.21,True,0,36.1,8.99,True,False,0,1,BLOCKED,BLOCKED_P0,True,True,
RENDER-PDF-TPL-NI-002,TPL-NI-002,PDF,NI,blocked,全部 series 无效 (P0/BLOCKED),P0,8.76,32.85,True,0,40.35,6.47,True,False,0,1,BLOCKED,BLOCKED_P0,True,True,
RENDER-PDF-TPL-NI-003,TPL-NI-003,PDF,NI,blocked,全部 series 无效 (P0/BLOCKED),P0,14.59,36.08,True,0,26.65,9.66,True,False,0,1,BLOCKED,BLOCKED_P0,True,True,
RENDER-PDF-TPL-NI-004,TPL-NI-004,PDF,NI,blocked,全部 series 无效 (P0/BLOCKED),P0,5.31,38.11,True,0,48.67,2.94,True,False,0,1,BLOCKED,BLOCKED_P0,True,True,
RENDER-PDF-TPL-NI-007,TPL-NI-007,PDF,NI,blocked,全部 series 无效 (P0/BLOCKED),P0,24.99,24.37,True,0,23.49,6.84,True,False,0,1,BLOCKED,BLOCKED_P0,True,True,
RENDER-PDF-TPL-NI-013,TPL-NI-013,PDF,NI,blocked,全部 series 无效 (P0/BLOCKED),P0,9.09,37.45,True,0,34.32,8.2,True,False,0,1,BLOCKED,BLOCKED_P0,True,True,
RENDER-PDF-TPL-NI-014,TPL-NI-014,PDF,NI,blocked,全部 series 无效 (P0/BLOCKED),P0,12.61,26.01,True,0,27.57,4.09,True,False,0,1,BLOCKED,BLOCKED_P0,True,True,
RENDER-PDF-TPL-NI-015,TPL-NI-015,PDF,NI,blocked,全部 series 无效 (P0/BLOCKED),P0,15.26,24.92,True,0,18.45,9.85,True,False,0,1,BLOCKED,BLOCKED_P0,True,True,
RENDER-PDF-TPL-NI-017,TPL-NI-017,PDF,NI,blocked,全部 series 无效 (P0/BLOCKED),P0,14.39,35.19,True,0,47.0,4.97,True,False,0,1,BLOCKED,BLOCKED_P0,True,True,
RENDER-PDF-TPL-NI-018,TPL-NI-018,PDF,NI,blocked,全部 series 无效 (P0/BLOCKED),P0,13.28,26.88,True,0,22.74,3.17,True,False,0,1,BLOCKED,BLOCKED_P0,True,True,
RENDER-PDF-TPL-NI-019,TPL-NI-019,PDF,NI,blocked,全部 series 无效 (P0/BLOCKED),P0,10.22,38.04,True,0,35.27,5.34,True,False,0,1,BLOCKED,BLOCKED_P0,True,True,
RENDER-PDF-TPL-NI-022,TPL-NI-022,PDF,NI,blocked,全部 series 无效 (P0/BLOCKED),P0,8.05,19.9,True,0,28.29,8.67,True,False,0,1,BLOCKED,BLOCKED_P0,True,True,
RENDER-PDF-TPL-NI-025,TPL-NI-025,PDF,NI,blocked,全部 series 无效 (P0/BLOCKED),P0,14.99,29.64,True,0,38.97,4.06,True,False,0,1,BLOCKED,BLOCKED_P0,True,True,
RENDER-PDF-TPL-NI-027,TPL-NI-027,PDF,NI,blocked,全部 series 无效 (P0/BLOCKED),P0,21.43,39.0,True,0,37.46,5.92,True,False,0,1,BLOCKED,BLOCKED_P0,True,True,
RENDER-PDF-TPL-NI-028,TPL-NI-028,PDF,NI,blocked,全部 series 无效 (P0/BLOCKED),P0,8.36,33.85,True,0,20.92,7.76,True,False,0,1,BLOCKED,BLOCKED_P0,True,True,
RENDER-PDF-TPL-NI-029,TPL-NI-029,PDF,NI,blocked,全部 series 无效 (P0/BLOCKED),P0,14.77,37.51,True,0,33.97,7.13,True,False,0,1,BLOCKED,BLOCKED_P0,True,True,
RENDER-PDF-TPL-NI-033,TPL-NI-033,PDF,NI,blocked,全部 series 无效 (P0/BLOCKED),P0,6.17,11.01,True,0,44.63,9.56,True,False,0,1,BLOCKED,BLOCKED_P0,True,True,
RENDER-PDF-TPL-NI-034,TPL-NI-034,PDF,NI,blocked,全部 series 无效 (P0/BLOCKED),P0,18.36,32.93,True,0,29.43,8.74,True,False,0,1,BLOCKED,BLOCKED_P0,True,True,
RENDER-PDF-TPL-NI-035,TPL-NI-035,PDF,NI,blocked,全部 series 无效 (P0/BLOCKED),P0,9.63,31.22,True,0,15.32,6.05,True,False,0,1,BLOCKED,BLOCKED_P0,True,True,
RENDER-PDF-TPL-NI-037,TPL-NI-037,PDF,NI,blocked,全部 series 无效 (P0/BLOCKED),P0,12.46,28.54,True,0,38.34,6.93,True,False,0,1,BLOCKED,BLOCKED_P0,True,True,
RENDER-PDF-TPL-NI-039,TPL-NI-039,PDF,NI,blocked,全部 series 无效 (P0/BLOCKED),P0,14.66,24.64,True,0,15.23,6.41,True,False,0,1,BLOCKED,BLOCKED_P0,True,True,
RENDER-PDF-TPL-NI-040,TPL-NI-040,PDF,NI,blocked,全部 series 无效 (P0/BLOCKED),P0,5.24,25.88,True,0,24.62,9.82,True,False,0,1,BLOCKED,BLOCKED_P0,True,True,
RENDER-PDF-TPL-NI-041,TPL-NI-041,PDF,NI,blocked,全部 series 无效 (P0/BLOCKED),P0,5.34,34.39,True,0,38.59,8.45,True,False,0,1,BLOCKED,BLOCKED_P0,True,True,
RENDER-PDF-TPL-NI-042,TPL-NI-042,PDF,NI,blocked,全部 series 无效 (P0/BLOCKED),P0,23.2,13.21,True,0,18.37,3.19,True,False,0,1,BLOCKED,BLOCKED_P0,True,True,
RENDER-PDF-TPL-NI-043,TPL-NI-043,PDF,NI,blocked,全部 series 无效 (P0/BLOCKED),P0,8.84,25.79,True,0,43.53,4.14,True,False,0,1,BLOCKED,BLOCKED_P0,True,True,
RENDER-PDF-TPL-NI-044,TPL-NI-044,PDF,NI,blocked,全部 series 无效 (P0/BLOCKED),P0,12.94,21.19,True,0,29.21,6.52,True,False,0,1,BLOCKED,BLOCKED_P0,True,True,
RENDER-PDF-TPL-NI-047,TPL-NI-047,PDF,NI,blocked,全部 series 无效 (P0/BLOCKED),P0,24.8,16.78,True,0,38.94,8.78,True,False,0,1,BLOCKED,BLOCKED_P0,True,True,
