idx,图表短名(PDF),图表跳表品种,候选ID(v8_id),候选ID(p0_id),候选指标名,候选单位,候选源,候选路径,数据库,板块(L1),候选域标签,域判定依据,V7原始,P0分,V8原始,V9词表分(B),P0联合分(C),域过滤判定,域过滤依据,域过滤后最终分,跨品种标记,硬约束,扣分明细,扣分字典,风险等级,C联合chart_variety,C联合cand_variety,备注(根因),REVIEW_SKIP,人工结论(待填),zhiji拉取状态,时序数据条数,绘图渲染状态,渲染备注,时序单位(API),单位匹配,时序时间范围,渲染PNG,渲染PNG_MD5,冗余标记,冗余原因,meta_warning,data_expire_notice,unit_convert_status,data_status,unified_warning
78,锂电池铝箔加工费13μ,铝,ID01302428,a10006556,铝箔：锂电池用：13μm：加工费：上海（日）,元/吨,mysteel,有色|铝数据库|铝板带箔|价格|铝箔加工费：日度,铝数据库,有色,有色铝,L2数据库命中,50,85,0,85,85,放行,同域放行,85,,,v40/t30/r0/c15,"{""v"": 40, ""t"": 30, ""r"": 0, ""c"": 15}",低风险-词表补齐真修复,碳酸锂/铝,碳酸锂/铝,V9词表补齐修复,是(禁自动ID绑定),,拉取成功,664.0,渲染成功,"664 点连续, 时间轴 2026-09-28→2024-01-02, 单位 元/吨",元/吨,是,2026-09-28→2024-01-02,/home/ubuntu/analysis/temp/ind_compare_result/v85_end2end_output/renders/ID01302428_铝箔锂电池用13μm加工费上海日.png,2552873457e418fffb5018f2ca66b2e2,,,无,正常(最后2026-09-28),无冲突,正常,无
30,中国净进口量变化,锡,GM00136127,ID01732414,中国：净进口数量：电力（年）,太瓦时,mysteel,专题|高质量发展_电力数据专题|进出口|进口|年度,高质量发展_电力数据专题,专题,电力,L2数据库命中,45,55,0,0,0,拦截,"跨域: ['期货', '锡'] vs 电力",0,CROSS_VARIETY_ZERO,CROSS_VARIETY_ZERO,v0/t0/r0/c0,"{""v"": 0, ""t"": 0, ""r"": 0, ""c"": 0}",高风险-跨域脏候选(禁绑定),【判空】,【判空】,跨品种硬约束零分; 跨域脏候选(候选域=电力); 词表判空+域过滤,是(禁自动ID绑定),,未参与(拦截/弃权样本),,未测试,T5约束: 仅测 16 条放行样本,,,,,,,,无,未拉取/无缓存,,正常,无
4,三网均价-河南,氧化铝,ID01201816,j00182868,标粉：均价：河南（日）,元/吨,mysteel,农林牧渔|粮食数据库|小麦|价格|Mysteel：标准面粉均价,粮食数据库,农林牧渔,农产品,L2数据库命中,40,85,0,0,0,拦截,"跨域: ['有色铝', '期货'] vs 农产品",0,CROSS_VARIETY_ZERO,CROSS_VARIETY_ZERO,v0/t0/r0/c0,"{""v"": 0, ""t"": 0, ""r"": 0, ""c"": 0}",高风险-跨域脏候选(禁绑定),铝,【判空】,跨品种硬约束零分; 跨域脏候选(候选域=农产品); 词表判空+域过滤,是(禁自动ID绑定),,未参与(拦截/弃权样本),,未测试,T5约束: 仅测 16 条放行样本,,,,,,,,无,未拉取/无缓存,,正常,无
5,三网均价-山西,氧化铝,ID01202753,j00182954,玉米淀粉：均价：山西（周）,元/吨,mysteel,农林牧渔|淀粉数据库|玉米淀粉|供给|Mysteel：生产企业调研：分省份|山西,淀粉数据库,农林牧渔,农产品,L2数据库命中,40,85,0,0,0,拦截,"跨域: ['有色铝', '期货'] vs 农产品",0,CROSS_VARIETY_ZERO,CROSS_VARIETY_ZERO,v0/t0/r0/c0,"{""v"": 0, ""t"": 0, ""r"": 0, ""c"": 0}",高风险-跨域脏候选(禁绑定),铝,【判空】,跨品种硬约束零分; 跨域脏候选(候选域=农产品); 词表判空+域过滤,是(禁自动ID绑定),,未参与(拦截/弃权样本),,未测试,T5约束: 仅测 16 条放行样本,,,,,,,,无,未拉取/无缓存,,正常,无
6,SHFE铝总持仓,铝,FU00039493,j00123038,SHFE：铝：持仓市值（日）,亿元,mysteel,金融|期货|上海期货交易所|铝|沉淀资金与持仓市值,期货,金融,期货,L2数据库命中,40,55,0,0,85,放行,同域放行,85,,,v40/t30/r15/c0,"{""v"": 40, ""t"": 30, ""r"": 15, ""c"": 0}",低风险-词表补齐真修复,铝,铝,联合规则命中,是(禁自动ID绑定),,拉取成功,663.0,渲染成功,"663 点连续, 时间轴 2026-09-24→2024-01-02, 单位 亿元",亿元,是,2026-09-24→2024-01-02,/home/ubuntu/analysis/temp/ind_compare_result/v85_end2end_output/renders/FU00039493_SHFE铝持仓市值日.png,8f39e4750841b78a574fee5a0348de4f,,,无,正常(最后2026-09-24),无冲突,正常,无
30,锂矿 库存:贸易商,碳酸锂,ID02069937,ID01732414,锂矿：库存：贸易商（周）,吨,mysteel,新能源|锂电数据库|锂|库存|Mysteel：锂矿石库存,锂电数据库,新能源,锂电新能源,L2数据库命中,50,55,0,100,100,放行,同域放行,100,,,v40/t30/r15/c15,"{""v"": 40, ""t"": 30, ""r"": 15, ""c"": 15}",低风险-词表补齐真修复,碳酸锂,碳酸锂,V9词表补齐修复,是(禁自动ID绑定),,拉取成功,73.0,单位冲突渲染异常,"看板单位'吨' ≠ API单位'万吨', 纵轴刻度标签将错乱",万吨,否,2026-09-25→2025-04-25,/home/ubuntu/analysis/temp/ind_compare_result/v85_end2end_output/renders/ID02069937_锂矿库存贸易商周.png,b3b866f1d27882f7f00cef4a2d863601,,,无,正常(最后2026-09-04),已换算(看板吨←API万吨×10000.0),正常,无
31,DMC工厂库存,硅产业链,ID01037467,a12804329,苯乙烯：样本工厂：厂内库存：中国（周）,吨,mysteel,能化|化工数据库|不饱和树脂及原料|苯乙烯|库存,化工数据库,能化,化工,L2数据库命中,50,85,0,0,0,拦截,"跨域: ['有色铝', '硅光伏'] vs 化工",0,CROSS_VARIETY_ZERO,CROSS_VARIETY_ZERO,v0/t0/r0/c0,"{""v"": 0, ""t"": 0, ""r"": 0, ""c"": 0}",高风险-跨域脏候选(禁绑定),硅产业链,【判空】,跨品种硬约束零分; 跨域脏候选(候选域=化工); 词表判空+域过滤,是(禁自动ID绑定),,未参与(拦截/弃权样本),,未测试,T5约束: 仅测 16 条放行样本,,,,,,,,无,未拉取/无缓存,,权限缺失,unit_match_false(MEDIUM) [回填@a12804329]
34,SMM 锂矿样本库存:矿山,碳酸锂,ID01718576,a12760328,精煤：523家样本矿山：库存（周）,万吨,mysteel,黑色|煤炭数据库|炼焦煤|库存|Mysteel：中国523家矿山库存,煤炭数据库,黑色,黑色煤炭,L2数据库命中,50,100,0,0,0,拦截,跨域: ['锂电新能源'] vs 黑色煤炭,0,CROSS_VARIETY_ZERO,CROSS_VARIETY_ZERO,v0/t0/r0/c0,"{""v"": 0, ""t"": 0, ""r"": 0, ""c"": 0}",高风险-跨域脏候选(禁绑定),碳酸锂,【判空】,跨品种硬约束零分; 跨域脏候选(候选域=黑色煤炭); 词表判空+域过滤,是(禁自动ID绑定),,未参与(拦截/弃权样本),,未测试,T5约束: 仅测 16 条放行样本,,,,,,,,无,未拉取/无缓存,,正常,无
36,DMC周度产量,硅产业链,ID01167236,ID01721666,原生铅：产量（周）,万吨,mysteel,有色|铅数据库|原生铅|供给|Mysteel：样本企业原生铅调研：周度,铅数据库,有色,有色(板块未细分),L1板块兜底,50,100,0,0,0,弃权,无法归类(L1板块兜底),0,CROSS_VARIETY_ZERO,CROSS_VARIETY_ZERO,v0/t0/r0/c0,"{""v"": 0, ""t"": 0, ""r"": 0, ""c"": 0}",中风险-路径污染弃权(词表亦未匹配),硅产业链,【判空】,跨品种硬约束零分; 路径仅板块级未细分; 词表判空+域过滤,是(禁自动ID绑定),,未参与(拦截/弃权样本),,未测试,T5约束: 仅测 16 条放行样本,,,,,,,,无,未拉取/无缓存,,正常,无
37,铝合金开工率,硅产业链,ID00188132,a12723865,原铝系铝合金锭：开工率：中国（月）,百分比,mysteel,有色|铝数据库|铝合金锭|供给|Mysteel：中国铝合金锭开工率：月度,铝数据库,有色,有色铝,L2数据库命中,50,55,0,70,70,放行,同域放行,70,,,v40/t30/r0/c0,"{""v"": 40, ""t"": 30, ""r"": 0, ""c"": 0}",低风险-词表补齐真修复,铝,铝,V9词表补齐修复,是(禁自动ID绑定),,拉取成功,32.0,渲染成功,"32 点连续, 时间轴 2026-08-31→2024-01-31, 单位 百分比",百分比,是,2026-08-31→2024-01-31,/home/ubuntu/analysis/temp/ind_compare_result/v85_end2end_output/renders/ID00188132_原铝系铝合金锭开工率中国月.png,4bc4008dbf967faaebb8fd7e3d02647c,,,无,正常(最后2026-07-31),无冲突,正常,无
38,中国动力电池产量：三元,镍与不锈钢,ID01464616,ID01835361,动力电池：产量：中国（月）,亿瓦时,mysteel,行业数据 电子电器 电子电器数据库 供给 产量 新能源,电子电器,行业数据,未标注:行业数据|电子电器|电子电器数据库|供给|产量|新能源,无法归类,50,55,0,100,100,弃权,无法归类(无法归类),100,,,v40/t30/r15/c15,"{""v"": 40, ""t"": 30, ""r"": 15, ""c"": 15}",中风险-路径污染弃权(候选正确待修路径),碳酸锂,碳酸锂,路径污染(空格分隔无|层级); V9词表补齐修复,是(禁自动ID绑定),,未参与(拦截/弃权样本),,未测试,T5约束: 仅测 16 条放行样本,,,,,,,,无,未拉取/无缓存,,正常,无
39,A356原生铝合金龙头开工率,硅产业链,ID00188135,a12723867,再生铝合金锭：开工率：中国（月）,百分比,mysteel,有色|铝数据库|铝合金锭|供给|Mysteel：中国铝合金锭开工率：月度,铝数据库,有色,有色铝,L2数据库命中,50,55,0,70,70,放行,同域放行,70,,,v40/t30/r0/c0,"{""v"": 40, ""t"": 30, ""r"": 0, ""c"": 0}",低风险-词表补齐真修复,铝,铝,V9词表补齐修复,是(禁自动ID绑定),,拉取成功,32.0,渲染成功,"32 点连续, 时间轴 2026-08-31→2024-01-31, 单位 百分比",百分比,是,2026-08-31→2024-01-31,/home/ubuntu/analysis/temp/ind_compare_result/v85_end2end_output/renders/ID00188135_再生铝合金锭开工率中国月.png,aebd191b7ae6c5a15bf684c7d7f4eaa8,,,无,正常(最后2026-08-31),无冲突,正常,无
39,中国动力电池产量：磷酸铁锂,镍与不锈钢,ID01464616,a12723867,动力电池：产量：中国（月）,亿瓦时,mysteel,行业数据 电子电器 电子电器数据库 供给 产量 新能源,电子电器,行业数据,未标注:行业数据|电子电器|电子电器数据库|供给|产量|新能源,无法归类,50,55,0,100,100,弃权,无法归类(无法归类),100,,,v40/t30/r15/c15,"{""v"": 40, ""t"": 30, ""r"": 15, ""c"": 15}",中风险-路径污染弃权(候选正确待修路径),碳酸锂,碳酸锂,路径污染(空格分隔无|层级); V9词表补齐修复,是(禁自动ID绑定),,未参与(拦截/弃权样本),,未测试,T5约束: 仅测 16 条放行样本,,,,,,【冗余废弃】,zhiji_id=ID01464616 重复，仅保留首条,无,未拉取/无缓存,,正常,无
93,锰酸锂 月度产量,碳酸锂,RE00033560,ID01001760,锰酸锂：产量：中国（月）,吨,mysteel,新能源|锂电数据库|锂电正极及前驱体|供给|锰酸锂|隆众：锰酸锂产量,锂电数据库,新能源,锂电新能源,L2数据库命中,50,55,0,85,85,放行,同域放行,85,,,v40/t30/r0/c15,"{""v"": 40, ""t"": 30, ""r"": 0, ""c"": 15}",低风险-词表补齐真修复,碳酸锂,碳酸锂,V9词表补齐修复,是(禁自动ID绑定),,拉取成功,32.0,渲染成功,"32 点连续, 时间轴 2026-08-31→2024-01-31, 单位 吨",吨,是,2026-08-31→2024-01-31,/home/ubuntu/analysis/temp/ind_compare_result/v85_end2end_output/renders/RE00033560_锰酸锂产量中国月.png,ab5f25613bdc73b857f780ea463e45d0,,,无,正常(最后2026-08-31),无冲突,正常,无
31,锂矿 外采 厂内库存,碳酸锂,ID02069945,a12804329,锂矿：外采：厂内库存：中国：锂盐厂（月）,吨,mysteel,新能源|锂电数据库|锂|库存|Mysteel：锂矿石库存,锂电数据库,新能源,锂电新能源,L2数据库命中,45,85,0,85,85,放行,同域放行,85,,,v40/t30/r0/c15,"{""v"": 40, ""t"": 30, ""r"": 0, ""c"": 15}",低风险-词表补齐真修复,碳酸锂,碳酸锂,V9词表补齐修复,是(禁自动ID绑定),,拉取成功,18.0,渲染成功,"18 点连续, 时间轴 2026-08-31→2025-03-31, 单位 吨",吨,是,2026-08-31→2025-03-31,/home/ubuntu/analysis/temp/ind_compare_result/v85_end2end_output/renders/ID02069945_锂矿外采厂内库存中国锂盐厂月.png,a1ee144fc2f7c22319cd621dd4be8d0d,,,无,正常(最后2026-08-31),无冲突,权限缺失,unit_match_false(MEDIUM) [回填@a12804329]
32,锂矿 外采 在途库存,碳酸锂,ID02093014,a12804329,锂矿：外采：在途库存：中国：锂盐厂（月）,吨,mysteel,新能源|锂电数据库|锂|库存|Mysteel：锂矿石库存,锂电数据库,新能源,锂电新能源,L2数据库命中,45,85,0,85,85,放行,同域放行,85,,,v40/t30/r0/c15,"{""v"": 40, ""t"": 30, ""r"": 0, ""c"": 15}",低风险-词表补齐真修复,碳酸锂,碳酸锂,V9词表补齐修复,是(禁自动ID绑定),,拉取成功,19.0,渲染成功,"19 点连续, 时间轴 2026-08-31→2025-02-28, 单位 吨",吨,是,2026-08-31→2025-02-28,/home/ubuntu/analysis/temp/ind_compare_result/v85_end2end_output/renders/ID02093014_锂矿外采在途库存中国锂盐厂月.png,234de3d61f700747d5c0015e3c33c0be,,,无,正常(最后2026-08-31),无冲突,权限缺失,unit_match_false(MEDIUM) [回填@a12804329]
2,LME官方三月价,锡,ID01465584,a12796326,再生普纤：1.56*38mm本白中化：出厂价：华东地区：江阴三月（日）,元/吨,mysteel,能化|化纤数据库|再生聚酯|再生普纤|价格|国内企业价|日度,化纤数据库,能化,化工,L2数据库命中,40,55,0,0,0,拦截,"跨域: ['期货', '锡'] vs 化工",0,CROSS_VARIETY_ZERO,CROSS_VARIETY_ZERO,v0/t0/r0/c0,"{""v"": 0, ""t"": 0, ""r"": 0, ""c"": 0}",高风险-跨域脏候选(禁绑定),【判空】,【判空】,跨品种硬约束零分; 跨域脏候选(候选域=化工); 词表判空+域过滤,是(禁自动ID绑定),,未参与(拦截/弃权样本),,未测试,T5约束: 仅测 16 条放行样本,,,,,,,,无,未拉取/无缓存,,正常,无
5,上期所镍月间结构,镍与不锈钢,FU00112687,j00182954,中国期货协会：镍：成交额：上期所（月）,亿元,mysteel,金融|期货|上海期货交易所|镍|期货市场交易,期货,金融,期货,L2数据库命中,40,85,0,0,40,放行,同域放行,40,,,v40/t0/r0/c0,"{""v"": 40, ""t"": 0, ""r"": 0, ""c"": 0}",低风险-词表补齐真修复,镍,镍,联合规则命中,是(禁自动ID绑定),,拉取成功,32.0,渲染成功,"32 点连续, 时间轴 2026-08-31→2024-01-31, 单位 亿元",亿元,是,2026-08-31→2024-01-31,/home/ubuntu/analysis/temp/ind_compare_result/v85_end2end_output/renders/FU00112687_中国期货协会镍成交额上期所月.png,ce550da267e26727df9942f03b4597ec,,,无,正常(最后2026-08-31),无冲突,正常,无
6,三网均价-山东,氧化铝,ID01201823,j00123038,标粉：均价：山东（日）,元/吨,mysteel,农林牧渔|粮食数据库|小麦|价格|Mysteel：标准面粉均价,粮食数据库,农林牧渔,农产品,L2数据库命中,40,55,0,0,0,拦截,"跨域: ['有色铝', '期货'] vs 农产品",0,CROSS_VARIETY_ZERO,CROSS_VARIETY_ZERO,v0/t0/r0/c0,"{""v"": 0, ""t"": 0, ""r"": 0, ""c"": 0}",高风险-跨域脏候选(禁绑定),铝,【判空】,跨品种硬约束零分; 跨域脏候选(候选域=农产品); 词表判空+域过滤,是(禁自动ID绑定),,未参与(拦截/弃权样本),,未测试,T5约束: 仅测 16 条放行样本,,,,,,,,无,未拉取/无缓存,,正常,无
12,LME铝0-3M价差,铝,ID01244864,FU00051053,LME：铝：CASH-3M合约：结算价差（日）,美元/吨,mysteel,金融|期货|伦敦金属交易所（LME）|铝|价格,期货,金融,期货,L2数据库命中,40,55,0,0,55,放行,同域放行,55,,,v40/t0/r15/c0,"{""v"": 40, ""t"": 0, ""r"": 15, ""c"": 0}",低风险-词表补齐真修复,铝,铝,联合规则命中,是(禁自动ID绑定),,拉取成功,693.0,渲染成功,"693 点连续, 时间轴 2026-09-25→2024-01-02, 单位 美元/吨",美元/吨,是,2026-09-25→2024-01-02,/home/ubuntu/analysis/temp/ind_compare_result/v85_end2end_output/renders/ID01244864_LME铝CASH-3M合约结算价差日.png,d165bce9161645642f868baea4b62300,,,无,正常(最后2026-09-25),无冲突,正常,无
16,国产铝土矿-华南-高品(广西),氧化铝,ID01724127,a10001424,铝土矿：国产：消费量：广西（月）,万吨,mysteel,有色|铝数据库|铝土矿|需求|Mysteel：国产铝土矿消费量：月度,铝数据库,有色,有色铝,L2数据库命中,40,85,40,40,40,放行,同域放行,40,,,v40/t0/r0/c0,"{""v"": 40, ""t"": 0, ""r"": 0, ""c"": 0}",低风险-原有匹配保留,氧化铝,氧化铝,联合规则命中,是(禁自动ID绑定),,拉取成功,32.0,渲染成功,"32 点连续, 时间轴 2026-08-31→2024-01-31, 单位 万吨",万吨,是,2026-08-31→2024-01-31,/home/ubuntu/analysis/temp/ind_compare_result/v85_end2end_output/renders/ID01724127_铝土矿国产消费量广西月.png,b52146834e7cf5b7d97773e6e441c15e,,,无,正常(最后2026-08-31),无冲突,正常,无
30,DMC利润,硅产业链,ID01370137,ID01732414,有机硅DMC：生产毛利：山东（季）,元/吨,mysteel,能化|硅产业数据库|单体及中间体|二甲基环硅氧烷混合物(有机硅DMC)|成本利润,硅产业数据库,能化,硅光伏,L2数据库命中,40,55,0,40,40,放行,同域放行,40,,,v40/t0/r0/c0,"{""v"": 40, ""t"": 0, ""r"": 0, ""c"": 0}",低风险-词表补齐真修复,硅产业链,硅产业链,V9词表补齐修复,是(禁自动ID绑定),,拉取成功,10.0,渲染成功,"10 点连续, 时间轴 2026-06-30→2024-03-31, 单位 元/吨",元/吨,是,2026-06-30→2024-03-31,/home/ubuntu/analysis/temp/ind_compare_result/v85_end2end_output/renders/ID01370137_有机硅DMC生产毛利山东季.png,b8509d40d4fd50248c38b64acab002eb,,,无,正常(最后2026-06-30),无冲突,正常,无
30,买交割利润-近月,氧化铝,LC00299511,ID01732414,值得买：净利润（季）,元,mysteel,专题|企业库|国内上市企业|传媒|数字媒体|300785：值得买|财务数据,企业库,专题,上市公司财报,L2数据库命中,40,55,0,0,0,拦截,"跨域: ['有色铝', '期货'] vs 上市公司财报",0,CROSS_VARIETY_ZERO,CROSS_VARIETY_ZERO,v0/t0/r0/c0,"{""v"": 0, ""t"": 0, ""r"": 0, ""c"": 0}",高风险-跨域脏候选(禁绑定),【判空】,【判空】,跨品种硬约束零分; 跨域脏候选(候选域=上市公司财报); 词表判空+域过滤,是(禁自动ID绑定),,未参与(拦截/弃权样本),,未测试,T5约束: 仅测 16 条放行样本,,,,,,,,无,未拉取/无缓存,,正常,无
32,DMC行业利润,硅产业链,ID01370137,a12804329,有机硅DMC：生产毛利：山东（季）,元/吨,mysteel,能化|硅产业数据库|单体及中间体|二甲基环硅氧烷混合物(有机硅DMC)|成本利润,硅产业数据库,能化,硅光伏,L2数据库命中,40,85,0,40,40,放行,同域放行,40,,,v40/t0/r0/c0,"{""v"": 40, ""t"": 0, ""r"": 0, ""c"": 0}",低风险-词表补齐真修复,硅产业链,硅产业链,V9词表补齐修复,是(禁自动ID绑定),,拉取成功,10.0,渲染成功,"10 点连续, 时间轴 2026-06-30→2024-03-31, 单位 元/吨",元/吨,是,2026-06-30→2024-03-31,/home/ubuntu/analysis/temp/ind_compare_result/v85_end2end_output/renders/ID01370137_有机硅DMC生产毛利山东季.png,b8509d40d4fd50248c38b64acab002eb,【冗余废弃】,zhiji_id=ID01370137 重复，仅保留首条,无,正常(最后2026-06-30),无冲突,权限缺失,unit_match_false(MEDIUM) [回填@a12804329]
32,卖交割利润-主力利润,氧化铝,FU00033092,a12804329,苹果：厂库交割利润（日）,元/吨,mysteel,农林牧渔|果蔬数据库|苹果|价格|中国期货指标,果蔬数据库,农林牧渔,农产品,L2数据库命中,40,85,0,0,0,拦截,"跨域: ['有色铝', '期货'] vs 农产品",0,CROSS_VARIETY_ZERO,CROSS_VARIETY_ZERO,v0/t0/r0/c0,"{""v"": 0, ""t"": 0, ""r"": 0, ""c"": 0}",高风险-跨域脏候选(禁绑定),【判空】,【判空】,跨品种硬约束零分; 跨域脏候选(候选域=农产品); 词表判空+域过滤,是(禁自动ID绑定),,未参与(拦截/弃权样本),,未测试,T5约束: 仅测 16 条放行样本,,,,,,,,无,未拉取/无缓存,,权限缺失,unit_match_false(MEDIUM) [回填@a12804329]
34,DMC行业成本,硅产业链,ID01370124,a12760328,有机硅DMC：生产成本：山东（季）,元/吨,mysteel,能化|硅产业数据库|单体及中间体|二甲基环硅氧烷混合物(有机硅DMC)|成本利润,硅产业数据库,能化,硅光伏,L2数据库命中,40,100,0,85,85,放行,同域放行,85,,,v40/t30/r0/c15,"{""v"": 40, ""t"": 30, ""r"": 0, ""c"": 15}",低风险-词表补齐真修复,硅产业链,硅产业链,V9词表补齐修复,是(禁自动ID绑定),,拉取成功,10.0,渲染成功,"10 点连续, 时间轴 2026-06-30→2024-03-31, 单位 元/吨",元/吨,是,2026-06-30→2024-03-31,/home/ubuntu/analysis/temp/ind_compare_result/v85_end2end_output/renders/ID01370124_有机硅DMC生产成本山东季.png,0a1325d8a97a7e548522025b6221582c,,,无,正常(最后2026-06-30),无冲突,正常,无
36,中国动力电池装车量：三元,镍与不锈钢,ID01464612,ID01721666,动力电池：装车量：中国（月）,亿瓦小时,mysteel,行业数据 电子电器 电子电器数据库 供给 产量 新能源,电子电器,行业数据,未标注:行业数据|电子电器|电子电器数据库|供给|产量|新能源,无法归类,40,100,0,55,55,弃权,无法归类(无法归类),55,,,v40/t0/r15/c0,"{""v"": 40, ""t"": 0, ""r"": 15, ""c"": 0}",中风险-路径污染弃权(候选正确待修路径),碳酸锂,碳酸锂,路径污染(空格分隔无|层级); V9词表补齐修复,是(禁自动ID绑定),,未参与(拦截/弃权样本),,未测试,T5约束: 仅测 16 条放行样本,,,,,,,,无,未拉取/无缓存,,正常,无
36,国内贸易商成交量统计,锡,ID00183165,ID01721666,建筑用钢：主流贸易商：成交量：成都（日）,吨,mysteel,黑色|钢铁数据库|钢铁综合|需求|Mysteel：全国主流贸易商建材成交量,钢铁数据库,黑色,黑色煤炭,L2数据库命中,40,100,0,0,0,拦截,"跨域: ['期货', '锡'] vs 黑色煤炭",0,CROSS_VARIETY_ZERO,CROSS_VARIETY_ZERO,v0/t0/r0/c0,"{""v"": 0, ""t"": 0, ""r"": 0, ""c"": 0}",高风险-跨域脏候选(禁绑定),【判空】,【判空】,跨品种硬约束零分; 跨域脏候选(候选域=黑色煤炭); 词表判空+域过滤,是(禁自动ID绑定),,未参与(拦截/弃权样本),,未测试,T5约束: 仅测 16 条放行样本,,,,,,,,无,未拉取/无缓存,,正常,无
37,中国动力电池装车量：磷酸铁锂,镍与不锈钢,ID01464612,a12723865,动力电池：装车量：中国（月）,亿瓦小时,mysteel,行业数据 电子电器 电子电器数据库 供给 产量 新能源,电子电器,行业数据,未标注:行业数据|电子电器|电子电器数据库|供给|产量|新能源,无法归类,40,55,0,55,55,弃权,无法归类(无法归类),55,,,v40/t0/r15/c0,"{""v"": 40, ""t"": 0, ""r"": 15, ""c"": 0}",中风险-路径污染弃权(候选正确待修路径),碳酸锂,碳酸锂,路径污染(空格分隔无|层级); V9词表补齐修复,是(禁自动ID绑定),,未参与(拦截/弃权样本),,未测试,T5约束: 仅测 16 条放行样本,,,,,,【冗余废弃】,zhiji_id=ID01464612 重复，仅保留首条,无,未拉取/无缓存,,正常,无
39,河南国产矿现金流利润,氧化铝,LC00160475,a12723867,河南明泰铝业：筹资活动现金流出小计（季）,元,mysteel,有色|上市公司|明泰铝业|财务数据,上市公司,有色,上市公司财报,L2数据库命中,40,55,0,0,0,拦截,"跨域: ['有色铝', '期货'] vs 上市公司财报",0,CROSS_VARIETY_ZERO,CROSS_VARIETY_ZERO,v0/t0/r0/c0,"{""v"": 0, ""t"": 0, ""r"": 0, ""c"": 0}",高风险-跨域脏候选(禁绑定),【判空】,铝,跨品种硬约束零分; 跨域脏候选(候选域=上市公司财报); 词表判空+域过滤,是(禁自动ID绑定),,未参与(拦截/弃权样本),,未测试,T5约束: 仅测 16 条放行样本,,,,,,,,无,未拉取/无缓存,,正常,无
43,单晶电池片价格,硅产业链,ID02048294,a12723867,TOPCon电池片：G12R单晶：均价（周）,元/瓦,mysteel,新能源|光伏数据库|电池片|价格|根据新闻整理：成交均价,光伏数据库,新能源,硅光伏,L2数据库命中,40,100,0,85,85,放行,同域放行,85,,,v40/t30/r15/c0,"{""v"": 40, ""t"": 30, ""r"": 15, ""c"": 0}",低风险-词表补齐真修复,硅产业链,硅产业链,V9词表补齐修复,是(禁自动ID绑定),,拉取成功,114.0,渲染成功,"114 点连续, 时间轴 2026-09-25→2024-05-24, 单位 元/瓦",元/瓦,是,2026-09-25→2024-05-24,/home/ubuntu/analysis/temp/ind_compare_result/v85_end2end_output/renders/ID02048294_TOPCon电池片G12R单晶均价周.png,9aa7d4da8576376c552329f14e26306e,,,无,正常(最后2026-09-25),无冲突,正常,无
48,印尼镍矿价格（HPM 1.6%）,镍与不锈钢,ID01737992,j02799420,红土镍矿：1.6%Ni，15-20%Fe，35%含水：HPM价格：印尼（日）,美元/湿吨,mysteel,黑色|镍铬不锈数据库|镍|镍矿|价格|市场价格|印尼内贸市场价格：美元计价,镍铬不锈数据库,黑色,镍铬不锈,L2数据库命中,40,100,0,100,100,放行,同域放行,100,,,v40/t30/r15/c15,"{""v"": 40, ""t"": 30, ""r"": 15, ""c"": 15}",低风险-词表补齐真修复,镍,镍,V9词表补齐修复,是(禁自动ID绑定),,拉取成功,668.0,渲染成功,"668 点连续, 时间轴 2026-09-28→2024-01-02, 单位 美元/湿吨",美元/湿吨,是,2026-09-28→2024-01-02,/home/ubuntu/analysis/temp/ind_compare_result/v85_end2end_output/renders/ID01737992_红土镍矿16Ni005Co20Fe1Cr35含水HPM价格印.png,915196cb1a9e81d67fb5fa689dd271f0,,,无,正常(最后2026-09-28),无冲突,正常,无
