priority,risk_id,template_id,source,variety,wrong_indicator,wrong_match,conflict_description,suggested_canonical,alias_candidates,blacklist_id,conflict_type,manual_confirm_flag,fix_priority
P0,RISK-002,TPL-LC-054,PDF,LC,碳酸锂 三元523需求,SMM: 碳酸锂现金生产利润: 外购三元极片黑粉（Li: 5.5%-6.5%）:,口径冲突: 利润与需求口径冲突,碳酸锂系指标,碳酸锂; 磷酸铁锂; 三元523; 动力电池,BL-009,口径冲突,PENDING,P0
P0,RISK-010,TPL-NI-008,PDF,NI,中国电解镍净进口量,N/A,匹配到错误品种数据: N/A,镍系指标,镍; 电解镍; 精炼镍; 镍精矿; 镍板; 镍豆; 高冰镍,BL-022,跨品种,PENDING,P0
P0,RISK-011,TPL-SI-014,PDF,SI,工业硅样本工厂库存(SMM),N/A,匹配到错误品种数据: N/A,硅系指标,硅; 工业硅; 金属硅; 多晶硅; 硅矿,BL-020,跨品种,PENDING,P0
P0,RISK-013,TPL-SI-019,PDF,SI,工业硅供需平衡,N/A,匹配到错误品种数据: N/A,硅系指标,硅; 工业硅; 金属硅; 多晶硅; 硅矿,BL-021,跨品种,PENDING,P0
P0,RISK-014,THS-NI-2.3,THS,NI,COMEX镍持仓量（手）,COMEX：铜：主力合约：持仓量（日）,匹配到错误品种数据: COMEX：铜：主力合约：持仓量（日）,镍系指标,镍; 电解镍; 精炼镍; 镍精矿; 镍板; 镍豆; 高冰镍,BL-022,跨品种,PENDING,P0
P0,RISK-015,THS-NI-2.3,THS,NI,LME镍现金价格（美元/吨）、LME镍3个月期货价格（美元/吨）、现金-3个月月差（美元/吨）,LME：铜：期货价格：全球（月）,匹配到错误品种数据: LME：铜：期货价格：全球（月）,镍系指标,镍; 电解镍; 精炼镍; 镍精矿; 镍板; 镍豆; 高冰镍,BL-022,跨品种,PENDING,P0
P0,RISK-016,THS-NI-3.1,THS,NI,印尼镍精矿TC（美元/吨干矿）,铜精矿：长单TC价（年）,匹配到错误品种数据: 铜精矿：长单TC价（年）,镍系指标,镍; 电解镍; 精炼镍; 镍精矿; 镍板; 镍豆; 高冰镍,BL-022,跨品种,PENDING,P0
P0,RISK-017,THS-NI-3.1,THS,NI,菲律宾镍精矿TC（美元/吨干矿）,铜精矿：长单TC价（年）,匹配到错误品种数据: 铜精矿：长单TC价（年）,镍系指标,镍; 电解镍; 精炼镍; 镍精矿; 镍板; 镍豆; 高冰镍,BL-022,跨品种,PENDING,P0
P0,RISK-020,THS-NI-4.4,THS,NI,Mysteel镍精矿TC、Mysteel镍厂库存总量,铜精矿：长单TC价（年）,匹配到错误品种数据: 铜精矿：长单TC价（年）,镍系指标,镍; 电解镍; 精炼镍; 镍精矿; 镍板; 镍豆; 高冰镍,BL-022,跨品种,PENDING,P0
P0,RISK-021,THS-NI-4.5,THS,NI,Mysteel镍精矿TC、Mysteel中国精炼镍在途库存,铜精矿：长单TC价（年）,匹配到错误品种数据: 铜精矿：长单TC价（年）,镍系指标,镍; 电解镍; 精炼镍; 镍精矿; 镍板; 镍豆; 高冰镍,BL-022,跨品种,PENDING,P0
P0,RISK-022,THS-SI-3.1.3,THS,SI,国内硅矿月加工费TC（元/吨）,铜管：H62：加工费：安徽（月）,匹配到错误品种数据: 铜管：H62：加工费：安徽（月）,硅系指标,硅; 工业硅; 金属硅; 多晶硅; 硅矿,BL-019,跨品种,PENDING,P0
P0,RISK-024,THS-SN-2.3,THS,SN,LME锡库存（吨）,LME：镍：注册仓单（日）,匹配到错误品种数据: LME：镍：注册仓单（日）,锡系指标,锡; 锡锭; 锡矿; 锡精矿; 焊锡; 表观消费量,BL-018,跨品种,PENDING,P0
P0,RISK-025,THS-SN-2.3,THS,SN,LME锡库存时序图,LME：镍：注册仓单（日）,匹配到错误品种数据: LME：镍：注册仓单（日）,锡系指标,锡; 锡锭; 锡矿; 锡精矿; 焊锡; 表观消费量,BL-018,跨品种,PENDING,P0
P0,RISK-026,THS-SN-3.1.2,THS,SN,印尼锡精矿产量（万吨）,印尼精炼镍产量,匹配到错误品种数据: 印尼精炼镍产量,锡系指标,锡; 锡锭; 锡矿; 锡精矿; 焊锡; 表观消费量,BL-018,跨品种,PENDING,P0
P0,RISK-027,THS-SN-3.1.2,THS,SN,印尼锡精矿产量占比（%）,印尼精炼镍产量,匹配到错误品种数据: 印尼精炼镍产量,锡系指标,锡; 锡锭; 锡矿; 锡精矿; 焊锡; 表观消费量,BL-018,跨品种,PENDING,P0
P0,RISK-028,THS-SN-3.1.2,THS,SN,印尼锡精矿产量时序图,印尼精炼镍产量,匹配到错误品种数据: 印尼精炼镍产量,锡系指标,锡; 锡锭; 锡矿; 锡精矿; 焊锡; 表观消费量,BL-018,跨品种,PENDING,P0
P0,RISK-029,THS-SN-4.1,THS,SN,LME锡交易所库存（手）,LME：镍：注册仓单（日）,匹配到错误品种数据: LME：镍：注册仓单（日）,锡系指标,锡; 锡锭; 锡矿; 锡精矿; 焊锡; 表观消费量,BL-018,跨品种,PENDING,P0
P0,RISK-030,THS-SN-4.1,THS,SN,LME锡交易所库存时序图,LME：镍：注册仓单（日）,匹配到错误品种数据: LME：镍：注册仓单（日）,锡系指标,锡; 锡锭; 锡矿; 锡精矿; 焊锡; 表观消费量,BL-018,跨品种,PENDING,P0
P0,RISK-031,THS-SN-5.1,THS,SN,锡表观消费量（万吨）,镀锌板卷：钢铁企业：产量：中国（周）,口径冲突: BL-025(消费量与产量互斥(反向)),锡系指标,锡; 锡锭; 锡矿; 锡精矿; 焊锡; 表观消费量,BL-025,口径冲突,PENDING,P0
P0,RISK-032,THS-SN-5.1,THS,SN,焊锡表观消费量时序图,镀锌板卷：钢铁企业：产量：中国（周）,口径冲突: BL-025(消费量与产量互斥(反向)),锡系指标,锡; 锡锭; 锡矿; 锡精矿; 焊锡; 表观消费量,BL-025,口径冲突,PENDING,P0
P0,RISK-033,THS-ZN-5.2,THS,ZN,国内锌锭消费量（万吨）,国内锡锭产量,口径冲突: BL-025(消费量与产量互斥(反向)),锌系指标,锌; 锌锭; 锌矿,BL-025,口径冲突,PENDING,P0
P1,RISK-034,THS-LI-2.5,THS,LI,盐湖提锂利润（元/吨）,盐湖提锂产量,口径冲突: BL-016(利润与产量互斥),锂系指标,锂; 碳酸锂; 盐湖提锂; 工业级碳酸锂; 电池级碳酸锂,BL-016,警告,PENDING,P1
P1,RISK-035,THS-LI-2.5,THS,LI,工业级碳酸锂利润（元/吨）,工业级碳酸锂产量,口径冲突: BL-016(利润与产量互斥),锂系指标,锂; 碳酸锂; 盐湖提锂; 工业级碳酸锂; 电池级碳酸锂,BL-016,警告,PENDING,P1
P1,RISK-036,THS-LI-2.5,THS,LI,电池级碳酸锂利润（元/吨）,电池级碳酸锂产量,口径冲突: BL-016(利润与产量互斥),锂系指标,锂; 碳酸锂; 盐湖提锂; 工业级碳酸锂; 电池级碳酸锂,BL-016,警告,PENDING,P1
P1,RISK-037,THS-LI-3.2.4,THS,LI,电池级碳酸锂冶炼利润（元/吨）,电池级碳酸锂产量,口径冲突: BL-016(利润与产量互斥),锂系指标,锂; 碳酸锂; 盐湖提锂; 工业级碳酸锂; 电池级碳酸锂,BL-016,警告,PENDING,P1
P1,RISK-040,THS-NI-4.4,THS,NI,电解镍厂库存天数（天）,碳酸锂工厂库存天数,口径冲突: BL-012(库存天数与库存量互斥),镍系指标,镍; 电解镍; 精炼镍; 镍精矿; 镍板; 镍豆; 高冰镍,BL-012,警告,PENDING,P1
P1,RISK-041,THS-NI-4.4,THS,NI,高冰镍厂库存天数（天）,碳酸锂工厂库存天数,口径冲突: BL-012(库存天数与库存量互斥),镍系指标,镍; 电解镍; 精炼镍; 镍精矿; 镍板; 镍豆; 高冰镍,BL-012,警告,PENDING,P1
P1,RISK-042,THS-SI-4.4,THS,SI,多晶硅工厂库存天数（天）,碳酸锂工厂库存天数,口径冲突: BL-012(库存天数与库存量互斥),硅系指标,硅; 工业硅; 金属硅; 多晶硅; 硅矿,BL-012,警告,PENDING,P1
P1,RISK-043,THS-SI-4.4,THS,SI,金属硅工厂库存天数（天）,碳酸锂工厂库存天数,口径冲突: BL-012(库存天数与库存量互斥),硅系指标,硅; 工业硅; 金属硅; 多晶硅; 硅矿,BL-012,警告,PENDING,P1
P1,RISK-045,THS-SN-4.4,THS,SN,工厂库存天数（天）,碳酸锂工厂库存天数,口径冲突: BL-012(库存天数与库存量互斥),锡系指标,锡; 锡锭; 锡矿; 锡精矿; 焊锡; 表观消费量,BL-012,警告,PENDING,P1
P1,RISK-046,THS-SN-4.4,THS,SN,工厂库存天数时序图,碳酸锂工厂库存天数,口径冲突: BL-012(库存天数与库存量互斥),锡系指标,锡; 锡锭; 锡矿; 锡精矿; 焊锡; 表观消费量,BL-012,警告,PENDING,P1
P1,RISK-047,THS-SN-4.5,THS,SN,在途库存天数（天）,锂矿 外采 在途库存,口径冲突: BL-012(库存天数与库存量互斥),锡系指标,锡; 锡锭; 锡矿; 锡精矿; 焊锡; 表观消费量,BL-012,警告,PENDING,P1
P1,RISK-048,THS-SN-5.1,THS,SN,库存天数（天）,碳酸锂工厂库存天数,口径冲突: BL-012(库存天数与库存量互斥),锡系指标,锡; 锡锭; 锡矿; 锡精矿; 焊锡; 表观消费量,BL-012,警告,PENDING,P1
P1,RISK-050,THS-ZN-4.4,THS,ZN,国内锌厂内库存天数（天）,碳酸锂工厂库存天数,口径冲突: BL-012(库存天数与库存量互斥),锌系指标,锌; 锌锭; 锌矿,BL-012,警告,PENDING,P1
