priority,label,source_pdf,page_num,chart_local_id,chart_title,plot_style,axis_info,raw_text,cleaned_name,variety,region,dimension,freq,unit,similar_candidates,legend_list
P0,,铝周报,38,chart_104,铝终端消费,多折线,单Y轴，含百分比轴,交通运输,交通运输,AL,中国,消费,unknown,,,铝终端消费 | 总消费 | 交通运输 | 房屋建筑 | 家电 | 电力 | 净出口 | 累计同比（截至6月） | 当月值
P0,,铝周报,38,chart_104,铝终端消费,多折线,单Y轴，含百分比轴,房屋建筑,房屋建筑,AL,中国,消费,unknown,,,铝终端消费 | 总消费 | 交通运输 | 房屋建筑 | 家电 | 电力 | 净出口 | 累计同比（截至6月） | 当月值
P0,,铝周报,38,chart_104,铝终端消费,多折线,单Y轴，含百分比轴,家电,家电,AL,中国,消费,unknown,,,铝终端消费 | 总消费 | 交通运输 | 房屋建筑 | 家电 | 电力 | 净出口 | 累计同比（截至6月） | 当月值
P0,,铝周报,38,chart_104,铝终端消费,多折线,单Y轴，含百分比轴,电力,电力,AL,中国,消费,unknown,,电力成本分项(si_72_cost) | 电力成本分项(si_72_cost_power) | 电力成本分项(si_72_cost_power_2),铝终端消费 | 总消费 | 交通运输 | 房屋建筑 | 家电 | 电力 | 净出口 | 累计同比（截至6月） | 当月值
P0,,铝周报,16,chart_29,AL盘面结构,表格截面,单Y轴,Cash,Cash,,中国,期货,unknown,,LME：铝：CASH-3M合约：结算价差（日）(al_2_lme_settle) | LME：铅：CASH-3M合约：结算价差（日）(pb_23_aux_2) | SHFE铅仓单(i2),AL盘面结构 | Cash | 连续合约 | 连一 | 连二 | 连三 | 连四 | 连五
P0,,铝周报,16,chart_29,AL盘面结构,表格截面,单Y轴,连三,连三,,中国,期货,unknown,,,AL盘面结构 | Cash | 连续合约 | 连一 | 连二 | 连三 | 连四 | 连五
P0,,铝周报,16,chart_29,AL盘面结构,表格截面,单Y轴,连四,连四,,中国,期货,unknown,,,AL盘面结构 | Cash | 连续合约 | 连一 | 连二 | 连三 | 连四 | 连五
P0,,铝周报,16,chart_29,AL盘面结构,表格截面,单Y轴,连五,连五,,中国,期货,unknown,,,AL盘面结构 | Cash | 连续合约 | 连一 | 连二 | 连三 | 连四 | 连五
P1,,铝周报,43,chart_119,亏损企业比例,单折线,单Y轴，含百分比轴,亏损企业比例,亏损企业比例,,中国,利润,unknown,,,亏损企业比例
P1,,铝周报,45,chart_126,中国:电网基本建设投资完成额:当月值,单折线,单Y轴,中国:电网基本建设投资完成额:当月值,电网基本建设投资完成额,,中国,投资,monthly,,中国：电网工程：投资完成额累计值（月）(cu_52_grid_inv),中国:电网基本建设投资完成额:当月值 | GWh
P1,,铝周报,45,chart_127,中国:新增220千伏及以上线路长度:当月值,单折线,单Y轴,中国:新增220千伏及以上线路长度:当月值,新增220千伏及以上线路长度,,中国,其他,monthly,,,中国:新增220千伏及以上线路长度:当月值 | GWh
P1,,铝周报,45,chart_128,电网建设累计同比,单折线,单Y轴，含百分比轴,电网建设累计同比,电网建设累计同比,,中国,统计,unknown,,,电网建设累计同比
P1,,铝周报,46,chart_130,中国:销量:动力电池:当月值,单折线,单Y轴,中国:销量:动力电池:当月值,销量:动力电池,,中国,销量,monthly,,动力电池装车量(li_52_idx) | 中国动力电池产量：三元(wr239) | 动力电池 出口:三元材料(wr140),中国:销量:动力电池:当月值
P1,,铝周报,12,chart_22,沪铝25Δ,多折线,单Y轴，含百分比轴,沪铝25Δ,沪铝25Δ,AL,中国,其他,unknown,,,沪铝25Δ | Risk | Reversal
P1,,铝周报,12,chart_22,沪铝25Δ,多折线,单Y轴，含百分比轴,Risk,Risk,AL,中国,其他,unknown,,,沪铝25Δ | Risk | Reversal
P1,,铝周报,12,chart_22,沪铝25Δ,多折线,单Y轴，含百分比轴,Reversal,Reversal,AL,中国,其他,unknown,,,沪铝25Δ | Risk | Reversal
P1,,铝周报,12,chart_23,沪铜25Δ,多折线,单Y轴，含百分比轴,沪铜25Δ,沪铜25Δ,CU,中国,其他,unknown,,,沪铜25Δ | Risk | Reversal
P1,,铝周报,12,chart_23,沪铜25Δ,多折线,单Y轴，含百分比轴,Risk,Risk,CU,中国,其他,unknown,,,沪铜25Δ | Risk | Reversal
P1,,铝周报,12,chart_23,沪铜25Δ,多折线,单Y轴，含百分比轴,Reversal,Reversal,CU,中国,其他,unknown,,,沪铜25Δ | Risk | Reversal
P1,,铝周报,12,chart_24,沪铝IV,单折线,单Y轴，含百分比轴,沪铝IV,沪铝IV,AL,中国,其他,unknown,,,沪铝IV | Curve
P1,,铝周报,18,chart_31,LME仓单原产地,多折线,单Y轴,India,India,,LME,库存,unknown,,,LME仓单原产地 | 0万吨 | India | Russia2021年
P1,,锡周报,7,chart_06,同基准下有色库存相对比值对比,单折线,单Y轴,同基准下有色库存相对比值对比,同基准下有色库存相对比值对比,,中国,库存,daily,,,同基准下有色库存相对比值对比
P2,噪声文本(非指标名),氧化铝周报,11,chart_28,河南进口矿现金流利润,单折线,单Y轴,度相比前期进一步加,度相比前期进一步加,,河南,价格,unknown,,,河南进口矿现金流利润 | 度相比前期进一步加
P2,噪声文本(非指标名),氧化铝周报,15,chart_41,期货库存:氧化铝-山东,多折线,单Y轴,单小幅增加,单小幅增加,AL,山东,库存,unknown,,,期货库存:氧化铝-山东 | 单小幅增加 | 万吨仓单过期
P2,噪声文本(非指标名),氧化铝周报,15,chart_41,期货库存:氧化铝-山东,多折线,单Y轴,万吨仓单过期,万吨仓单过期,AL,山东,库存,unknown,万吨,不锈钢仓单(wr263) | SHFE铅仓单(i2) | 碳酸锂 仓单量(wr124),期货库存:氧化铝-山东 | 单小幅增加 | 万吨仓单过期
P2,噪声文本(非指标名),氧化铝周报,25,chart_80,铝土矿进口-几内亚,多折线,单Y轴，含百分比轴,万吨（17.2%,万吨（17.2%,AL,几内亚,进出口,unknown,万吨,印尼镍矿价格（HPM 1.6%）(wr253),铝土矿进口-几内亚 | 矿1.21亿吨，同比增加 | 万吨（17.2% | 其中，几内亚9841 | 吨，同比增加1884 | ），贡献增
P2,噪声文本(非指标名),硅产业链周报,15,chart_22,工业硅开炉情况,单折线,单Y轴,（铁合金在线口径）,铁合金在线口径,SI,中国,其他,unknown,,铝合金进口量(wr27) | 镍铁进口量(wr275),工业硅开炉情况 | （铁合金在线口径）
P2,噪声文本(非指标名),硅产业链周报,16,chart_23,工业硅开炉情况,单折线,单Y轴,（铁合金在线口径）,铁合金在线口径,SI,中国,其他,unknown,,铝合金进口量(wr27) | 镍铁进口量(wr275),工业硅开炉情况 | （铁合金在线口径）
P2,噪声文本(非指标名),碳酸锂周报,6,chart_02,工业级碳酸锂 现货价格,单折线,单Y轴,SMM锂盐价格走势图（元/吨）,SMM锂盐价格走势图,LC,SMM,价格,daily,,沪锡价格走势(wr170) | SMM 铅精废价差(j24_refine_spread) | SMM 锂矿样本库存:锂盐厂(wr148),工业级碳酸锂 现货价格 | SMM锂盐价格走势图（元/吨）
P2,噪声文本(非指标名),碳酸锂周报,6,chart_04,电池级氢氧化锂(微粉) 价格,单折线,单Y轴,SMM锂盐价格走势图（元/吨）,SMM锂盐价格走势图,LC,SMM,价格,daily,,沪锡价格走势(wr170) | SMM 铅精废价差(j24_refine_spread) | SMM 锂矿样本库存:锂盐厂(wr148),电池级氢氧化锂(微粉) 价格 | SMM锂盐价格走势图（元/吨）
P2,噪声文本(非指标名),铝周报,36,chart_100,铝制品出口-EU-27,单折线,单Y轴,万吨9,万吨9,AL,EU,进出口,unknown,万吨,,铝制品出口-EU-27 | 万吨9
P2,噪声文本(非指标名),铝周报,36,chart_101,铝制品出口-北美,单折线,单Y轴,万吨9,万吨9,AL,北美,进出口,unknown,万吨,,铝制品出口-北美 | 万吨9
P2,噪声文本(非指标名),铝周报,36,chart_102,铝制品出口-东南亚,单折线,单Y轴,万吨9,万吨9,AL,东南亚,进出口,unknown,万吨,,铝制品出口-东南亚 | 万吨9
P2,噪声文本(非指标名),铝周报,36,chart_103,铝制品出口-中东,单折线,单Y轴,万吨9,万吨9,AL,中东,进出口,unknown,万吨,,铝制品出口-中东 | 万吨9
P2,噪声文本(非指标名),铝周报,38,chart_104,铝终端消费,多折线,单Y轴，含百分比轴,累计同比（截至6月）,累计同比（截至6月,AL,中国,消费,monthly,,,铝终端消费 | 总消费 | 交通运输 | 房屋建筑 | 家电 | 电力 | 净出口 | 累计同比（截至6月） | 当月值
P2,噪声文本(非指标名),铝周报,38,chart_104,铝终端消费,多折线,单Y轴，含百分比轴,当月值,当月值,AL,中国,消费,monthly,,,铝终端消费 | 总消费 | 交通运输 | 房屋建筑 | 家电 | 电力 | 净出口 | 累计同比（截至6月） | 当月值
P2,噪声文本(非指标名),铝周报,40,chart_107,"中国:销量(当年,厂家批发):乘用车:累计值",单折线,单Y轴,万辆,万辆,,中国,销量,unknown,万辆,,"中国:销量(当年,厂家批发):乘用车:累计值 | 万辆"
P2,噪声文本(非指标名),铝周报,40,chart_108,"中国:销量(当年,厂家零售):新能源乘用车:累计值",单折线,单Y轴,万辆,万辆,,中国,销量,unknown,万辆,,"中国:销量(当年,厂家零售):新能源乘用车:累计值 | 万辆"
P2,噪声文本(非指标名),铝周报,40,chart_109,"中国:销量(当年,厂家批发):新能源乘用车:累计值",单折线,单Y轴,万辆,万辆,,中国,销量,unknown,万辆,,"中国:销量(当年,厂家批发):新能源乘用车:累计值 | 万辆"
P2,噪声文本(非指标名),铝周报,41,chart_110,乘用车批发销量（内外销）-当月值,单折线,单Y轴,万辆,万辆,,中国,销量,monthly,万辆,,乘用车批发销量（内外销）-当月值 | 万辆
P2,噪声文本(非指标名),铝周报,41,chart_111,乘用车产量-当月值,单折线,单Y轴,万辆,万辆,,中国,产量,monthly,万辆,,乘用车产量-当月值 | 万辆
P2,噪声文本(非指标名),铝周报,41,chart_112,乘用车零售量（内销）-当月值,单折线,单Y轴,万辆,万辆,,中国,销量,monthly,万辆,,乘用车零售量（内销）-当月值 | 万辆
P2,噪声文本(非指标名),铝周报,41,chart_113,乘用车零售量（内销）-累计值,单折线,单Y轴,万辆,万辆,,中国,销量,unknown,万辆,,乘用车零售量（内销）-累计值 | 万辆
P2,噪声文本(非指标名),铝周报,42,chart_114,乘用车出口量-当月值,单折线,单Y轴,万辆,万辆,,中国,进出口,monthly,万辆,,乘用车出口量-当月值 | 万辆
P2,噪声文本(非指标名),铝周报,42,chart_115,乘用车出口量-累计值,单折线,单Y轴,万辆,万辆,,中国,进出口,unknown,万辆,,乘用车出口量-累计值 | 万辆
P2,噪声文本(非指标名),铝周报,42,chart_116,新能源乘用车出口量-当月值,单折线,单Y轴,万辆,万辆,,中国,进出口,monthly,万辆,,新能源乘用车出口量-当月值 | 万辆
P2,噪声文本(非指标名),铝周报,42,chart_117,新能源乘用车出口量-累计值,单折线,单Y轴,万辆,万辆,,中国,进出口,unknown,万辆,,新能源乘用车出口量-累计值 | 万辆
P2,噪声文本(非指标名),铝周报,43,chart_120,汽车制造产成品周转天数,单折线,单Y轴,万辆,万辆,,中国,产量,weekly,万辆,,汽车制造产成品周转天数 | 万辆
P2,噪声文本(非指标名),铝周报,44,chart_124,组件月度总产量-SMM,单折线,单Y轴,亿个GW,,SI,SMM,产量,monthly,,,组件月度总产量-SMM | 亿个GW
P2,噪声文本(非指标名),铝周报,44,chart_125,光伏组件净出口,单折线,单Y轴,亿个GW,,SI,中国,进出口,unknown,,,光伏组件净出口 | 亿个GW
P2,噪声文本(非指标名),铝周报,12,chart_24,沪铝IV,单折线,单Y轴，含百分比轴,Curve,Curve,AL,中国,其他,unknown,,,沪铝IV | Curve
P2,噪声文本(非指标名),铝周报,20,chart_39,电解铝：社库+厂库（农历）,单折线,单Y轴,春节,春节,AL,中国,库存,unknown,,,电解铝：社库+厂库（农历） | 春节
P2,噪声文本(非指标名),铝周报,21,chart_41,铝棒-社库+厂库（农历）,单折线,单Y轴,春节,春节,AL,中国,库存,unknown,,,铝棒-社库+厂库（农历） | 春节
P2,噪声文本(非指标名),铝周报,22,chart_46,铝板带箔-原料库存,单折线,单Y轴,天万吨,,AL,中国,库存,daily,,,铝板带箔-原料库存 | 天万吨
P2,噪声文本(非指标名),铝周报,22,chart_47,铝板带箔-原料库存天数,单折线,单Y轴,天万吨,,AL,中国,库存,daily,天,,铝板带箔-原料库存天数 | 天万吨
P2,噪声文本(非指标名),铝周报,25,chart_56,未锻轧铝进口量,单折线,单Y轴,万万吨吨万吨,,AL,中国,进出口,unknown,,,未锻轧铝进口量 | 万万吨吨万吨
P2,噪声文本(非指标名),铝周报,25,chart_57,铝合金进口量,单折线,单Y轴,万万吨吨万吨,,AL,中国,进出口,unknown,,,铝合金进口量 | 万万吨吨万吨
P2,噪声文本(非指标名),铝周报,25,chart_58,废铝进口总量,单折线,单Y轴,万万吨吨万吨,,AL,中国,进出口,unknown,,,废铝进口总量 | 万万吨吨万吨
P2,噪声文本(非指标名),铝周报,25,chart_60,铝材进口量-板带,单折线,单Y轴,万吨万吨,万吨万吨,AL,中国,进出口,unknown,万吨,,铝材进口量-板带 | 万吨万吨
P2,噪声文本(非指标名),铝周报,25,chart_61,铝材进口量-铝箔,单折线,单Y轴,万吨万吨,万吨万吨,AL,中国,进出口,unknown,万吨,,铝材进口量-铝箔 | 万吨万吨
P2,噪声文本(非指标名),铝周报,27,chart_66,铝水比例,单折线,单Y轴，含百分比轴,万吨%,万吨%,AL,中国,其他,unknown,万吨,,铝水比例 | 万吨%
P2,噪声文本(非指标名),铝周报,27,chart_67,铝棒月产量,单折线,单Y轴，含百分比轴,万吨%,万吨%,AL,中国,产量,monthly,万吨,,铝棒月产量 | 万吨%
P2,噪声文本(非指标名),铝周报,31,chart_84,SMM:,多折线,单Y轴,元/吨元/吨,,,SMM,其他,unknown,,,SMM: | 1A60铝杆加工费(山东) | 平均价: | 日度 | 元/吨元/吨
P2,噪声文本(非指标名),铝周报,31,chart_85,SMM:,多折线,单Y轴,元/吨元/吨,,,SMM,其他,unknown,,,SMM: | 1A60铝杆加工费(内蒙) | 平均价: | 日度 | 元/吨元/吨
P2,噪声文本(非指标名),铝周报,32,chart_91,出口-铝制品,单折线,单Y轴,万吨万吨,万吨万吨,AL,中国,进出口,unknown,万吨,,出口-铝制品 | 万吨万吨
P2,噪声文本(非指标名),铝周报,32,chart_92,出口-铝材-型材条杆,单折线,单Y轴,万吨万吨,万吨万吨,AL,中国,进出口,unknown,万吨,,出口-铝材-型材条杆 | 万吨万吨
P2,噪声文本(非指标名),铝周报,32,chart_93,出口-铝材-板带箔,单折线,单Y轴,万吨万吨,万吨万吨,AL,中国,进出口,unknown,万吨,,出口-铝材-板带箔 | 万吨万吨
P2,噪声文本(非指标名),铝周报,35,chart_98,铝材出口-中东,单折线,单Y轴,万吨9,万吨9,AL,中东,进出口,unknown,万吨,,铝材出口-中东 | 万吨9
P2,噪声文本(非指标名),铝周报,35,chart_99,铝材出口-EU-27,单折线,单Y轴,万吨9,万吨9,AL,EU,进出口,unknown,万吨,,铝材出口-EU-27 | 万吨9
P2,噪声文本(非指标名),锡周报,5,chart_02,沪锡价格走势,多折线,单Y轴,存提供基本面支撑,存提供基本面支撑,SN,中国,价格,unknown,,,沪锡价格走势 | 有色风偏回归，银漫选厂风险资产 | 复产、采区待验收，低库避险 | 存提供基本面支撑
P2,,锡周报,8,chart_07,四金属,多折线,单Y轴,四金属,四金属,,中国,其他,unknown,,周产量-金属硅-云南(wr202) | 周产量-金属硅-四川(wr203) | 周产量-金属硅-新疆(wr204),四金属 | vs | SPX | 60日滚动相关图：锡 | 锡=AI的实物，
P2,噪声文本(非指标名),锡周报,8,chart_07,四金属,多折线,单Y轴,vs,vs,,中国,其他,unknown,,氧化铝现货vs长协价格(wr43),四金属 | vs | SPX | 60日滚动相关图：锡 | 锡=AI的实物，
P2,噪声文本(非指标名),锡周报,8,chart_07,四金属,多折线,单Y轴,SPX,SPX,,中国,其他,unknown,,,四金属 | vs | SPX | 60日滚动相关图：锡 | 锡=AI的实物，
P2,噪声文本(非指标名),锡周报,8,chart_07,四金属,多折线,单Y轴,60日滚动相关图：锡,60日滚动相关图：锡,SN,中国,统计,daily,,,四金属 | vs | SPX | 60日滚动相关图：锡 | 锡=AI的实物，
P2,噪声文本(非指标名),锡周报,30,chart_39,LME库存变化,单折线,单Y轴,吨吨,,,LME,库存,daily,,,LME库存变化 | 吨吨
P2,噪声文本(非指标名),锡周报,36,chart_49,白色家电消费,多折线,单Y轴，含百分比轴,样本白电总用锡Yoy,样本白电总用锡Yoy,SN,中国,消费,unknown,,,白色家电消费 | 空调用锡量累计 | 样本白电总用锡Yoy | Yoy
P2,噪声文本(非指标名),锡周报,36,chart_49,白色家电消费,多折线,单Y轴，含百分比轴,Yoy,Yoy,,中国,消费,unknown,,,白色家电消费 | 空调用锡量累计 | 样本白电总用锡Yoy | Yoy
P2,噪声文本(非指标名),镍与不锈钢周报,4,chart_01,镍板库存,单折线,单Y轴,短期观望策略,短期观望策略,NI,中国,库存,unknown,,,镍板库存 | 短期观望策略
P2,噪声文本(非指标名),镍与不锈钢周报,6,chart_02,上期所镍月间结构,单折线,单Y轴,元/吨元/吨,,NI,SHFE,期货,monthly,,,上期所镍月间结构 | 元/吨元/吨
P2,噪声文本(非指标名),镍与不锈钢周报,6,chart_03,上期所不锈钢月间结构,单折线,单Y轴,元/吨元/吨,,NI,SHFE,期货,monthly,,,上期所不锈钢月间结构 | 元/吨元/吨
P2,噪声文本(非指标名),镍与不锈钢周报,6,chart_05,不同镍产品折镍价,单折线,单Y轴,元/金属吨,元/金属吨,NI,中国,产量,unknown,元/金属吨,,不同镍产品折镍价 | 元/金属吨
P2,噪声文本(非指标名),镍与不锈钢周报,8,chart_11,MHP镍折扣系数,多折线,单Y轴，含百分比轴,%/金属吨100,%/金属吨100,NI,印尼,加工费,unknown,吨,,MHP镍折扣系数 | %/金属吨100 | %%%/金属吨
P2,噪声文本(非指标名),镍与不锈钢周报,8,chart_11,MHP镍折扣系数,多折线,单Y轴，含百分比轴,%%%/金属吨,%%%/金属吨,NI,印尼,加工费,unknown,吨,,MHP镍折扣系数 | %/金属吨100 | %%%/金属吨
P2,噪声文本(非指标名),镍与不锈钢周报,8,chart_12,MHP钴折扣系数,单折线,单Y轴，含百分比轴,%/金属吨100,%/金属吨100,,印尼,加工费,unknown,吨,,MHP钴折扣系数 | %/金属吨100
P2,噪声文本(非指标名),镍与不锈钢周报,11,chart_17,中国精炼镍产量,单折线,单Y轴,金属吨金属吨,,NI,中国,产量,weekly,,,中国精炼镍产量 | 金属吨金属吨
P2,噪声文本(非指标名),镍与不锈钢周报,11,chart_18,印尼精炼镍产量,单折线,单Y轴,金属吨金属吨,,NI,印尼,产量,weekly,,,印尼精炼镍产量 | 金属吨金属吨
P2,噪声文本(非指标名),镍与不锈钢周报,11,chart_19,中国电解镍净进口量,单折线,单Y轴,万金属吨,,NI,中国,进出口,unknown,,,中国电解镍净进口量 | 万金属吨
P2,噪声文本(非指标名),镍与不锈钢周报,12,chart_20,镍社会库存,单折线,单Y轴,吨吨,,NI,中国,库存,daily,,,镍社会库存 | 吨吨
P2,噪声文本(非指标名),镍与不锈钢周报,12,chart_21,镍板库存,单折线,单Y轴,吨吨,,NI,中国,库存,daily,,,镍板库存 | 吨吨
P2,噪声文本(非指标名),镍与不锈钢周报,12,chart_22,镍豆库存,单折线,单Y轴,吨吨,,NI,中国,库存,daily,,,镍豆库存 | 吨吨
P2,噪声文本(非指标名),镍与不锈钢周报,14,chart_29,中国硫酸镍产量,单折线,单Y轴,金属吨,金属吨,NI,中国,产量,unknown,吨,周产量-金属硅-云南(wr202) | 周产量-金属硅-四川(wr203) | 周产量-金属硅-新疆(wr204),中国硫酸镍产量 | 金属吨
P2,噪声文本(非指标名),镍与不锈钢周报,15,chart_33,中国冰镍进口量,单折线,单Y轴,万金属吨,,NI,中国,进出口,unknown,,,中国冰镍进口量 | 万金属吨
P2,噪声文本(非指标名),镍与不锈钢周报,15,chart_34,中国冰镍进口量：自印尼,单折线,单Y轴,万金属吨,,NI,中国,进出口,unknown,,,中国冰镍进口量：自印尼 | 万金属吨
P2,噪声文本(非指标名),镍与不锈钢周报,15,chart_35,印尼冰镍产量（高冰镍+低冰镍）,单折线,单Y轴,金属吨,金属吨,NI,印尼,产量,unknown,吨,周产量-金属硅-云南(wr202) | 周产量-金属硅-四川(wr203) | 周产量-金属硅-新疆(wr204),印尼冰镍产量（高冰镍+低冰镍） | 金属吨
P2,噪声文本(非指标名),镍与不锈钢周报,15,chart_36,印尼冰镍产量（分品味）,单折线,单Y轴,万金属吨,,NI,印尼,产量,weekly,,,印尼冰镍产量（分品味） | 万金属吨
P2,噪声文本(非指标名),镍与不锈钢周报,16,chart_37,中国动力电池产量：三元,单折线,单Y轴,MWHMWH,,,中国,产量,weekly,元,,中国动力电池产量：三元 | MWHMWH
P2,噪声文本(非指标名),镍与不锈钢周报,16,chart_38,中国动力电池产量：磷酸铁锂,单折线,单Y轴,MWHMWH,,LC,中国,产量,weekly,,,中国动力电池产量：磷酸铁锂 | MWHMWH
P2,噪声文本(非指标名),镍与不锈钢周报,17,chart_41,新能源车产量,单折线,单Y轴,万辆,万辆,,中国,产量,unknown,万辆,,新能源车产量 | 万辆
P2,噪声文本(非指标名),镍与不锈钢周报,17,chart_42,新能源车销量,单折线,单Y轴,万辆,万辆,,中国,销量,unknown,万辆,,新能源车销量 | 万辆
P2,噪声文本(非指标名),镍与不锈钢周报,23,chart_47,菲律宾镍矿价格（1.5%）,单折线,单Y轴，含百分比轴,美元/湿吨,美元/湿吨,NI,菲律宾,价格,unknown,美元/湿吨,,菲律宾镍矿价格（1.5%） | 美元/湿吨
P2,噪声文本(非指标名),镍与不锈钢周报,23,chart_48,"印尼镍矿价格（HPM,1.6%）",单折线,单Y轴，含百分比轴,美元/湿吨,美元/湿吨,NI,印尼,价格,unknown,美元/湿吨,,"印尼镍矿价格（HPM,1.6%） | 美元/湿吨"
P2,噪声文本(非指标名),镍与不锈钢周报,23,chart_49,菲律宾镍矿价格：不同品味,单折线,单Y轴,美元/湿吨,美元/湿吨,NI,菲律宾,价格,unknown,美元/湿吨,,菲律宾镍矿价格：不同品味 | 美元/湿吨
P2,噪声文本(非指标名),镍与不锈钢周报,25,chart_52,铬矿价格（块矿，36-38%Cr，南非产）,单折线,单Y轴，含百分比轴,元/度吨,元/度吨,NI,南非,价格,unknown,元/度吨,三元材料 周度产量(wr133) | 三元材料 月度产量(wr136),铬矿价格（块矿，36-38%Cr，南非产） | 元/度吨
P2,噪声文本(非指标名),镍与不锈钢周报,25,chart_53,高碳铬铁价格（内蒙古）,单折线,单Y轴,元/50基吨,元/50基吨,NI,内蒙古,价格,unknown,元/50基吨,,高碳铬铁价格（内蒙古） | 元/50基吨
P2,噪声文本(非指标名),镍与不锈钢周报,25,chart_54,高碳铬铁价格（钢招价格）图：铬矿价格：不同品味,单折线,单Y轴,元/50基吨,元/50基吨,NI,中国,价格,unknown,元/50基吨,,高碳铬铁价格（钢招价格）图：铬矿价格：不同品味 | 元/50基吨
P2,噪声文本(非指标名),镍与不锈钢周报,27,chart_55,中国高碳铬铁产量,单折线,单Y轴,元/50基吨,元/50基吨,NI,中国,产量,unknown,元/50基吨,,中国高碳铬铁产量 | 元/50基吨
P2,噪声文本(非指标名),镍与不锈钢周报,28,chart_57,中国镍铁产量,单折线,单Y轴,万实物吨万金属吨,,NI,中国,产量,weekly,,,中国镍铁产量 | 万实物吨万金属吨
P2,噪声文本(非指标名),镍与不锈钢周报,28,chart_58,镍铁进口量,单折线,单Y轴,万实物吨万金属吨,,NI,中国,进出口,unknown,,,镍铁进口量 | 万实物吨万金属吨
P2,噪声文本(非指标名),镍与不锈钢周报,28,chart_59,镍铁库存图：印尼镍铁产量,单折线,单Y轴,万金属吨万金属吨,万金属吨万金属吨,NI,印尼,库存,unknown,吨,,镍铁库存图：印尼镍铁产量 | 万金属吨万金属吨
