source_file,page_num,chart_local_id,chart_title,plot_style,axis_info,missing_text,branch,branch_label,root_cause,matched_indicator,match_source,legend_list,extracted_list,note
氧化铝周报20260830.pdf,11,chart_28,河南进口矿现金流利润,单折线,单Y轴,度相比前期进一步加,B,B:指标库缺失,B2_指标名无库元数据(库缺失),,,河南进口矿现金流利润 | 度相比前期进一步加,河南进口矿现金流利润,绘图类型:单折线 | 轴信息:单Y轴 | 图例数:2 | 复合图(2图例) | 漏提取1项
氧化铝周报20260830.pdf,15,chart_41,期货库存:氧化铝-山东,多折线,单Y轴,单小幅增加,B,B:指标库缺失,B2_指标名无库元数据(库缺失),,,期货库存:氧化铝-山东 | 单小幅增加 | 万吨仓单过期,期货库存:氧化铝-山东,绘图类型:多折线 | 轴信息:单Y轴 | 图例数:3 | 复合图(3图例) | 漏提取2项
氧化铝周报20260830.pdf,15,chart_41,期货库存:氧化铝-山东,多折线,单Y轴,万吨仓单过期,B,B:指标库缺失,B2_指标名无库元数据(库缺失),,,期货库存:氧化铝-山东 | 单小幅增加 | 万吨仓单过期,期货库存:氧化铝-山东,绘图类型:多折线 | 轴信息:单Y轴 | 图例数:3 | 复合图(3图例) | 漏提取2项
氧化铝周报20260830.pdf,16,chart_44,平衡系数-阿拉丁,单折线,单Y轴,态，市场供应量较前9500,B,B:指标库缺失,B1_噪声文本(非指标名),,,平衡系数-阿拉丁 | 态，市场供应量较前9500,平衡系数-阿拉丁,绘图类型:单折线 | 轴信息:单Y轴 | 图例数:2 | 复合图(2图例) | 漏提取1项
氧化铝周报20260830.pdf,16,chart_46,氧化铝运行产能,单折线,单Y轴，含百分比轴,态，市场供应量较前9500,B,B:指标库缺失,B1_噪声文本(非指标名),,,氧化铝运行产能 | 态，市场供应量较前9500,氧化铝运行产能,绘图类型:单折线 | 轴信息:单Y轴，含百分比轴 | 图例数:2 | 复合图(2图例) | 漏提取1项
氧化铝周报20260830.pdf,19,chart_56,铝土矿库存：全国库存天数-SMM,单折线,单Y轴,波动。,B,B:指标库缺失,B1_噪声文本(非指标名),,,铝土矿库存：全国库存天数-SMM | 波动。,铝土矿库存：全国库存天数-SMM,绘图类型:单折线 | 轴信息:单Y轴 | 图例数:2 | 复合图(2图例) | 漏提取1项
氧化铝周报20260830.pdf,20,chart_60,港口库存-合计-SMM,单折线,单Y轴,显，近期累库放缓,B,B:指标库缺失,B1_噪声文本(非指标名),,,港口库存-合计-SMM | 显，近期累库放缓,港口库存-合计-SMM,绘图类型:单折线 | 轴信息:单Y轴 | 图例数:2 | 复合图(2图例) | 漏提取1项
氧化铝周报20260830.pdf,25,chart_80,铝土矿进口-几内亚,多折线,单Y轴，含百分比轴,矿1.21亿吨，同比增加,B,B:指标库缺失,B1_噪声文本(非指标名),,,铝土矿进口-几内亚 | 矿1.21亿吨，同比增加 | 万吨（17.2% | 其中，几内亚9841 | 吨，同比增加1884 | ），贡献增,铝土矿进口-几内亚,绘图类型:多折线 | 轴信息:单Y轴，含百分比轴 | 图例数:6 | 复合图(6图例) | 漏提取5项
氧化铝周报20260830.pdf,25,chart_80,铝土矿进口-几内亚,多折线,单Y轴，含百分比轴,万吨（17.2%,B,B:指标库缺失,B2_指标名无库元数据(库缺失),,,铝土矿进口-几内亚 | 矿1.21亿吨，同比增加 | 万吨（17.2% | 其中，几内亚9841 | 吨，同比增加1884 | ），贡献增,铝土矿进口-几内亚,绘图类型:多折线 | 轴信息:单Y轴，含百分比轴 | 图例数:6 | 复合图(6图例) | 漏提取5项
氧化铝周报20260830.pdf,25,chart_80,铝土矿进口-几内亚,多折线,单Y轴，含百分比轴,其中，几内亚9841,B,B:指标库缺失,B1_噪声文本(非指标名),,,铝土矿进口-几内亚 | 矿1.21亿吨，同比增加 | 万吨（17.2% | 其中，几内亚9841 | 吨，同比增加1884 | ），贡献增,铝土矿进口-几内亚,绘图类型:多折线 | 轴信息:单Y轴，含百分比轴 | 图例数:6 | 复合图(6图例) | 漏提取5项
氧化铝周报20260830.pdf,25,chart_80,铝土矿进口-几内亚,多折线,单Y轴，含百分比轴,吨，同比增加1884,B,B:指标库缺失,B1_噪声文本(非指标名),,,铝土矿进口-几内亚 | 矿1.21亿吨，同比增加 | 万吨（17.2% | 其中，几内亚9841 | 吨，同比增加1884 | ），贡献增,铝土矿进口-几内亚,绘图类型:多折线 | 轴信息:单Y轴，含百分比轴 | 图例数:6 | 复合图(6图例) | 漏提取5项
氧化铝周报20260830.pdf,25,chart_80,铝土矿进口-几内亚,多折线,单Y轴，含百分比轴,），贡献增,B,B:指标库缺失,B1_噪声文本(非指标名),,,铝土矿进口-几内亚 | 矿1.21亿吨，同比增加 | 万吨（17.2% | 其中，几内亚9841 | 吨，同比增加1884 | ），贡献增,铝土矿进口-几内亚,绘图类型:多折线 | 轴信息:单Y轴，含百分比轴 | 图例数:6 | 复合图(6图例) | 漏提取5项
氧化铝周报20260830.pdf,27,chart_87,到港量-海关-几内亚,单折线,单Y轴,吨）,B,B:指标库缺失,B1_噪声文本(非指标名),,,到港量-海关-几内亚 | 吨）,到港量-海关-几内亚,绘图类型:单折线 | 轴信息:单Y轴 | 图例数:2 | 复合图(2图例) | 漏提取1项
硅产业链周报20260906.pdf,15,chart_22,工业硅开炉情况,单折线,单Y轴,（铁合金在线口径）,B,B:指标库缺失,B2_指标名无库元数据(库缺失),,,工业硅开炉情况 | （铁合金在线口径）,工业硅开炉情况,绘图类型:单折线 | 轴信息:单Y轴 | 图例数:2 | 复合图(2图例) | 漏提取1项
硅产业链周报20260906.pdf,16,chart_23,工业硅开炉情况,单折线,单Y轴,（铁合金在线口径）,B,B:指标库缺失,B2_指标名无库元数据(库缺失),,,工业硅开炉情况 | （铁合金在线口径）,工业硅开炉情况,绘图类型:单折线 | 轴信息:单Y轴 | 图例数:2 | 复合图(2图例) | 漏提取1项
碳酸锂周报20260823.pdf,6,chart_02,工业级碳酸锂 现货价格,单折线,单Y轴,SMM锂盐价格走势图（元/吨）,B,B:指标库缺失,B2_指标名无库元数据(库缺失),,,工业级碳酸锂 现货价格 | SMM锂盐价格走势图（元/吨）,工业级碳酸锂 现货价格,绘图类型:单折线 | 轴信息:单Y轴 | 图例数:2 | 复合图(2图例) | 漏提取1项
碳酸锂周报20260823.pdf,6,chart_04,电池级氢氧化锂(微粉) 价格,单折线,单Y轴,SMM锂盐价格走势图（元/吨）,B,B:指标库缺失,B2_指标名无库元数据(库缺失),,,电池级氢氧化锂(微粉) 价格 | SMM锂盐价格走势图（元/吨）,电池级氢氧化锂(微粉) 价格,绘图类型:单折线 | 轴信息:单Y轴 | 图例数:2 | 复合图(2图例) | 漏提取1项
碳酸锂周报20260823.pdf,16,chart_55,碳酸锂 硫酸法 周度产量,单折线,单Y轴,汇总1,B,B:指标库缺失,B1_噪声文本(非指标名),,,碳酸锂 硫酸法 周度产量 | 汇总1,碳酸锂 硫酸法 周度产量,绘图类型:单折线 | 轴信息:单Y轴 | 图例数:2 | 复合图(2图例) | 漏提取1项
碳酸锂周报20260823.pdf,16,chart_56,碳酸锂 硫酸盐法 周度产量,单折线,单Y轴,汇总1,B,B:指标库缺失,B1_噪声文本(非指标名),,,碳酸锂 硫酸盐法 周度产量 | 汇总1,碳酸锂 硫酸盐法 周度产量,绘图类型:单折线 | 轴信息:单Y轴 | 图例数:2 | 复合图(2图例) | 漏提取1项
铝周报20260830.pdf,4,chart_01,电解铝:社库+厂库,多折线,单Y轴,成品环比+1.55万吨。,B,B:指标库缺失,B1_噪声文本(非指标名),,,电解铝:社库+厂库 | 成品环比+1.55万吨。 | 可提货仓单或逐渐耗尽，转为净入库后现货升贴水也暂,电解铝:社库+厂库 | 可提货仓单或逐渐耗尽，转为净入库后现货升贴水也暂,绘图类型:多折线 | 轴信息:单Y轴 | 图例数:3 | 复合图(3图例) | 漏提取1项
铝周报20260830.pdf,4,chart_02,铝水比例,多折线,单Y轴,成品环比+1.55万吨。,B,B:指标库缺失,B1_噪声文本(非指标名),,,铝水比例 | 成品环比+1.55万吨。 | 可提货仓单或逐渐耗尽，转为净入库后现货升贴水也暂,铝水比例 | 可提货仓单或逐渐耗尽，转为净入库后现货升贴水也暂,绘图类型:多折线 | 轴信息:单Y轴 | 图例数:3 | 复合图(3图例) | 漏提取1项
铝周报20260830.pdf,10,chart_16,LME铝远月月差(3-15),多折线,单Y轴,0美元/吨,B,B:指标库缺失,B1_噪声文本(非指标名),,,LME铝远月月差(3-15) | 图图：：SLMHFEE持铝仓近情3况月持仓 | 0美元/吨,LME铝远月月差(3-15) | 图图：：SLMHFEE持铝仓近情3况月持仓,绘图类型:多折线 | 轴信息:单Y轴 | 图例数:3 | 复合图(3图例) | 漏提取1项
铝周报20260830.pdf,12,chart_22,沪铝25Δ,多折线,单Y轴，含百分比轴,沪铝25Δ,B,B:指标库缺失,B2_指标名无库元数据(库缺失),,,沪铝25Δ | Risk | Reversal,,绘图类型:多折线 | 轴信息:单Y轴，含百分比轴 | 图例数:3 | 复合图(3图例) | 漏提取3项
铝周报20260830.pdf,12,chart_22,沪铝25Δ,多折线,单Y轴，含百分比轴,Risk,B,B:指标库缺失,B2_指标名无库元数据(库缺失),,,沪铝25Δ | Risk | Reversal,,绘图类型:多折线 | 轴信息:单Y轴，含百分比轴 | 图例数:3 | 复合图(3图例) | 漏提取3项
铝周报20260830.pdf,12,chart_22,沪铝25Δ,多折线,单Y轴，含百分比轴,Reversal,B,B:指标库缺失,B2_指标名无库元数据(库缺失),,,沪铝25Δ | Risk | Reversal,,绘图类型:多折线 | 轴信息:单Y轴，含百分比轴 | 图例数:3 | 复合图(3图例) | 漏提取3项
铝周报20260830.pdf,12,chart_23,沪铜25Δ,多折线,单Y轴，含百分比轴,沪铜25Δ,B,B:指标库缺失,B2_指标名无库元数据(库缺失),,,沪铜25Δ | Risk | Reversal,,绘图类型:多折线 | 轴信息:单Y轴，含百分比轴 | 图例数:3 | 复合图(3图例) | 漏提取3项
铝周报20260830.pdf,12,chart_23,沪铜25Δ,多折线,单Y轴，含百分比轴,Risk,B,B:指标库缺失,B2_指标名无库元数据(库缺失),,,沪铜25Δ | Risk | Reversal,,绘图类型:多折线 | 轴信息:单Y轴，含百分比轴 | 图例数:3 | 复合图(3图例) | 漏提取3项
铝周报20260830.pdf,12,chart_23,沪铜25Δ,多折线,单Y轴，含百分比轴,Reversal,B,B:指标库缺失,B2_指标名无库元数据(库缺失),,,沪铜25Δ | Risk | Reversal,,绘图类型:多折线 | 轴信息:单Y轴，含百分比轴 | 图例数:3 | 复合图(3图例) | 漏提取3项
铝周报20260830.pdf,12,chart_24,沪铝IV,单折线,单Y轴，含百分比轴,沪铝IV,B,B:指标库缺失,B2_指标名无库元数据(库缺失),,,沪铝IV | Curve,,绘图类型:单折线 | 轴信息:单Y轴，含百分比轴 | 图例数:2 | 复合图(2图例) | 漏提取2项
铝周报20260830.pdf,12,chart_24,沪铝IV,单折线,单Y轴，含百分比轴,Curve,B,B:指标库缺失,B2_指标名无库元数据(库缺失),,,沪铝IV | Curve,,绘图类型:单折线 | 轴信息:单Y轴，含百分比轴 | 图例数:2 | 复合图(2图例) | 漏提取2项
铝周报20260830.pdf,16,chart_29,AL盘面结构,表格截面,单Y轴,Cash,B,B:指标库缺失,B2_指标名无库元数据(库缺失),,,AL盘面结构 | Cash | 连续合约 | 连一 | 连二 | 连三 | 连四 | 连五,AL盘面结构 | 连续合约 | 连一 | 连二,绘图类型:表格截面 | 轴信息:单Y轴 | 图例数:8 | 复合图(8图例) | 漏提取4项
铝周报20260830.pdf,16,chart_29,AL盘面结构,表格截面,单Y轴,连三,B,B:指标库缺失,B2_指标名无库元数据(库缺失),,,AL盘面结构 | Cash | 连续合约 | 连一 | 连二 | 连三 | 连四 | 连五,AL盘面结构 | 连续合约 | 连一 | 连二,绘图类型:表格截面 | 轴信息:单Y轴 | 图例数:8 | 复合图(8图例) | 漏提取4项
铝周报20260830.pdf,16,chart_29,AL盘面结构,表格截面,单Y轴,连四,B,B:指标库缺失,B2_指标名无库元数据(库缺失),,,AL盘面结构 | Cash | 连续合约 | 连一 | 连二 | 连三 | 连四 | 连五,AL盘面结构 | 连续合约 | 连一 | 连二,绘图类型:表格截面 | 轴信息:单Y轴 | 图例数:8 | 复合图(8图例) | 漏提取4项
铝周报20260830.pdf,16,chart_29,AL盘面结构,表格截面,单Y轴,连五,B,B:指标库缺失,B2_指标名无库元数据(库缺失),,,AL盘面结构 | Cash | 连续合约 | 连一 | 连二 | 连三 | 连四 | 连五,AL盘面结构 | 连续合约 | 连一 | 连二,绘图类型:表格截面 | 轴信息:单Y轴 | 图例数:8 | 复合图(8图例) | 漏提取4项
铝周报20260830.pdf,18,chart_30,LME电解铝总库存,多折线,单Y轴,0万吨,B,B:指标库缺失,B1_噪声文本(非指标名),,,LME电解铝总库存 | 0万吨 | Russia2021年,LME电解铝总库存 | Russia2021年,绘图类型:多折线 | 轴信息:单Y轴 | 图例数:3 | 复合图(3图例) | 漏提取1项
铝周报20260830.pdf,18,chart_31,LME仓单原产地,多折线,单Y轴,0万吨,B,B:指标库缺失,B1_噪声文本(非指标名),,,LME仓单原产地 | 0万吨 | India | Russia2021年,LME仓单原产地 | Russia2021年,绘图类型:多折线 | 轴信息:单Y轴 | 图例数:4 | 复合图(4图例) | 漏提取2项
铝周报20260830.pdf,18,chart_31,LME仓单原产地,多折线,单Y轴,India,B,B:指标库缺失,B2_指标名无库元数据(库缺失),,,LME仓单原产地 | 0万吨 | India | Russia2021年,LME仓单原产地 | Russia2021年,绘图类型:多折线 | 轴信息:单Y轴 | 图例数:4 | 复合图(4图例) | 漏提取2项
铝周报20260830.pdf,20,chart_39,电解铝：社库+厂库（农历）,单折线,单Y轴,春节,B,B:指标库缺失,B2_指标名无库元数据(库缺失),,,电解铝：社库+厂库（农历） | 春节,电解铝：社库+厂库（农历）,绘图类型:单折线 | 轴信息:单Y轴 | 图例数:2 | 复合图(2图例) | 漏提取1项
铝周报20260830.pdf,21,chart_41,铝棒-社库+厂库（农历）,单折线,单Y轴,春节,B,B:指标库缺失,B2_指标名无库元数据(库缺失),,,铝棒-社库+厂库（农历） | 春节,铝棒-社库+厂库（农历）,绘图类型:单折线 | 轴信息:单Y轴 | 图例数:2 | 复合图(2图例) | 漏提取1项
铝周报20260830.pdf,22,chart_46,铝板带箔-原料库存,单折线,单Y轴,天万吨,B,B:指标库缺失,B2_指标名无库元数据(库缺失),,,铝板带箔-原料库存 | 天万吨,铝板带箔-原料库存,绘图类型:单折线 | 轴信息:单Y轴 | 图例数:2 | 复合图(2图例) | 漏提取1项
铝周报20260830.pdf,22,chart_47,铝板带箔-原料库存天数,单折线,单Y轴,天万吨,B,B:指标库缺失,B2_指标名无库元数据(库缺失),,,铝板带箔-原料库存天数 | 天万吨,铝板带箔-原料库存天数,绘图类型:单折线 | 轴信息:单Y轴 | 图例数:2 | 复合图(2图例) | 漏提取1项
铝周报20260830.pdf,25,chart_56,未锻轧铝进口量,单折线,单Y轴,万万吨吨万吨,B,B:指标库缺失,B2_指标名无库元数据(库缺失),,,未锻轧铝进口量 | 万万吨吨万吨,未锻轧铝进口量,绘图类型:单折线 | 轴信息:单Y轴 | 图例数:2 | 复合图(2图例) | 漏提取1项
铝周报20260830.pdf,25,chart_57,铝合金进口量,单折线,单Y轴,万万吨吨万吨,B,B:指标库缺失,B2_指标名无库元数据(库缺失),,,铝合金进口量 | 万万吨吨万吨,铝合金进口量,绘图类型:单折线 | 轴信息:单Y轴 | 图例数:2 | 复合图(2图例) | 漏提取1项
铝周报20260830.pdf,25,chart_58,废铝进口总量,单折线,单Y轴,万万吨吨万吨,B,B:指标库缺失,B2_指标名无库元数据(库缺失),,,废铝进口总量 | 万万吨吨万吨,废铝进口总量,绘图类型:单折线 | 轴信息:单Y轴 | 图例数:2 | 复合图(2图例) | 漏提取1项
铝周报20260830.pdf,25,chart_60,铝材进口量-板带,单折线,单Y轴,万吨万吨,B,B:指标库缺失,B2_指标名无库元数据(库缺失),,,铝材进口量-板带 | 万吨万吨,铝材进口量-板带,绘图类型:单折线 | 轴信息:单Y轴 | 图例数:2 | 复合图(2图例) | 漏提取1项
铝周报20260830.pdf,25,chart_61,铝材进口量-铝箔,单折线,单Y轴,万吨万吨,B,B:指标库缺失,B2_指标名无库元数据(库缺失),,,铝材进口量-铝箔 | 万吨万吨,铝材进口量-铝箔,绘图类型:单折线 | 轴信息:单Y轴 | 图例数:2 | 复合图(2图例) | 漏提取1项
铝周报20260830.pdf,27,chart_66,铝水比例,单折线,单Y轴，含百分比轴,万吨%,B,B:指标库缺失,B2_指标名无库元数据(库缺失),,,铝水比例 | 万吨%,铝水比例,绘图类型:单折线 | 轴信息:单Y轴，含百分比轴 | 图例数:2 | 复合图(2图例) | 漏提取1项
铝周报20260830.pdf,27,chart_67,铝棒月产量,单折线,单Y轴，含百分比轴,万吨%,B,B:指标库缺失,B2_指标名无库元数据(库缺失),,,铝棒月产量 | 万吨%,铝棒月产量,绘图类型:单折线 | 轴信息:单Y轴，含百分比轴 | 图例数:2 | 复合图(2图例) | 漏提取1项
铝周报20260830.pdf,30,chart_80,SMM:,单折线,单Y轴,日度,B,B:指标库缺失,B1_噪声文本(非指标名),,,SMM: | 日度,SMM:,绘图类型:单折线 | 轴信息:单Y轴 | 图例数:2 | 复合图(2图例) | 漏提取1项
铝周报20260830.pdf,30,chart_81,SMM:,单折线,单Y轴,日度,B,B:指标库缺失,B1_噪声文本(非指标名),,,SMM: | 日度,SMM:,绘图类型:单折线 | 轴信息:单Y轴 | 图例数:2 | 复合图(2图例) | 漏提取1项
铝周报20260830.pdf,30,chart_82,SMM:,单折线,单Y轴,日度,B,B:指标库缺失,B1_噪声文本(非指标名),,,SMM: | 日度,SMM:,绘图类型:单折线 | 轴信息:单Y轴 | 图例数:2 | 复合图(2图例) | 漏提取1项
铝周报20260830.pdf,30,chart_83,SMM:,单折线,单Y轴,日度,B,B:指标库缺失,B1_噪声文本(非指标名),,,SMM: | 日度,SMM:,绘图类型:单折线 | 轴信息:单Y轴 | 图例数:2 | 复合图(2图例) | 漏提取1项
铝周报20260830.pdf,31,chart_84,SMM:,多折线,单Y轴,平均价:,B,B:指标库缺失,B1_噪声文本(非指标名),,,SMM: | 1A60铝杆加工费(山东) | 平均价: | 日度 | 元/吨元/吨,SMM: | 1A60铝杆加工费(山东),绘图类型:多折线 | 轴信息:单Y轴 | 图例数:5 | 复合图(5图例) | 漏提取3项
铝周报20260830.pdf,31,chart_84,SMM:,多折线,单Y轴,日度,B,B:指标库缺失,B1_噪声文本(非指标名),,,SMM: | 1A60铝杆加工费(山东) | 平均价: | 日度 | 元/吨元/吨,SMM: | 1A60铝杆加工费(山东),绘图类型:多折线 | 轴信息:单Y轴 | 图例数:5 | 复合图(5图例) | 漏提取3项
铝周报20260830.pdf,31,chart_84,SMM:,多折线,单Y轴,元/吨元/吨,B,B:指标库缺失,B2_指标名无库元数据(库缺失),,,SMM: | 1A60铝杆加工费(山东) | 平均价: | 日度 | 元/吨元/吨,SMM: | 1A60铝杆加工费(山东),绘图类型:多折线 | 轴信息:单Y轴 | 图例数:5 | 复合图(5图例) | 漏提取3项
铝周报20260830.pdf,31,chart_85,SMM:,多折线,单Y轴,平均价:,B,B:指标库缺失,B1_噪声文本(非指标名),,,SMM: | 1A60铝杆加工费(内蒙) | 平均价: | 日度 | 元/吨元/吨,SMM: | 1A60铝杆加工费(内蒙),绘图类型:多折线 | 轴信息:单Y轴 | 图例数:5 | 复合图(5图例) | 漏提取3项
铝周报20260830.pdf,31,chart_85,SMM:,多折线,单Y轴,日度,B,B:指标库缺失,B1_噪声文本(非指标名),,,SMM: | 1A60铝杆加工费(内蒙) | 平均价: | 日度 | 元/吨元/吨,SMM: | 1A60铝杆加工费(内蒙),绘图类型:多折线 | 轴信息:单Y轴 | 图例数:5 | 复合图(5图例) | 漏提取3项
铝周报20260830.pdf,31,chart_85,SMM:,多折线,单Y轴,元/吨元/吨,B,B:指标库缺失,B2_指标名无库元数据(库缺失),,,SMM: | 1A60铝杆加工费(内蒙) | 平均价: | 日度 | 元/吨元/吨,SMM: | 1A60铝杆加工费(内蒙),绘图类型:多折线 | 轴信息:单Y轴 | 图例数:5 | 复合图(5图例) | 漏提取3项
铝周报20260830.pdf,31,chart_86,SMM:,多折线,单Y轴,平均价:,B,B:指标库缺失,B1_噪声文本(非指标名),,,SMM: | 低碳1系双零箔（加工费） | 平均价: | 日度,SMM: | 低碳1系双零箔（加工费）,绘图类型:多折线 | 轴信息:单Y轴 | 图例数:4 | 复合图(4图例) | 漏提取2项
铝周报20260830.pdf,31,chart_86,SMM:,多折线,单Y轴,日度,B,B:指标库缺失,B1_噪声文本(非指标名),,,SMM: | 低碳1系双零箔（加工费） | 平均价: | 日度,SMM: | 低碳1系双零箔（加工费）,绘图类型:多折线 | 轴信息:单Y轴 | 图例数:4 | 复合图(4图例) | 漏提取2项
铝周报20260830.pdf,31,chart_87,SMM:,多折线,单Y轴,平均价:,B,B:指标库缺失,B1_噪声文本(非指标名),,,SMM: | 锂电池铝箔加工费13μ | 平均价: | 周度,SMM: | 锂电池铝箔加工费13μ,绘图类型:多折线 | 轴信息:单Y轴 | 图例数:4 | 复合图(4图例) | 漏提取2项
铝周报20260830.pdf,31,chart_87,SMM:,多折线,单Y轴,周度,B,B:指标库缺失,B1_噪声文本(非指标名),,,SMM: | 锂电池铝箔加工费13μ | 平均价: | 周度,SMM: | 锂电池铝箔加工费13μ,绘图类型:多折线 | 轴信息:单Y轴 | 图例数:4 | 复合图(4图例) | 漏提取2项
铝周报20260830.pdf,32,chart_91,出口-铝制品,单折线,单Y轴,万吨万吨,B,B:指标库缺失,B2_指标名无库元数据(库缺失),,,出口-铝制品 | 万吨万吨,出口-铝制品,绘图类型:单折线 | 轴信息:单Y轴 | 图例数:2 | 复合图(2图例) | 漏提取1项
铝周报20260830.pdf,32,chart_92,出口-铝材-型材条杆,单折线,单Y轴,万吨万吨,B,B:指标库缺失,B2_指标名无库元数据(库缺失),,,出口-铝材-型材条杆 | 万吨万吨,出口-铝材-型材条杆,绘图类型:单折线 | 轴信息:单Y轴 | 图例数:2 | 复合图(2图例) | 漏提取1项
铝周报20260830.pdf,32,chart_93,出口-铝材-板带箔,单折线,单Y轴,万吨万吨,B,B:指标库缺失,B2_指标名无库元数据(库缺失),,,出口-铝材-板带箔 | 万吨万吨,出口-铝材-板带箔,绘图类型:单折线 | 轴信息:单Y轴 | 图例数:2 | 复合图(2图例) | 漏提取1项
铝周报20260830.pdf,35,chart_98,铝材出口-中东,单折线,单Y轴,万吨9,B,B:指标库缺失,B2_指标名无库元数据(库缺失),,,铝材出口-中东 | 万吨9,铝材出口-中东,绘图类型:单折线 | 轴信息:单Y轴 | 图例数:2 | 复合图(2图例) | 漏提取1项
铝周报20260830.pdf,35,chart_99,铝材出口-EU-27,单折线,单Y轴,万吨9,B,B:指标库缺失,B2_指标名无库元数据(库缺失),,,铝材出口-EU-27 | 万吨9,铝材出口-EU-27,绘图类型:单折线 | 轴信息:单Y轴 | 图例数:2 | 复合图(2图例) | 漏提取1项
铝周报20260830.pdf,36,chart_100,铝制品出口-EU-27,单折线,单Y轴,万吨9,B,B:指标库缺失,B2_指标名无库元数据(库缺失),,,铝制品出口-EU-27 | 万吨9,铝制品出口-EU-27,绘图类型:单折线 | 轴信息:单Y轴 | 图例数:2 | 复合图(2图例) | 漏提取1项
铝周报20260830.pdf,36,chart_101,铝制品出口-北美,单折线,单Y轴,万吨9,B,B:指标库缺失,B2_指标名无库元数据(库缺失),,,铝制品出口-北美 | 万吨9,铝制品出口-北美,绘图类型:单折线 | 轴信息:单Y轴 | 图例数:2 | 复合图(2图例) | 漏提取1项
铝周报20260830.pdf,36,chart_102,铝制品出口-东南亚,单折线,单Y轴,万吨9,B,B:指标库缺失,B2_指标名无库元数据(库缺失),,,铝制品出口-东南亚 | 万吨9,铝制品出口-东南亚,绘图类型:单折线 | 轴信息:单Y轴 | 图例数:2 | 复合图(2图例) | 漏提取1项
铝周报20260830.pdf,36,chart_103,铝制品出口-中东,单折线,单Y轴,万吨9,B,B:指标库缺失,B2_指标名无库元数据(库缺失),,,铝制品出口-中东 | 万吨9,铝制品出口-中东,绘图类型:单折线 | 轴信息:单Y轴 | 图例数:2 | 复合图(2图例) | 漏提取1项
铝周报20260830.pdf,38,chart_104,铝终端消费,多折线,单Y轴，含百分比轴,交通运输,B,B:指标库缺失,B2_指标名无库元数据(库缺失),,,铝终端消费 | 总消费 | 交通运输 | 房屋建筑 | 家电 | 电力 | 净出口 | 累计同比（截至6月） | 当月值,铝终端消费 | 总消费 | 净出口,绘图类型:多折线 | 轴信息:单Y轴，含百分比轴 | 图例数:9 | 复合图(9图例) | 漏提取6项
铝周报20260830.pdf,38,chart_104,铝终端消费,多折线,单Y轴，含百分比轴,房屋建筑,B,B:指标库缺失,B2_指标名无库元数据(库缺失),,,铝终端消费 | 总消费 | 交通运输 | 房屋建筑 | 家电 | 电力 | 净出口 | 累计同比（截至6月） | 当月值,铝终端消费 | 总消费 | 净出口,绘图类型:多折线 | 轴信息:单Y轴，含百分比轴 | 图例数:9 | 复合图(9图例) | 漏提取6项
铝周报20260830.pdf,38,chart_104,铝终端消费,多折线,单Y轴，含百分比轴,家电,B,B:指标库缺失,B2_指标名无库元数据(库缺失),,,铝终端消费 | 总消费 | 交通运输 | 房屋建筑 | 家电 | 电力 | 净出口 | 累计同比（截至6月） | 当月值,铝终端消费 | 总消费 | 净出口,绘图类型:多折线 | 轴信息:单Y轴，含百分比轴 | 图例数:9 | 复合图(9图例) | 漏提取6项
铝周报20260830.pdf,38,chart_104,铝终端消费,多折线,单Y轴，含百分比轴,电力,B,B:指标库缺失,B2_指标名无库元数据(库缺失),,,铝终端消费 | 总消费 | 交通运输 | 房屋建筑 | 家电 | 电力 | 净出口 | 累计同比（截至6月） | 当月值,铝终端消费 | 总消费 | 净出口,绘图类型:多折线 | 轴信息:单Y轴，含百分比轴 | 图例数:9 | 复合图(9图例) | 漏提取6项
铝周报20260830.pdf,38,chart_104,铝终端消费,多折线,单Y轴，含百分比轴,累计同比（截至6月）,B,B:指标库缺失,B2_指标名无库元数据(库缺失),,,铝终端消费 | 总消费 | 交通运输 | 房屋建筑 | 家电 | 电力 | 净出口 | 累计同比（截至6月） | 当月值,铝终端消费 | 总消费 | 净出口,绘图类型:多折线 | 轴信息:单Y轴，含百分比轴 | 图例数:9 | 复合图(9图例) | 漏提取6项
铝周报20260830.pdf,38,chart_104,铝终端消费,多折线,单Y轴，含百分比轴,当月值,B,B:指标库缺失,B2_指标名无库元数据(库缺失),,,铝终端消费 | 总消费 | 交通运输 | 房屋建筑 | 家电 | 电力 | 净出口 | 累计同比（截至6月） | 当月值,铝终端消费 | 总消费 | 净出口,绘图类型:多折线 | 轴信息:单Y轴，含百分比轴 | 图例数:9 | 复合图(9图例) | 漏提取6项
铝周报20260830.pdf,40,chart_107,"中国:销量(当年,厂家批发):乘用车:累计值",单折线,单Y轴,万辆,B,B:指标库缺失,B2_指标名无库元数据(库缺失),,,"中国:销量(当年,厂家批发):乘用车:累计值 | 万辆","中国:销量(当年,厂家批发):乘用车:累计值",绘图类型:单折线 | 轴信息:单Y轴 | 图例数:2 | 复合图(2图例) | 漏提取1项
铝周报20260830.pdf,40,chart_108,"中国:销量(当年,厂家零售):新能源乘用车:累计值",单折线,单Y轴,万辆,B,B:指标库缺失,B2_指标名无库元数据(库缺失),,,"中国:销量(当年,厂家零售):新能源乘用车:累计值 | 万辆","中国:销量(当年,厂家零售):新能源乘用车:累计值",绘图类型:单折线 | 轴信息:单Y轴 | 图例数:2 | 复合图(2图例) | 漏提取1项
铝周报20260830.pdf,40,chart_109,"中国:销量(当年,厂家批发):新能源乘用车:累计值",单折线,单Y轴,万辆,B,B:指标库缺失,B2_指标名无库元数据(库缺失),,,"中国:销量(当年,厂家批发):新能源乘用车:累计值 | 万辆","中国:销量(当年,厂家批发):新能源乘用车:累计值",绘图类型:单折线 | 轴信息:单Y轴 | 图例数:2 | 复合图(2图例) | 漏提取1项
铝周报20260830.pdf,41,chart_110,乘用车批发销量（内外销）-当月值,单折线,单Y轴,万辆,B,B:指标库缺失,B2_指标名无库元数据(库缺失),,,乘用车批发销量（内外销）-当月值 | 万辆,乘用车批发销量（内外销）-当月值,绘图类型:单折线 | 轴信息:单Y轴 | 图例数:2 | 复合图(2图例) | 漏提取1项
铝周报20260830.pdf,41,chart_111,乘用车产量-当月值,单折线,单Y轴,万辆,B,B:指标库缺失,B2_指标名无库元数据(库缺失),,,乘用车产量-当月值 | 万辆,乘用车产量-当月值,绘图类型:单折线 | 轴信息:单Y轴 | 图例数:2 | 复合图(2图例) | 漏提取1项
铝周报20260830.pdf,41,chart_112,乘用车零售量（内销）-当月值,单折线,单Y轴,万辆,B,B:指标库缺失,B2_指标名无库元数据(库缺失),,,乘用车零售量（内销）-当月值 | 万辆,乘用车零售量（内销）-当月值,绘图类型:单折线 | 轴信息:单Y轴 | 图例数:2 | 复合图(2图例) | 漏提取1项
铝周报20260830.pdf,41,chart_113,乘用车零售量（内销）-累计值,单折线,单Y轴,万辆,B,B:指标库缺失,B2_指标名无库元数据(库缺失),,,乘用车零售量（内销）-累计值 | 万辆,乘用车零售量（内销）-累计值,绘图类型:单折线 | 轴信息:单Y轴 | 图例数:2 | 复合图(2图例) | 漏提取1项
铝周报20260830.pdf,42,chart_114,乘用车出口量-当月值,单折线,单Y轴,万辆,B,B:指标库缺失,B2_指标名无库元数据(库缺失),,,乘用车出口量-当月值 | 万辆,乘用车出口量-当月值,绘图类型:单折线 | 轴信息:单Y轴 | 图例数:2 | 复合图(2图例) | 漏提取1项
铝周报20260830.pdf,42,chart_115,乘用车出口量-累计值,单折线,单Y轴,万辆,B,B:指标库缺失,B2_指标名无库元数据(库缺失),,,乘用车出口量-累计值 | 万辆,乘用车出口量-累计值,绘图类型:单折线 | 轴信息:单Y轴 | 图例数:2 | 复合图(2图例) | 漏提取1项
铝周报20260830.pdf,42,chart_116,新能源乘用车出口量-当月值,单折线,单Y轴,万辆,B,B:指标库缺失,B2_指标名无库元数据(库缺失),,,新能源乘用车出口量-当月值 | 万辆,新能源乘用车出口量-当月值,绘图类型:单折线 | 轴信息:单Y轴 | 图例数:2 | 复合图(2图例) | 漏提取1项
铝周报20260830.pdf,42,chart_117,新能源乘用车出口量-累计值,单折线,单Y轴,万辆,B,B:指标库缺失,B2_指标名无库元数据(库缺失),,,新能源乘用车出口量-累计值 | 万辆,新能源乘用车出口量-累计值,绘图类型:单折线 | 轴信息:单Y轴 | 图例数:2 | 复合图(2图例) | 漏提取1项
铝周报20260830.pdf,43,chart_119,亏损企业比例,单折线,单Y轴，含百分比轴,亏损企业比例,B,B:指标库缺失,B2_指标名无库元数据(库缺失),,,亏损企业比例,,绘图类型:单折线 | 轴信息:单Y轴，含百分比轴 | 图例数:1 | 漏提取1项
铝周报20260830.pdf,43,chart_120,汽车制造产成品周转天数,单折线,单Y轴,万辆,B,B:指标库缺失,B2_指标名无库元数据(库缺失),,,汽车制造产成品周转天数 | 万辆,汽车制造产成品周转天数,绘图类型:单折线 | 轴信息:单Y轴 | 图例数:2 | 复合图(2图例) | 漏提取1项
铝周报20260830.pdf,44,chart_122,光伏新增月装机容量,单折线,单Y轴,GW,B,B:指标库缺失,B1_噪声文本(非指标名),,,光伏新增月装机容量 | GW,光伏新增月装机容量,绘图类型:单折线 | 轴信息:单Y轴 | 图例数:2 | 复合图(2图例) | 漏提取1项
铝周报20260830.pdf,44,chart_124,组件月度总产量-SMM,单折线,单Y轴,亿个GW,B,B:指标库缺失,B2_指标名无库元数据(库缺失),,,组件月度总产量-SMM | 亿个GW,组件月度总产量-SMM,绘图类型:单折线 | 轴信息:单Y轴 | 图例数:2 | 复合图(2图例) | 漏提取1项
铝周报20260830.pdf,44,chart_125,光伏组件净出口,单折线,单Y轴,亿个GW,B,B:指标库缺失,B2_指标名无库元数据(库缺失),,,光伏组件净出口 | 亿个GW,光伏组件净出口,绘图类型:单折线 | 轴信息:单Y轴 | 图例数:2 | 复合图(2图例) | 漏提取1项
铝周报20260830.pdf,45,chart_126,中国:电网基本建设投资完成额:当月值,单折线,单Y轴,中国:电网基本建设投资完成额:当月值,B,B:指标库缺失,B2_指标名无库元数据(库缺失),,,中国:电网基本建设投资完成额:当月值 | GWh,,绘图类型:单折线 | 轴信息:单Y轴 | 图例数:2 | 复合图(2图例) | 漏提取2项
铝周报20260830.pdf,45,chart_126,中国:电网基本建设投资完成额:当月值,单折线,单Y轴,GWh,B,B:指标库缺失,B1_噪声文本(非指标名),,,中国:电网基本建设投资完成额:当月值 | GWh,,绘图类型:单折线 | 轴信息:单Y轴 | 图例数:2 | 复合图(2图例) | 漏提取2项
铝周报20260830.pdf,45,chart_127,中国:新增220千伏及以上线路长度:当月值,单折线,单Y轴,中国:新增220千伏及以上线路长度:当月值,B,B:指标库缺失,B2_指标名无库元数据(库缺失),,,中国:新增220千伏及以上线路长度:当月值 | GWh,,绘图类型:单折线 | 轴信息:单Y轴 | 图例数:2 | 复合图(2图例) | 漏提取2项
铝周报20260830.pdf,45,chart_127,中国:新增220千伏及以上线路长度:当月值,单折线,单Y轴,GWh,B,B:指标库缺失,B1_噪声文本(非指标名),,,中国:新增220千伏及以上线路长度:当月值 | GWh,,绘图类型:单折线 | 轴信息:单Y轴 | 图例数:2 | 复合图(2图例) | 漏提取2项
铝周报20260830.pdf,45,chart_128,电网建设累计同比,单折线,单Y轴，含百分比轴,电网建设累计同比,B,B:指标库缺失,B2_指标名无库元数据(库缺失),,,电网建设累计同比,,绘图类型:单折线 | 轴信息:单Y轴，含百分比轴 | 图例数:1 | 漏提取1项
铝周报20260830.pdf,46,chart_129,中国:产量:动力和其他电池:当月值,单折线,单Y轴,GWh,B,B:指标库缺失,B1_噪声文本(非指标名),,,中国:产量:动力和其他电池:当月值 | GWh,中国:产量:动力和其他电池:当月值,绘图类型:单折线 | 轴信息:单Y轴 | 图例数:2 | 复合图(2图例) | 漏提取1项
铝周报20260830.pdf,46,chart_130,中国:销量:动力电池:当月值,单折线,单Y轴,中国:销量:动力电池:当月值,B,B:指标库缺失,B2_指标名无库元数据(库缺失),,,中国:销量:动力电池:当月值,,绘图类型:单折线 | 轴信息:单Y轴 | 图例数:1 | 漏提取1项
铝周报20260830.pdf,46,chart_131,中国:销量:其他电池:当月值,单折线,单Y轴,中国:销量:其他电池:当月值,A,A:PDF解析漏提取,A2_模糊匹配到库(命名差异),其他电池(磷酸铁锂) 销量,dsh_candidates_fuzzy,中国:销量:其他电池:当月值 | Gwh,,绘图类型:单折线 | 轴信息:单Y轴 | 图例数:2 | 复合图(2图例) | 漏提取2项
铝周报20260830.pdf,46,chart_131,中国:销量:其他电池:当月值,单折线,单Y轴,Gwh,B,B:指标库缺失,B1_噪声文本(非指标名),,,中国:销量:其他电池:当月值 | Gwh,,绘图类型:单折线 | 轴信息:单Y轴 | 图例数:2 | 复合图(2图例) | 漏提取2项
铝周报20260830.pdf,46,chart_132,中国:出口量:动力和其他电池:当月值,单折线,单Y轴,Gwh,B,B:指标库缺失,B1_噪声文本(非指标名),,,中国:出口量:动力和其他电池:当月值 | Gwh,中国:出口量:动力和其他电池:当月值,绘图类型:单折线 | 轴信息:单Y轴 | 图例数:2 | 复合图(2图例) | 漏提取1项
锡周报20260905.pdf,5,chart_02,沪锡价格走势,多折线,单Y轴,有色风偏回归，银漫选厂风险资产,B,B:指标库缺失,B1_噪声文本(非指标名),,,沪锡价格走势 | 有色风偏回归，银漫选厂风险资产 | 复产、采区待验收，低库避险 | 存提供基本面支撑,沪锡价格走势,绘图类型:多折线 | 轴信息:单Y轴 | 图例数:4 | 复合图(4图例) | 漏提取3项
锡周报20260905.pdf,5,chart_02,沪锡价格走势,多折线,单Y轴,复产、采区待验收，低库避险,B,B:指标库缺失,B1_噪声文本(非指标名),,,沪锡价格走势 | 有色风偏回归，银漫选厂风险资产 | 复产、采区待验收，低库避险 | 存提供基本面支撑,沪锡价格走势,绘图类型:多折线 | 轴信息:单Y轴 | 图例数:4 | 复合图(4图例) | 漏提取3项
锡周报20260905.pdf,5,chart_02,沪锡价格走势,多折线,单Y轴,存提供基本面支撑,B,B:指标库缺失,B2_指标名无库元数据(库缺失),,,沪锡价格走势 | 有色风偏回归，银漫选厂风险资产 | 复产、采区待验收，低库避险 | 存提供基本面支撑,沪锡价格走势,绘图类型:多折线 | 轴信息:单Y轴 | 图例数:4 | 复合图(4图例) | 漏提取3项
锡周报20260905.pdf,7,chart_06,同基准下有色库存相对比值对比,单折线,单Y轴,同基准下有色库存相对比值对比,B,B:指标库缺失,B2_指标名无库元数据(库缺失),,,同基准下有色库存相对比值对比,,绘图类型:单折线 | 轴信息:单Y轴 | 图例数:1 | 漏提取1项
锡周报20260905.pdf,8,chart_07,四金属,多折线,单Y轴,四金属,B,B:指标库缺失,B2_指标名无库元数据(库缺失),,,四金属 | vs | SPX | 60日滚动相关图：锡 | 锡=AI的实物，,锡=AI的实物，,绘图类型:多折线 | 轴信息:单Y轴 | 图例数:5 | 复合图(5图例) | 漏提取4项
锡周报20260905.pdf,8,chart_07,四金属,多折线,单Y轴,vs,B,B:指标库缺失,B2_指标名无库元数据(库缺失),,,四金属 | vs | SPX | 60日滚动相关图：锡 | 锡=AI的实物，,锡=AI的实物，,绘图类型:多折线 | 轴信息:单Y轴 | 图例数:5 | 复合图(5图例) | 漏提取4项
锡周报20260905.pdf,8,chart_07,四金属,多折线,单Y轴,SPX,B,B:指标库缺失,B2_指标名无库元数据(库缺失),,,四金属 | vs | SPX | 60日滚动相关图：锡 | 锡=AI的实物，,锡=AI的实物，,绘图类型:多折线 | 轴信息:单Y轴 | 图例数:5 | 复合图(5图例) | 漏提取4项
锡周报20260905.pdf,8,chart_07,四金属,多折线,单Y轴,60日滚动相关图：锡,B,B:指标库缺失,B2_指标名无库元数据(库缺失),,,四金属 | vs | SPX | 60日滚动相关图：锡 | 锡=AI的实物，,锡=AI的实物，,绘图类型:多折线 | 轴信息:单Y轴 | 图例数:5 | 复合图(5图例) | 漏提取4项
锡周报20260905.pdf,24,chart_27,中国净进口量变化,单折线,单Y轴，含百分比轴,或有限。,B,B:指标库缺失,B1_噪声文本(非指标名),,,中国净进口量变化 | 或有限。,中国净进口量变化,绘图类型:单折线 | 轴信息:单Y轴，含百分比轴 | 图例数:2 | 复合图(2图例) | 漏提取1项
锡周报20260905.pdf,30,chart_39,LME库存变化,单折线,单Y轴,吨吨,B,B:指标库缺失,B2_指标名无库元数据(库缺失),,,LME库存变化 | 吨吨,LME库存变化,绘图类型:单折线 | 轴信息:单Y轴 | 图例数:2 | 复合图(2图例) | 漏提取1项
锡周报20260905.pdf,36,chart_49,白色家电消费,多折线,单Y轴，含百分比轴,样本白电总用锡Yoy,B,B:指标库缺失,B2_指标名无库元数据(库缺失),,,白色家电消费 | 空调用锡量累计 | 样本白电总用锡Yoy | Yoy,白色家电消费 | 空调用锡量累计,绘图类型:多折线 | 轴信息:单Y轴，含百分比轴 | 图例数:4 | 复合图(4图例) | 漏提取2项
锡周报20260905.pdf,36,chart_49,白色家电消费,多折线,单Y轴，含百分比轴,Yoy,B,B:指标库缺失,B2_指标名无库元数据(库缺失),,,白色家电消费 | 空调用锡量累计 | 样本白电总用锡Yoy | Yoy,白色家电消费 | 空调用锡量累计,绘图类型:多折线 | 轴信息:单Y轴，含百分比轴 | 图例数:4 | 复合图(4图例) | 漏提取2项
镍与不锈钢周报20260906.pdf,4,chart_01,镍板库存,单折线,单Y轴,短期观望策略,B,B:指标库缺失,B2_指标名无库元数据(库缺失),,,镍板库存 | 短期观望策略,镍板库存,绘图类型:单折线 | 轴信息:单Y轴 | 图例数:2 | 复合图(2图例) | 漏提取1项
镍与不锈钢周报20260906.pdf,6,chart_02,上期所镍月间结构,单折线,单Y轴,元/吨元/吨,B,B:指标库缺失,B2_指标名无库元数据(库缺失),,,上期所镍月间结构 | 元/吨元/吨,上期所镍月间结构,绘图类型:单折线 | 轴信息:单Y轴 | 图例数:2 | 复合图(2图例) | 漏提取1项
镍与不锈钢周报20260906.pdf,6,chart_03,上期所不锈钢月间结构,单折线,单Y轴,元/吨元/吨,B,B:指标库缺失,B2_指标名无库元数据(库缺失),,,上期所不锈钢月间结构 | 元/吨元/吨,上期所不锈钢月间结构,绘图类型:单折线 | 轴信息:单Y轴 | 图例数:2 | 复合图(2图例) | 漏提取1项
镍与不锈钢周报20260906.pdf,6,chart_05,不同镍产品折镍价,单折线,单Y轴,元/金属吨,B,B:指标库缺失,B2_指标名无库元数据(库缺失),,,不同镍产品折镍价 | 元/金属吨,不同镍产品折镍价,绘图类型:单折线 | 轴信息:单Y轴 | 图例数:2 | 复合图(2图例) | 漏提取1项
镍与不锈钢周报20260906.pdf,8,chart_11,MHP镍折扣系数,多折线,单Y轴，含百分比轴,%/金属吨100,B,B:指标库缺失,B2_指标名无库元数据(库缺失),,,MHP镍折扣系数 | %/金属吨100 | %%%/金属吨,MHP镍折扣系数,绘图类型:多折线 | 轴信息:单Y轴，含百分比轴 | 图例数:3 | 复合图(3图例) | 漏提取2项
镍与不锈钢周报20260906.pdf,8,chart_11,MHP镍折扣系数,多折线,单Y轴，含百分比轴,%%%/金属吨,B,B:指标库缺失,B2_指标名无库元数据(库缺失),,,MHP镍折扣系数 | %/金属吨100 | %%%/金属吨,MHP镍折扣系数,绘图类型:多折线 | 轴信息:单Y轴，含百分比轴 | 图例数:3 | 复合图(3图例) | 漏提取2项
镍与不锈钢周报20260906.pdf,8,chart_12,MHP钴折扣系数,单折线,单Y轴，含百分比轴,%/金属吨100,B,B:指标库缺失,B2_指标名无库元数据(库缺失),,,MHP钴折扣系数 | %/金属吨100,MHP钴折扣系数,绘图类型:单折线 | 轴信息:单Y轴，含百分比轴 | 图例数:2 | 复合图(2图例) | 漏提取1项
镍与不锈钢周报20260906.pdf,11,chart_17,中国精炼镍产量,单折线,单Y轴,金属吨金属吨,B,B:指标库缺失,B2_指标名无库元数据(库缺失),,,中国精炼镍产量 | 金属吨金属吨,中国精炼镍产量,绘图类型:单折线 | 轴信息:单Y轴 | 图例数:2 | 复合图(2图例) | 漏提取1项
镍与不锈钢周报20260906.pdf,11,chart_18,印尼精炼镍产量,单折线,单Y轴,金属吨金属吨,B,B:指标库缺失,B2_指标名无库元数据(库缺失),,,印尼精炼镍产量 | 金属吨金属吨,印尼精炼镍产量,绘图类型:单折线 | 轴信息:单Y轴 | 图例数:2 | 复合图(2图例) | 漏提取1项
镍与不锈钢周报20260906.pdf,11,chart_19,中国电解镍净进口量,单折线,单Y轴,万金属吨,B,B:指标库缺失,B2_指标名无库元数据(库缺失),,,中国电解镍净进口量 | 万金属吨,中国电解镍净进口量,绘图类型:单折线 | 轴信息:单Y轴 | 图例数:2 | 复合图(2图例) | 漏提取1项
镍与不锈钢周报20260906.pdf,12,chart_20,镍社会库存,单折线,单Y轴,吨吨,B,B:指标库缺失,B2_指标名无库元数据(库缺失),,,镍社会库存 | 吨吨,镍社会库存,绘图类型:单折线 | 轴信息:单Y轴 | 图例数:2 | 复合图(2图例) | 漏提取1项
镍与不锈钢周报20260906.pdf,12,chart_21,镍板库存,单折线,单Y轴,吨吨,B,B:指标库缺失,B2_指标名无库元数据(库缺失),,,镍板库存 | 吨吨,镍板库存,绘图类型:单折线 | 轴信息:单Y轴 | 图例数:2 | 复合图(2图例) | 漏提取1项
镍与不锈钢周报20260906.pdf,12,chart_22,镍豆库存,单折线,单Y轴,吨吨,B,B:指标库缺失,B2_指标名无库元数据(库缺失),,,镍豆库存 | 吨吨,镍豆库存,绘图类型:单折线 | 轴信息:单Y轴 | 图例数:2 | 复合图(2图例) | 漏提取1项
镍与不锈钢周报20260906.pdf,14,chart_29,中国硫酸镍产量,单折线,单Y轴,金属吨,B,B:指标库缺失,B2_指标名无库元数据(库缺失),,,中国硫酸镍产量 | 金属吨,中国硫酸镍产量,绘图类型:单折线 | 轴信息:单Y轴 | 图例数:2 | 复合图(2图例) | 漏提取1项
镍与不锈钢周报20260906.pdf,15,chart_33,中国冰镍进口量,单折线,单Y轴,万金属吨,B,B:指标库缺失,B2_指标名无库元数据(库缺失),,,中国冰镍进口量 | 万金属吨,中国冰镍进口量,绘图类型:单折线 | 轴信息:单Y轴 | 图例数:2 | 复合图(2图例) | 漏提取1项
镍与不锈钢周报20260906.pdf,15,chart_34,中国冰镍进口量：自印尼,单折线,单Y轴,万金属吨,B,B:指标库缺失,B2_指标名无库元数据(库缺失),,,中国冰镍进口量：自印尼 | 万金属吨,中国冰镍进口量：自印尼,绘图类型:单折线 | 轴信息:单Y轴 | 图例数:2 | 复合图(2图例) | 漏提取1项
镍与不锈钢周报20260906.pdf,15,chart_35,印尼冰镍产量（高冰镍+低冰镍）,单折线,单Y轴,金属吨,B,B:指标库缺失,B2_指标名无库元数据(库缺失),,,印尼冰镍产量（高冰镍+低冰镍） | 金属吨,印尼冰镍产量（高冰镍+低冰镍）,绘图类型:单折线 | 轴信息:单Y轴 | 图例数:2 | 复合图(2图例) | 漏提取1项
镍与不锈钢周报20260906.pdf,15,chart_36,印尼冰镍产量（分品味）,单折线,单Y轴,万金属吨,B,B:指标库缺失,B2_指标名无库元数据(库缺失),,,印尼冰镍产量（分品味） | 万金属吨,印尼冰镍产量（分品味）,绘图类型:单折线 | 轴信息:单Y轴 | 图例数:2 | 复合图(2图例) | 漏提取1项
镍与不锈钢周报20260906.pdf,16,chart_37,中国动力电池产量：三元,单折线,单Y轴,MWHMWH,B,B:指标库缺失,B2_指标名无库元数据(库缺失),,,中国动力电池产量：三元 | MWHMWH,中国动力电池产量：三元,绘图类型:单折线 | 轴信息:单Y轴 | 图例数:2 | 复合图(2图例) | 漏提取1项
镍与不锈钢周报20260906.pdf,16,chart_38,中国动力电池产量：磷酸铁锂,单折线,单Y轴,MWHMWH,B,B:指标库缺失,B2_指标名无库元数据(库缺失),,,中国动力电池产量：磷酸铁锂 | MWHMWH,中国动力电池产量：磷酸铁锂,绘图类型:单折线 | 轴信息:单Y轴 | 图例数:2 | 复合图(2图例) | 漏提取1项
镍与不锈钢周报20260906.pdf,16,chart_39,中国动力电池装车量：三元,单折线,单Y轴,MWH,B,B:指标库缺失,B1_噪声文本(非指标名),,,中国动力电池装车量：三元 | MWH,中国动力电池装车量：三元,绘图类型:单折线 | 轴信息:单Y轴 | 图例数:2 | 复合图(2图例) | 漏提取1项
镍与不锈钢周报20260906.pdf,17,chart_41,新能源车产量,单折线,单Y轴,万辆,B,B:指标库缺失,B2_指标名无库元数据(库缺失),,,新能源车产量 | 万辆,新能源车产量,绘图类型:单折线 | 轴信息:单Y轴 | 图例数:2 | 复合图(2图例) | 漏提取1项
镍与不锈钢周报20260906.pdf,17,chart_42,新能源车销量,单折线,单Y轴,万辆,B,B:指标库缺失,B2_指标名无库元数据(库缺失),,,新能源车销量 | 万辆,新能源车销量,绘图类型:单折线 | 轴信息:单Y轴 | 图例数:2 | 复合图(2图例) | 漏提取1项
镍与不锈钢周报20260906.pdf,23,chart_47,菲律宾镍矿价格（1.5%）,单折线,单Y轴，含百分比轴,美元/湿吨,B,B:指标库缺失,B2_指标名无库元数据(库缺失),,,菲律宾镍矿价格（1.5%） | 美元/湿吨,菲律宾镍矿价格（1.5%）,绘图类型:单折线 | 轴信息:单Y轴，含百分比轴 | 图例数:2 | 复合图(2图例) | 漏提取1项
镍与不锈钢周报20260906.pdf,23,chart_48,"印尼镍矿价格（HPM,1.6%）",单折线,单Y轴，含百分比轴,美元/湿吨,B,B:指标库缺失,B2_指标名无库元数据(库缺失),,,"印尼镍矿价格（HPM,1.6%） | 美元/湿吨","印尼镍矿价格（HPM,1.6%）",绘图类型:单折线 | 轴信息:单Y轴，含百分比轴 | 图例数:2 | 复合图(2图例) | 漏提取1项
镍与不锈钢周报20260906.pdf,23,chart_49,菲律宾镍矿价格：不同品味,单折线,单Y轴,美元/湿吨,B,B:指标库缺失,B2_指标名无库元数据(库缺失),,,菲律宾镍矿价格：不同品味 | 美元/湿吨,菲律宾镍矿价格：不同品味,绘图类型:单折线 | 轴信息:单Y轴 | 图例数:2 | 复合图(2图例) | 漏提取1项
镍与不锈钢周报20260906.pdf,25,chart_52,铬矿价格（块矿，36-38%Cr，南非产）,单折线,单Y轴，含百分比轴,元/度吨,B,B:指标库缺失,B2_指标名无库元数据(库缺失),,,铬矿价格（块矿，36-38%Cr，南非产） | 元/度吨,铬矿价格（块矿，36-38%Cr，南非产）,绘图类型:单折线 | 轴信息:单Y轴，含百分比轴 | 图例数:2 | 复合图(2图例) | 漏提取1项
镍与不锈钢周报20260906.pdf,25,chart_53,高碳铬铁价格（内蒙古）,单折线,单Y轴,元/50基吨,B,B:指标库缺失,B2_指标名无库元数据(库缺失),,,高碳铬铁价格（内蒙古） | 元/50基吨,高碳铬铁价格（内蒙古）,绘图类型:单折线 | 轴信息:单Y轴 | 图例数:2 | 复合图(2图例) | 漏提取1项
镍与不锈钢周报20260906.pdf,25,chart_54,高碳铬铁价格（钢招价格）图：铬矿价格：不同品味,单折线,单Y轴,元/50基吨,B,B:指标库缺失,B2_指标名无库元数据(库缺失),,,高碳铬铁价格（钢招价格）图：铬矿价格：不同品味 | 元/50基吨,高碳铬铁价格（钢招价格）图：铬矿价格：不同品味,绘图类型:单折线 | 轴信息:单Y轴 | 图例数:2 | 复合图(2图例) | 漏提取1项
镍与不锈钢周报20260906.pdf,27,chart_55,中国高碳铬铁产量,单折线,单Y轴,元/50基吨,B,B:指标库缺失,B2_指标名无库元数据(库缺失),,,中国高碳铬铁产量 | 元/50基吨,中国高碳铬铁产量,绘图类型:单折线 | 轴信息:单Y轴 | 图例数:2 | 复合图(2图例) | 漏提取1项
镍与不锈钢周报20260906.pdf,28,chart_57,中国镍铁产量,单折线,单Y轴,万实物吨万金属吨,B,B:指标库缺失,B2_指标名无库元数据(库缺失),,,中国镍铁产量 | 万实物吨万金属吨,中国镍铁产量,绘图类型:单折线 | 轴信息:单Y轴 | 图例数:2 | 复合图(2图例) | 漏提取1项
镍与不锈钢周报20260906.pdf,28,chart_58,镍铁进口量,单折线,单Y轴,万实物吨万金属吨,B,B:指标库缺失,B2_指标名无库元数据(库缺失),,,镍铁进口量 | 万实物吨万金属吨,镍铁进口量,绘图类型:单折线 | 轴信息:单Y轴 | 图例数:2 | 复合图(2图例) | 漏提取1项
镍与不锈钢周报20260906.pdf,28,chart_59,镍铁库存图：印尼镍铁产量,单折线,单Y轴,万金属吨万金属吨,B,B:指标库缺失,B2_指标名无库元数据(库缺失),,,镍铁库存图：印尼镍铁产量 | 万金属吨万金属吨,镍铁库存图：印尼镍铁产量,绘图类型:单折线 | 轴信息:单Y轴 | 图例数:2 | 复合图(2图例) | 漏提取1项
