source_file,page_num,chart_local_id,chart_title,plot_style,axis_info,legend_list,extracted_indicator_list,missing_in_legend,note
氧化铝周报20260830.pdf,6,chart_01,三网均价-内蒙古,单折线,单Y轴,三网均价-内蒙古,三网均价-内蒙古,,绘图类型:单折线 | 轴信息:单Y轴 | 图例数:1
氧化铝周报20260830.pdf,6,chart_02,东澳氧化铝FOB,单折线,单Y轴,东澳氧化铝FOB,东澳氧化铝FOB,,绘图类型:单折线 | 轴信息:单Y轴 | 图例数:1
氧化铝周报20260830.pdf,6,chart_03,印尼氧化铝FOB,单折线,单Y轴,印尼氧化铝FOB,印尼氧化铝FOB,,绘图类型:单折线 | 轴信息:单Y轴 | 图例数:1
氧化铝周报20260830.pdf,6,chart_04,氧化铝现货vs长协价格,单折线,单Y轴,氧化铝现货vs长协价格,氧化铝现货vs长协价格,,绘图类型:单折线 | 轴信息:单Y轴 | 图例数:1
氧化铝周报20260830.pdf,6,chart_05,澳洲氧化铝FOB,单折线,单Y轴,澳洲氧化铝FOB,澳洲氧化铝FOB,,绘图类型:单折线 | 轴信息:单Y轴 | 图例数:1
氧化铝周报20260830.pdf,6,chart_06,铝土矿产量-山西-SMM,单折线,单Y轴,铝土矿产量-山西-SMM,铝土矿产量-山西-SMM,,绘图类型:单折线 | 轴信息:单Y轴 | 图例数:1
氧化铝周报20260830.pdf,6,chart_07,铝土矿产量-河南-SMM,单折线,单Y轴,铝土矿产量-河南-SMM,铝土矿产量-河南-SMM,,绘图类型:单折线 | 轴信息:单Y轴 | 图例数:1
氧化铝周报20260830.pdf,6,chart_08,铝土矿产量-贵州-SMM,单折线,单Y轴,铝土矿产量-贵州-SMM,铝土矿产量-贵州-SMM,,绘图类型:单折线 | 轴信息:单Y轴 | 图例数:1
氧化铝周报20260830.pdf,6,chart_09,铝土矿库存-河南-SMM,单折线,单Y轴,铝土矿库存-河南-SMM,铝土矿库存-河南-SMM,,绘图类型:单折线 | 轴信息:单Y轴 | 图例数:1
氧化铝周报20260830.pdf,7,chart_10,国产铝土矿-华北-低品(山西),单折线,单Y轴，含百分比轴,国产铝土矿-华北-低品(山西),国产铝土矿-华北-低品(山西),,绘图类型:单折线 | 轴信息:单Y轴，含百分比轴 | 图例数:1
氧化铝周报20260830.pdf,7,chart_11,国产铝土矿-华北-低品(河南),单折线,单Y轴,国产铝土矿-华北-低品(河南),国产铝土矿-华北-低品(河南),,绘图类型:单折线 | 轴信息:单Y轴 | 图例数:1
氧化铝周报20260830.pdf,7,chart_12,国产铝土矿-华北-高品(山西),单折线,单Y轴,国产铝土矿-华北-高品(山西),国产铝土矿-华北-高品(山西),,绘图类型:单折线 | 轴信息:单Y轴 | 图例数:1
氧化铝周报20260830.pdf,7,chart_13,国产铝土矿-华北-高品(河南),单折线,单Y轴,国产铝土矿-华北-高品(河南),国产铝土矿-华北-高品(河南),,绘图类型:单折线 | 轴信息:单Y轴 | 图例数:1
氧化铝周报20260830.pdf,7,chart_14,国产铝土矿-华南-低品(广西),单折线,单Y轴,国产铝土矿-华南-低品(广西),国产铝土矿-华南-低品(广西),,绘图类型:单折线 | 轴信息:单Y轴 | 图例数:1
氧化铝周报20260830.pdf,7,chart_15,国产铝土矿-华南-低品(贵州),单折线,单Y轴,国产铝土矿-华南-低品(贵州),国产铝土矿-华南-低品(贵州),,绘图类型:单折线 | 轴信息:单Y轴 | 图例数:1
氧化铝周报20260830.pdf,7,chart_16,国产铝土矿-华南-高品(广西),单折线,单Y轴,国产铝土矿-华南-高品(广西),国产铝土矿-华南-高品(广西),,绘图类型:单折线 | 轴信息:单Y轴 | 图例数:1
氧化铝周报20260830.pdf,7,chart_17,国产铝土矿-华南-高品(贵州),单折线,单Y轴,国产铝土矿-华南-高品(贵州),国产铝土矿-华南-高品(贵州),,绘图类型:单折线 | 轴信息:单Y轴 | 图例数:1
氧化铝周报20260830.pdf,10,chart_18,与前一合约价差,单折线,单Y轴,与前一合约价差,与前一合约价差,,绘图类型:单折线 | 轴信息:单Y轴 | 图例数:1
氧化铝周报20260830.pdf,10,chart_19,买交割利润-近月,单折线,单Y轴,买交割利润-近月,买交割利润-近月,,绘图类型:单折线 | 轴信息:单Y轴 | 图例数:1
氧化铝周报20260830.pdf,10,chart_20,买卖交割利润-近月,单折线,单Y轴,买卖交割利润-近月,买卖交割利润-近月,,绘图类型:单折线 | 轴信息:单Y轴 | 图例数:1
氧化铝周报20260830.pdf,10,chart_21,卖交割利润-主力,单折线,单Y轴,卖交割利润-主力,卖交割利润-主力,,绘图类型:单折线 | 轴信息:单Y轴 | 图例数:1
氧化铝周报20260830.pdf,10,chart_22,卖交割利润-主力利润,单折线,单Y轴,卖交割利润-主力利润,卖交割利润-主力利润,,绘图类型:单折线 | 轴信息:单Y轴 | 图例数:1
氧化铝周报20260830.pdf,10,chart_23,卖交割利润-近月,单折线,单Y轴,卖交割利润-近月,卖交割利润-近月,,绘图类型:单折线 | 轴信息:单Y轴 | 图例数:1
氧化铝周报20260830.pdf,10,chart_24,氧化铝AO盘面结构,单折线,单Y轴,氧化铝AO盘面结构,氧化铝AO盘面结构,,绘图类型:单折线 | 轴信息:单Y轴 | 图例数:1
氧化铝周报20260830.pdf,11,chart_25,氧化铝(河南)平均价,单折线,单Y轴,氧化铝(河南)平均价|2026年氧化铝(河南)_完全成本,氧化铝(河南)平均价|2026年氧化铝(河南)_完全成本,,绘图类型:单折线 | 轴信息:单Y轴 | 图例数:2
氧化铝周报20260830.pdf,11,chart_26,氧化铝利润,单折线,单Y轴,氧化铝利润,氧化铝利润,,绘图类型:单折线 | 轴信息:单Y轴 | 图例数:1
氧化铝周报20260830.pdf,11,chart_27,河南国产矿现金流利润,单折线,单Y轴,河南国产矿现金流利润|税，氧化铝进出口依1500,河南国产矿现金流利润|税，氧化铝进出口依1500,,绘图类型:单折线 | 轴信息:单Y轴 | 图例数:2
氧化铝周报20260830.pdf,11,chart_28,河南进口矿现金流利润,单折线,单Y轴,河南进口矿现金流利润|度相比前期进一步加,河南进口矿现金流利润,度相比前期进一步加,绘图类型:单折线 | 轴信息:单Y轴 | 图例数:2
氧化铝周报20260830.pdf,11,chart_29,氧化铝(河南)完全成本,单折线,单Y轴,氧化铝(河南)完全成本,氧化铝(河南)完全成本,,绘图类型:单折线 | 轴信息:单Y轴 | 图例数:1
氧化铝周报20260830.pdf,11,chart_30,氧化铝(河南)现金成本,单折线,单Y轴,氧化铝(河南)现金成本|2026年氧化铝(河南)_完全成本,氧化铝(河南)现金成本|2026年氧化铝(河南)_完全成本,,绘图类型:单折线 | 轴信息:单Y轴 | 图例数:2
氧化铝周报20260830.pdf,13,chart_31,氧化铝库存-阿拉丁-堆场站台,单折线,单Y轴,氧化铝库存-阿拉丁-堆场站台,氧化铝库存-阿拉丁-堆场站台,,绘图类型:单折线 | 轴信息:单Y轴 | 图例数:1
氧化铝周报20260830.pdf,13,chart_32,氧化铝库存-阿拉丁-总计,单折线,单Y轴,氧化铝库存-阿拉丁-总计,氧化铝库存-阿拉丁-总计,,绘图类型:单折线 | 轴信息:单Y轴 | 图例数:1
氧化铝周报20260830.pdf,13,chart_33,氧化铝库存-阿拉丁-氧化铝厂,单折线,单Y轴,氧化铝库存-阿拉丁-氧化铝厂,氧化铝库存-阿拉丁-氧化铝厂,,绘图类型:单折线 | 轴信息:单Y轴 | 图例数:1
氧化铝周报20260830.pdf,13,chart_34,氧化铝库存-阿拉丁-电解铝厂,单折线,单Y轴,氧化铝库存-阿拉丁-电解铝厂,氧化铝库存-阿拉丁-电解铝厂,,绘图类型:单折线 | 轴信息:单Y轴 | 图例数:1
氧化铝周报20260830.pdf,14,chart_35,氧化铝厂内库存(除新疆)-钢联,单折线,单Y轴,氧化铝厂内库存(除新疆)-钢联,氧化铝厂内库存(除新疆)-钢联,,绘图类型:单折线 | 轴信息:单Y轴 | 图例数:1
氧化铝周报20260830.pdf,14,chart_36,氧化铝库存-钢联,单折线,单Y轴,氧化铝库存-钢联,氧化铝库存-钢联,,绘图类型:单折线 | 轴信息:单Y轴 | 图例数:1
氧化铝周报20260830.pdf,14,chart_37,氧化铝库存-阿拉丁-堆场站台,单折线,单Y轴,氧化铝库存-阿拉丁-堆场站台,氧化铝库存-阿拉丁-堆场站台,,绘图类型:单折线 | 轴信息:单Y轴 | 图例数:1
氧化铝周报20260830.pdf,14,chart_38,氧化铝库存-阿拉丁-总计,单折线,单Y轴,氧化铝库存-阿拉丁-总计,氧化铝库存-阿拉丁-总计,,绘图类型:单折线 | 轴信息:单Y轴 | 图例数:1
氧化铝周报20260830.pdf,14,chart_39,氧化铝库存-阿拉丁-电解铝厂,单折线,单Y轴,氧化铝库存-阿拉丁-电解铝厂,氧化铝库存-阿拉丁-电解铝厂,,绘图类型:单折线 | 轴信息:单Y轴 | 图例数:1
氧化铝周报20260830.pdf,15,chart_40,期货库存:氧化铝,单折线,单Y轴,期货库存:氧化铝,期货库存:氧化铝,,绘图类型:单折线 | 轴信息:单Y轴 | 图例数:1
氧化铝周报20260830.pdf,15,chart_41,期货库存:氧化铝-山东,多折线,单Y轴,期货库存:氧化铝-山东|单小幅增加|万吨仓单过期,期货库存:氧化铝-山东,单小幅增加|万吨仓单过期,"绘图类型:多折线 | 轴信息:单Y轴 | 图例数:3 | 复合图(3图例,3有效)"
氧化铝周报20260830.pdf,15,chart_42,期货库存:氧化铝-新疆,单折线,单Y轴,期货库存:氧化铝-新疆,期货库存:氧化铝-新疆,,绘图类型:单折线 | 轴信息:单Y轴 | 图例数:1
氧化铝周报20260830.pdf,15,chart_43,期货库存:氧化铝-广西,单折线,单Y轴,期货库存:氧化铝-广西,期货库存:氧化铝-广西,,绘图类型:单折线 | 轴信息:单Y轴 | 图例数:1
氧化铝周报20260830.pdf,16,chart_44,平衡系数-阿拉丁,单折线,单Y轴,平衡系数-阿拉丁|态，市场供应量较前9500,平衡系数-阿拉丁,态，市场供应量较前9500,绘图类型:单折线 | 轴信息:单Y轴 | 图例数:2
氧化铝周报20260830.pdf,16,chart_45,氧化铝建成产能,单折线,单Y轴,氧化铝建成产能,氧化铝建成产能,,绘图类型:单折线 | 轴信息:单Y轴 | 图例数:1
氧化铝周报20260830.pdf,16,chart_46,氧化铝运行产能,单折线,单Y轴，含百分比轴,氧化铝运行产能|态，市场供应量较前9500,氧化铝运行产能,态，市场供应量较前9500,绘图类型:单折线 | 轴信息:单Y轴，含百分比轴 | 图例数:2
氧化铝周报20260830.pdf,16,chart_47,氧化铝运行产能-阿拉丁,单折线,单Y轴,氧化铝运行产能-阿拉丁,氧化铝运行产能-阿拉丁,,绘图类型:单折线 | 轴信息:单Y轴 | 图例数:1
氧化铝周报20260830.pdf,17,chart_48,SMM中国氧化铝月度产量-山东,单折线,单Y轴,SMM中国氧化铝月度产量-山东,SMM中国氧化铝月度产量-山东,,绘图类型:单折线 | 轴信息:单Y轴 | 图例数:1
氧化铝周报20260830.pdf,17,chart_49,SMM中国氧化铝月度产量-总量,单折线,单Y轴,SMM中国氧化铝月度产量-总量,SMM中国氧化铝月度产量-总量,,绘图类型:单折线 | 轴信息:单Y轴 | 图例数:1
氧化铝周报20260830.pdf,17,chart_50,SMM中国氧化铝月度产量-河南,单折线,单Y轴,SMM中国氧化铝月度产量-河南,SMM中国氧化铝月度产量-河南,,绘图类型:单折线 | 轴信息:单Y轴 | 图例数:1
氧化铝周报20260830.pdf,18,chart_51,氧化铝出口,单折线,单Y轴,氧化铝出口,氧化铝出口,,绘图类型:单折线 | 轴信息:单Y轴 | 图例数:1
氧化铝周报20260830.pdf,18,chart_52,氧化铝净出口,单折线,单Y轴,氧化铝净出口|氧化铝净出口减少30,氧化铝净出口|氧化铝净出口减少30,,绘图类型:单折线 | 轴信息:单Y轴 | 图例数:2
氧化铝周报20260830.pdf,18,chart_53,氧化铝进口,单折线,单Y轴,氧化铝进口,氧化铝进口,,绘图类型:单折线 | 轴信息:单Y轴 | 图例数:1
氧化铝周报20260830.pdf,18,chart_54,氧化铝与刚玉净出口,单折线,单Y轴,氧化铝与刚玉净出口,氧化铝与刚玉净出口,,绘图类型:单折线 | 轴信息:单Y轴 | 图例数:1
氧化铝周报20260830.pdf,19,chart_55,铝土矿库存：总计-SMM,单折线,单Y轴,铝土矿库存：总计-SMM,铝土矿库存：总计-SMM,,绘图类型:单折线 | 轴信息:单Y轴 | 图例数:1
氧化铝周报20260830.pdf,19,chart_56,铝土矿库存：全国库存天数-SMM,单折线,单Y轴,铝土矿库存：全国库存天数-SMM|波动。,铝土矿库存：全国库存天数-SMM,波动。,绘图类型:单折线 | 轴信息:单Y轴 | 图例数:2
氧化铝周报20260830.pdf,19,chart_57,铝土矿库存：铝土矿库存天数：河南-SMM,单折线,单Y轴,铝土矿库存：铝土矿库存天数：河南-SMM,铝土矿库存：铝土矿库存天数：河南-SMM,,绘图类型:单折线 | 轴信息:单Y轴 | 图例数:1
氧化铝周报20260830.pdf,19,chart_58,铝土矿库存：全国库存天数（不含河北）-SMM,单折线,单Y轴,铝土矿库存：全国库存天数（不含河北）-SMM,铝土矿库存：全国库存天数（不含河北）-SMM,,绘图类型:单折线 | 轴信息:单Y轴 | 图例数:1
氧化铝周报20260830.pdf,20,chart_59,海漂库存-全球主要国家-钢联,单折线,单Y轴,海漂库存-全球主要国家-钢联,海漂库存-全球主要国家-钢联,,绘图类型:单折线 | 轴信息:单Y轴 | 图例数:1
氧化铝周报20260830.pdf,20,chart_60,港口库存-合计-SMM,单折线,单Y轴,港口库存-合计-SMM|显，近期累库放缓,港口库存-合计-SMM,显，近期累库放缓,绘图类型:单折线 | 轴信息:单Y轴 | 图例数:2
氧化铝周报20260830.pdf,20,chart_61,港口库存-百川,单折线,单Y轴,港口库存-百川,港口库存-百川,,绘图类型:单折线 | 轴信息:单Y轴 | 图例数:1
氧化铝周报20260830.pdf,21,chart_62,铝土矿到港量-曹妃甸港,单折线,单Y轴,铝土矿到港量-曹妃甸港,铝土矿到港量-曹妃甸港,,绘图类型:单折线 | 轴信息:单Y轴 | 图例数:1
氧化铝周报20260830.pdf,21,chart_63,铝土矿到港量-港口汇总-百川,单折线,单Y轴,铝土矿到港量-港口汇总-百川,铝土矿到港量-港口汇总-百川,,绘图类型:单折线 | 轴信息:单Y轴 | 图例数:1
氧化铝周报20260830.pdf,21,chart_64,铝土矿到港量-烟台港,单折线,单Y轴,铝土矿到港量-烟台港,铝土矿到港量-烟台港,,绘图类型:单折线 | 轴信息:单Y轴 | 图例数:1
氧化铝周报20260830.pdf,21,chart_65,铝土矿到港量-青岛港,单折线,单Y轴,铝土矿到港量-青岛港,铝土矿到港量-青岛港,,绘图类型:单折线 | 轴信息:单Y轴 | 图例数:1
氧化铝周报20260830.pdf,22,chart_66,铝土矿产量-全国总计-SMM,单折线,单Y轴,铝土矿产量-全国总计-SMM,铝土矿产量-全国总计-SMM,,绘图类型:单折线 | 轴信息:单Y轴 | 图例数:1
氧化铝周报20260830.pdf,22,chart_67,铝土矿产量-山西-SMM,单折线,单Y轴,铝土矿产量-山西-SMM,铝土矿产量-山西-SMM,,绘图类型:单折线 | 轴信息:单Y轴 | 图例数:1
氧化铝周报20260830.pdf,22,chart_68,铝土矿产量-广西-SMM,单折线,单Y轴,铝土矿产量-广西-SMM,铝土矿产量-广西-SMM,,绘图类型:单折线 | 轴信息:单Y轴 | 图例数:1
氧化铝周报20260830.pdf,22,chart_69,铝土矿产量-河南-SMM,单折线,单Y轴,铝土矿产量-河南-SMM,铝土矿产量-河南-SMM,,绘图类型:单折线 | 轴信息:单Y轴 | 图例数:1
氧化铝周报20260830.pdf,22,chart_70,铝土矿产量-贵州-SMM,单折线,单Y轴,铝土矿产量-贵州-SMM,铝土矿产量-贵州-SMM,,绘图类型:单折线 | 轴信息:单Y轴 | 图例数:1
氧化铝周报20260830.pdf,22,chart_71,铝土矿产量-重庆-SMM,单折线,单Y轴,铝土矿产量-重庆-SMM,铝土矿产量-重庆-SMM,,绘图类型:单折线 | 轴信息:单Y轴 | 图例数:1
氧化铝周报20260830.pdf,22,chart_72,铝土矿库存-总计-SMM,单折线,单Y轴,铝土矿库存-总计-SMM,铝土矿库存-总计-SMM,,绘图类型:单折线 | 轴信息:单Y轴 | 图例数:1
氧化铝周报20260830.pdf,23,chart_73,铝土矿产量-合计-百川,单折线,单Y轴,铝土矿产量-合计-百川,铝土矿产量-合计-百川,,绘图类型:单折线 | 轴信息:单Y轴 | 图例数:1
氧化铝周报20260830.pdf,23,chart_74,铝土矿产量-山西省-百川,单折线,单Y轴,铝土矿产量-山西省-百川,铝土矿产量-山西省-百川,,绘图类型:单折线 | 轴信息:单Y轴 | 图例数:1
氧化铝周报20260830.pdf,23,chart_75,铝土矿产量-河南省-百川,单折线,单Y轴,铝土矿产量-河南省-百川,铝土矿产量-河南省-百川,,绘图类型:单折线 | 轴信息:单Y轴 | 图例数:1
氧化铝周报20260830.pdf,24,chart_76,到港量-海关-几内亚,单折线,单Y轴,到港量-海关-几内亚,到港量-海关-几内亚,,绘图类型:单折线 | 轴信息:单Y轴 | 图例数:1
氧化铝周报20260830.pdf,24,chart_77,发运量-几内亚官方,单折线,单Y轴,发运量-几内亚官方|几内亚（MA3）,发运量-几内亚官方|几内亚（MA3）,,绘图类型:单折线 | 轴信息:单Y轴 | 图例数:2
氧化铝周报20260830.pdf,24,chart_78,发运量-路透-几内亚总和,单折线,单Y轴,发运量-路透-几内亚总和,发运量-路透-几内亚总和,,绘图类型:单折线 | 轴信息:单Y轴 | 图例数:1
氧化铝周报20260830.pdf,25,chart_79,铝土矿进口-总量,单折线,单Y轴,铝土矿进口-总量,铝土矿进口-总量,,绘图类型:单折线 | 轴信息:单Y轴 | 图例数:1
氧化铝周报20260830.pdf,25,chart_80,铝土矿进口-几内亚,双Y轴复合,双Y轴(百分比),铝土矿进口-几内亚|矿1.21亿吨，同比增加|万吨（17.2%|其中，几内亚9841|吨，同比增加1884|），贡献增,铝土矿进口-几内亚,矿1.21亿吨，同比增加|万吨（17.2%|其中，几内亚9841|吨，同比增加1884|），贡献增,绘图类型:双Y轴复合 | 轴信息:双Y轴(百分比) | 图例数:6 | ★增强识别(2有效图例)
氧化铝周报20260830.pdf,25,chart_81,铝土矿进口-澳大利亚,单折线,单Y轴,铝土矿进口-澳大利亚,铝土矿进口-澳大利亚,,绘图类型:单折线 | 轴信息:单Y轴 | 图例数:1
氧化铝周报20260830.pdf,25,chart_82,铝土矿进口-塞拉利昂,单折线,单Y轴,铝土矿进口-塞拉利昂,铝土矿进口-塞拉利昂,,绘图类型:单折线 | 轴信息:单Y轴 | 图例数:1
氧化铝周报20260830.pdf,26,chart_83,几内亚矿业部周度出口-AGB2A,单折线,单Y轴,几内亚矿业部周度出口-AGB2A,几内亚矿业部周度出口-AGB2A,,绘图类型:单折线 | 轴信息:单Y轴 | 图例数:1
氧化铝周报20260830.pdf,26,chart_84,几内亚矿业部周度出口-SMB,单折线,单Y轴,几内亚矿业部周度出口-SMB,几内亚矿业部周度出口-SMB,,绘图类型:单折线 | 轴信息:单Y轴 | 图例数:1
氧化铝周报20260830.pdf,27,chart_85,几内亚矿业部周度出口-AGB2A,单折线,单Y轴,几内亚矿业部周度出口-AGB2A,几内亚矿业部周度出口-AGB2A,,绘图类型:单折线 | 轴信息:单Y轴 | 图例数:1
氧化铝周报20260830.pdf,27,chart_86,几内亚矿业部周度出口-SMB,单折线,单Y轴,几内亚矿业部周度出口-SMB,几内亚矿业部周度出口-SMB,,绘图类型:单折线 | 轴信息:单Y轴 | 图例数:1
氧化铝周报20260830.pdf,27,chart_87,到港量-海关-几内亚,单折线,单Y轴,到港量-海关-几内亚|吨）,到港量-海关-几内亚,吨）,绘图类型:单折线 | 轴信息:单Y轴 | 图例数:2
氧化铝周报20260830.pdf,27,chart_88,铝土矿产量-全国总计-SMM,单折线,单Y轴,铝土矿产量-全国总计-SMM,铝土矿产量-全国总计-SMM,,绘图类型:单折线 | 轴信息:单Y轴 | 图例数:1
氧化铝周报20260830.pdf,28,chart_89,电解铝开工率-阿拉丁,单折线,单Y轴,电解铝开工率-阿拉丁,电解铝开工率-阿拉丁,,绘图类型:单折线 | 轴信息:单Y轴 | 图例数:1
氧化铝周报20260830.pdf,28,chart_90,电解铝运行产能-阿拉丁,单折线,单Y轴,电解铝运行产能-阿拉丁,电解铝运行产能-阿拉丁,,绘图类型:单折线 | 轴信息:单Y轴 | 图例数:1
硅产业链周报20260906.pdf,6,chart_01,工业硅价格-421#(昆明),单折线,单Y轴,工业硅价格-421#(昆明),工业硅价格-421#(昆明),,绘图类型:单折线 | 轴信息:单Y轴 | 图例数:1
硅产业链周报20260906.pdf,6,chart_02,工业硅价格-441#(华东),单折线,单Y轴,工业硅价格-441#(华东),工业硅价格-441#(华东),,绘图类型:单折线 | 轴信息:单Y轴 | 图例数:1
硅产业链周报20260906.pdf,6,chart_03,工业硅价格-441#(天津港),单折线,单Y轴,工业硅价格-441#(天津港),工业硅价格-441#(天津港),,绘图类型:单折线 | 轴信息:单Y轴 | 图例数:1
硅产业链周报20260906.pdf,6,chart_04,工业硅价格-通氧553#(华东),单折线,单Y轴,工业硅价格-通氧553#(华东),工业硅价格-通氧553#(华东),,绘图类型:单折线 | 轴信息:单Y轴 | 图例数:1
硅产业链周报20260906.pdf,6,chart_05,新疆工业硅价格(SMM),单折线,单Y轴,新疆工业硅价格(SMM),新疆工业硅价格(SMM),,绘图类型:单折线 | 轴信息:单Y轴 | 图例数:1
硅产业链周报20260906.pdf,6,chart_06,多晶硅月度产量(SMM),单折线,单Y轴,多晶硅月度产量(SMM),多晶硅月度产量(SMM),,绘图类型:单折线 | 轴信息:单Y轴 | 图例数:1
硅产业链周报20260906.pdf,6,chart_07,硅片月度产量(SMM),单折线,单Y轴,硅片月度产量(SMM),硅片月度产量(SMM),,绘图类型:单折线 | 轴信息:单Y轴 | 图例数:1
硅产业链周报20260906.pdf,8,chart_08,云南木炭工艺生产成本,单折线,单Y轴,云南木炭工艺生产成本,云南木炭工艺生产成本,,绘图类型:单折线 | 轴信息:单Y轴 | 图例数:1
硅产业链周报20260906.pdf,8,chart_09,工业硅电价成本,单折线,单Y轴,工业硅电价成本,工业硅电价成本,,绘图类型:单折线 | 轴信息:单Y轴 | 图例数:1
硅产业链周报20260906.pdf,11,chart_10,工业硅云南样本周度产量,单折线,单Y轴,工业硅云南样本周度产量,工业硅云南样本周度产量,,绘图类型:单折线 | 轴信息:单Y轴 | 图例数:1
硅产业链周报20260906.pdf,11,chart_11,多晶硅工厂库存,单折线,单Y轴,多晶硅工厂库存,多晶硅工厂库存,,绘图类型:单折线 | 轴信息:单Y轴 | 图例数:1
硅产业链周报20260906.pdf,11,chart_12,SMM-云南样本周度库存,单折线,单Y轴,SMM-云南样本周度库存,SMM-云南样本周度库存,,绘图类型:单折线 | 轴信息:单Y轴 | 图例数:1
硅产业链周报20260906.pdf,11,chart_13,SMM-四川样本周度库存,单折线,单Y轴,SMM-四川样本周度库存,SMM-四川样本周度库存,,绘图类型:单折线 | 轴信息:单Y轴 | 图例数:1
硅产业链周报20260906.pdf,12,chart_14,工业硅显性总库存,单折线,单Y轴,工业硅显性总库存|中国金属硅周度社会库存：合计,工业硅显性总库存|中国金属硅周度社会库存：合计,,绘图类型:单折线 | 轴信息:单Y轴 | 图例数:2
硅产业链周报20260906.pdf,12,chart_15,工业硅样本工厂库存(SMM),堆叠柱状,单Y轴,工业硅样本工厂库存(SMM)|中国金属硅周度社会库存：天津港,工业硅样本工厂库存(SMM)|中国金属硅周度社会库存：天津港,,绘图类型:堆叠柱状 | 轴信息:单Y轴 | 图例数:2 | ★增强识别(2有效图例)
硅产业链周报20260906.pdf,12,chart_16,金属硅周度社会库存-合计,单折线,单Y轴,金属硅周度社会库存-合计,金属硅周度社会库存-合计,,绘图类型:单折线 | 轴信息:单Y轴 | 图例数:1
硅产业链周报20260906.pdf,13,chart_17,工业硅显性总库存,单折线,单Y轴,工业硅显性总库存,工业硅显性总库存,,绘图类型:单折线 | 轴信息:单Y轴 | 图例数:1
硅产业链周报20260906.pdf,13,chart_18,工业硅样本工厂库存(SMM),单折线,单Y轴,工业硅样本工厂库存(SMM),工业硅样本工厂库存(SMM),,绘图类型:单折线 | 轴信息:单Y轴 | 图例数:1
硅产业链周报20260906.pdf,13,chart_19,工业硅社会库存(SMM),单折线,单Y轴,工业硅社会库存(SMM),工业硅社会库存(SMM),,绘图类型:单折线 | 轴信息:单Y轴 | 图例数:1
硅产业链周报20260906.pdf,13,chart_20,金属硅周度社会库存-合计,堆叠柱状,单Y轴,金属硅周度社会库存-合计|中国金属硅周度社会库存：四川（交割库）|中国金属硅周度社会库存：江苏（交割库）,金属硅周度社会库存-合计|中国金属硅周度社会库存：四川（交割库）|中国金属硅周度社会库存：江苏（交割库）,,绘图类型:堆叠柱状 | 轴信息:单Y轴 | 图例数:3 | ★增强识别(3有效图例)
硅产业链周报20260906.pdf,14,chart_21,工业硅供需平衡,单折线,单Y轴,工业硅供需平衡,工业硅供需平衡,,绘图类型:单折线 | 轴信息:单Y轴 | 图例数:1
硅产业链周报20260906.pdf,15,chart_22,工业硅开炉情况,单折线,单Y轴,工业硅开炉情况|（铁合金在线口径）,工业硅开炉情况,（铁合金在线口径）,绘图类型:单折线 | 轴信息:单Y轴 | 图例数:2
硅产业链周报20260906.pdf,16,chart_23,工业硅开炉情况,单折线,单Y轴,工业硅开炉情况|（铁合金在线口径）,工业硅开炉情况,（铁合金在线口径）,绘图类型:单折线 | 轴信息:单Y轴 | 图例数:2
硅产业链周报20260906.pdf,17,chart_24,中国工业硅周度产量,单折线,单Y轴,中国工业硅周度产量,中国工业硅周度产量,,绘图类型:单折线 | 轴信息:单Y轴 | 图例数:1
硅产业链周报20260906.pdf,17,chart_25,工业硅云南样本周度产量,单折线,单Y轴,工业硅云南样本周度产量,工业硅云南样本周度产量,,绘图类型:单折线 | 轴信息:单Y轴 | 图例数:1
硅产业链周报20260906.pdf,17,chart_26,工业硅周度产量(SMM),单折线,单Y轴,工业硅周度产量(SMM)|中国工业硅周度产量（万吨）,工业硅周度产量(SMM)|中国工业硅周度产量（万吨）,,绘图类型:单折线 | 轴信息:单Y轴 | 图例数:2
硅产业链周报20260906.pdf,17,chart_27,工业硅周度产量(百川),单折线,单Y轴,工业硅周度产量(百川)|中国工业硅周度产量（万吨）,工业硅周度产量(百川)|中国工业硅周度产量（万吨）,,绘图类型:单折线 | 轴信息:单Y轴 | 图例数:2
硅产业链周报20260906.pdf,19,chart_28,工业硅云南样本周度产量,单折线,单Y轴,工业硅云南样本周度产量,工业硅云南样本周度产量,,绘图类型:单折线 | 轴信息:单Y轴 | 图例数:1
硅产业链周报20260906.pdf,20,chart_29,DMC行业利润,单折线,单Y轴,DMC行业利润|DMC行业利润与成本（元/吨）,DMC行业利润|DMC行业利润与成本（元/吨）,,绘图类型:单折线 | 轴信息:单Y轴 | 图例数:2
硅产业链周报20260906.pdf,20,chart_30,DMC行业成本,单折线,单Y轴,DMC行业成本,DMC行业成本,,绘图类型:单折线 | 轴信息:单Y轴 | 图例数:1
硅产业链周报20260906.pdf,20,chart_31,DMC行业毛利,单折线,单Y轴,DMC行业毛利,DMC行业毛利,,绘图类型:单折线 | 轴信息:单Y轴 | 图例数:1
硅产业链周报20260906.pdf,21,chart_32,多晶硅工厂库存,单折线,单Y轴,多晶硅工厂库存,多晶硅工厂库存,,绘图类型:单折线 | 轴信息:单Y轴 | 图例数:1
硅产业链周报20260906.pdf,21,chart_33,DMC全国开工率,复合混合(折线+柱状),单Y轴，含百分比轴,DMC全国开工率|DMC:全国:开工率,DMC全国开工率|DMC:全国:开工率,,绘图类型:复合混合(折线+柱状) | 轴信息:单Y轴，含百分比轴 | 图例数:2 | ★增强识别(2有效图例)
硅产业链周报20260906.pdf,21,chart_34,DMC周度产量,单折线,单Y轴,DMC周度产量,DMC周度产量,,绘图类型:单折线 | 轴信息:单Y轴 | 图例数:1
硅产业链周报20260906.pdf,21,chart_35,DMC工厂库存,单折线,单Y轴,DMC工厂库存,DMC工厂库存,,绘图类型:单折线 | 轴信息:单Y轴 | 图例数:1
硅产业链周报20260906.pdf,22,chart_36,A356原生铝合金龙头开工率,单折线,单Y轴,A356原生铝合金龙头开工率,A356原生铝合金龙头开工率,,绘图类型:单折线 | 轴信息:单Y轴 | 图例数:1
硅产业链周报20260906.pdf,22,chart_37,再生铝合金龙头开工率,单折线,单Y轴,再生铝合金龙头开工率,再生铝合金龙头开工率,,绘图类型:单折线 | 轴信息:单Y轴 | 图例数:1
硅产业链周报20260906.pdf,22,chart_38,铝合金开工率,单折线,单Y轴,铝合金开工率|A356原生铝合金龙头企业开工率再生铝合金龙头企业开工率,铝合金开工率|A356原生铝合金龙头企业开工率再生铝合金龙头企业开工率,,绘图类型:单折线 | 轴信息:单Y轴 | 图例数:2
硅产业链周报20260906.pdf,23,chart_39,金属硅月度出口量,单折线,单Y轴,金属硅月度出口量|金属硅月度出口（万吨）,金属硅月度出口量|金属硅月度出口（万吨）,,绘图类型:单折线 | 轴信息:单Y轴 | 图例数:2
硅产业链周报20260906.pdf,25,chart_40,单晶电池片价格,单折线,单Y轴,单晶电池片价格,单晶电池片价格,,绘图类型:单折线 | 轴信息:单Y轴 | 图例数:1
硅产业链周报20260906.pdf,25,chart_41,硅片价格-N型182mm,单折线,单Y轴,硅片价格-N型182mm,硅片价格-N型182mm,,绘图类型:单折线 | 轴信息:单Y轴 | 图例数:1
硅产业链周报20260906.pdf,25,chart_42,硅片价格-N型210mm,单折线,单Y轴，含百分比轴,硅片价格-N型210mm,硅片价格-N型210mm,,绘图类型:单折线 | 轴信息:单Y轴，含百分比轴 | 图例数:1
硅产业链周报20260906.pdf,26,chart_43,多晶硅下月预计产量,单折线,单Y轴，含百分比轴,多晶硅下月预计产量,多晶硅下月预计产量,,绘图类型:单折线 | 轴信息:单Y轴，含百分比轴 | 图例数:1
硅产业链周报20260906.pdf,26,chart_44,多晶硅产能,单折线,单Y轴，含百分比轴,多晶硅产能,多晶硅产能,,绘图类型:单折线 | 轴信息:单Y轴，含百分比轴 | 图例数:1
硅产业链周报20260906.pdf,26,chart_45,多晶硅产量,单折线,单Y轴,多晶硅产量,多晶硅产量,,绘图类型:单折线 | 轴信息:单Y轴 | 图例数:1
硅产业链周报20260906.pdf,26,chart_46,多晶硅开工率,多折线,单Y轴,多晶硅开工率|中国多晶硅产能统计|中国多晶硅开工率,多晶硅开工率|中国多晶硅产能统计|中国多晶硅开工率,,"绘图类型:多折线 | 轴信息:单Y轴 | 图例数:3 | 复合图(3图例,3有效)"
硅产业链周报20260906.pdf,26,chart_47,多晶硅月度产量(SMM),单折线,单Y轴,多晶硅月度产量(SMM),多晶硅月度产量(SMM),,绘图类型:单折线 | 轴信息:单Y轴 | 图例数:1
硅产业链周报20260906.pdf,28,chart_48,多晶硅产量,单折线,单Y轴,多晶硅产量,多晶硅产量,,绘图类型:单折线 | 轴信息:单Y轴 | 图例数:1
硅产业链周报20260906.pdf,28,chart_49,多晶硅月度产量(SMM),单折线,单Y轴,多晶硅月度产量(SMM),多晶硅月度产量(SMM),,绘图类型:单折线 | 轴信息:单Y轴 | 图例数:1
硅产业链周报20260906.pdf,29,chart_50,工业硅云南样本周度产量,单折线,单Y轴，含百分比轴,工业硅云南样本周度产量,工业硅云南样本周度产量,,绘图类型:单折线 | 轴信息:单Y轴，含百分比轴 | 图例数:1
硅产业链周报20260906.pdf,29,chart_51,工业硅周度产量(SMM),单折线,单Y轴,工业硅周度产量(SMM),工业硅周度产量(SMM),,绘图类型:单折线 | 轴信息:单Y轴 | 图例数:1
硅产业链周报20260906.pdf,29,chart_52,工业硅周度产量(百川),单折线,单Y轴,工业硅周度产量(百川),工业硅周度产量(百川),,绘图类型:单折线 | 轴信息:单Y轴 | 图例数:1
硅产业链周报20260906.pdf,30,chart_53,工业硅云南样本周度产量,复合混合(折线+柱状),单Y轴，含百分比轴,工业硅云南样本周度产量|百川盈孚：云南省周度产量（吨),工业硅云南样本周度产量|百川盈孚：云南省周度产量（吨),,绘图类型:复合混合(折线+柱状) | 轴信息:单Y轴，含百分比轴 | 图例数:2 | ★增强识别(2有效图例)
硅产业链周报20260906.pdf,31,chart_54,硅片月度产量(SMM),单折线,单Y轴,硅片月度产量(SMM),硅片月度产量(SMM),,绘图类型:单折线 | 轴信息:单Y轴 | 图例数:1
硅产业链周报20260906.pdf,31,chart_55,硅片预测月度产量,单折线,单Y轴,硅片预测月度产量,硅片预测月度产量,,绘图类型:单折线 | 轴信息:单Y轴 | 图例数:1
硅产业链周报20260906.pdf,32,chart_56,工业硅云南样本周度产量,单折线,单Y轴,工业硅云南样本周度产量|SMM硅片周度产量(GW),工业硅云南样本周度产量|SMM硅片周度产量(GW),,绘图类型:单折线 | 轴信息:单Y轴 | 图例数:2
硅产业链周报20260906.pdf,32,chart_57,硅片周度产量,多折线,单Y轴,硅片周度产量|SMM硅片周度产量(GW)|百川盈孚硅片周度产量(GW),硅片周度产量|SMM硅片周度产量(GW)|百川盈孚硅片周度产量(GW),,"绘图类型:多折线 | 轴信息:单Y轴 | 图例数:3 | 复合图(3图例,3有效)"
硅产业链周报20260906.pdf,36,chart_58,组件月度产量,复合混合(折线+柱状),单Y轴，含百分比轴,组件月度产量|第三方—6月初全球组件企业排产（GW)20260831,组件月度产量|第三方—6月初全球组件企业排产（GW)20260831,,绘图类型:复合混合(折线+柱状) | 轴信息:单Y轴，含百分比轴 | 图例数:2 | ★增强识别(2有效图例)
硅产业链周报20260906.pdf,37,chart_59,多晶硅工厂库存,单折线,单Y轴,多晶硅工厂库存,多晶硅工厂库存,,绘图类型:单折线 | 轴信息:单Y轴 | 图例数:1
硅产业链周报20260906.pdf,38,chart_60,硅片企业多晶硅库存,单折线,单Y轴,硅片企业多晶硅库存,硅片企业多晶硅库存,,绘图类型:单折线 | 轴信息:单Y轴 | 图例数:1
硅产业链周报20260906.pdf,39,chart_61,多晶硅月度产量(SMM),单折线,单Y轴,多晶硅月度产量(SMM),多晶硅月度产量(SMM),,绘图类型:单折线 | 轴信息:单Y轴 | 图例数:1
硅产业链周报20260906.pdf,39,chart_62,多晶硅供需平衡,单折线,单Y轴,多晶硅供需平衡,多晶硅供需平衡,,绘图类型:单折线 | 轴信息:单Y轴 | 图例数:1
碳酸锂周报20260823.pdf,6,chart_01,工业级氢氧化锂 价格,单折线,单Y轴,工业级氢氧化锂 价格,工业级氢氧化锂 价格,,绘图类型:单折线 | 轴信息:单Y轴 | 图例数:1
碳酸锂周报20260823.pdf,6,chart_02,工业级碳酸锂 现货价格,单折线,单Y轴,工业级碳酸锂 现货价格|SMM锂盐价格走势图（元/吨）,工业级碳酸锂 现货价格,SMM锂盐价格走势图（元/吨）,绘图类型:单折线 | 轴信息:单Y轴 | 图例数:2
碳酸锂周报20260823.pdf,6,chart_03,电池级-工业级碳酸锂 价差,单折线,单Y轴,电池级-工业级碳酸锂 价差,电池级-工业级碳酸锂 价差,,绘图类型:单折线 | 轴信息:单Y轴 | 图例数:1
碳酸锂周报20260823.pdf,6,chart_04,电池级氢氧化锂(微粉) 价格,单折线,单Y轴,电池级氢氧化锂(微粉) 价格|SMM锂盐价格走势图（元/吨）,电池级氢氧化锂(微粉) 价格,SMM锂盐价格走势图（元/吨）,绘图类型:单折线 | 轴信息:单Y轴 | 图例数:2
碳酸锂周报20260823.pdf,6,chart_05,电池级氢氧化锂(粗颗粒) 价格,单折线,单Y轴,电池级氢氧化锂(粗颗粒) 价格,电池级氢氧化锂(粗颗粒) 价格,,绘图类型:单折线 | 轴信息:单Y轴 | 图例数:1
碳酸锂周报20260823.pdf,6,chart_06,电池级碳酸锂 现货价格,单折线,单Y轴,电池级碳酸锂 现货价格,电池级碳酸锂 现货价格,,绘图类型:单折线 | 轴信息:单Y轴 | 图例数:1
碳酸锂周报20260823.pdf,7,chart_07,碳酸锂 出货情绪因子,单折线,单Y轴,碳酸锂 出货情绪因子,碳酸锂 出货情绪因子,,绘图类型:单折线 | 轴信息:单Y轴 | 图例数:1
碳酸锂周报20260823.pdf,7,chart_08,碳酸锂 升贴水 主力合约,单折线,单Y轴,碳酸锂 升贴水 主力合约,碳酸锂 升贴水 主力合约,,绘图类型:单折线 | 轴信息:单Y轴 | 图例数:1
碳酸锂周报20260823.pdf,7,chart_09,碳酸锂 成交情绪因子,单折线,单Y轴,碳酸锂 成交情绪因子,碳酸锂 成交情绪因子,,绘图类型:单折线 | 轴信息:单Y轴 | 图例数:1
碳酸锂周报20260823.pdf,7,chart_10,碳酸锂 购货情绪因子,单折线,单Y轴,碳酸锂 购货情绪因子,碳酸锂 购货情绪因子,,绘图类型:单折线 | 轴信息:单Y轴 | 图例数:1
碳酸锂周报20260823.pdf,8,chart_11,碳酸锂 月度进口量,单折线,单Y轴,碳酸锂 月度进口量,碳酸锂 月度进口量,,绘图类型:单折线 | 轴信息:单Y轴 | 图例数:1
碳酸锂周报20260823.pdf,8,chart_12,锂精矿 月度进口总计,单折线,单Y轴,锂精矿 月度进口总计|锂精矿月度进口量分国别：津巴布韦锂精矿月度进口总计（万吨）,锂精矿 月度进口总计|锂精矿月度进口量分国别：津巴布韦锂精矿月度进口总计（万吨）,,绘图类型:单折线 | 轴信息:单Y轴 | 图例数:2
碳酸锂周报20260823.pdf,8,chart_13,锂精矿进口 尼日利亚,单折线,单Y轴,锂精矿进口 尼日利亚,锂精矿进口 尼日利亚,,绘图类型:单折线 | 轴信息:单Y轴 | 图例数:1
碳酸锂周报20260823.pdf,8,chart_14,锂精矿进口 津巴布韦,单折线,单Y轴,锂精矿进口 津巴布韦,锂精矿进口 津巴布韦,,绘图类型:单折线 | 轴信息:单Y轴 | 图例数:1
碳酸锂周报20260823.pdf,8,chart_15,锂精矿进口 澳大利亚,单折线,单Y轴,锂精矿进口 澳大利亚,锂精矿进口 澳大利亚,,绘图类型:单折线 | 轴信息:单Y轴 | 图例数:1
碳酸锂周报20260823.pdf,9,chart_16,锂辉石精矿出港:巴西,单折线,单Y轴,锂辉石精矿出港:巴西,锂辉石精矿出港:巴西,,绘图类型:单折线 | 轴信息:单Y轴 | 图例数:1
碳酸锂周报20260823.pdf,9,chart_17,锂辉石精矿出港:澳洲,单折线,单Y轴,锂辉石精矿出港:澳洲,锂辉石精矿出港:澳洲,,绘图类型:单折线 | 轴信息:单Y轴 | 图例数:1
碳酸锂周报20260823.pdf,10,chart_18,锂辉石加工费 四川,单折线,单Y轴，含百分比轴,锂辉石加工费 四川,锂辉石加工费 四川,,绘图类型:单折线 | 轴信息:单Y轴，含百分比轴 | 图例数:1
碳酸锂周报20260823.pdf,10,chart_19,锂辉石加工费 山东,单折线,单Y轴，含百分比轴,锂辉石加工费 山东,锂辉石加工费 山东,,绘图类型:单折线 | 轴信息:单Y轴，含百分比轴 | 图例数:1
碳酸锂周报20260823.pdf,10,chart_20,锂辉石加工费 江苏,单折线,单Y轴，含百分比轴,锂辉石加工费 江苏,锂辉石加工费 江苏,,绘图类型:单折线 | 轴信息:单Y轴，含百分比轴 | 图例数:1
碳酸锂周报20260823.pdf,10,chart_21,锂辉石加工费 江西,单折线,单Y轴，含百分比轴,锂辉石加工费 江西,锂辉石加工费 江西,,绘图类型:单折线 | 轴信息:单Y轴，含百分比轴 | 图例数:1
碳酸锂周报20260823.pdf,10,chart_22,锂辉石加工费 河北,单折线,单Y轴，含百分比轴,锂辉石加工费 河北,锂辉石加工费 河北,,绘图类型:单折线 | 轴信息:单Y轴，含百分比轴 | 图例数:1
碳酸锂周报20260823.pdf,10,chart_23,锂辉石加工费 湖南,单折线,单Y轴，含百分比轴,锂辉石加工费 湖南,锂辉石加工费 湖南,,绘图类型:单折线 | 轴信息:单Y轴，含百分比轴 | 图例数:1
碳酸锂周报20260823.pdf,10,chart_24,锂辉石加工费 辽宁,单折线,单Y轴，含百分比轴,锂辉石加工费 辽宁,锂辉石加工费 辽宁,,绘图类型:单折线 | 轴信息:单Y轴，含百分比轴 | 图例数:1
碳酸锂周报20260823.pdf,11,chart_25,碳酸锂 大样本库存,单折线,单Y轴,碳酸锂 大样本库存,碳酸锂 大样本库存,,绘图类型:单折线 | 轴信息:单Y轴 | 图例数:1
碳酸锂周报20260823.pdf,11,chart_26,SMM 锂矿样本库存:矿山,堆叠柱状,单Y轴,SMM 锂矿样本库存:矿山|月度锂矿：外采：在途库存：中国：锂盐厂（月）,SMM 锂矿样本库存:矿山|月度锂矿：外采：在途库存：中国：锂盐厂（月）,,绘图类型:堆叠柱状 | 轴信息:单Y轴 | 图例数:2 | ★增强识别(2有效图例)
碳酸锂周报20260823.pdf,11,chart_27,SMM 锂矿样本库存:锂盐厂,堆叠柱状,单Y轴,SMM 锂矿样本库存:锂盐厂|SMM:锂矿样本库存:矿山:月度|月度锂矿：外采：在途库存：中国：锂盐厂（月）,SMM 锂矿样本库存:锂盐厂|SMM:锂矿样本库存:矿山:月度|月度锂矿：外采：在途库存：中国：锂盐厂（月）,,绘图类型:堆叠柱状 | 轴信息:单Y轴 | 图例数:3 | ★增强识别(3有效图例)
碳酸锂周报20260823.pdf,11,chart_28,锂矿 可售库存,单折线,单Y轴,锂矿 可售库存,锂矿 可售库存,,绘图类型:单折线 | 轴信息:单Y轴 | 图例数:1
碳酸锂周报20260823.pdf,11,chart_29,锂矿 外采 厂内库存,堆叠柱状,单Y轴,锂矿 外采 厂内库存|月度锂矿：外采：在途库存：中国：锂盐厂（月）,锂矿 外采 厂内库存|月度锂矿：外采：在途库存：中国：锂盐厂（月）,,绘图类型:堆叠柱状 | 轴信息:单Y轴 | 图例数:2 | ★增强识别(2有效图例)
碳酸锂周报20260823.pdf,11,chart_30,锂矿 外采 在途库存,单折线,单Y轴,锂矿 外采 在途库存,锂矿 外采 在途库存,,绘图类型:单折线 | 轴信息:单Y轴 | 图例数:1
碳酸锂周报20260823.pdf,12,chart_31,SMM 碳酸锂 周度产量,单折线,单Y轴,SMM 碳酸锂 周度产量,SMM 碳酸锂 周度产量,,绘图类型:单折线 | 轴信息:单Y轴 | 图例数:1
碳酸锂周报20260823.pdf,12,chart_32,SMM 碳酸锂 月度开工率,单折线,单Y轴,SMM 碳酸锂 月度开工率|2026年中国碳酸锂周度产量,SMM 碳酸锂 月度开工率|2026年中国碳酸锂周度产量,,绘图类型:单折线 | 轴信息:单Y轴 | 图例数:2
碳酸锂周报20260823.pdf,12,chart_33,碳酸锂 硫酸法 周度产量,复合混合(折线+柱状),单Y轴，含百分比轴,碳酸锂 硫酸法 周度产量|中国碳酸锂周度产量（吨）,碳酸锂 硫酸法 周度产量|中国碳酸锂周度产量（吨）,,绘图类型:复合混合(折线+柱状) | 轴信息:单Y轴，含百分比轴 | 图例数:2 | ★增强识别(2有效图例)
碳酸锂周报20260823.pdf,12,chart_34,碳酸锂 硫酸盐法 周度产量,单折线,单Y轴,碳酸锂 硫酸盐法 周度产量,碳酸锂 硫酸盐法 周度产量,,绘图类型:单折线 | 轴信息:单Y轴 | 图例数:1
碳酸锂周报20260823.pdf,12,chart_35,三元材料 周度产量,单折线,单Y轴,三元材料 周度产量|中国碳酸锂周度产量（吨）,三元材料 周度产量|中国碳酸锂周度产量（吨）,,绘图类型:单折线 | 轴信息:单Y轴 | 图例数:2
碳酸锂周报20260823.pdf,12,chart_36,正极材料 周度产量,单折线,单Y轴,正极材料 周度产量,正极材料 周度产量,,绘图类型:单折线 | 轴信息:单Y轴 | 图例数:1
碳酸锂周报20260823.pdf,12,chart_37,磷酸铁锂 周度产量,单折线,单Y轴,磷酸铁锂 周度产量|2026年中国碳酸锂周度产量,磷酸铁锂 周度产量|2026年中国碳酸锂周度产量,,绘图类型:单折线 | 轴信息:单Y轴 | 图例数:2
碳酸锂周报20260823.pdf,13,chart_38,SMM 碳酸锂 周度产量,复合混合(折线+柱状),单Y轴，含百分比轴,SMM 碳酸锂 周度产量|中国碳酸锂周度产量（吨）,SMM 碳酸锂 周度产量|中国碳酸锂周度产量（吨）,,绘图类型:复合混合(折线+柱状) | 轴信息:单Y轴，含百分比轴 | 图例数:2 | ★增强识别(2有效图例)
碳酸锂周报20260823.pdf,13,chart_39,碳酸锂 废料回收湿法 产量,单折线,单Y轴,碳酸锂 废料回收湿法 产量|碳酸锂:周度产量,碳酸锂 废料回收湿法 产量|碳酸锂:周度产量,,绘图类型:单折线 | 轴信息:单Y轴 | 图例数:2
碳酸锂周报20260823.pdf,13,chart_40,碳酸锂 盐湖产:周度,单折线,单Y轴,碳酸锂 盐湖产:周度,碳酸锂 盐湖产:周度,,绘图类型:单折线 | 轴信息:单Y轴 | 图例数:1
碳酸锂周报20260823.pdf,13,chart_41,碳酸锂 盐湖提锂 产量,单折线,单Y轴,碳酸锂 盐湖提锂 产量,碳酸锂 盐湖提锂 产量,,绘图类型:单折线 | 轴信息:单Y轴 | 图例数:1
碳酸锂周报20260823.pdf,13,chart_42,碳酸锂 硫酸法 周度产量,单折线,单Y轴,碳酸锂 硫酸法 周度产量,碳酸锂 硫酸法 周度产量,,绘图类型:单折线 | 轴信息:单Y轴 | 图例数:1
碳酸锂周报20260823.pdf,13,chart_43,碳酸锂 硫酸盐法 周度产量,单折线,单Y轴,碳酸锂 硫酸盐法 周度产量,碳酸锂 硫酸盐法 周度产量,,绘图类型:单折线 | 轴信息:单Y轴 | 图例数:1
碳酸锂周报20260823.pdf,13,chart_44,碳酸锂 盐湖总产量,单折线,单Y轴,碳酸锂 盐湖总产量|周度产量:碳酸锂:硫酸法,碳酸锂 盐湖总产量|周度产量:碳酸锂:硫酸法,,绘图类型:单折线 | 轴信息:单Y轴 | 图例数:2
碳酸锂周报20260823.pdf,13,chart_45,三元材料 周度产量,单折线,单Y轴,三元材料 周度产量|中国碳酸锂周度产量（吨）,三元材料 周度产量|中国碳酸锂周度产量（吨）,,绘图类型:单折线 | 轴信息:单Y轴 | 图例数:2
碳酸锂周报20260823.pdf,13,chart_46,正极材料 周度产量,单折线,单Y轴,正极材料 周度产量,正极材料 周度产量,,绘图类型:单折线 | 轴信息:单Y轴 | 图例数:1
碳酸锂周报20260823.pdf,13,chart_47,磷酸铁锂 周度产量,单折线,单Y轴,磷酸铁锂 周度产量,磷酸铁锂 周度产量,,绘图类型:单折线 | 轴信息:单Y轴 | 图例数:1
碳酸锂周报20260823.pdf,14,chart_48,SMM 碳酸锂 月度开工率,单折线,单Y轴，含百分比轴,SMM 碳酸锂 月度开工率,SMM 碳酸锂 月度开工率,,绘图类型:单折线 | 轴信息:单Y轴，含百分比轴 | 图例数:1
碳酸锂周报20260823.pdf,15,chart_49,SMM 碳酸锂 周度产量,单折线,单Y轴,SMM 碳酸锂 周度产量,SMM 碳酸锂 周度产量,,绘图类型:单折线 | 轴信息:单Y轴 | 图例数:1
碳酸锂周报20260823.pdf,15,chart_50,碳酸锂 硫酸法 周度产量,单折线,单Y轴,碳酸锂 硫酸法 周度产量,碳酸锂 硫酸法 周度产量,,绘图类型:单折线 | 轴信息:单Y轴 | 图例数:1
碳酸锂周报20260823.pdf,15,chart_51,碳酸锂 硫酸盐法 周度产量,单折线,单Y轴,碳酸锂 硫酸盐法 周度产量,碳酸锂 硫酸盐法 周度产量,,绘图类型:单折线 | 轴信息:单Y轴 | 图例数:1
碳酸锂周报20260823.pdf,15,chart_52,三元材料 周度产量,单折线,单Y轴,三元材料 周度产量|碳酸锂:周度产量（吨）,三元材料 周度产量|碳酸锂:周度产量（吨）,,绘图类型:单折线 | 轴信息:单Y轴 | 图例数:2
碳酸锂周报20260823.pdf,15,chart_53,正极材料 周度产量,单折线,单Y轴,正极材料 周度产量,正极材料 周度产量,,绘图类型:单折线 | 轴信息:单Y轴 | 图例数:1
碳酸锂周报20260823.pdf,16,chart_54,SMM 碳酸锂 周度产量,单折线,单Y轴,SMM 碳酸锂 周度产量,SMM 碳酸锂 周度产量,,绘图类型:单折线 | 轴信息:单Y轴 | 图例数:1
碳酸锂周报20260823.pdf,16,chart_55,碳酸锂 硫酸法 周度产量,单折线,单Y轴,碳酸锂 硫酸法 周度产量|汇总1,碳酸锂 硫酸法 周度产量,汇总1,绘图类型:单折线 | 轴信息:单Y轴 | 图例数:2
碳酸锂周报20260823.pdf,16,chart_56,碳酸锂 硫酸盐法 周度产量,单折线,单Y轴,碳酸锂 硫酸盐法 周度产量|汇总1,碳酸锂 硫酸盐法 周度产量,汇总1,绘图类型:单折线 | 轴信息:单Y轴 | 图例数:2
碳酸锂周报20260823.pdf,16,chart_57,三元材料 周度产量,单折线,单Y轴,三元材料 周度产量,三元材料 周度产量,,绘图类型:单折线 | 轴信息:单Y轴 | 图例数:1
碳酸锂周报20260823.pdf,16,chart_58,正极材料 周度产量,单折线,单Y轴,正极材料 周度产量,正极材料 周度产量,,绘图类型:单折线 | 轴信息:单Y轴 | 图例数:1
碳酸锂周报20260823.pdf,16,chart_59,磷酸铁锂 周度产量,单折线,单Y轴,磷酸铁锂 周度产量,磷酸铁锂 周度产量,,绘图类型:单折线 | 轴信息:单Y轴 | 图例数:1
碳酸锂周报20260823.pdf,17,chart_60,碳酸锂 月度进口量,单折线,单Y轴，含百分比轴,碳酸锂 月度进口量|碳酸锂月度进口量(万吨）,碳酸锂 月度进口量|碳酸锂月度进口量(万吨）,,绘图类型:单折线 | 轴信息:单Y轴，含百分比轴 | 图例数:2
碳酸锂周报20260823.pdf,22,chart_61,碳酸锂 大样本库存,单折线,单Y轴,碳酸锂 大样本库存|碳酸锂大样本库存:总计:周度SMM:,碳酸锂 大样本库存|碳酸锂大样本库存:总计:周度SMM:,,绘图类型:单折线 | 轴信息:单Y轴 | 图例数:2
碳酸锂周报20260823.pdf,23,chart_62,碳酸锂 工厂库存,单折线,单Y轴,碳酸锂 工厂库存,碳酸锂 工厂库存,,绘图类型:单折线 | 轴信息:单Y轴 | 图例数:1
碳酸锂周报20260823.pdf,24,chart_63,碳酸锂 供需平衡,单折线,单Y轴,碳酸锂 供需平衡|碳酸锂——总供应,碳酸锂 供需平衡|碳酸锂——总供应,,绘图类型:单折线 | 轴信息:单Y轴 | 图例数:2
碳酸锂周报20260823.pdf,25,chart_64,三元材料523 同比增速,单折线,单Y轴，含百分比轴,三元材料523 同比增速,三元材料523 同比增速,,绘图类型:单折线 | 轴信息:单Y轴，含百分比轴 | 图例数:1
碳酸锂周报20260823.pdf,25,chart_65,三元材料622 同比增速,单折线,单Y轴,三元材料622 同比增速,三元材料622 同比增速,,绘图类型:单折线 | 轴信息:单Y轴 | 图例数:1
碳酸锂周报20260823.pdf,25,chart_66,碳酸锂 三元523需求,单折线,单Y轴,碳酸锂 三元523需求,碳酸锂 三元523需求,,绘图类型:单折线 | 轴信息:单Y轴 | 图例数:1
碳酸锂周报20260823.pdf,25,chart_67,碳酸锂 磷酸铁锂需求,单折线,单Y轴,碳酸锂 磷酸铁锂需求,碳酸锂 磷酸铁锂需求,,绘图类型:单折线 | 轴信息:单Y轴 | 图例数:1
碳酸锂周报20260823.pdf,25,chart_68,磷酸铁锂 同比增速,单折线,单Y轴,磷酸铁锂 同比增速,磷酸铁锂 同比增速,,绘图类型:单折线 | 轴信息:单Y轴 | 图例数:1
碳酸锂周报20260823.pdf,25,chart_69,钴酸锂 同比增速,单折线,单Y轴，含百分比轴,钴酸锂 同比增速,钴酸锂 同比增速,,绘图类型:单折线 | 轴信息:单Y轴，含百分比轴 | 图例数:1
碳酸锂周报20260823.pdf,25,chart_70,锰酸锂 同比增速,单折线,单Y轴，含百分比轴,锰酸锂 同比增速,锰酸锂 同比增速,,绘图类型:单折线 | 轴信息:单Y轴，含百分比轴 | 图例数:1
碳酸锂周报20260823.pdf,25,chart_71,动力电池 出口:磷酸铁锂,单折线,单Y轴,动力电池 出口:磷酸铁锂,动力电池 出口:磷酸铁锂,,绘图类型:单折线 | 轴信息:单Y轴 | 图例数:1
碳酸锂周报20260823.pdf,26,chart_72,三元材料622 同比增速,单折线,单Y轴,三元材料622 同比增速,三元材料622 同比增速,,绘图类型:单折线 | 轴信息:单Y轴 | 图例数:1
碳酸锂周报20260823.pdf,26,chart_73,碳酸锂 盐湖总产量,单折线,单Y轴,碳酸锂 盐湖总产量,碳酸锂 盐湖总产量,,绘图类型:单折线 | 轴信息:单Y轴 | 图例数:1
碳酸锂周报20260823.pdf,26,chart_74,碳酸锂 磷酸铁锂需求,单折线,单Y轴,碳酸锂 磷酸铁锂需求,碳酸锂 磷酸铁锂需求,,绘图类型:单折线 | 轴信息:单Y轴 | 图例数:1
碳酸锂周报20260823.pdf,26,chart_75,碳酸锂 锂云母产量,单折线,单Y轴,碳酸锂 锂云母产量,碳酸锂 锂云母产量,,绘图类型:单折线 | 轴信息:单Y轴 | 图例数:1
碳酸锂周报20260823.pdf,26,chart_76,碳酸锂 锂辉石总产量,单折线,单Y轴,碳酸锂 锂辉石总产量,碳酸锂 锂辉石总产量,,绘图类型:单折线 | 轴信息:单Y轴 | 图例数:1
碳酸锂周报20260823.pdf,28,chart_77,动力电池 出口:磷酸铁锂,单折线,单Y轴,动力电池 出口:磷酸铁锂,动力电池 出口:磷酸铁锂,,绘图类型:单折线 | 轴信息:单Y轴 | 图例数:1
碳酸锂周报20260823.pdf,29,chart_78,三元材料 月度产量,单折线,单Y轴，含百分比轴,三元材料 月度产量,三元材料 月度产量,,绘图类型:单折线 | 轴信息:单Y轴，含百分比轴 | 图例数:1
碳酸锂周报20260823.pdf,29,chart_79,磷酸铁锂 月度产量,单折线,单Y轴，含百分比轴,磷酸铁锂 月度产量,磷酸铁锂 月度产量,,绘图类型:单折线 | 轴信息:单Y轴，含百分比轴 | 图例数:1
碳酸锂周报20260823.pdf,29,chart_80,钴酸锂 月度产量,单折线,单Y轴，含百分比轴,钴酸锂 月度产量,钴酸锂 月度产量,,绘图类型:单折线 | 轴信息:单Y轴，含百分比轴 | 图例数:1
碳酸锂周报20260823.pdf,29,chart_81,锰酸锂 月度产量,单折线,单Y轴，含百分比轴,锰酸锂 月度产量,锰酸锂 月度产量,,绘图类型:单折线 | 轴信息:单Y轴，含百分比轴 | 图例数:1
碳酸锂周报20260823.pdf,29,chart_82,储能电芯 月度产量,单折线,单Y轴,储能电芯 月度产量,储能电芯 月度产量,,绘图类型:单折线 | 轴信息:单Y轴 | 图例数:1
碳酸锂周报20260823.pdf,31,chart_83,SMM 碳酸锂 周度产量,单折线,单Y轴,SMM 碳酸锂 周度产量,SMM 碳酸锂 周度产量,,绘图类型:单折线 | 轴信息:单Y轴 | 图例数:1
碳酸锂周报20260823.pdf,31,chart_84,碳酸锂 硫酸法 周度产量,单折线,单Y轴,碳酸锂 硫酸法 周度产量,碳酸锂 硫酸法 周度产量,,绘图类型:单折线 | 轴信息:单Y轴 | 图例数:1
碳酸锂周报20260823.pdf,31,chart_85,三元材料 周度产量,单折线,单Y轴,三元材料 周度产量,三元材料 周度产量,,绘图类型:单折线 | 轴信息:单Y轴 | 图例数:1
碳酸锂周报20260823.pdf,31,chart_86,正极材料 周度产量,单折线,单Y轴,正极材料 周度产量,正极材料 周度产量,,绘图类型:单折线 | 轴信息:单Y轴 | 图例数:1
碳酸锂周报20260823.pdf,31,chart_87,磷酸铁锂 周度产量,单折线,单Y轴,磷酸铁锂 周度产量,磷酸铁锂 周度产量,,绘图类型:单折线 | 轴信息:单Y轴 | 图例数:1
碳酸锂周报20260823.pdf,32,chart_88,动力电池 出口:三元材料,单折线,单Y轴，含百分比轴,动力电池 出口:三元材料|三元材料总产量（吨）,动力电池 出口:三元材料|三元材料总产量（吨）,,绘图类型:单折线 | 轴信息:单Y轴，含百分比轴 | 图例数:2
碳酸锂周报20260823.pdf,32,chart_89,动力电池 出口:磷酸铁锂,单折线,单Y轴，含百分比轴,动力电池 出口:磷酸铁锂|磷酸铁锂总产量（吨）,动力电池 出口:磷酸铁锂|磷酸铁锂总产量（吨）,,绘图类型:单折线 | 轴信息:单Y轴，含百分比轴 | 图例数:2
碳酸锂周报20260823.pdf,33,chart_90,碳酸锂 工厂库存,单折线,单Y轴，含百分比轴,碳酸锂 工厂库存|磷酸铁锂周度库存：铁锂厂,碳酸锂 工厂库存|磷酸铁锂周度库存：铁锂厂,,绘图类型:单折线 | 轴信息:单Y轴，含百分比轴 | 图例数:2
碳酸锂周报20260823.pdf,33,chart_91,动力电池 出口:三元材料,单折线,单Y轴,动力电池 出口:三元材料,动力电池 出口:三元材料,,绘图类型:单折线 | 轴信息:单Y轴 | 图例数:1
碳酸锂周报20260823.pdf,33,chart_92,动力电池 出口:磷酸铁锂,单折线,单Y轴,动力电池 出口:磷酸铁锂,动力电池 出口:磷酸铁锂,,绘图类型:单折线 | 轴信息:单Y轴 | 图例数:1
碳酸锂周报20260823.pdf,35,chart_93,动力电池 出口:磷酸铁锂,单折线,单Y轴，含百分比轴,动力电池 出口:磷酸铁锂,动力电池 出口:磷酸铁锂,,绘图类型:单折线 | 轴信息:单Y轴，含百分比轴 | 图例数:1
碳酸锂周报20260823.pdf,35,chart_94,磷酸铁锂电池 产量,单折线,单Y轴,磷酸铁锂电池 产量,磷酸铁锂电池 产量,,绘图类型:单折线 | 轴信息:单Y轴 | 图例数:1
碳酸锂周报20260823.pdf,36,chart_95,动力电池 出口:磷酸铁锂,单折线,单Y轴，含百分比轴,动力电池 出口:磷酸铁锂,动力电池 出口:磷酸铁锂,,绘图类型:单折线 | 轴信息:单Y轴，含百分比轴 | 图例数:1
碳酸锂周报20260823.pdf,36,chart_96,磷酸铁锂电池 产量,单折线,单Y轴，含百分比轴,磷酸铁锂电池 产量,磷酸铁锂电池 产量,,绘图类型:单折线 | 轴信息:单Y轴，含百分比轴 | 图例数:1
碳酸锂周报20260823.pdf,37,chart_97,三元材料 月度产量,单折线,单Y轴,三元材料 月度产量,三元材料 月度产量,,绘图类型:单折线 | 轴信息:单Y轴 | 图例数:1
碳酸锂周报20260823.pdf,37,chart_98,磷酸铁锂 月度产量,单折线,单Y轴,磷酸铁锂 月度产量,磷酸铁锂 月度产量,,绘图类型:单折线 | 轴信息:单Y轴 | 图例数:1
碳酸锂周报20260823.pdf,37,chart_99,钴酸锂 月度产量,单折线,单Y轴,钴酸锂 月度产量,钴酸锂 月度产量,,绘图类型:单折线 | 轴信息:单Y轴 | 图例数:1
碳酸锂周报20260823.pdf,37,chart_100,储能电芯 月度产量,单折线,单Y轴,储能电芯 月度产量,储能电芯 月度产量,,绘图类型:单折线 | 轴信息:单Y轴 | 图例数:1
碳酸锂周报20260823.pdf,38,chart_101,其他电池 产量:当月值,单折线,单Y轴，含百分比轴,其他电池 产量:当月值,其他电池 产量:当月值,,绘图类型:单折线 | 轴信息:单Y轴，含百分比轴 | 图例数:1
碳酸锂周报20260823.pdf,38,chart_102,动力电池 产量:当月值,单折线,单Y轴,动力电池 产量:当月值,动力电池 产量:当月值,,绘图类型:单折线 | 轴信息:单Y轴 | 图例数:1
碳酸锂周报20260823.pdf,38,chart_103,动力电池 出口:磷酸铁锂,单折线,单Y轴,动力电池 出口:磷酸铁锂|中国:产量:其他电池:当月值中国:产量:动力和其他电池:当月值,动力电池 出口:磷酸铁锂|中国:产量:其他电池:当月值中国:产量:动力和其他电池:当月值,,绘图类型:单折线 | 轴信息:单Y轴 | 图例数:2
碳酸锂周报20260823.pdf,39,chart_104,其他电池(磷酸铁锂) 销量,单折线,单Y轴,其他电池(磷酸铁锂) 销量,其他电池(磷酸铁锂) 销量,,绘图类型:单折线 | 轴信息:单Y轴 | 图例数:1
碳酸锂周报20260823.pdf,39,chart_105,动力电池 出口:三元材料,单折线,单Y轴,动力电池 出口:三元材料,动力电池 出口:三元材料,,绘图类型:单折线 | 轴信息:单Y轴 | 图例数:1
碳酸锂周报20260823.pdf,39,chart_106,动力电池 出口:磷酸铁锂,堆叠柱状,单Y轴,动力电池 出口:磷酸铁锂|中国:出口量:动力电池(其他)|中国:出口量:其他电池,动力电池 出口:磷酸铁锂|中国:出口量:动力电池(其他)|中国:出口量:其他电池,,绘图类型:堆叠柱状 | 轴信息:单Y轴 | 图例数:3 | ★增强识别(3有效图例)
碳酸锂周报20260823.pdf,40,chart_107,其他电池(磷酸铁锂) 销量,单折线,单Y轴,其他电池(磷酸铁锂) 销量,其他电池(磷酸铁锂) 销量,,绘图类型:单折线 | 轴信息:单Y轴 | 图例数:1
碳酸锂周报20260823.pdf,40,chart_108,磷酸铁锂 电池 国内销量,单折线,单Y轴,磷酸铁锂 电池 国内销量,磷酸铁锂 电池 国内销量,,绘图类型:单折线 | 轴信息:单Y轴 | 图例数:1
碳酸锂周报20260823.pdf,40,chart_109,其他电池 国内销量,单折线,单Y轴,其他电池 国内销量,其他电池 国内销量,,绘图类型:单折线 | 轴信息:单Y轴 | 图例数:1
碳酸锂周报20260823.pdf,40,chart_110,动力电池 出口:三元材料,单折线,单Y轴,动力电池 出口:三元材料,动力电池 出口:三元材料,,绘图类型:单折线 | 轴信息:单Y轴 | 图例数:1
碳酸锂周报20260823.pdf,40,chart_111,动力电池 出口:磷酸铁锂,堆叠柱状,单Y轴,动力电池 出口:磷酸铁锂|销量:动力电池(其他)|销量:其他电池,动力电池 出口:磷酸铁锂|销量:动力电池(其他)|销量:其他电池,,绘图类型:堆叠柱状 | 轴信息:单Y轴 | 图例数:3 | ★增强识别(3有效图例)
碳酸锂周报20260823.pdf,40,chart_112,动力电池 国内销量,单折线,单Y轴,动力电池 国内销量|中国:国内销量:动力电池中国:国内销量:动力电池与储能电池（其他）,动力电池 国内销量|中国:国内销量:动力电池中国:国内销量:动力电池与储能电池（其他）,,绘图类型:单折线 | 轴信息:单Y轴 | 图例数:2
碳酸锂周报20260823.pdf,41,chart_113,动力电池 装车量:插混乘用车,单折线,单Y轴，含百分比轴,动力电池 装车量:插混乘用车,动力电池 装车量:插混乘用车,,绘图类型:单折线 | 轴信息:单Y轴，含百分比轴 | 图例数:1
碳酸锂周报20260823.pdf,41,chart_114,平均装车电量:纯电动,单折线,单Y轴,平均装车电量:纯电动,平均装车电量:纯电动,,绘图类型:单折线 | 轴信息:单Y轴 | 图例数:1
碳酸锂周报20260823.pdf,41,chart_115,其他电池 产量:当月值,单折线,单Y轴,其他电池 产量:当月值,其他电池 产量:当月值,,绘图类型:单折线 | 轴信息:单Y轴 | 图例数:1
碳酸锂周报20260823.pdf,41,chart_116,动力电池 产量:当月值,单折线,单Y轴,动力电池 产量:当月值,动力电池 产量:当月值,,绘图类型:单折线 | 轴信息:单Y轴 | 图例数:1
碳酸锂周报20260823.pdf,41,chart_117,新能源乘用车 产量,单折线,单Y轴，含百分比轴,新能源乘用车 产量|新能源乘用车产量（万辆）中国:批发销量:新能源乘用车:当月值,新能源乘用车 产量|新能源乘用车产量（万辆）中国:批发销量:新能源乘用车:当月值,,绘图类型:单折线 | 轴信息:单Y轴，含百分比轴 | 图例数:2
碳酸锂周报20260823.pdf,41,chart_118,新能源乘用车 出口占比,复合混合(折线+柱状),单Y轴，含百分比轴,新能源乘用车 出口占比|新能源乘用车产量（万辆）中国:批发销量:新能源乘用车:当月值,新能源乘用车 出口占比|新能源乘用车产量（万辆）中国:批发销量:新能源乘用车:当月值,,绘图类型:复合混合(折线+柱状) | 轴信息:单Y轴，含百分比轴 | 图例数:2 | ★增强识别(2有效图例)
碳酸锂周报20260823.pdf,42,chart_119,其他电池 产量:当月值,单折线,单Y轴,其他电池 产量:当月值,其他电池 产量:当月值,,绘图类型:单折线 | 轴信息:单Y轴 | 图例数:1
碳酸锂周报20260823.pdf,42,chart_120,新能源乘用车 产量,单折线,单Y轴,新能源乘用车 产量|中国:批发销量:新能源乘用车:当月值,新能源乘用车 产量|中国:批发销量:新能源乘用车:当月值,,绘图类型:单折线 | 轴信息:单Y轴 | 图例数:2
碳酸锂周报20260823.pdf,43,chart_121,新能源乘用车 产量,单折线,单Y轴,新能源乘用车 产量,新能源乘用车 产量,,绘图类型:单折线 | 轴信息:单Y轴 | 图例数:1
碳酸锂周报20260823.pdf,43,chart_122,新能源乘用车 出口占比,单折线,单Y轴,新能源乘用车 出口占比,新能源乘用车 出口占比,,绘图类型:单折线 | 轴信息:单Y轴 | 图例数:1
碳酸锂周报20260823.pdf,44,chart_123,新能源乘用车 产量,单折线,单Y轴,新能源乘用车 产量,新能源乘用车 产量,,绘图类型:单折线 | 轴信息:单Y轴 | 图例数:1
碳酸锂周报20260823.pdf,44,chart_124,新能源乘用车 出口占比,复合混合(折线+柱状),单Y轴,新能源乘用车 出口占比|中国:出口量占批发销量比例:新能源乘用车中国:出口量:新能源乘用车,新能源乘用车 出口占比|中国:出口量占批发销量比例:新能源乘用车中国:出口量:新能源乘用车,,绘图类型:复合混合(折线+柱状) | 轴信息:单Y轴 | 图例数:2 | ★增强识别(2有效图例)
碳酸锂周报20260823.pdf,46,chart_125,动力电池 装车量:插混乘用车,单折线,单Y轴,动力电池 装车量:插混乘用车,动力电池 装车量:插混乘用车,,绘图类型:单折线 | 轴信息:单Y轴 | 图例数:1
碳酸锂周报20260823.pdf,46,chart_126,动力电池 装车量:纯电动乘用车,单折线,单Y轴,动力电池 装车量:纯电动乘用车,动力电池 装车量:纯电动乘用车,,绘图类型:单折线 | 轴信息:单Y轴 | 图例数:1
碳酸锂周报20260823.pdf,48,chart_127,动力电池 装车量:插混乘用车,单折线,单Y轴,动力电池 装车量:插混乘用车,动力电池 装车量:插混乘用车,,绘图类型:单折线 | 轴信息:单Y轴 | 图例数:1
碳酸锂周报20260823.pdf,48,chart_128,动力电池 装车量:纯电动乘用车,单折线,单Y轴,动力电池 装车量:纯电动乘用车,动力电池 装车量:纯电动乘用车,,绘图类型:单折线 | 轴信息:单Y轴 | 图例数:1
碳酸锂周报20260823.pdf,51,chart_129,平均装车电量:纯电动,堆叠柱状,单Y轴,平均装车电量:纯电动|中国:产量:商用车:微型货车(纯电动):当月值|中国:产量:商用车:中型货车非完整车辆(纯电动):当月值|中国:产量:商用车:微型货车非完整车辆(纯电动):当月值,平均装车电量:纯电动|中国:产量:商用车:微型货车(纯电动):当月值|中国:产量:商用车:中型货车非完整车辆(纯电动):当月值|中国:产量:商用车:微型货车非完整车辆(纯电动):当月值,,绘图类型:堆叠柱状 | 轴信息:单Y轴 | 图例数:4 | ★增强识别(4有效图例)
碳酸锂周报20260823.pdf,51,chart_130,其他电池 产量:当月值,单折线,单Y轴,其他电池 产量:当月值|中国:产量:商用车:轻型货车(纯电动):当月值,其他电池 产量:当月值|中国:产量:商用车:轻型货车(纯电动):当月值,,绘图类型:单折线 | 轴信息:单Y轴 | 图例数:2
碳酸锂周报20260823.pdf,51,chart_131,动力电池 产量:当月值,堆叠柱状,单Y轴,动力电池 产量:当月值|中国:产量:商用车:重型货车(纯电动):当月值|中国:产量:商用车:重型货车非完整车辆(纯电动):当月值|中国:产量:商用车:轻型货车非完整车辆(纯电动):当月值|中国:产量:商用车:半挂牵引车(纯电动):当月值,动力电池 产量:当月值|中国:产量:商用车:重型货车(纯电动):当月值|中国:产量:商用车:重型货车非完整车辆(纯电动):当月值|中国:产量:商用车:轻型货车非完整车辆(纯电动):当月值|中国:产量:商用车:半挂牵引车(纯电动):当月值,,绘图类型:堆叠柱状 | 轴信息:单Y轴 | 图例数:5 | ★增强识别(5有效图例)
碳酸锂周报20260823.pdf,52,chart_132,平均装车电量:纯电动,堆叠柱状,单Y轴,平均装车电量:纯电动|中国:产量:商用车:半挂牵引车(纯电动)渗透率,平均装车电量:纯电动|中国:产量:商用车:半挂牵引车(纯电动)渗透率,,绘图类型:堆叠柱状 | 轴信息:单Y轴 | 图例数:2 | ★增强识别(2有效图例)
碳酸锂周报20260823.pdf,53,chart_133,三元材料 月度产量,单折线,单Y轴,三元材料 月度产量,三元材料 月度产量,,绘图类型:单折线 | 轴信息:单Y轴 | 图例数:1
碳酸锂周报20260823.pdf,53,chart_134,磷酸铁锂 月度产量,单折线,单Y轴,磷酸铁锂 月度产量,磷酸铁锂 月度产量,,绘图类型:单折线 | 轴信息:单Y轴 | 图例数:1
碳酸锂周报20260823.pdf,54,chart_135,其他电池(磷酸铁锂) 销量,单折线,单Y轴,其他电池(磷酸铁锂) 销量,其他电池(磷酸铁锂) 销量,,绘图类型:单折线 | 轴信息:单Y轴 | 图例数:1
碳酸锂周报20260823.pdf,54,chart_136,磷酸铁锂 电池 国内销量,单折线,单Y轴,磷酸铁锂 电池 国内销量,磷酸铁锂 电池 国内销量,,绘图类型:单折线 | 轴信息:单Y轴 | 图例数:1
碳酸锂周报20260823.pdf,54,chart_137,其他电池 国内销量,单折线,单Y轴,其他电池 国内销量|中国:国内销量:其他电池(磷酸铁锂):当月值,其他电池 国内销量|中国:国内销量:其他电池(磷酸铁锂):当月值,,绘图类型:单折线 | 轴信息:单Y轴 | 图例数:2
碳酸锂周报20260823.pdf,56,chart_138,储能系统 中标容量,单折线,单Y轴,储能系统 中标容量,储能系统 中标容量,,绘图类型:单折线 | 轴信息:单Y轴 | 图例数:1
碳酸锂周报20260823.pdf,58,chart_139,储能 电芯集采,单折线,单Y轴,储能 电芯集采,储能 电芯集采,,绘图类型:单折线 | 轴信息:单Y轴 | 图例数:1
碳酸锂周报20260823.pdf,58,chart_140,储能系统 中标容量,单折线,单Y轴,储能系统 中标容量,储能系统 中标容量,,绘图类型:单折线 | 轴信息:单Y轴 | 图例数:1
铝周报20260830.pdf,4,chart_01,电解铝:社库+厂库,多折线,单Y轴,电解铝:社库+厂库|成品环比+1.55万吨。|可提货仓单或逐渐耗尽，转为净入库后现货升贴水也暂,电解铝:社库+厂库|可提货仓单或逐渐耗尽，转为净入库后现货升贴水也暂,成品环比+1.55万吨。,绘图类型:多折线 | 轴信息:单Y轴 | 图例数:3
铝周报20260830.pdf,4,chart_02,铝水比例,多折线,单Y轴,铝水比例|成品环比+1.55万吨。|可提货仓单或逐渐耗尽，转为净入库后现货升贴水也暂,铝水比例|可提货仓单或逐渐耗尽，转为净入库后现货升贴水也暂,成品环比+1.55万吨。,绘图类型:多折线 | 轴信息:单Y轴 | 图例数:3
铝周报20260830.pdf,5,chart_03,中东原铝净出口（以HS7601贸易余额推算）,单折线,单Y轴,中东原铝净出口（以HS7601贸易余额推算）,中东原铝净出口（以HS7601贸易余额推算）,,绘图类型:单折线 | 轴信息:单Y轴 | 图例数:1
铝周报20260830.pdf,6,chart_04,过去一周LME场内+场外库存日均变化量,单折线,单Y轴,过去一周LME场内+场外库存日均变化量,过去一周LME场内+场外库存日均变化量,,绘图类型:单折线 | 轴信息:单Y轴 | 图例数:1
铝周报20260830.pdf,6,chart_05,LME俄铝外库存多集中在注销仓单与场外库存中，当前已是低位,多折线,单Y轴,LME俄铝外库存多集中在注销仓单与场外库存中，当前已是低位|注销仓单|场外库存,LME俄铝外库存多集中在注销仓单与场外库存中，当前已是低位|注销仓单|场外库存,,绘图类型:多折线 | 轴信息:单Y轴 | 图例数:3
铝周报20260830.pdf,8,chart_06,A00,单折线,单Y轴,A00|价格,A00|价格,,绘图类型:单折线 | 轴信息:单Y轴 | 图例数:2
铝周报20260830.pdf,8,chart_07,A00升贴水（上海）,单折线,单Y轴,A00升贴水（上海）,A00升贴水（上海）,,绘图类型:单折线 | 轴信息:单Y轴 | 图例数:1
铝周报20260830.pdf,8,chart_08,A00升贴水（巩义）,单折线,单Y轴,A00升贴水（巩义）,A00升贴水（巩义）,,绘图类型:单折线 | 轴信息:单Y轴 | 图例数:1
铝周报20260830.pdf,8,chart_09,A00升贴水（佛山）,单折线,单Y轴,A00升贴水（佛山）,A00升贴水（佛山）,,绘图类型:单折线 | 轴信息:单Y轴 | 图例数:1
铝周报20260830.pdf,9,chart_10,SHFE铝：连一-连二,单折线,单Y轴,SHFE铝：连一-连二,SHFE铝：连一-连二,,绘图类型:单折线 | 轴信息:单Y轴 | 图例数:1
铝周报20260830.pdf,9,chart_11,库存期货:铝,单折线,单Y轴,库存期货:铝,库存期货:铝,,绘图类型:单折线 | 轴信息:单Y轴 | 图例数:1
铝周报20260830.pdf,9,chart_12,SHFE铝总持仓,单折线,单Y轴,SHFE铝总持仓,SHFE铝总持仓,,绘图类型:单折线 | 轴信息:单Y轴 | 图例数:1
铝周报20260830.pdf,9,chart_13,SHFE铝近3月虚实比,单折线,单Y轴,SHFE铝近3月虚实比,SHFE铝近3月虚实比,,绘图类型:单折线 | 轴信息:单Y轴 | 图例数:1
铝周报20260830.pdf,10,chart_14,LME铝,单折线,单Y轴,LME铝,LME铝,,绘图类型:单折线 | 轴信息:单Y轴 | 图例数:1
铝周报20260830.pdf,10,chart_15,LME铝(0-3M)价差,单折线,单Y轴,LME铝(0-3M)价差,LME铝(0-3M)价差,,绘图类型:单折线 | 轴信息:单Y轴 | 图例数:1
铝周报20260830.pdf,10,chart_16,LME铝远月月差(3-15),多折线,单Y轴,LME铝远月月差(3-15)|图图：：SLMHFEE持铝仓近情3况月持仓|0美元/吨,LME铝远月月差(3-15)|图图：：SLMHFEE持铝仓近情3况月持仓,0美元/吨,绘图类型:多折线 | 轴信息:单Y轴 | 图例数:3
铝周报20260830.pdf,11,chart_17,USMW溢价(M1),单折线,单Y轴,USMW溢价(M1),USMW溢价(M1),,绘图类型:单折线 | 轴信息:单Y轴 | 图例数:1
铝周报20260830.pdf,11,chart_18,欧洲含税溢价(M3),单折线,单Y轴,欧洲含税溢价(M3),欧洲含税溢价(M3),,绘图类型:单折线 | 轴信息:单Y轴 | 图例数:1
铝周报20260830.pdf,11,chart_19,铝溢价连一合约,单折线,单Y轴,铝溢价连一合约,铝溢价连一合约,,绘图类型:单折线 | 轴信息:单Y轴 | 图例数:1
铝周报20260830.pdf,11,chart_20,铝现货升贴水,单折线,单Y轴,铝现货升贴水,铝现货升贴水,,绘图类型:单折线 | 轴信息:单Y轴 | 图例数:1
铝周报20260830.pdf,12,chart_21,沪铝与沪铜连一连二50Delta期权IV,单折线,单Y轴，含百分比轴,沪铝与沪铜连一连二50Delta期权IV,沪铝与沪铜连一连二50Delta期权IV,,绘图类型:单折线 | 轴信息:单Y轴，含百分比轴 | 图例数:1
铝周报20260830.pdf,12,chart_22,沪铝25Δ,双Y轴复合,双Y轴(百分比),沪铝25Δ|Risk|Reversal,,沪铝25Δ|Risk|Reversal,绘图类型:双Y轴复合 | 轴信息:双Y轴(百分比) | 图例数:3 | ★增强识别(3有效图例)
铝周报20260830.pdf,12,chart_23,沪铜25Δ,双Y轴复合,双Y轴(百分比),沪铜25Δ|Risk|Reversal,,沪铜25Δ|Risk|Reversal,绘图类型:双Y轴复合 | 轴信息:双Y轴(百分比) | 图例数:3 | ★增强识别(3有效图例)
铝周报20260830.pdf,12,chart_24,沪铝IV,单折线,单Y轴，含百分比轴,沪铝IV|Curve,,沪铝IV|Curve,绘图类型:单折线 | 轴信息:单Y轴，含百分比轴 | 图例数:2
铝周报20260830.pdf,14,chart_25,电解铝生产利润,单折线,单Y轴,电解铝生产利润,电解铝生产利润,,绘图类型:单折线 | 轴信息:单Y轴 | 图例数:1
铝周报20260830.pdf,14,chart_26,铝内外价差低位震荡,单折线,单Y轴,铝内外价差低位震荡,铝内外价差低位震荡,,绘图类型:单折线 | 轴信息:单Y轴 | 图例数:1
铝周报20260830.pdf,15,chart_27,铝材出口利润,单折线,单Y轴,铝材出口利润,铝材出口利润,,绘图类型:单折线 | 轴信息:单Y轴 | 图例数:1
铝周报20260830.pdf,15,chart_28,铝板带出口利润,单折线,单Y轴,铝板带出口利润,铝板带出口利润,,绘图类型:单折线 | 轴信息:单Y轴 | 图例数:1
铝周报20260830.pdf,16,chart_29,AL盘面结构,表格截面,单Y轴,AL盘面结构|Cash|连续合约|连一|连二|连三|连四|连五,AL盘面结构|连续合约|连一|连二,Cash|连三|连四|连五,绘图类型:表格截面 | 轴信息:单Y轴 | 图例数:8
铝周报20260830.pdf,18,chart_30,LME电解铝总库存,堆叠面积,单Y轴,LME电解铝总库存|0万吨|Russia2021年,LME电解铝总库存|Russia2021年,0万吨,绘图类型:堆叠面积 | 轴信息:单Y轴 | 图例数:3 | ★增强识别(2有效图例)
铝周报20260830.pdf,18,chart_31,LME仓单原产地,堆叠柱状,单Y轴,LME仓单原产地|0万吨|India|Russia2021年,LME仓单原产地|Russia2021年,0万吨|India,绘图类型:堆叠柱状 | 轴信息:单Y轴 | 图例数:4 | ★增强识别(3有效图例)
铝周报20260830.pdf,18,chart_32,LME主要仓库场内库存,单折线,单Y轴,LME主要仓库场内库存,LME主要仓库场内库存,,绘图类型:单折线 | 轴信息:单Y轴 | 图例数:1
铝周报20260830.pdf,18,chart_33,LME主要仓库注销仓单,单折线,单Y轴,LME主要仓库注销仓单,LME主要仓库注销仓单,,绘图类型:单折线 | 轴信息:单Y轴 | 图例数:1
铝周报20260830.pdf,19,chart_34,铝棒+铝锭社库,单折线,单Y轴,铝棒+铝锭社库,铝棒+铝锭社库,,绘图类型:单折线 | 轴信息:单Y轴 | 图例数:1
铝周报20260830.pdf,19,chart_35,铝棒+铝锭总库存,单折线,单Y轴,铝棒+铝锭总库存,铝棒+铝锭总库存,,绘图类型:单折线 | 轴信息:单Y轴 | 图例数:1
铝周报20260830.pdf,20,chart_36,电解铝-社库,单折线,单Y轴,电解铝-社库,电解铝-社库,,绘图类型:单折线 | 轴信息:单Y轴 | 图例数:1
铝周报20260830.pdf,20,chart_37,期货库存小计:铝,单折线,单Y轴,期货库存小计:铝,期货库存小计:铝,,绘图类型:单折线 | 轴信息:单Y轴 | 图例数:1
铝周报20260830.pdf,20,chart_38,电解铝：厂库,单折线,单Y轴,电解铝：厂库,电解铝：厂库,,绘图类型:单折线 | 轴信息:单Y轴 | 图例数:1
铝周报20260830.pdf,20,chart_39,电解铝：社库+厂库（农历）,堆叠柱状,单Y轴,电解铝：社库+厂库（农历）|春节,电解铝：社库+厂库（农历）,春节,绘图类型:堆叠柱状 | 轴信息:单Y轴 | 图例数:2 | ★增强识别(2有效图例)
铝周报20260830.pdf,21,chart_40,铝棒-社库+厂库,单折线,单Y轴,铝棒-社库+厂库,铝棒-社库+厂库,,绘图类型:单折线 | 轴信息:单Y轴 | 图例数:1
铝周报20260830.pdf,21,chart_41,铝棒-社库+厂库（农历）,堆叠柱状,单Y轴,铝棒-社库+厂库（农历）|春节,铝棒-社库+厂库（农历）,春节,绘图类型:堆叠柱状 | 轴信息:单Y轴 | 图例数:2 | ★增强识别(2有效图例)
铝周报20260830.pdf,21,chart_42,铝棒：厂库,单折线,单Y轴,铝棒：厂库,铝棒：厂库,,绘图类型:单折线 | 轴信息:单Y轴 | 图例数:1
铝周报20260830.pdf,21,chart_43,铝棒：社库,单折线,单Y轴,铝棒：社库,铝棒：社库,,绘图类型:单折线 | 轴信息:单Y轴 | 图例数:1
铝周报20260830.pdf,22,chart_44,铝板带箔-成品库存,单折线,单Y轴,铝板带箔-成品库存,铝板带箔-成品库存,,绘图类型:单折线 | 轴信息:单Y轴 | 图例数:1
铝周报20260830.pdf,22,chart_45,铝板带箔-成品库存天数,单折线,单Y轴,铝板带箔-成品库存天数,铝板带箔-成品库存天数,,绘图类型:单折线 | 轴信息:单Y轴 | 图例数:1
铝周报20260830.pdf,22,chart_46,铝板带箔-原料库存,单折线,单Y轴,铝板带箔-原料库存|天万吨,铝板带箔-原料库存,天万吨,绘图类型:单折线 | 轴信息:单Y轴 | 图例数:2
铝周报20260830.pdf,22,chart_47,铝板带箔-原料库存天数,单折线,单Y轴,铝板带箔-原料库存天数|天万吨,铝板带箔-原料库存天数,天万吨,绘图类型:单折线 | 轴信息:单Y轴 | 图例数:2
铝周报20260830.pdf,23,chart_48,电解铝-产量,单折线,单Y轴,电解铝-产量,电解铝-产量,,绘图类型:单折线 | 轴信息:单Y轴 | 图例数:1
铝周报20260830.pdf,23,chart_49,电解铝-表需,单折线,单Y轴,电解铝-表需,电解铝-表需,,绘图类型:单折线 | 轴信息:单Y轴 | 图例数:1
铝周报20260830.pdf,23,chart_50,铝棒-产量,单折线,单Y轴,铝棒-产量,铝棒-产量,,绘图类型:单折线 | 轴信息:单Y轴 | 图例数:1
铝周报20260830.pdf,23,chart_51,铝棒-表需,单折线,单Y轴,铝棒-表需,铝棒-表需,,绘图类型:单折线 | 轴信息:单Y轴 | 图例数:1
铝周报20260830.pdf,24,chart_52,电解铝总供应量,单折线,单Y轴,电解铝总供应量,电解铝总供应量,,绘图类型:单折线 | 轴信息:单Y轴 | 图例数:1
铝周报20260830.pdf,24,chart_53,铝材与铝制品净出口,单折线,单Y轴,铝材与铝制品净出口,铝材与铝制品净出口,,绘图类型:单折线 | 轴信息:单Y轴 | 图例数:1
铝周报20260830.pdf,24,chart_54,锭棒总消费,单折线,单Y轴,锭棒总消费,锭棒总消费,,绘图类型:单折线 | 轴信息:单Y轴 | 图例数:1
铝周报20260830.pdf,24,chart_55,锭棒表观内需,单折线,单Y轴,锭棒表观内需,锭棒表观内需,,绘图类型:单折线 | 轴信息:单Y轴 | 图例数:1
铝周报20260830.pdf,25,chart_56,未锻轧铝进口量,单折线,单Y轴,未锻轧铝进口量|万万吨吨万吨,未锻轧铝进口量,万万吨吨万吨,绘图类型:单折线 | 轴信息:单Y轴 | 图例数:2
铝周报20260830.pdf,25,chart_57,铝合金进口量,单折线,单Y轴,铝合金进口量|万万吨吨万吨,铝合金进口量,万万吨吨万吨,绘图类型:单折线 | 轴信息:单Y轴 | 图例数:2
铝周报20260830.pdf,25,chart_58,废铝进口总量,单折线,单Y轴,废铝进口总量|万万吨吨万吨,废铝进口总量,万万吨吨万吨,绘图类型:单折线 | 轴信息:单Y轴 | 图例数:2
铝周报20260830.pdf,25,chart_59,铝材进口量,单折线,单Y轴,铝材进口量,铝材进口量,,绘图类型:单折线 | 轴信息:单Y轴 | 图例数:1
铝周报20260830.pdf,25,chart_60,铝材进口量-板带,单折线,单Y轴,铝材进口量-板带|万吨万吨,铝材进口量-板带,万吨万吨,绘图类型:单折线 | 轴信息:单Y轴 | 图例数:2
铝周报20260830.pdf,25,chart_61,铝材进口量-铝箔,单折线,单Y轴,铝材进口量-铝箔|万吨万吨,铝材进口量-铝箔,万吨万吨,绘图类型:单折线 | 轴信息:单Y轴 | 图例数:2
铝周报20260830.pdf,26,chart_62,原铝进口-俄罗斯,单折线,单Y轴,原铝进口-俄罗斯,原铝进口-俄罗斯,,绘图类型:单折线 | 轴信息:单Y轴 | 图例数:1
铝周报20260830.pdf,26,chart_63,原铝进口-印度,单折线,单Y轴,原铝进口-印度,原铝进口-印度,,绘图类型:单折线 | 轴信息:单Y轴 | 图例数:1
铝周报20260830.pdf,26,chart_64,原铝进口-印度尼西亚,单折线,单Y轴,原铝进口-印度尼西亚,原铝进口-印度尼西亚,,绘图类型:单折线 | 轴信息:单Y轴 | 图例数:1
铝周报20260830.pdf,26,chart_65,原铝进口-其他国家,单折线,单Y轴,原铝进口-其他国家,原铝进口-其他国家,,绘图类型:单折线 | 轴信息:单Y轴 | 图例数:1
铝周报20260830.pdf,27,chart_66,铝水比例,复合混合(折线+柱状),单Y轴，含百分比轴,铝水比例|万吨%,铝水比例,万吨%,绘图类型:复合混合(折线+柱状) | 轴信息:单Y轴，含百分比轴 | 图例数:2 | ★增强识别(2有效图例)
铝周报20260830.pdf,27,chart_67,铝棒月产量,复合混合(折线+柱状),单Y轴，含百分比轴,铝棒月产量|万吨%,铝棒月产量,万吨%,绘图类型:复合混合(折线+柱状) | 轴信息:单Y轴，含百分比轴 | 图例数:2 | ★增强识别(2有效图例)
铝周报20260830.pdf,27,chart_68,铝型材月产量,单折线,单Y轴,铝型材月产量,铝型材月产量,,绘图类型:单折线 | 轴信息:单Y轴 | 图例数:1
铝周报20260830.pdf,27,chart_69,铝板带箔月产量,单折线,单Y轴,铝板带箔月产量,铝板带箔月产量,,绘图类型:单折线 | 轴信息:单Y轴 | 图例数:1
铝周报20260830.pdf,28,chart_70,铝杆月产量,单折线,单Y轴,铝杆月产量,铝杆月产量,,绘图类型:单折线 | 轴信息:单Y轴 | 图例数:1
铝周报20260830.pdf,28,chart_71,原生铝合金月产量,单折线,单Y轴,原生铝合金月产量,原生铝合金月产量,,绘图类型:单折线 | 轴信息:单Y轴 | 图例数:1
铝周报20260830.pdf,28,chart_72,再生铝合金月产量,单折线,单Y轴,再生铝合金月产量,再生铝合金月产量,,绘图类型:单折线 | 轴信息:单Y轴 | 图例数:1
铝周报20260830.pdf,28,chart_73,铝杆开工率,单折线,单Y轴，含百分比轴,铝杆开工率,铝杆开工率,,绘图类型:单折线 | 轴信息:单Y轴，含百分比轴 | 图例数:1
铝周报20260830.pdf,28,chart_74,原生铝合金开工率,单折线,单Y轴，含百分比轴,原生铝合金开工率,原生铝合金开工率,,绘图类型:单折线 | 轴信息:单Y轴，含百分比轴 | 图例数:1
铝周报20260830.pdf,28,chart_75,再生铝合金开工率,单折线,单Y轴，含百分比轴,再生铝合金开工率,再生铝合金开工率,,绘图类型:单折线 | 轴信息:单Y轴，含百分比轴 | 图例数:1
铝周报20260830.pdf,29,chart_76,电解铝：出库量：中国,单折线,单Y轴,电解铝：出库量：中国,电解铝：出库量：中国,,绘图类型:单折线 | 轴信息:单Y轴 | 图例数:1
铝周报20260830.pdf,29,chart_77,电解铝-表观入库,单折线,单Y轴,电解铝-表观入库,电解铝-表观入库,,绘图类型:单折线 | 轴信息:单Y轴 | 图例数:1
铝周报20260830.pdf,29,chart_78,铝棒：出库量：中国,单折线,单Y轴,铝棒：出库量：中国,铝棒：出库量：中国,,绘图类型:单折线 | 轴信息:单Y轴 | 图例数:1
铝周报20260830.pdf,29,chart_79,铝棒-表观入库,单折线,单Y轴,铝棒-表观入库,铝棒-表观入库,,绘图类型:单折线 | 轴信息:单Y轴 | 图例数:1
铝周报20260830.pdf,30,chart_80,SMM:,单折线,单Y轴,SMM:|日度,SMM:,日度,绘图类型:单折线 | 轴信息:单Y轴 | 图例数:2
铝周报20260830.pdf,30,chart_81,SMM:,单折线,单Y轴,SMM:|日度,SMM:,日度,绘图类型:单折线 | 轴信息:单Y轴 | 图例数:2
铝周报20260830.pdf,30,chart_82,SMM:,单折线,单Y轴,SMM:|日度,SMM:,日度,绘图类型:单折线 | 轴信息:单Y轴 | 图例数:2
铝周报20260830.pdf,30,chart_83,SMM:,单折线,单Y轴,SMM:|日度,SMM:,日度,绘图类型:单折线 | 轴信息:单Y轴 | 图例数:2
铝周报20260830.pdf,31,chart_84,SMM:,多折线,单Y轴,SMM:|1A60铝杆加工费(山东)|平均价:|日度|元/吨元/吨,SMM:|1A60铝杆加工费(山东),平均价:|日度|元/吨元/吨,绘图类型:多折线 | 轴信息:单Y轴 | 图例数:5
铝周报20260830.pdf,31,chart_85,SMM:,多折线,单Y轴,SMM:|1A60铝杆加工费(内蒙)|平均价:|日度|元/吨元/吨,SMM:|1A60铝杆加工费(内蒙),平均价:|日度|元/吨元/吨,绘图类型:多折线 | 轴信息:单Y轴 | 图例数:5
铝周报20260830.pdf,31,chart_86,SMM:,多折线,单Y轴,SMM:|低碳1系双零箔（加工费）|平均价:|日度,SMM:|低碳1系双零箔（加工费）,平均价:|日度,绘图类型:多折线 | 轴信息:单Y轴 | 图例数:4
铝周报20260830.pdf,31,chart_87,SMM:,多折线,单Y轴,SMM:|锂电池铝箔加工费13μ|平均价:|周度,SMM:|锂电池铝箔加工费13μ,平均价:|周度,绘图类型:多折线 | 轴信息:单Y轴 | 图例数:4
铝周报20260830.pdf,32,chart_88,出口-原铝,单折线,单Y轴,出口-原铝,出口-原铝,,绘图类型:单折线 | 轴信息:单Y轴 | 图例数:1
铝周报20260830.pdf,32,chart_89,出口-未锻轧铝合金,单折线,单Y轴,出口-未锻轧铝合金,出口-未锻轧铝合金,,绘图类型:单折线 | 轴信息:单Y轴 | 图例数:1
铝周报20260830.pdf,32,chart_90,出口-铝材,单折线,单Y轴,出口-铝材,出口-铝材,,绘图类型:单折线 | 轴信息:单Y轴 | 图例数:1
铝周报20260830.pdf,32,chart_91,出口-铝制品,单折线,单Y轴,出口-铝制品|万吨万吨,出口-铝制品,万吨万吨,绘图类型:单折线 | 轴信息:单Y轴 | 图例数:2
铝周报20260830.pdf,32,chart_92,出口-铝材-型材条杆,单折线,单Y轴,出口-铝材-型材条杆|万吨万吨,出口-铝材-型材条杆,万吨万吨,绘图类型:单折线 | 轴信息:单Y轴 | 图例数:2
铝周报20260830.pdf,32,chart_93,出口-铝材-板带箔,单折线,单Y轴,出口-铝材-板带箔|万吨万吨,出口-铝材-板带箔,万吨万吨,绘图类型:单折线 | 轴信息:单Y轴 | 图例数:2
铝周报20260830.pdf,33,chart_94,铝材出口利润与出口量之间呈正相关,双Y轴复合,双Y轴(百分比),铝材出口利润与出口量之间呈正相关|铝材出口量同比（右轴）|铝制品口量同比（右轴）,铝材出口利润与出口量之间呈正相关|铝材出口量同比（右轴）|铝制品口量同比（右轴）,,绘图类型:双Y轴复合 | 轴信息:双Y轴(百分比) | 图例数:3 | ★增强识别(3有效图例)
铝周报20260830.pdf,34,chart_95,电解铝进口利润与进口结构,单折线,双Y轴,电解铝进口利润与进口结构,电解铝进口利润与进口结构,,绘图类型:单折线 | 轴信息:双Y轴 | 图例数:1
铝周报20260830.pdf,35,chart_96,铝材出口-东南亚,单折线,单Y轴,铝材出口-东南亚,铝材出口-东南亚,,绘图类型:单折线 | 轴信息:单Y轴 | 图例数:1
铝周报20260830.pdf,35,chart_97,铝材出口-北美,单折线,单Y轴,铝材出口-北美,铝材出口-北美,,绘图类型:单折线 | 轴信息:单Y轴 | 图例数:1
铝周报20260830.pdf,35,chart_98,铝材出口-中东,单折线,单Y轴,铝材出口-中东|万吨9,铝材出口-中东,万吨9,绘图类型:单折线 | 轴信息:单Y轴 | 图例数:2
铝周报20260830.pdf,35,chart_99,铝材出口-EU-27,单折线,单Y轴,铝材出口-EU-27|万吨9,铝材出口-EU-27,万吨9,绘图类型:单折线 | 轴信息:单Y轴 | 图例数:2
铝周报20260830.pdf,36,chart_100,铝制品出口-EU-27,单折线,单Y轴,铝制品出口-EU-27|万吨9,铝制品出口-EU-27,万吨9,绘图类型:单折线 | 轴信息:单Y轴 | 图例数:2
铝周报20260830.pdf,36,chart_101,铝制品出口-北美,单折线,单Y轴,铝制品出口-北美|万吨9,铝制品出口-北美,万吨9,绘图类型:单折线 | 轴信息:单Y轴 | 图例数:2
铝周报20260830.pdf,36,chart_102,铝制品出口-东南亚,单折线,单Y轴,铝制品出口-东南亚|万吨9,铝制品出口-东南亚,万吨9,绘图类型:单折线 | 轴信息:单Y轴 | 图例数:2
铝周报20260830.pdf,36,chart_103,铝制品出口-中东,单折线,单Y轴,铝制品出口-中东|万吨9,铝制品出口-中东,万吨9,绘图类型:单折线 | 轴信息:单Y轴 | 图例数:2
铝周报20260830.pdf,38,chart_104,铝终端消费,堆叠柱状,单Y轴，含百分比轴,铝终端消费|总消费|交通运输|房屋建筑|家电|电力|净出口|累计同比（截至6月）|当月值,铝终端消费|总消费|净出口,交通运输|房屋建筑|家电|电力|累计同比（截至6月）|当月值,绘图类型:堆叠柱状 | 轴信息:单Y轴，含百分比轴 | 图例数:9 | ★增强识别(9有效图例)
铝周报20260830.pdf,39,chart_105,新能源乘用车销量-累计,多折线,单Y轴，含百分比轴,新能源乘用车销量-累计|对购置1.6升及以下排量乘用车按5%的税率征收车辆购置税（原10%）|对购置1.6升及以下排量乘用车按7.5%的税率征收车辆购置税（原10%）,新能源乘用车销量-累计|对购置1.6升及以下排量乘用车按5%的税率征收车辆购置税（原10%）|对购置1.6升及以下排量乘用车按7.5%的税率征收车辆购置税（原10%）,,"绘图类型:多折线 | 轴信息:单Y轴，含百分比轴 | 图例数:3 | 复合图(3图例,3有效)"
铝周报20260830.pdf,40,chart_106,"中国:销量(当年,厂家零售):乘用车:累计值",单折线,单Y轴,"中国:销量(当年,厂家零售):乘用车:累计值","中国:销量(当年,厂家零售):乘用车:累计值",,绘图类型:单折线 | 轴信息:单Y轴 | 图例数:1
铝周报20260830.pdf,40,chart_107,"中国:销量(当年,厂家批发):乘用车:累计值",单折线,单Y轴,"中国:销量(当年,厂家批发):乘用车:累计值|万辆","中国:销量(当年,厂家批发):乘用车:累计值",万辆,绘图类型:单折线 | 轴信息:单Y轴 | 图例数:2
铝周报20260830.pdf,40,chart_108,"中国:销量(当年,厂家零售):新能源乘用车:累计值",单折线,单Y轴,"中国:销量(当年,厂家零售):新能源乘用车:累计值|万辆","中国:销量(当年,厂家零售):新能源乘用车:累计值",万辆,绘图类型:单折线 | 轴信息:单Y轴 | 图例数:2
铝周报20260830.pdf,40,chart_109,"中国:销量(当年,厂家批发):新能源乘用车:累计值",单折线,单Y轴,"中国:销量(当年,厂家批发):新能源乘用车:累计值|万辆","中国:销量(当年,厂家批发):新能源乘用车:累计值",万辆,绘图类型:单折线 | 轴信息:单Y轴 | 图例数:2
铝周报20260830.pdf,41,chart_110,乘用车批发销量（内外销）-当月值,单折线,单Y轴,乘用车批发销量（内外销）-当月值|万辆,乘用车批发销量（内外销）-当月值,万辆,绘图类型:单折线 | 轴信息:单Y轴 | 图例数:2
铝周报20260830.pdf,41,chart_111,乘用车产量-当月值,单折线,单Y轴,乘用车产量-当月值|万辆,乘用车产量-当月值,万辆,绘图类型:单折线 | 轴信息:单Y轴 | 图例数:2
铝周报20260830.pdf,41,chart_112,乘用车零售量（内销）-当月值,单折线,单Y轴,乘用车零售量（内销）-当月值|万辆,乘用车零售量（内销）-当月值,万辆,绘图类型:单折线 | 轴信息:单Y轴 | 图例数:2
铝周报20260830.pdf,41,chart_113,乘用车零售量（内销）-累计值,单折线,单Y轴,乘用车零售量（内销）-累计值|万辆,乘用车零售量（内销）-累计值,万辆,绘图类型:单折线 | 轴信息:单Y轴 | 图例数:2
铝周报20260830.pdf,42,chart_114,乘用车出口量-当月值,单折线,单Y轴,乘用车出口量-当月值|万辆,乘用车出口量-当月值,万辆,绘图类型:单折线 | 轴信息:单Y轴 | 图例数:2
铝周报20260830.pdf,42,chart_115,乘用车出口量-累计值,单折线,单Y轴,乘用车出口量-累计值|万辆,乘用车出口量-累计值,万辆,绘图类型:单折线 | 轴信息:单Y轴 | 图例数:2
铝周报20260830.pdf,42,chart_116,新能源乘用车出口量-当月值,单折线,单Y轴,新能源乘用车出口量-当月值|万辆,新能源乘用车出口量-当月值,万辆,绘图类型:单折线 | 轴信息:单Y轴 | 图例数:2
铝周报20260830.pdf,42,chart_117,新能源乘用车出口量-累计值,单折线,单Y轴,新能源乘用车出口量-累计值|万辆,新能源乘用车出口量-累计值,万辆,绘图类型:单折线 | 轴信息:单Y轴 | 图例数:2
铝周报20260830.pdf,43,chart_118,汽车制造业利润率,单折线,单Y轴，含百分比轴,汽车制造业利润率,汽车制造业利润率,,绘图类型:单折线 | 轴信息:单Y轴，含百分比轴 | 图例数:1
铝周报20260830.pdf,43,chart_119,亏损企业比例,单折线,单Y轴，含百分比轴,亏损企业比例,,亏损企业比例,绘图类型:单折线 | 轴信息:单Y轴，含百分比轴 | 图例数:1
铝周报20260830.pdf,43,chart_120,汽车制造产成品周转天数,单折线,单Y轴,汽车制造产成品周转天数|万辆,汽车制造产成品周转天数,万辆,绘图类型:单折线 | 轴信息:单Y轴 | 图例数:2
铝周报20260830.pdf,43,chart_121,乘用车优惠幅度,单折线,单Y轴，含百分比轴,乘用车优惠幅度,乘用车优惠幅度,,绘图类型:单折线 | 轴信息:单Y轴，含百分比轴 | 图例数:1
铝周报20260830.pdf,44,chart_122,光伏新增月装机容量,单折线,单Y轴,光伏新增月装机容量|GW,光伏新增月装机容量,GW,绘图类型:单折线 | 轴信息:单Y轴 | 图例数:2
铝周报20260830.pdf,44,chart_123,光伏新增月装机容量累计值,单折线,单Y轴,光伏新增月装机容量累计值,光伏新增月装机容量累计值,,绘图类型:单折线 | 轴信息:单Y轴 | 图例数:1
铝周报20260830.pdf,44,chart_124,组件月度总产量-SMM,单折线,单Y轴,组件月度总产量-SMM|亿个GW,组件月度总产量-SMM,亿个GW,绘图类型:单折线 | 轴信息:单Y轴 | 图例数:2
铝周报20260830.pdf,44,chart_125,光伏组件净出口,单折线,单Y轴,光伏组件净出口|亿个GW,光伏组件净出口,亿个GW,绘图类型:单折线 | 轴信息:单Y轴 | 图例数:2
铝周报20260830.pdf,45,chart_126,中国:电网基本建设投资完成额:当月值,单折线,单Y轴,中国:电网基本建设投资完成额:当月值|GWh,,中国:电网基本建设投资完成额:当月值|GWh,绘图类型:单折线 | 轴信息:单Y轴 | 图例数:2
铝周报20260830.pdf,45,chart_127,中国:新增220千伏及以上线路长度:当月值,单折线,单Y轴,中国:新增220千伏及以上线路长度:当月值|GWh,,中国:新增220千伏及以上线路长度:当月值|GWh,绘图类型:单折线 | 轴信息:单Y轴 | 图例数:2
铝周报20260830.pdf,45,chart_128,电网建设累计同比,单折线,单Y轴，含百分比轴,电网建设累计同比,,电网建设累计同比,绘图类型:单折线 | 轴信息:单Y轴，含百分比轴 | 图例数:1
铝周报20260830.pdf,46,chart_129,中国:产量:动力和其他电池:当月值,单折线,单Y轴,中国:产量:动力和其他电池:当月值|GWh,中国:产量:动力和其他电池:当月值,GWh,绘图类型:单折线 | 轴信息:单Y轴 | 图例数:2
铝周报20260830.pdf,46,chart_130,中国:销量:动力电池:当月值,单折线,单Y轴,中国:销量:动力电池:当月值,,中国:销量:动力电池:当月值,绘图类型:单折线 | 轴信息:单Y轴 | 图例数:1
铝周报20260830.pdf,46,chart_131,中国:销量:其他电池:当月值,单折线,单Y轴,中国:销量:其他电池:当月值|Gwh,,中国:销量:其他电池:当月值|Gwh,绘图类型:单折线 | 轴信息:单Y轴 | 图例数:2
铝周报20260830.pdf,46,chart_132,中国:出口量:动力和其他电池:当月值,单折线,单Y轴,中国:出口量:动力和其他电池:当月值|Gwh,中国:出口量:动力和其他电池:当月值,Gwh,绘图类型:单折线 | 轴信息:单Y轴 | 图例数:2
锡周报20260905.pdf,4,chart_01,国内再生锡产量,单折线,单Y轴,国内再生锡产量,国内再生锡产量,,绘图类型:单折线 | 轴信息:单Y轴 | 图例数:1
锡周报20260905.pdf,5,chart_02,沪锡价格走势,多折线,单Y轴,沪锡价格走势|有色风偏回归，银漫选厂风险资产|复产、采区待验收，低库避险|存提供基本面支撑,沪锡价格走势,有色风偏回归，银漫选厂风险资产|复产、采区待验收，低库避险|存提供基本面支撑,绘图类型:多折线 | 轴信息:单Y轴 | 图例数:4
锡周报20260905.pdf,6,chart_03,贸易商与下游成交变化,单折线,单Y轴,贸易商与下游成交变化,贸易商与下游成交变化,,绘图类型:单折线 | 轴信息:单Y轴 | 图例数:1
锡周报20260905.pdf,6,chart_04,沪锡近半年月差变化,单折线,单Y轴,沪锡近半年月差变化,沪锡近半年月差变化,,绘图类型:单折线 | 轴信息:单Y轴 | 图例数:1
锡周报20260905.pdf,7,chart_05,锡全球显性库存变化,单折线,单Y轴,锡全球显性库存变化,锡全球显性库存变化,,绘图类型:单折线 | 轴信息:单Y轴 | 图例数:1
锡周报20260905.pdf,7,chart_06,同基准下有色库存相对比值对比,单折线,单Y轴,同基准下有色库存相对比值对比,,同基准下有色库存相对比值对比,绘图类型:单折线 | 轴信息:单Y轴 | 图例数:1
锡周报20260905.pdf,8,chart_07,四金属,多折线,单Y轴,四金属|vs|SPX|60日滚动相关图：锡|锡=AI的实物，,锡=AI的实物，,四金属|vs|SPX|60日滚动相关图：锡,"绘图类型:多折线 | 轴信息:单Y轴 | 图例数:5 | 复合图(5图例,3有效)"
锡周报20260905.pdf,9,chart_08,国内隐形库存拟合（三方社会库存-交易所库存）,单折线,单Y轴,国内隐形库存拟合（三方社会库存-交易所库存）,国内隐形库存拟合（三方社会库存-交易所库存）,,绘图类型:单折线 | 轴信息:单Y轴 | 图例数:1
锡周报20260905.pdf,10,chart_09,海外分地区升贴水图：LME锡升贴水,单折线,单Y轴,海外分地区升贴水图：LME锡升贴水,海外分地区升贴水图：LME锡升贴水,,绘图类型:单折线 | 轴信息:单Y轴 | 图例数:1
锡周报20260905.pdf,12,chart_10,国内品牌升贴水,单折线,单Y轴,国内品牌升贴水,国内品牌升贴水,,绘图类型:单折线 | 轴信息:单Y轴 | 图例数:1
锡周报20260905.pdf,12,chart_11,沪锡总持仓量,单折线,单Y轴,沪锡总持仓量,沪锡总持仓量,,绘图类型:单折线 | 轴信息:单Y轴 | 图例数:1
锡周报20260905.pdf,13,chart_12,LME锡升贴水,单折线,单Y轴,LME锡升贴水,LME锡升贴水,,绘图类型:单折线 | 轴信息:单Y轴 | 图例数:1
锡周报20260905.pdf,13,chart_13,LME官方三月价,单折线,单Y轴,LME官方三月价,LME官方三月价,,绘图类型:单折线 | 轴信息:单Y轴 | 图例数:1
锡周报20260905.pdf,14,chart_14,锡沪伦比,单折线,单Y轴,锡沪伦比,锡沪伦比,,绘图类型:单折线 | 轴信息:单Y轴 | 图例数:1
锡周报20260905.pdf,14,chart_15,锡锭进口利润,单折线,单Y轴,锡锭进口利润,锡锭进口利润,,绘图类型:单折线 | 轴信息:单Y轴 | 图例数:1
锡周报20260905.pdf,16,chart_16,国内锡矿产量,单折线,单Y轴,国内锡矿产量,国内锡矿产量,,绘图类型:单折线 | 轴信息:单Y轴 | 图例数:1
锡周报20260905.pdf,17,chart_17,国内锡矿进口量,单折线,单Y轴,国内锡矿进口量,国内锡矿进口量,,绘图类型:单折线 | 轴信息:单Y轴 | 图例数:1
锡周报20260905.pdf,17,chart_18,国内锡矿进口利润（已包含加工费）,单折线,单Y轴,国内锡矿进口利润（已包含加工费）,国内锡矿进口利润（已包含加工费）,,绘图类型:单折线 | 轴信息:单Y轴 | 图例数:1
锡周报20260905.pdf,18,chart_19,缅甸进口至我国锡矿量,单折线,单Y轴,缅甸进口至我国锡矿量,缅甸进口至我国锡矿量,,绘图类型:单折线 | 轴信息:单Y轴 | 图例数:1
锡周报20260905.pdf,19,chart_20,ALPHAMIN锡矿产销,单折线,单Y轴,ALPHAMIN锡矿产销,ALPHAMIN锡矿产销,,绘图类型:单折线 | 轴信息:单Y轴 | 图例数:1
锡周报20260905.pdf,19,chart_21,刚果进口至我国锡矿量,单折线,单Y轴,刚果进口至我国锡矿量,刚果进口至我国锡矿量,,绘图类型:单折线 | 轴信息:单Y轴 | 图例数:1
锡周报20260905.pdf,22,chart_22,国内再生锡产量,单折线,单Y轴,国内再生锡产量,国内再生锡产量,,绘图类型:单折线 | 轴信息:单Y轴 | 图例数:1
锡周报20260905.pdf,22,chart_23,国内锡开工率,单折线,单Y轴,国内锡开工率,国内锡开工率,,绘图类型:单折线 | 轴信息:单Y轴 | 图例数:1
锡周报20260905.pdf,22,chart_24,国内锡锭产量,单折线,单Y轴,国内锡锭产量,国内锡锭产量,,绘图类型:单折线 | 轴信息:单Y轴 | 图例数:1
锡周报20260905.pdf,23,chart_25,锡冶炼利润,单折线,单Y轴,锡冶炼利润|图、锡冶炼厂加工费,锡冶炼利润|图、锡冶炼厂加工费,,绘图类型:单折线 | 轴信息:单Y轴 | 图例数:2
锡周报20260905.pdf,23,chart_26,锡冶炼厂加工费,单折线,单Y轴,锡冶炼厂加工费,锡冶炼厂加工费,,绘图类型:单折线 | 轴信息:单Y轴 | 图例数:1
锡周报20260905.pdf,24,chart_27,中国净进口量变化,单折线,单Y轴，含百分比轴,中国净进口量变化|或有限。,中国净进口量变化,或有限。,绘图类型:单折线 | 轴信息:单Y轴，含百分比轴 | 图例数:2
锡周报20260905.pdf,24,chart_28,中国精炼锡进口量变化,单折线,单Y轴,中国精炼锡进口量变化|图、中国净进口量变化,中国精炼锡进口量变化|图、中国净进口量变化,,绘图类型:单折线 | 轴信息:单Y轴 | 图例数:2
锡周报20260905.pdf,26,chart_29,上期所库存,单折线,单Y轴,上期所库存,上期所库存,,绘图类型:单折线 | 轴信息:单Y轴 | 图例数:1
锡周报20260905.pdf,26,chart_30,中国锡锭社会库存,单折线,单Y轴,中国锡锭社会库存,中国锡锭社会库存,,绘图类型:单折线 | 轴信息:单Y轴 | 图例数:1
锡周报20260905.pdf,27,chart_31,SMM工厂库存,单折线,单Y轴,SMM工厂库存,SMM工厂库存,,绘图类型:单折线 | 轴信息:单Y轴 | 图例数:1
锡周报20260905.pdf,27,chart_32,SMM社会库存,单折线,单Y轴,SMM社会库存,SMM社会库存,,绘图类型:单折线 | 轴信息:单Y轴 | 图例数:1
锡周报20260905.pdf,28,chart_33,印尼交易所锡锭成交量,单折线,单Y轴,印尼交易所锡锭成交量,印尼交易所锡锭成交量,,绘图类型:单折线 | 轴信息:单Y轴 | 图例数:1
锡周报20260905.pdf,28,chart_34,印尼精炼锡出口量变化,单折线,单Y轴,印尼精炼锡出口量变化,印尼精炼锡出口量变化,,绘图类型:单折线 | 轴信息:单Y轴 | 图例数:1
锡周报20260905.pdf,29,chart_35,巴西精炼锡出口量,单折线,单Y轴,巴西精炼锡出口量,巴西精炼锡出口量,,绘图类型:单折线 | 轴信息:单Y轴 | 图例数:1
锡周报20260905.pdf,29,chart_36,马来西亚精炼锡出口量,单折线,单Y轴,马来西亚精炼锡出口量,马来西亚精炼锡出口量,,绘图类型:单折线 | 轴信息:单Y轴 | 图例数:1
锡周报20260905.pdf,29,chart_37,马来西亚锡矿进口量,单折线,单Y轴,马来西亚锡矿进口量,马来西亚锡矿进口量,,绘图类型:单折线 | 轴信息:单Y轴 | 图例数:1
锡周报20260905.pdf,30,chart_38,LME库存分布变化,单折线,单Y轴,LME库存分布变化,LME库存分布变化,,绘图类型:单折线 | 轴信息:单Y轴 | 图例数:1
锡周报20260905.pdf,30,chart_39,LME库存变化,单折线,单Y轴,LME库存变化|吨吨,LME库存变化,吨吨,绘图类型:单折线 | 轴信息:单Y轴 | 图例数:2
锡周报20260905.pdf,33,chart_40,国内贸易商成交量统计,单折线,单Y轴,国内贸易商成交量统计|锡锭下游成交合计,国内贸易商成交量统计|锡锭下游成交合计,,绘图类型:单折线 | 轴信息:单Y轴 | 图例数:2
锡周报20260905.pdf,33,chart_41,国内初级锡材产量,单折线,单Y轴,国内初级锡材产量,国内初级锡材产量,,绘图类型:单折线 | 轴信息:单Y轴 | 图例数:1
锡周报20260905.pdf,34,chart_42,全球半导体月度销售额,单折线,单Y轴,全球半导体月度销售额,全球半导体月度销售额,,绘图类型:单折线 | 轴信息:单Y轴 | 图例数:1
锡周报20260905.pdf,34,chart_43,国内智能手机产量,单折线,单Y轴,国内智能手机产量,国内智能手机产量,,绘图类型:单折线 | 轴信息:单Y轴 | 图例数:1
锡周报20260905.pdf,34,chart_44,国内集成电路产量,单折线,单Y轴,国内集成电路产量,国内集成电路产量,,绘图类型:单折线 | 轴信息:单Y轴 | 图例数:1
锡周报20260905.pdf,34,chart_45,费城半导体指数,单折线,单Y轴,费城半导体指数,费城半导体指数,,绘图类型:单折线 | 轴信息:单Y轴 | 图例数:1
锡周报20260905.pdf,35,chart_46,光伏消费用锡拟合,单折线,单Y轴,光伏消费用锡拟合,光伏消费用锡拟合,,绘图类型:单折线 | 轴信息:单Y轴 | 图例数:1
锡周报20260905.pdf,35,chart_47,汽车端消费用锡拟合,单折线,单Y轴,汽车端消费用锡拟合,汽车端消费用锡拟合,,绘图类型:单折线 | 轴信息:单Y轴 | 图例数:1
锡周报20260905.pdf,35,chart_48,汽车端用锡组成及用锡量,单折线,单Y轴，含百分比轴,汽车端用锡组成及用锡量,汽车端用锡组成及用锡量,,绘图类型:单折线 | 轴信息:单Y轴，含百分比轴 | 图例数:1
锡周报20260905.pdf,36,chart_49,白色家电消费,双Y轴复合,双Y轴(百分比),白色家电消费|空调用锡量累计|样本白电总用锡Yoy|Yoy,白色家电消费|空调用锡量累计,样本白电总用锡Yoy|Yoy,绘图类型:双Y轴复合 | 轴信息:双Y轴(百分比) | 图例数:4 | ★增强识别(3有效图例)
锡周报20260905.pdf,38,chart_50,日本锡净进口量,单折线,单Y轴,日本锡净进口量,日本锡净进口量,,绘图类型:单折线 | 轴信息:单Y轴 | 图例数:1
锡周报20260905.pdf,38,chart_51,韩国锡净进口量,单折线,单Y轴,韩国锡净进口量,韩国锡净进口量,,绘图类型:单折线 | 轴信息:单Y轴 | 图例数:1
锡周报20260905.pdf,38,chart_52,印度锡净进口量图：美国锡净进口量,单折线,单Y轴,印度锡净进口量图：美国锡净进口量,印度锡净进口量图：美国锡净进口量,,绘图类型:单折线 | 轴信息:单Y轴 | 图例数:1
镍与不锈钢周报20260906.pdf,4,chart_01,镍板库存,单折线,单Y轴,镍板库存|短期观望策略,镍板库存,短期观望策略,绘图类型:单折线 | 轴信息:单Y轴 | 图例数:2
镍与不锈钢周报20260906.pdf,6,chart_02,上期所镍月间结构,单折线,单Y轴,上期所镍月间结构|元/吨元/吨,上期所镍月间结构,元/吨元/吨,绘图类型:单折线 | 轴信息:单Y轴 | 图例数:2
镍与不锈钢周报20260906.pdf,6,chart_03,上期所不锈钢月间结构,单折线,单Y轴,上期所不锈钢月间结构|元/吨元/吨,上期所不锈钢月间结构,元/吨元/吨,绘图类型:单折线 | 轴信息:单Y轴 | 图例数:2
镍与不锈钢周报20260906.pdf,6,chart_04,LME,单折线,单Y轴,LME,LME,,绘图类型:单折线 | 轴信息:单Y轴 | 图例数:1
镍与不锈钢周报20260906.pdf,6,chart_05,不同镍产品折镍价,单折线,单Y轴,不同镍产品折镍价|元/金属吨,不同镍产品折镍价,元/金属吨,绘图类型:单折线 | 轴信息:单Y轴 | 图例数:2
镍与不锈钢周报20260906.pdf,7,chart_06,俄镍升贴水,单折线,单Y轴,俄镍升贴水,俄镍升贴水,,绘图类型:单折线 | 轴信息:单Y轴 | 图例数:1
镍与不锈钢周报20260906.pdf,7,chart_07,金川镍升贴水,单折线,单Y轴,金川镍升贴水,金川镍升贴水,,绘图类型:单折线 | 轴信息:单Y轴 | 图例数:1
镍与不锈钢周报20260906.pdf,7,chart_08,镍豆升贴水,单折线,单Y轴,镍豆升贴水,镍豆升贴水,,绘图类型:单折线 | 轴信息:单Y轴 | 图例数:1
镍与不锈钢周报20260906.pdf,8,chart_09,硫酸镍价格,单折线,单Y轴,硫酸镍价格,硫酸镍价格,,绘图类型:单折线 | 轴信息:单Y轴 | 图例数:1
镍与不锈钢周报20260906.pdf,8,chart_10,高冰镍折扣系数,单折线,单Y轴，含百分比轴,高冰镍折扣系数,高冰镍折扣系数,,绘图类型:单折线 | 轴信息:单Y轴，含百分比轴 | 图例数:1
镍与不锈钢周报20260906.pdf,8,chart_11,MHP镍折扣系数,多折线,单Y轴，含百分比轴,MHP镍折扣系数|%/金属吨100|%%%/金属吨,MHP镍折扣系数,%/金属吨100|%%%/金属吨,绘图类型:多折线 | 轴信息:单Y轴，含百分比轴 | 图例数:3
镍与不锈钢周报20260906.pdf,8,chart_12,MHP钴折扣系数,单折线,单Y轴，含百分比轴,MHP钴折扣系数|%/金属吨100,MHP钴折扣系数,%/金属吨100,绘图类型:单折线 | 轴信息:单Y轴，含百分比轴 | 图例数:2
镍与不锈钢周报20260906.pdf,9,chart_13,三元前驱体价格,单折线,单Y轴,三元前驱体价格|三元前驱体价格季节性：622元/吨,三元前驱体价格|三元前驱体价格季节性：622元/吨,,绘图类型:单折线 | 轴信息:单Y轴 | 图例数:2
镍与不锈钢周报20260906.pdf,9,chart_14,三元前驱体价格季节性：622,季节图,单Y轴,三元前驱体价格季节性：622|三元前驱体价格季节性：622元/吨,三元前驱体价格季节性：622|三元前驱体价格季节性：622元/吨,,绘图类型:季节图 | 轴信息:单Y轴 | 图例数:2
镍与不锈钢周报20260906.pdf,9,chart_15,三元正极价格,单折线,单Y轴,三元正极价格,三元正极价格,,绘图类型:单折线 | 轴信息:单Y轴 | 图例数:1
镍与不锈钢周报20260906.pdf,9,chart_16,三元正极价格季节性：622,季节图,单Y轴,三元正极价格季节性：622|三元正极价格季节性：622元/吨,三元正极价格季节性：622|三元正极价格季节性：622元/吨,,绘图类型:季节图 | 轴信息:单Y轴 | 图例数:2
镍与不锈钢周报20260906.pdf,11,chart_17,中国精炼镍产量,单折线,单Y轴,中国精炼镍产量|金属吨金属吨,中国精炼镍产量,金属吨金属吨,绘图类型:单折线 | 轴信息:单Y轴 | 图例数:2
镍与不锈钢周报20260906.pdf,11,chart_18,印尼精炼镍产量,单折线,单Y轴,印尼精炼镍产量|金属吨金属吨,印尼精炼镍产量,金属吨金属吨,绘图类型:单折线 | 轴信息:单Y轴 | 图例数:2
镍与不锈钢周报20260906.pdf,11,chart_19,中国电解镍净进口量,单折线,单Y轴,中国电解镍净进口量|万金属吨,中国电解镍净进口量,万金属吨,绘图类型:单折线 | 轴信息:单Y轴 | 图例数:2
镍与不锈钢周报20260906.pdf,12,chart_20,镍社会库存,单折线,单Y轴,镍社会库存|吨吨,镍社会库存,吨吨,绘图类型:单折线 | 轴信息:单Y轴 | 图例数:2
镍与不锈钢周报20260906.pdf,12,chart_21,镍板库存,单折线,单Y轴,镍板库存|吨吨,镍板库存,吨吨,绘图类型:单折线 | 轴信息:单Y轴 | 图例数:2
镍与不锈钢周报20260906.pdf,12,chart_22,镍豆库存,单折线,单Y轴,镍豆库存|吨吨,镍豆库存,吨吨,绘图类型:单折线 | 轴信息:单Y轴 | 图例数:2
镍与不锈钢周报20260906.pdf,12,chart_23,保税区库存,单折线,单Y轴,保税区库存,保税区库存,,绘图类型:单折线 | 轴信息:单Y轴 | 图例数:1
镍与不锈钢周报20260906.pdf,12,chart_24,沪镍仓单,单折线,单Y轴,沪镍仓单,沪镍仓单,,绘图类型:单折线 | 轴信息:单Y轴 | 图例数:1
镍与不锈钢周报20260906.pdf,13,chart_25,镍全球显性库存,单折线,单Y轴,镍全球显性库存,镍全球显性库存,,绘图类型:单折线 | 轴信息:单Y轴 | 图例数:1
镍与不锈钢周报20260906.pdf,13,chart_26,LME镍库存,单折线,单Y轴,LME镍库存,LME镍库存,,绘图类型:单折线 | 轴信息:单Y轴 | 图例数:1
镍与不锈钢周报20260906.pdf,13,chart_27,LME镍库存分布：洲,单折线,单Y轴,LME镍库存分布：洲,LME镍库存分布：洲,,绘图类型:单折线 | 轴信息:单Y轴 | 图例数:1
镍与不锈钢周报20260906.pdf,13,chart_28,LME镍库存分布：仓库,单折线,单Y轴,LME镍库存分布：仓库,LME镍库存分布：仓库,,绘图类型:单折线 | 轴信息:单Y轴 | 图例数:1
镍与不锈钢周报20260906.pdf,14,chart_29,中国硫酸镍产量,单折线,单Y轴,中国硫酸镍产量|金属吨,中国硫酸镍产量,金属吨,绘图类型:单折线 | 轴信息:单Y轴 | 图例数:2
镍与不锈钢周报20260906.pdf,14,chart_30,中国硫酸镍企业开工率,单折线,单Y轴，含百分比轴,中国硫酸镍企业开工率,中国硫酸镍企业开工率,,绘图类型:单折线 | 轴信息:单Y轴，含百分比轴 | 图例数:1
镍与不锈钢周报20260906.pdf,14,chart_31,中国硫酸镍进口量,单折线,单Y轴,中国硫酸镍进口量,中国硫酸镍进口量,,绘图类型:单折线 | 轴信息:单Y轴 | 图例数:1
镍与不锈钢周报20260906.pdf,14,chart_32,中国硫酸镍出口量,单折线,单Y轴,中国硫酸镍出口量,中国硫酸镍出口量,,绘图类型:单折线 | 轴信息:单Y轴 | 图例数:1
镍与不锈钢周报20260906.pdf,15,chart_33,中国冰镍进口量,单折线,单Y轴,中国冰镍进口量|万金属吨,中国冰镍进口量,万金属吨,绘图类型:单折线 | 轴信息:单Y轴 | 图例数:2
镍与不锈钢周报20260906.pdf,15,chart_34,中国冰镍进口量：自印尼,单折线,单Y轴,中国冰镍进口量：自印尼|万金属吨,中国冰镍进口量：自印尼,万金属吨,绘图类型:单折线 | 轴信息:单Y轴 | 图例数:2
镍与不锈钢周报20260906.pdf,15,chart_35,印尼冰镍产量（高冰镍+低冰镍）,单折线,单Y轴,印尼冰镍产量（高冰镍+低冰镍）|金属吨,印尼冰镍产量（高冰镍+低冰镍）,金属吨,绘图类型:单折线 | 轴信息:单Y轴 | 图例数:2
镍与不锈钢周报20260906.pdf,15,chart_36,印尼冰镍产量（分品味）,单折线,单Y轴,印尼冰镍产量（分品味）|万金属吨,印尼冰镍产量（分品味）,万金属吨,绘图类型:单折线 | 轴信息:单Y轴 | 图例数:2
镍与不锈钢周报20260906.pdf,16,chart_37,中国动力电池产量：三元,单折线,单Y轴,中国动力电池产量：三元|MWHMWH,中国动力电池产量：三元,MWHMWH,绘图类型:单折线 | 轴信息:单Y轴 | 图例数:2
镍与不锈钢周报20260906.pdf,16,chart_38,中国动力电池产量：磷酸铁锂,单折线,单Y轴,中国动力电池产量：磷酸铁锂|MWHMWH,中国动力电池产量：磷酸铁锂,MWHMWH,绘图类型:单折线 | 轴信息:单Y轴 | 图例数:2
镍与不锈钢周报20260906.pdf,16,chart_39,中国动力电池装车量：三元,单折线,单Y轴,中国动力电池装车量：三元|MWH,中国动力电池装车量：三元,MWH,绘图类型:单折线 | 轴信息:单Y轴 | 图例数:2
镍与不锈钢周报20260906.pdf,16,chart_40,中国动力电池装车量：磷酸铁锂,单折线,单Y轴,中国动力电池装车量：磷酸铁锂,中国动力电池装车量：磷酸铁锂,,绘图类型:单折线 | 轴信息:单Y轴 | 图例数:1
镍与不锈钢周报20260906.pdf,17,chart_41,新能源车产量,单折线,单Y轴,新能源车产量|万辆,新能源车产量,万辆,绘图类型:单折线 | 轴信息:单Y轴 | 图例数:2
镍与不锈钢周报20260906.pdf,17,chart_42,新能源车销量,单折线,单Y轴,新能源车销量|万辆,新能源车销量,万辆,绘图类型:单折线 | 轴信息:单Y轴 | 图例数:2
镍与不锈钢周报20260906.pdf,22,chart_43,不锈钢现货基价：无锡,单折线,单Y轴,不锈钢现货基价：无锡,不锈钢现货基价：无锡,,绘图类型:单折线 | 轴信息:单Y轴 | 图例数:1
镍与不锈钢周报20260906.pdf,22,chart_44,不锈钢结构,单折线,单Y轴,不锈钢结构,不锈钢结构,,绘图类型:单折线 | 轴信息:单Y轴 | 图例数:1
镍与不锈钢周报20260906.pdf,22,chart_45,不锈钢基差,单折线,单Y轴,不锈钢基差,不锈钢基差,,绘图类型:单折线 | 轴信息:单Y轴 | 图例数:1
镍与不锈钢周报20260906.pdf,22,chart_46,不锈钢冷热轧价差,单折线,单Y轴,不锈钢冷热轧价差,不锈钢冷热轧价差,,绘图类型:单折线 | 轴信息:单Y轴 | 图例数:1
镍与不锈钢周报20260906.pdf,23,chart_47,菲律宾镍矿价格（1.5%）,单折线,单Y轴，含百分比轴,菲律宾镍矿价格（1.5%）|美元/湿吨,菲律宾镍矿价格（1.5%）,美元/湿吨,绘图类型:单折线 | 轴信息:单Y轴，含百分比轴 | 图例数:2
镍与不锈钢周报20260906.pdf,23,chart_48,"印尼镍矿价格（HPM,1.6%）",单折线,单Y轴，含百分比轴,"印尼镍矿价格（HPM,1.6%）|美元/湿吨","印尼镍矿价格（HPM,1.6%）",美元/湿吨,绘图类型:单折线 | 轴信息:单Y轴，含百分比轴 | 图例数:2
镍与不锈钢周报20260906.pdf,23,chart_49,菲律宾镍矿价格：不同品味,单折线,单Y轴,菲律宾镍矿价格：不同品味|美元/湿吨,菲律宾镍矿价格：不同品味,美元/湿吨,绘图类型:单折线 | 轴信息:单Y轴 | 图例数:2
镍与不锈钢周报20260906.pdf,24,chart_50,镍铁价格（江苏，7%≤Ni,单折线,单Y轴，含百分比轴,镍铁价格（江苏，7%≤Ni|元/镍点,镍铁价格（江苏，7%≤Ni|元/镍点,,绘图类型:单折线 | 轴信息:单Y轴，含百分比轴 | 图例数:2
镍与不锈钢周报20260906.pdf,24,chart_51,"镍铁理论利润（RKEF,山东）",单折线,单Y轴,"镍铁理论利润（RKEF,山东）","镍铁理论利润（RKEF,山东）",,绘图类型:单折线 | 轴信息:单Y轴 | 图例数:1
镍与不锈钢周报20260906.pdf,25,chart_52,铬矿价格（块矿，36-38%Cr，南非产）,单折线,单Y轴，含百分比轴,铬矿价格（块矿，36-38%Cr，南非产）|元/度吨,铬矿价格（块矿，36-38%Cr，南非产）,元/度吨,绘图类型:单折线 | 轴信息:单Y轴，含百分比轴 | 图例数:2
镍与不锈钢周报20260906.pdf,25,chart_53,高碳铬铁价格（内蒙古）,单折线,单Y轴,高碳铬铁价格（内蒙古）|元/50基吨,高碳铬铁价格（内蒙古）,元/50基吨,绘图类型:单折线 | 轴信息:单Y轴 | 图例数:2
镍与不锈钢周报20260906.pdf,25,chart_54,高碳铬铁价格（钢招价格）图：铬矿价格：不同品味,单折线,单Y轴,高碳铬铁价格（钢招价格）图：铬矿价格：不同品味|元/50基吨,高碳铬铁价格（钢招价格）图：铬矿价格：不同品味,元/50基吨,绘图类型:单折线 | 轴信息:单Y轴 | 图例数:2
镍与不锈钢周报20260906.pdf,27,chart_55,中国高碳铬铁产量,单折线,单Y轴,中国高碳铬铁产量|元/50基吨,中国高碳铬铁产量,元/50基吨,绘图类型:单折线 | 轴信息:单Y轴 | 图例数:2
镍与不锈钢周报20260906.pdf,27,chart_56,高碳铬铁进口量,单折线,单Y轴,高碳铬铁进口量,高碳铬铁进口量,,绘图类型:单折线 | 轴信息:单Y轴 | 图例数:1
镍与不锈钢周报20260906.pdf,28,chart_57,中国镍铁产量,单折线,单Y轴,中国镍铁产量|万实物吨万金属吨,中国镍铁产量,万实物吨万金属吨,绘图类型:单折线 | 轴信息:单Y轴 | 图例数:2
镍与不锈钢周报20260906.pdf,28,chart_58,镍铁进口量,单折线,单Y轴,镍铁进口量|万实物吨万金属吨,镍铁进口量,万实物吨万金属吨,绘图类型:单折线 | 轴信息:单Y轴 | 图例数:2
镍与不锈钢周报20260906.pdf,28,chart_59,镍铁库存图：印尼镍铁产量,单折线,单Y轴,镍铁库存图：印尼镍铁产量|万金属吨万金属吨,镍铁库存图：印尼镍铁产量,万金属吨万金属吨,绘图类型:单折线 | 轴信息:单Y轴 | 图例数:2
镍与不锈钢周报20260906.pdf,29,chart_60,不锈钢粗钢产量：300系（中国）,单折线,单Y轴,不锈钢粗钢产量：300系（中国）,不锈钢粗钢产量：300系（中国）,,绘图类型:单折线 | 轴信息:单Y轴 | 图例数:1
镍与不锈钢周报20260906.pdf,29,chart_61,不锈钢产量：300系（印尼）,单折线,单Y轴,不锈钢产量：300系（印尼）,不锈钢产量：300系（印尼）,,绘图类型:单折线 | 轴信息:单Y轴 | 图例数:1
镍与不锈钢周报20260906.pdf,29,chart_62,不锈钢进口量,单折线,单Y轴,不锈钢进口量,不锈钢进口量,,绘图类型:单折线 | 轴信息:单Y轴 | 图例数:1
镍与不锈钢周报20260906.pdf,29,chart_63,不锈钢出口量,单折线,单Y轴,不锈钢出口量,不锈钢出口量,,绘图类型:单折线 | 轴信息:单Y轴 | 图例数:1
镍与不锈钢周报20260906.pdf,30,chart_64,不锈钢库存：300系（总）,单折线,单Y轴,不锈钢库存：300系（总）,不锈钢库存：300系（总）,,绘图类型:单折线 | 轴信息:单Y轴 | 图例数:1
镍与不锈钢周报20260906.pdf,30,chart_65,不锈钢库存：300系（冷轧）,单折线,单Y轴,不锈钢库存：300系（冷轧）,不锈钢库存：300系（冷轧）,,绘图类型:单折线 | 轴信息:单Y轴 | 图例数:1
镍与不锈钢周报20260906.pdf,30,chart_66,不锈钢库存：300系（热轧）,单折线,单Y轴,不锈钢库存：300系（热轧）,不锈钢库存：300系（热轧）,,绘图类型:单折线 | 轴信息:单Y轴 | 图例数:1
镍与不锈钢周报20260906.pdf,30,chart_67,不锈钢仓单,单折线,单Y轴,不锈钢仓单,不锈钢仓单,,绘图类型:单折线 | 轴信息:单Y轴 | 图例数:1
