ths_chart_id,variety,series_index,original_ths_name,best_match_name,best_match_score,best_match_zhiji_id,manual_zhiji_id
THS-AL-3.1,AL,0,沪铝主力收盘价,SHFE：铝：主力合约：收盘价（日）,74.28,FU00014632,FU00014632
THS-AL-3.1,AL,2,电解铝行业加权平均完全成本,电解铝：生产完全成本：中国（月）,70.01,ID01001761,ID01001761
THS-AL-3.2,AL,0,氧化铝现货均价/指数,氧化铝(河南)平均价,86.67,a12767887,a12767887
THS-AL-3.2,AL,1,单吨氧化铝成本,氧化铝(河南)完全成本,92.86,a12767886,a12767886
THS-AL-3.2,AL,6,氟化铝现货价,氧化铝现货vs长协价格,76.47,a12804835,a12804835
THS-AL-3.3,AL,5,几内亚铝土矿CIF/FOB,进口铝土矿-澳洲CIF,70.91,s20170684,s20170684
THS-AL-3.3,AL,6,国产铝土矿价格,国产铝土矿-华南-低品(广西),81.25,a12862360,a12862360
THS-AL-3.3,AL,7,氧化铝价格,氧化铝(河南)平均价,94.55,a12767887,a12767887
THS-AL-3.3,AL,9,沪铝主力收盘价,SHFE：铝：主力合约：收盘价（日）,74.28,FU00014632,FU00014632
THS-AL-4.1,AL,1,LME铝总库存,LME俄铝外库存,100,a10016133,a10016133
THS-AL-4.2,AL,7,电解铝社会库存,废铝：社会库存：中国（月）,76.47,ID01001944,ID01001944
THS-AL-4.2,AL,8,铝棒社会库存,废铝：社会库存：中国（月）,81.25,ID01001944,ID01001944
THS-AL-4.3,AL,0,中国电解铝企业厂内铝锭库存,电解铝：厂内库存：中国（日）,75.83,ID01002072,ID01002072
THS-AL-4.3,AL,2,电解铝企业厂内铝锭库存,电解铝：厂内库存：中国（日）,82.73,ID01002072,ID01002072
THS-AL-4.3,AL,6,铝锭社会库存,铝合金锭：社会库存：中国（周）,86.67,ID01522758,ID01522758
THS-AL-4.3,AL,7,铝棒社会库存,废铝：社会库存：中国（月）,81.25,ID01001944,ID01001944
THS-AL-6.1,AL,0,中国废铝进口量,铝合金进口量,80.0,ID01114281,ID01114281
THS-AL-6.1,AL,2,中国铝土矿月度进口量,中国海关: 铝土矿进口量: 月度,86.67,a10016324,a10016324
THS-AL-6.1,AL,3,中国氧化铝进口/出口/净进口,氧化铝出口,76.47,a10167792,a10167792
THS-AL-6.2,AL,0,中国未锻轧铝及铝材月度出口量,未锻轧铝及铝材：出口数量终值：中国（月）,83.88,CM0000207372,CM0000207372
THS-AL-6.2,AL,1,中国未锻轧铝及铝材月度进口量,未锻轧铝及铝材：进口数量终值：中国（月）,83.88,CM0000207383,CM0000207383
THS-AL-6.2,AL,2,中国废铝月度进口量,SMM中国氧化铝月度产量-总量,74.28,a10096752,a10096752
THS-AL-6.2,AL,3,中国铝合金月度进口量/出口量,铝合金进口量,82.11,ID01114281,ID01114281
THS-AL-6.3,AL,0,中国铝材月度出口量,铝材出口-总量,80.0,a10096868,a10096868
THS-AL-6.3,AL,2,中国铝制品月度出口量,SMM中国氧化铝月度产量-总量,70.91,a10096752,a10096752
THS-CU-2.3,CU,5,SHFE铜仓单,SHFE：铜（BC）：年成交量（日）,72.23,FU00107602,FU00107602
THS-CU-2.3,CU,8,沪铜主力收盘价,COMEX：铜：主力合约：收盘价（日）,70.91,FU00015546,FU00015546
THS-CU-2.3,CU,10,平水铜升贴水,电解铜：平水铜：升贴水：上海（日）,78.0,ID00302614,ID00302614
THS-CU-4.1,CU,1,各LME仓库/地点铜库存,LME：铜：期货库存（日）,74.28,ID00188283,ID00188283
THS-LI-2.1,LI,0,期货主力合约收盘价（元/吨）,碳酸锂期货主力合约收盘价,72.73,a10172975,a10172975
THS-LI-2.2,LI,0,电池级碳酸锂现货升贴水（元/吨）,工业级碳酸锂现货升贴水,100,ID01922204,ID01922204
THS-LI-2.2,LI,1,电池级碳酸锂基差（元/吨）,电池级碳酸锂产量,97.5,a12715549,a12715549
THS-LI-2.2,LI,2,工业级碳酸锂现货升贴水（元/吨）,工业级碳酸锂现货升贴水,100,ID01922204,ID01922204
THS-LI-2.2,LI,3,氢氧化锂现货升贴水（元/吨）,工业级碳酸锂现货升贴水,78.0,ID01922204,ID01922204
THS-LI-2.2,LI,5,期货主力合约收盘价（元/吨）,碳酸锂期货主力合约收盘价,72.73,a10172975,a10172975
THS-LI-2.2,LI,11,电池级碳酸锂升贴水占比（%）,电池级碳酸锂现货升贴水,100,a12751985,a12751985
THS-LI-2.2,LI,12,工业级碳酸锂升贴水占比（%）,工业级碳酸锂现货升贴水,100,ID01922204,ID01922204
THS-LI-2.3,LI,2,沪伦比（元/吨）,锡沪伦比,75.0,ID01895225,ID01895225
THS-LI-2.3,LI,5,LME仓单（手）,LME铅注册仓单,76.92,a10193710,a10193710
THS-LI-2.4,LI,2,近月合约收盘价（元/吨）,近月合约收盘价,100.0,a12841695,a12841695
THS-LI-2.4,LI,3,远月合约收盘价（元/吨）,近月合约收盘价,83.33,a12841695,a12841695
THS-LI-2.4,LI,8,期货主力合约收盘价（元/吨）,碳酸锂期货主力合约收盘价,72.73,a10172975,a10172975
THS-LI-2.5,LI,1,期货主力合约收盘价（元/吨）,碳酸锂期货主力合约收盘价,72.73,a10172975,a10172975
THS-LI-2.5,LI,3,碳酸锂冶炼利润（元/吨）,氢氧化锂冶炼利润,86.67,a12763812,a12763812
THS-LI-2.5,LI,4,氢氧化锂冶炼利润（元/吨）,氢氧化锂冶炼利润,100,a12763812,a12763812
THS-LI-2.5,LI,5,盐湖提锂利润（元/吨）,盐湖提锂产量,86.67,a12723867,a12723867
THS-LI-2.5,LI,6,锂云母/锂辉石利润（元/吨）,碳酸锂外采锂云母利润（日）,72.23,ID01835361,ID01835361
THS-LI-2.5,LI,7,工业级碳酸锂利润（元/吨）,工业级碳酸锂产量,97.5,a12715548,a12715548
THS-LI-2.5,LI,12,电池级碳酸锂利润（元/吨）,电池级碳酸锂产量,97.5,a12715549,a12715549
THS-LI-2.6,LI,0,多头前20持仓量（手）,多头前20持仓量,100.0,FU00085341,FU00085341
THS-LI-2.6,LI,1,空头前20持仓量（手）,空头前20持仓量,100.0,FU00085347,FU00085347
THS-LI-2.6,LI,3,期货主力合约收盘价（元/吨）,碳酸锂期货主力合约收盘价,72.73,a10172975,a10172975
THS-LI-3.1.1,LI,0,海外锂矿产量（万吨LCE）,海外碳酸锂产量(智利),100.0,a12817812,a12817812
THS-LI-3.1.1,LI,2,海外产能（万吨LCE）,海外产能,100.0,a12715541,a12715541
THS-LI-3.1.1,LI,10,海外进口量分国别（万吨LCE）,工业硅进口量分国别,70.59,CM0000287714,CM0000287714
THS-LI-3.1.2,LI,0,澳大利亚锂矿产量（万吨LCE）,澳洲/巴西/非洲锂矿产量,72.23,a12808678,a12808678
THS-LI-3.1.2,LI,1,非洲锂矿产量（万吨LCE）,澳洲/巴西/非洲锂矿产量,78.0,a12808678,a12808678
THS-LI-3.1.2,LI,2,南美锂矿产量（万吨LCE）,锂云母产量,70.91,a12756591,a12756591
THS-LI-3.1.2,LI,3,亚洲锂矿产量（万吨LCE）,澳洲/巴西/非洲锂矿产量,81.25,a12808678,a12808678
THS-LI-3.1.2,LI,4,海外锂矿进口量分国别（万吨LCE）,锂精矿进口分国别,100,a10001421,a10001421
THS-LI-3.1.2,LI,5,海外锂矿出口量分国别（万吨LCE）,锂精矿进口分国别,86.67,a10001421,a10001421
THS-LI-3.1.2,LI,6,海外锂矿库存分国别（万吨LCE）,锂精矿进口分国别,76.47,a10001421,a10001421
THS-LI-3.1.2,LI,7,海外锂矿产能分国别（万吨LCE）,锂精矿进口分国别,76.47,a10001421,a10001421
THS-LI-3.1.3,LI,0,锂云母产量（万吨LCE）,锂云母产量,100,a12756591,a12756591
THS-LI-3.1.3,LI,1,锂辉石产量（万吨LCE）,碳酸锂 锂辉石总产量,92.86,ID01707140,ID01707140
THS-LI-3.1.3,LI,2,国内锂矿产量（万吨LCE）,锂云母产量,70.91,a12756591,a12756591
THS-LI-3.1.3,LI,3,盐湖提锂产量（万吨LCE）,盐湖提锂产量,100,a12723867,a12723867
THS-LI-3.1.3,LI,5,国内锂矿开工率（%）,国内锂盐精炼开工率,97.5,a12715874,a12715874
THS-LI-3.1.3,LI,6,国内锂矿产能利用率（%）,碳酸锂产能利用率中国（周）,82.11,ID01445893,ID01445893
THS-LI-3.1.4,LI,0,锂矿进口总量（万吨LCE）,锂精矿进口 巴西,94.55,a10001427,a10001427
THS-LI-3.1.4,LI,1,锂辉石进口量（万吨LCE）,碳酸锂进口量,86.67,a12715657,a12715657
THS-LI-3.1.4,LI,8,锂矿进口均价（元/吨）,锂矿进口均价,100,a12852994,a12852994
THS-LI-3.1.4,LI,9,锂矿进口盈亏（元/吨）,锂矿进口均价,86.67,a12852994,a12852994
THS-LI-3.1.4,LI,10,锂矿进口量（万吨LCE）,锂矿进口均价,94.55,a12852994,a12852994
THS-LI-3.1.4,LI,13,锂矿进口仓单量（万吨LCE）,锂矿进口均价,80.0,a12852994,a12852994
THS-LI-3.1.4,LI,14,锂云母进口量（万吨LCE）,锂云母产量,94.55,a12756591,a12756591
THS-LI-3.1.5,LI,2,锂矿进口盈亏（元/吨）,锂矿进口均价,86.67,a12852994,a12852994
THS-LI-3.1.5,LI,6,锂云母TC（元/吨）,锂云母价格,78.0,ID01702776,ID01702776
THS-LI-3.1.5,LI,7,盐湖提锂TC（元/吨）,盐湖提锂产量,86.67,a12723867,a12723867
THS-LI-3.2.1,LI,0,电池级碳酸锂产量（万吨LCE）,电池级碳酸锂产量,100,a12715549,a12715549
THS-LI-3.2.1,LI,1,工业级碳酸锂产量（万吨LCE）,工业级碳酸锂产量,100,a12715548,a12715548
THS-LI-3.2.1,LI,2,氢氧化锂产量（万吨LCE）,氢氧化锂产量,100,a10001934,a10001934
THS-LI-3.2.1,LI,3,碳酸锂产量（万吨LCE）,碳酸锂 锂云母产量,100.0,ID01707134,ID01707134
THS-LI-3.2.1,LI,4,盐湖提锂精炼产量（万吨LCE）,盐湖提锂产量,100,a12723867,a12723867
THS-LI-3.2.1,LI,5,锂云母精炼产量（万吨LCE）,锂云母产量,100,a12756591,a12756591
THS-LI-3.2.1,LI,6,国内锂盐精炼产能（万吨LCE）,国内锂盐精炼开工率,91.77,a12715874,a12715874
THS-LI-3.2.1,LI,7,国内锂盐精炼开工率（%）,国内锂盐精炼开工率,100,a12715874,a12715874
THS-LI-3.2.1,LI,10,国内锂盐精炼产能利用率（%）,国内锂盐精炼开工率,91.0,a12715874,a12715874
THS-LI-3.2.1,LI,12,锂辉石精炼产量（万吨LCE）,碳酸锂 锂辉石总产量,81.25,ID01707140,ID01707140
THS-LI-3.2.2,LI,0,国内锂盐精炼开工率（%）,国内锂盐精炼开工率,100,a12715874,a12715874
THS-LI-3.2.2,LI,2,电池级碳酸锂开工率（%）,电池级碳酸锂产量,91.77,a12715549,a12715549
THS-LI-3.2.2,LI,3,氢氧化锂开工率（%）,氢氧化锂开工率,100,a10167884,a10167884
THS-LI-3.2.2,LI,4,国内锂盐产能利用率（%）,碳酸锂产能利用率中国（周）,82.11,ID01445893,ID01445893
THS-LI-3.2.2,LI,5,盐湖提锂开工率（%）,盐湖提锂产量,80.0,a12723867,a12723867
THS-LI-3.2.2,LI,6,锂云母精炼开工率（%）,国内锂盐精炼开工率,91.77,a12715874,a12715874
THS-LI-3.2.2,LI,7,国内锂盐开工率（%）,国内锂盐精炼开工率,100,a12715874,a12715874
THS-LI-3.2.2,LI,12,国内锂盐开工天数（天）,国内锂盐精炼开工率,91.77,a12715874,a12715874
THS-LI-3.2.3,LI,0,再生碳酸锂产量（万吨LCE）,海外碳酸锂产量(智利),92.86,a12817812,a12817812
THS-LI-3.2.3,LI,1,再生氢氧化锂产量（万吨LCE）,氢氧化锂产量,97.5,a10001934,a10001934
THS-LI-3.2.4,LI,0,电池级碳酸锂冶炼利润（元/吨）,电池级碳酸锂产量,86.67,a12715549,a12715549
THS-LI-3.2.4,LI,1,工业级碳酸锂冶炼利润（元/吨）,工业级碳酸锂产量,86.67,a12715548,a12715548
THS-LI-3.2.4,LI,2,氢氧化锂冶炼利润（元/吨）,氢氧化锂冶炼利润,100,a12763812,a12763812
THS-LI-3.2.4,LI,3,碳酸锂冶炼利润（元/吨）,氢氧化锂冶炼利润,86.67,a12763812,a12763812
THS-LI-3.2.4,LI,4,盐湖提锂冶炼利润（元/吨）,氢氧化锂冶炼利润,81.25,a12763812,a12763812
THS-LI-3.2.4,LI,5,锂云母冶炼利润（元/吨）,氢氧化锂冶炼利润,86.67,a12763812,a12763812
THS-LI-3.2.4,LI,6,锂辉石冶炼利润（元/吨）,氢氧化锂冶炼利润,86.67,a12763812,a12763812
THS-LI-4.1,LI,0,碳酸锂交易所库存（万吨LCE）,碳酸锂库存中国（月）,86.67,ID01865189,ID01865189
THS-LI-4.1,LI,2,电池级碳酸锂交易所库存（万吨LCE）,电池级碳酸锂产量,82.11,a12715549,a12715549
THS-LI-4.1,LI,3,工业级碳酸锂交易所库存（万吨LCE）,工业级碳酸锂产量,82.11,a12715548,a12715548
THS-LI-4.2,LI,0,碳酸锂仓单数量（万吨LCE）,碳酸锂 仓单量,100,FU00058091,FU00058091
THS-LI-4.2,LI,1,氢氧化锂仓单数量（万吨LCE）,氢氧化锂产量,92.86,a10001934,a10001934
THS-LI-4.2,LI,2,电池级碳酸锂仓单数量（万吨LCE）,电池级碳酸锂产量,100,a12715549,a12715549
THS-LI-4.2,LI,3,工业级碳酸锂仓单数量（万吨LCE）,工业级碳酸锂产量,100,a12715548,a12715548
THS-LI-4.2,LI,10,碳酸锂交易所库存（万吨LCE）,碳酸锂库存中国（月）,86.67,ID01865189,ID01865189
THS-LI-4.3,LI,0,碳酸锂社会库存（万吨LCE）,碳酸锂社会库存,100,a12795935,a12795935
THS-LI-4.3,LI,1,氢氧化锂社会库存（万吨LCE）,碳酸锂社会库存,86.67,a12795935,a12795935
THS-LI-4.3,LI,2,电池级碳酸锂社会库存（万吨LCE）,碳酸锂社会库存,91.0,a12795935,a12795935
THS-LI-4.3,LI,3,工业级碳酸锂社会库存（万吨LCE）,碳酸锂社会库存,91.0,a12795935,a12795935
THS-LI-4.4,LI,0,碳酸锂工厂库存（万吨LCE）,碳酸锂工厂库存天数,100,a12805120,a12805120
THS-LI-4.4,LI,1,氢氧化锂工厂库存（万吨LCE）,氢氧化锂开工率,86.67,a10167884,a10167884
THS-LI-4.4,LI,2,电池级碳酸锂工厂库存（万吨LCE）,碳酸锂工厂库存天数,95.78,a12805120,a12805120
THS-LI-4.4,LI,3,工业级碳酸锂工厂库存（万吨LCE）,碳酸锂工厂库存天数,95.78,a12805120,a12805120
THS-NI-2.1,NI,0,沪镍主力合约收盘价（元/吨）,SHFE：镍：主力合约：收盘价（日）,82.73,FU00014997,FU00014997
THS-NI-2.1,NI,3,前20名多头持仓量,空头前20持仓量,70.59,FU00085347,FU00085347
THS-NI-2.1,NI,4,前20名空头持仓量,空头前20持仓量,70.59,FU00085347,FU00085347
THS-NI-2.1,NI,5,沪镍近月合约价格,镍铁价格（江苏，7%≤Ni≤13%）,70.91,ID00185681,ID00185681
THS-NI-2.1,NI,6,沪镍远月合约价格,镍铁价格（江苏，7%≤Ni≤13%）,70.91,ID00185681,ID00185681
THS-NI-2.1,NI,11,沪镍主力合约价格（元/吨）,镍铁价格（江苏，7%≤Ni≤13%）,70.91,ID00185681,ID00185681
THS-NI-2.1,NI,12,LME镍现货价格（美元/吨）,LME镍库存,74.28,a12764445,a12764445
THS-NI-2.2,NI,1,沪镍主力合约收盘价（元/吨）,SHFE：镍：主力合约：收盘价（日）,82.73,FU00014997,FU00014997
THS-NI-2.2,NI,2,镍现货价格（元/吨）,镍铁价格（江苏，7%≤Ni≤13%）,86.67,ID00185681,ID00185681
THS-NI-2.2,NI,5,电解镍现货价格（元/吨）,镍铁价格（江苏，7%≤Ni≤13%）,70.91,ID00185681,ID00185681
THS-NI-2.2,NI,6,镍生铁NPI现货价格（元/吨）,镍铁价格（江苏，7%≤Ni≤13%）,74.28,ID00185681,ID00185681
THS-NI-2.2,NI,7,高冰镍现货价格（元/吨）,镍铁价格（江苏，7%≤Ni≤13%）,70.91,ID00185681,ID00185681
THS-NI-2.2,NI,8,沪镍主力合约价格（元/吨）,镍铁价格（江苏，7%≤Ni≤13%）,70.91,ID00185681,ID00185681
THS-NI-2.2,NI,9,LME镍现货价格（美元/吨）,LME镍库存,74.28,a12764445,a12764445
THS-NI-2.2,NI,27,镍进口盈亏,镍豆：进口盈亏（日）,100,ID00408378,ID00408378
THS-NI-2.3,NI,0,LME镍主力合约收盘价（美元/吨）,SHFE：镍：主力合约：收盘价（日）,86.67,FU00014997,FU00014997
THS-NI-2.3,NI,1,LME镍主力合约持仓量（手）,SHFE：镍：主力合约：单边交易：持仓量（日）,71.72,FU00018043,FU00018043
THS-NI-2.3,NI,2,沪镍主力合约价格（元/吨）,镍铁价格（江苏，7%≤Ni≤13%）,70.91,ID00185681,ID00185681
THS-NI-2.3,NI,3,LME镍现货价格（美元/吨）,LME镍库存,74.28,a12764445,a12764445
THS-NI-2.3,NI,5,LME镍仓单数量（吨）,LME：镍：注销仓单（日）,86.67,FU00014818,FU00014818
THS-NI-2.3,NI,6,LME镍仓单注册量变化（吨）,LME：镍：注销仓单（日）,74.28,FU00014818,FU00014818
THS-NI-2.3,NI,13,LME镍现金价格（美元/吨）,LME镍库存,74.28,a12764445,a12764445
THS-NI-2.3,NI,14,LME镍3个月期货价格（美元/吨）,LME：镍：3个月合约：成交量（日）,72.8,FU00014809,FU00014809
THS-NI-2.3,NI,25,LME镍月差,LME镍库存,86.67,a12764445,a12764445
THS-NI-2.3,NI,27,LME镍现金-3个月月差,LME：镍：3个月合约：成交量（日）,72.8,FU00014809,FU00014809
THS-NI-2.4,NI,0,沪镍近月合约价格（元/吨）,镍铁价格（江苏，7%≤Ni≤13%）,70.91,ID00185681,ID00185681
THS-NI-2.4,NI,1,沪镍远月合约价格（元/吨）,镍铁价格（江苏，7%≤Ni≤13%）,70.91,ID00185681,ID00185681
THS-NI-2.4,NI,10,沪镍现金价格（元/吨）,镍铁价格（江苏，7%≤Ni≤13%）,78.0,ID00185681,ID00185681
THS-NI-2.4,NI,13,电解镍现货价格（元/吨）,镍铁价格（江苏，7%≤Ni≤13%）,70.91,ID00185681,ID00185681
THS-NI-2.4,NI,14,镍生铁NPI现货价格（元/吨）,镍铁价格（江苏，7%≤Ni≤13%）,74.28,ID00185681,ID00185681
THS-NI-2.4,NI,15,高冰镍现货价格（元/吨）,镍铁价格（江苏，7%≤Ni≤13%）,70.91,ID00185681,ID00185681
THS-NI-2.4,NI,19,LME镍仓单数量（吨）,LME：镍：注销仓单（日）,86.67,FU00014818,FU00014818
THS-NI-2.4,NI,20,LME镍月差（美元/吨）,LME镍库存,86.67,a12764445,a12764445
THS-NI-2.4,NI,23,LME镍月差,LME镍库存,86.67,a12764445,a12764445
THS-NI-2.5,NI,0,沪镍主力合约收盘价（元/吨）,SHFE：镍：主力合约：收盘价（日）,82.73,FU00014997,FU00014997
THS-NI-2.5,NI,2,镍生铁NPI现货价格（元/吨）,镍铁价格（江苏，7%≤Ni≤13%）,74.28,ID00185681,ID00185681
THS-NI-2.5,NI,3,电解镍现货价格（元/吨）,镍铁价格（江苏，7%≤Ni≤13%）,70.91,ID00185681,ID00185681
THS-NI-2.5,NI,5,高冰镍现货价格（元/吨）,镍铁价格（江苏，7%≤Ni≤13%）,70.91,ID00185681,ID00185681
THS-NI-2.5,NI,12,镍铁一体化利润（元/吨）,镍铁理论利润（RKEF 山东）,80.0,a10020849,a10020849
THS-NI-2.5,NI,14,沪镍主力合约收盘价,SHFE：镍：主力合约：收盘价（日）,82.73,FU00014997,FU00014997
THS-NI-2.6,NI,3,前20名持仓总量（手）,空头前20持仓量,71.43,FU00085347,FU00085347
THS-NI-3.1,NI,0,印尼镍矿产量,印尼冰镍产量（分品味）,100,ID01858105,ID01858105
THS-NI-3.1,NI,1,印尼镍矿产量（万吨）,印尼冰镍产量（分品味）,100,ID01858105,ID01858105
THS-NI-3.1,NI,4,印尼镍精炼产量,印尼冰镍产量（分品味）,100.0,ID01858105,ID01858105
THS-NI-3.1,NI,5,印尼镍精炼产量（万吨）,印尼冰镍产量（分品味）,100.0,ID01858105,ID01858105
THS-NI-3.1,NI,14,国内镍矿产量,中国镍铁产量,86.67,ID01002124,ID01002124
THS-NI-3.1,NI,15,国内镍矿产量（万吨）,中国镍铁产量,86.67,ID01002124,ID01002124
THS-NI-3.1,NI,16,国内镍精炼产量,中国精炼镍产量,92.86,ID01002085,ID01002085
THS-NI-3.1,NI,17,国内镍精炼产量（万吨）,中国精炼镍产量,92.86,ID01002085,ID01002085
THS-NI-3.1,NI,18,国内镍矿进口量,中国冰镍进口量,92.86,ID01364207,ID01364207
THS-NI-3.1,NI,19,国内镍矿进口量（万吨）,中国冰镍进口量,92.86,ID01364207,ID01364207
THS-NI-3.1,NI,22,国内镍矿-精炼产量比,中国精炼镍产量,81.25,ID01002085,ID01002085
THS-NI-3.1,NI,23,国内镍矿-精炼产量比（倍）,中国精炼镍产量,81.25,ID01002085,ID01002085
THS-NI-3.1,NI,24,镍精矿进口总量,镍铁进口量,78.0,CM0000138647,CM0000138647
THS-NI-3.1,NI,25,镍精矿进口总量（万吨）,镍铁进口量,78.0,CM0000138647,CM0000138647
THS-NI-3.1,NI,26,印尼镍精矿进口量,镍铁进口量,80.0,CM0000138647,CM0000138647
THS-NI-3.1,NI,27,印尼镍精矿进口量（万吨）,镍铁进口量,80.0,CM0000138647,CM0000138647
THS-NI-3.1,NI,28,菲律宾镍精矿进口量,镍铁进口量,74.28,CM0000138647,CM0000138647
THS-NI-3.1,NI,29,菲律宾镍精矿进口量（万吨）,镍铁进口量,74.28,CM0000138647,CM0000138647
THS-NI-3.1,NI,30,镍精矿进口到港量,镍铁进口量,80.0,CM0000138647,CM0000138647
THS-NI-3.1,NI,31,镍精矿进口到港量（万吨）,镍铁进口量,80.0,CM0000138647,CM0000138647
THS-NI-3.1,NI,37,印尼镍精矿TC,印尼镍矿价格（HPM 1.6%）,80.0,s22793258,s22793258
THS-NI-3.1,NI,38,印尼镍精矿TC（美元/吨干矿）,印尼镍矿价格（HPM 1.6%）,80.0,s22793258,s22793258
THS-NI-3.1,NI,41,印尼镍矿HPM基准价,印尼镍矿价格（HPM 1.6%）,81.25,s22793258,s22793258
THS-NI-3.1,NI,42,印尼镍矿HPM基准价（美元/湿吨）,印尼镍矿价格（HPM 1.6%）,81.25,s22793258,s22793258
THS-NI-3.1.1,NI,0,印尼镍矿产量（万吨）,印尼冰镍产量（分品味）,100,ID01858105,ID01858105
THS-NI-3.1.1,NI,3,中国从印尼进口镍精矿量（万吨）,中国冰镍进口量,72.23,ID01364207,ID01364207
THS-NI-3.1.1,NI,6,印尼镍精炼产量（万吨）,印尼冰镍产量（分品味）,100.0,ID01858105,ID01858105
THS-NI-3.1.1,NI,8,新喀里多尼亚镍精炼产量（万吨）,印尼精炼镍产量,72.23,a12870400,a12870400
THS-NI-3.1.1,NI,9,印尼镍矿产能利用率（%）,精炼镍：产能利用率：中国（月）,74.28,ID01002083,ID01002083
THS-NI-3.1.1,NI,10,菲律宾镍矿产能利用率（%）,精炼镍：产能利用率：中国（月）,70.91,ID01002083,ID01002083
THS-NI-3.1.1,NI,12,印尼镍矿检修量（万吨）,印尼冰镍产量（分品味）,80.0,ID01858105,ID01858105
THS-NI-3.1.1,NI,15,印尼镍精炼产能（万吨/年）,印尼精炼镍产量,92.86,a12870400,a12870400
THS-NI-3.1.1,NI,18,印尼镍矿开工天数（天/季度）,印尼镍矿价格（HPM 1.6%）,74.28,s22793258,s22793258
THS-NI-3.1.1,NI,21,印尼镍矿-精炼产量比（倍）,印尼精炼镍产量,97.5,a12870400,a12870400
THS-NI-3.1.2,NI,0,印尼镍矿产量（万吨）,印尼冰镍产量（分品味）,100,ID01858105,ID01858105
THS-NI-3.1.2,NI,1,印尼镍精炼产量（万吨）,印尼冰镍产量（分品味）,100.0,ID01858105,ID01858105
THS-NI-3.1.2,NI,5,新喀里多尼亚镍精炼产量（万吨）,印尼精炼镍产量,72.23,a12870400,a12870400
THS-NI-3.1.2,NI,8,印尼镍矿产能（万吨/年）,印尼冰镍产量（分品味）,86.67,ID01858105,ID01858105
THS-NI-3.1.2,NI,12,印尼镍矿开工天数（天/季度）,印尼镍矿价格（HPM 1.6%）,74.28,s22793258,s22793258
THS-NI-3.1.2,NI,16,印尼矿-精炼产量比（倍）,印尼精炼镍产量,80.0,a12870400,a12870400
THS-NI-3.1.3,NI,3,国内镍精炼产量（万吨）,中国精炼镍产量,92.86,ID01002085,ID01002085
THS-NI-3.1.3,NI,4,电解镍产量（万吨）,中国镍铁产量,70.91,ID01002124,ID01002124
THS-NI-3.1.3,NI,5,镍铁产量（万吨）,中国镍铁产量,86.67,ID01002124,ID01002124
THS-NI-3.1.3,NI,6,国内镍矿产量（万吨）,中国镍铁产量,86.67,ID01002124,ID01002124
THS-NI-3.1.3,NI,8,甘肃镍矿产能利用率（%）,精炼镍：产能利用率：中国（月）,74.28,ID01002083,ID01002083
THS-NI-3.1.3,NI,9,四川镍矿产能利用率（%）,精炼镍：产能利用率：中国（月）,74.28,ID01002083,ID01002083
THS-NI-3.1.3,NI,10,云南镍矿产能利用率（%）,精炼镍：产能利用率：中国（月）,74.28,ID01002083,ID01002083
THS-NI-3.1.3,NI,19,镍精矿进口量（万吨）,镍铁进口量,94.55,CM0000138647,CM0000138647
THS-NI-3.1.4,NI,0,镍精矿进口总量（万吨）,镍铁进口量,78.0,CM0000138647,CM0000138647
THS-NI-3.1.4,NI,1,镍精矿进口量（吨）,镍铁进口量,94.55,CM0000138647,CM0000138647
THS-NI-3.1.4,NI,2,中国从印尼进口镍精矿量（万吨）,中国冰镍进口量,72.23,ID01364207,ID01364207
THS-NI-3.1.4,NI,12,国内镍精炼产量（万吨）,中国精炼镍产量,92.86,ID01002085,ID01002085
THS-NI-3.1.4,NI,13,镍精矿进口量（万吨）,镍铁进口量,94.55,CM0000138647,CM0000138647
THS-NI-3.1.4,NI,17,印尼镍精矿进口量（万吨）,镍铁进口量,80.0,CM0000138647,CM0000138647
THS-NI-3.1.4,NI,18,菲律宾镍精矿进口量（万吨）,镍铁进口量,74.28,CM0000138647,CM0000138647
THS-NI-3.1.5,NI,2,印尼镍精矿TC（美元/吨干矿）,印尼镍矿价格（HPM 1.6%）,80.0,s22793258,s22793258
THS-NI-3.1.5,NI,3,印尼镍精矿进口量（万吨）,镍铁进口量,80.0,CM0000138647,CM0000138647
THS-NI-3.1.5,NI,5,菲律宾镍精矿进口量（万吨）,镍铁进口量,74.28,CM0000138647,CM0000138647
THS-NI-3.1.5,NI,8,沪镍主力合约收盘价（元/吨）,SHFE：镍：主力合约：收盘价（日）,82.73,FU00014997,FU00014997
THS-NI-3.1.5,NI,11,镍铁冶炼利润（元/吨）,镍铁理论利润（RKEF 山东）,86.67,a10020849,a10020849
THS-NI-3.2,NI,0,电解镍产量,中国镍铁产量,70.91,ID01002124,ID01002124
THS-NI-3.2,NI,1,电解镍产量（万吨）,中国镍铁产量,70.91,ID01002124,ID01002124
THS-NI-3.2,NI,3,镍铁产量,中国镍铁产量,86.67,ID01002124,ID01002124
THS-NI-3.2,NI,4,镍铁产量（万吨）,中国镍铁产量,86.67,ID01002124,ID01002124
THS-NI-3.2,NI,5,高冰镍产量,印尼冰镍产量（分品味）,94.55,ID01858105,ID01858105
THS-NI-3.2,NI,6,高冰镍产量（万吨）,印尼冰镍产量（分品味）,94.55,ID01858105,ID01858105
THS-NI-3.2,NI,8,精炼镍产量,精炼镍：产量：印尼（月）,92.86,ID02026189,ID02026189
THS-NI-3.2,NI,9,精炼镍产量（万吨）,精炼镍：产量：印尼（月）,92.86,ID02026189,ID02026189
THS-NI-3.2,NI,11,LME镍注册仓单,LME：镍：注销仓单（日）,100,FU00014818,FU00014818
THS-NI-3.2,NI,12,LME镍注册仓单（吨）,LME：镍：注销仓单（日）,100,FU00014818,FU00014818
THS-NI-3.2,NI,19,精炼镍开工率,精炼镍：开工率：印尼（月）,97.5,ID02026188,ID02026188
THS-NI-3.2,NI,20,精炼镍开工率（%）,精炼镍：开工率：印尼（月）,97.5,ID02026188,ID02026188
THS-NI-3.2,NI,22,再生镍产量,中国镍铁产量,70.91,ID01002124,ID01002124
THS-NI-3.2,NI,23,再生镍产量（万吨）,中国镍铁产量,70.91,ID01002124,ID01002124
THS-NI-3.2,NI,31,硫酸镍产量,中国硫酸镍产量,92.86,ID01002132,ID01002132
THS-NI-3.2,NI,32,硫酸镍产量（万吨）,中国硫酸镍产量,92.86,ID01002132,ID01002132
THS-NI-3.2,NI,36,镍铁冶炼利润,镍铁理论利润（RKEF 山东）,86.67,a10020849,a10020849
THS-NI-3.2,NI,37,镍铁冶炼利润（元/吨）,镍铁理论利润（RKEF 山东）,86.67,a10020849,a10020849
THS-NI-3.2,NI,40,沪镍主力合约收盘价,SHFE：镍：主力合约：收盘价（日）,82.73,FU00014997,FU00014997
THS-NI-3.2,NI,41,沪镍主力合约收盘价（元/吨）,SHFE：镍：主力合约：收盘价（日）,82.73,FU00014997,FU00014997
THS-NI-3.2.1,NI,0,电解镍产量（万吨）,中国镍铁产量,70.91,ID01002124,ID01002124
THS-NI-3.2.1,NI,1,电解镍产能利用率（%）,精炼镍：产能利用率：中国（月）,78.0,ID01002083,ID01002083
THS-NI-3.2.1,NI,2,镍铁产量（万吨）,中国镍铁产量,86.67,ID01002124,ID01002124
THS-NI-3.2.1,NI,3,镍铁产能利用率（%）,精炼镍：产能利用率：中国（月）,82.11,ID01002083,ID01002083
THS-NI-3.2.1,NI,4,高冰镍产量（万吨）,印尼冰镍产量（分品味）,94.55,ID01858105,ID01858105
THS-NI-3.2.1,NI,5,高冰镍产能利用率（%）,精炼镍：产能利用率：中国（月）,78.0,ID01002083,ID01002083
THS-NI-3.2.1,NI,6,精炼镍产量（万吨）,精炼镍：产量：印尼（月）,92.86,ID02026189,ID02026189
THS-NI-3.2.1,NI,7,精炼镍产能利用率（%）,精炼镍：产能利用率：中国（月）,100,ID01002083,ID01002083
THS-NI-3.2.1,NI,8,镍精炼产量（万吨）,中国精炼镍产量,86.67,ID01002085,ID01002085
THS-NI-3.2.2,NI,3,镍铁检修量（万吨）,镍铁进口量,78.0,CM0000138647,CM0000138647
THS-NI-3.2.2,NI,6,精炼镍开工率（%）,精炼镍：开工率：印尼（月）,97.5,ID02026188,ID02026188
THS-NI-3.2.2,NI,7,精炼镍检修量（万吨）,中国精炼镍产量,80.0,ID01002085,ID01002085
THS-NI-3.2.2,NI,8,镍精炼开工率（%）,精炼镍：开工率：印尼（月）,81.25,ID02026188,ID02026188
THS-NI-3.2.3,NI,0,再生镍产量（万吨）,中国镍铁产量,70.91,ID01002124,ID01002124
THS-NI-3.2.3,NI,3,不锈钢废料进口量（万吨）,不锈钢进口量,85.71,a10018706,a10018706
THS-NI-3.2.3,NI,7,高冰镍进口量（万吨）,中国冰镍进口量,100.0,ID01364207,ID01364207
THS-NI-3.2.3,NI,11,电解镍产量（万吨）,中国镍铁产量,70.91,ID01002124,ID01002124
THS-NI-3.2.4,NI,2,镍铁冶炼利润（元/吨）,镍铁理论利润（RKEF 山东）,86.67,a10020849,a10020849
THS-NI-3.2.4,NI,3,镍铁完全成本（元/吨）,低镍生铁：成本（日）,80.0,ID01360199,ID01360199
THS-NI-3.2.4,NI,11,沪镍主力合约收盘价（元/吨）,SHFE：镍：主力合约：收盘价（日）,82.73,FU00014997,FU00014997
THS-NI-4.1,NI,1,上期所镍注销仓单量（手）,LME：镍：注销仓单（日）,76.47,FU00014818,FU00014818
THS-NI-4.1,NI,7,沪镍主力合约收盘价（元/吨）,SHFE：镍：主力合约：收盘价（日）,82.73,FU00014997,FU00014997
THS-NI-4.1,NI,10,镍进口盈亏（元/吨）,镍豆：进口盈亏（日）,100,ID00408378,ID00408378
THS-NI-4.1,NI,11,LME镍库存（手）,LME镍库存,100,a12764445,a12764445
THS-NI-4.1,NI,14,中国精炼镍仓单库存,中国精炼镍产量,81.25,ID01002085,ID01002085
THS-NI-4.1,NI,15,LME镍库存（LME Nickel Stock）,LME镍库存,100,a12764445,a12764445
THS-NI-4.1,NI,18,沪镍主力合约收盘价,SHFE：镍：主力合约：收盘价（日）,82.73,FU00014997,FU00014997
THS-NI-4.1,NI,23,镍进口盈亏,镍豆：进口盈亏（日）,100,ID00408378,ID00408378
THS-NI-4.1,NI,24,SMM镍进口盈亏,SMM: 电解镍进口盈亏（沪伦价格差）: 日度,94.55,a10000206,a10000206
THS-NI-4.1,NI,25,Mysteel镍豆进口盈亏,镍豆：进口盈亏（日）,78.0,ID00408378,ID00408378
THS-NI-4.1,NI,26,LME镍库存,LME镍库存,100,a12764445,a12764445
THS-NI-4.1,NI,27,SMM LME镍库存,LME镍库存,86.67,a12764445,a12764445
THS-NI-4.2,NI,1,上期所镍注销仓单量（手）,LME：镍：注销仓单（日）,76.47,FU00014818,FU00014818
THS-NI-4.2,NI,8,LME镍库存（手）,LME镍库存,100,a12764445,a12764445
THS-NI-4.2,NI,11,沪镍主力合约收盘价（元/吨）,SHFE：镍：主力合约：收盘价（日）,82.73,FU00014997,FU00014997
THS-NI-4.2,NI,18,LME镍注销仓单占比（LME Nickel Unregistered Stock Ratio）,LME：镍：注销仓单（日）,100,FU00014818,FU00014818
THS-NI-4.2,NI,19,上期所镍仓单量、LME镍库存,LME镍库存分布：洲,70.91,a12764460,a12764460
THS-NI-4.3,NI,0,镍社会库存总量（万吨）,镍铁库存,86.67,a12854683,a12854683
THS-NI-4.3,NI,11,沪镍主力合约收盘价（元/吨）,SHFE：镍：主力合约：收盘价（日）,82.73,FU00014997,FU00014997
THS-NI-4.3,NI,14,镍社会库存总量（含上期所、南储、隐性）,镍铁库存,86.67,a12854683,a12854683
THS-NI-4.3,NI,29,镍社会库存总量、LME镍库存,LME镍库存分布：洲,70.91,a12764460,a12764460
THS-NI-4.4,NI,0,电解镍厂库存（万吨）,镍铁库存,78.0,a12854683,a12854683
THS-NI-4.4,NI,2,镍铁厂库存（万吨）,镍铁库存,100,a12854683,a12854683
THS-NI-4.4,NI,3,镍铁厂库存天数（天）,镍铁库存,94.55,a12854683,a12854683
THS-NI-4.4,NI,4,高冰镍厂库存（万吨）,镍铁库存,78.0,a12854683,a12854683
THS-NI-4.4,NI,6,精炼镍厂库存（万吨）,镍铁库存,78.0,a12854683,a12854683
THS-NI-4.4,NI,7,镍厂库存总量（万吨）,镍铁库存,97.5,a12854683,a12854683
THS-NI-4.4,NI,12,沪镍主力合约收盘价（元/吨）,SHFE：镍：主力合约：收盘价（日）,82.73,FU00014997,FU00014997
THS-NI-4.4,NI,17,SMM镍铁厂库存,镍铁库存,86.67,a12854683,a12854683
THS-NI-4.5,NI,0,镍在途库存总量（万吨）,镍铁库存,86.67,a12854683,a12854683
THS-NI-4.5,NI,3,镍隐性库存总量（万吨）,镍铁库存,86.67,a12854683,a12854683
THS-NI-4.5,NI,12,沪镍主力合约收盘价（元/吨）,SHFE：镍：主力合约：收盘价（日）,82.73,FU00014997,FU00014997
THS-NI-5.1,NI,11,沪镍主力合约收盘价（元/吨）,SHFE：镍：主力合约：收盘价（日）,82.73,FU00014997,FU00014997
THS-NI-5.1,NI,13,精炼镍开工率,精炼镍：开工率：印尼（月）,97.5,ID02026188,ID02026188
THS-NI-5.1,NI,14,精炼镍产量,精炼镍：产量：印尼（月）,92.86,ID02026189,ID02026189
THS-NI-5.1,NI,16,精炼镍开工率、精炼镍产量,精炼镍：开工率：印尼（月）,70.91,ID02026188,ID02026188
THS-NI-5.2,NI,1,不锈钢表观消费（万吨）,不锈钢：表观消费量：中国（月）,73.68,ID01002056,ID01002056
THS-NI-5.2,NI,11,沪镍主力合约收盘价（元/吨）,SHFE：镍：主力合约：收盘价（日）,82.73,FU00014997,FU00014997
THS-NI-5.2,NI,13,不锈钢表观消费量,不锈钢：表观消费量：中国（月）,80.0,ID01002056,ID01002056
THS-NI-5.3,NI,11,镍进口量（万吨）,镍铁进口量,100,CM0000138647,CM0000138647
THS-NI-5.3,NI,12,镍进口盈亏（元/吨）,镍豆：进口盈亏（日）,100,ID00408378,ID00408378
THS-NI-5.3,NI,13,LME镍库存（手）,LME镍库存,100,a12764445,a12764445
THS-NI-5.3,NI,15,LME镍库存,LME镍库存,100,a12764445,a12764445
THS-NI-5.3,NI,16,LME镍库存（LME镍库存）,LME镍库存,100,a12764445,a12764445
THS-NI-5.3,NI,17,LME镍注册仓单,LME：镍：注销仓单（日）,100,FU00014818,FU00014818
THS-NI-5.3,NI,18,LME镍注册仓单（LME镍注册仓单）,LME：镍：注销仓单（日）,100,FU00014818,FU00014818
THS-NI-5.3,NI,19,LME镍注销仓单,LME：镍：注销仓单（日）,100,FU00014818,FU00014818
THS-NI-5.3,NI,20,LME镍注销仓单（LME镍注销仓单）,LME：镍：注销仓单（日）,100,FU00014818,FU00014818
THS-NI-5.3,NI,21,镍进口量,镍铁进口量,100,CM0000138647,CM0000138647
THS-NI-5.3,NI,22,LME镍库存、镍进口量,LME镍库存分布：洲,74.28,a12764460,a12764460
THS-NI-5.3,NI,23,LME镍库存、沪镍主力合约收盘价,SHFE：镍：主力合约：收盘价（日）,71.72,FU00014997,FU00014997
THS-NI-6.1,NI,0,镍矿进口量（万吨）,镍铁进口量,100,CM0000138647,CM0000138647
THS-NI-6.1,NI,1,镍矿进口盈亏（元/吨）,镍豆：进口盈亏（日）,100.0,ID00408378,ID00408378
THS-NI-6.1,NI,2,镍生铁/NPI进口量（万吨）,镍铁进口量,92.86,CM0000138647,CM0000138647
THS-NI-6.1,NI,3,镍生铁/NPI进口盈亏（元/吨）,镍豆：进口盈亏（日）,76.47,ID00408378,ID00408378
THS-NI-6.1,NI,4,高冰镍进口量（万吨）,中国冰镍进口量,100.0,ID01364207,ID01364207
THS-NI-6.1,NI,5,高冰镍进口盈亏（元/吨）,镍豆：进口盈亏（日）,92.86,ID00408378,ID00408378
THS-NI-6.1,NI,6,电解镍进口量（万吨）,镍铁进口量,94.55,CM0000138647,CM0000138647
THS-NI-6.1,NI,7,电解镍进口盈亏（元/吨）,镍豆：进口盈亏（日）,92.86,ID00408378,ID00408378
THS-NI-6.1,NI,8,印尼镍矿进口量（万吨）,镍铁进口量,86.67,CM0000138647,CM0000138647
THS-NI-6.1,NI,9,菲律宾镍矿进口量（万吨）,镍铁进口量,80.0,CM0000138647,CM0000138647
THS-NI-6.1,NI,11,镍原料进口总量（万吨）,镍铁进口量,78.0,CM0000138647,CM0000138647
THS-NI-6.1,NI,15,沪镍主力合约收盘价（元/吨）,SHFE：镍：主力合约：收盘价（日）,82.73,FU00014997,FU00014997
THS-NI-6.2,NI,0,电解镍进口量（万吨）,镍铁进口量,94.55,CM0000138647,CM0000138647
THS-NI-6.2,NI,1,电解镍进口盈亏（元/吨）,镍豆：进口盈亏（日）,92.86,ID00408378,ID00408378
THS-NI-6.2,NI,2,电解镍出口量（万吨）,中国硫酸镍出口量,74.28,a10099193,a10099193
THS-NI-6.2,NI,3,电解镍出口盈亏（元/吨）,SMM: 电解镍进口盈亏（沪伦价格差）: 日度,74.28,a10000206,a10000206
THS-NI-6.2,NI,4,精炼镍进口量（万吨）,镍铁进口量,94.55,CM0000138647,CM0000138647
THS-NI-6.2,NI,5,精炼镍进口盈亏（元/吨）,镍豆：进口盈亏（日）,92.86,ID00408378,ID00408378
THS-NI-6.2,NI,6,高冰镍进口量（万吨）,中国冰镍进口量,100.0,ID01364207,ID01364207
THS-NI-6.2,NI,7,高冰镍进口盈亏（元/吨）,镍豆：进口盈亏（日）,92.86,ID00408378,ID00408378
THS-NI-6.2,NI,8,印尼电解镍进口量（万吨）,镍铁进口量,80.0,CM0000138647,CM0000138647
THS-NI-6.2,NI,9,菲律宾电解镍进口量（万吨）,镍铁进口量,74.28,CM0000138647,CM0000138647
THS-NI-6.2,NI,15,沪镍主力合约收盘价（元/吨）,SHFE：镍：主力合约：收盘价（日）,82.73,FU00014997,FU00014997
THS-NI-6.3,NI,0,不锈钢出口量（万吨）,不锈钢出口量,100.0,a12820603,a12820603
THS-NI-6.3,NI,1,不锈钢出口金额（亿美元）,不锈钢：出口金额：辽宁（月）,77.78,ID01580689,ID01580689
THS-NI-6.3,NI,6,镍合金出口量（万吨）,中国硫酸镍出口量,74.28,a10099193,a10099193
THS-NI-6.3,NI,7,镍合金出口金额（亿美元）,未锻轧非合金镍：出口金额合计：中国（月）,70.91,ID00188815,ID00188815
THS-NI-6.3,NI,8,印尼不锈钢出口量（万吨）,不锈钢出口量,75.0,a12820603,a12820603
THS-NI-6.3,NI,9,越南不锈钢出口量（万吨）,不锈钢出口量,75.0,a12820603,a12820603
THS-NI-6.3,NI,10,泰国不锈钢出口量（万吨）,不锈钢出口量,75.0,a12820603,a12820603
THS-NI-6.3,NI,14,沪镍主力合约收盘价（元/吨）,SHFE：镍：主力合约：收盘价（日）,82.73,FU00014997,FU00014997
THS-NI-6.4,NI,1,印尼镍矿发运天数（天）,印尼镍矿价格（HPM 1.6%）,74.28,s22793258,s22793258
THS-NI-6.4,NI,14,LME镍库存（手）,LME镍库存,100,a12764445,a12764445
THS-NI-7.1,NI,1,镍矿成本（元/吨）,低镍生铁：成本（日）,70.91,ID01360199,ID01360199
THS-NI-7.1,NI,3,镍铁一体化成本（元/吨）,低镍生铁：成本（日）,74.28,ID01360199,ID01360199
THS-NI-7.1,NI,8,镍价（元/吨）,镍铁价格（江苏，7%≤Ni≤13%）,86.67,ID00185681,ID00185681
THS-NI-7.1,NI,14,沪镍主力合约收盘价（元/吨）,SHFE：镍：主力合约：收盘价（日）,82.73,FU00014997,FU00014997
THS-NI-7.2,NI,1,沪镍主力合约收盘价（元/吨）,SHFE：镍：主力合约：收盘价（日）,82.73,FU00014997,FU00014997
THS-NI-7.2,NI,4,镍矿成本（元/吨）,低镍生铁：成本（日）,70.91,ID01360199,ID01360199
THS-NI-7.2,NI,10,镍价（元/吨）,镍铁价格（江苏，7%≤Ni≤13%）,86.67,ID00185681,ID00185681
THS-NI-7.2,NI,21,镍进口盈亏（元/吨）,镍豆：进口盈亏（日）,100,ID00408378,ID00408378
THS-NI-7.2,NI,22,电解镍进口盈亏（元/吨）,镍豆：进口盈亏（日）,92.86,ID00408378,ID00408378
THS-NI-7.2,NI,23,镍出口盈亏（元/吨）,镍豆：进口盈亏（日）,86.67,ID00408378,ID00408378
THS-NI-7.2,NI,24,电解镍出口盈亏（元/吨）,SMM: 电解镍进口盈亏（沪伦价格差）: 日度,74.28,a10000206,a10000206
THS-NI-7.3,NI,2,镍矿成本（元/吨）,低镍生铁：成本（日）,70.91,ID01360199,ID01360199
THS-NI-7.3,NI,4,镍生铁/NPI成本（元/吨）,低镍生铁：成本（日）,86.67,ID01360199,ID01360199
THS-NI-7.3,NI,12,沪镍主力合约收盘价（元/吨）,SHFE：镍：主力合约：收盘价（日）,82.73,FU00014997,FU00014997
THS-NI-7.3,NI,13,印尼镍矿HPM基准价（美元/湿吨）,印尼镍矿价格（HPM 1.6%）,81.25,s22793258,s22793258
THS-NI-7.3,NI,15,镍矿港口库存（万吨）,镍铁库存,78.0,a12854683,a12854683
THS-NI-7.3,NI,17,中国镍矿到港量（万吨）,中国镍铁产量,80.0,ID01002124,ID01002124
THS-SI-2.1,SI,0,工业硅期货主力合约收盘价（元/吨）,工业硅主力合约收盘价,100,a10154400,a10154400
THS-SI-2.1,SI,1,工业硅期货持仓量（手）,工业硅主力合约持仓量,91.77,a10154412,a10154412
THS-SI-2.1,SI,2,工业硅期货日度成交量（手）,工业硅主力合约成交量,82.11,a10154413,a10154413
THS-SI-2.1,SI,3,工业硅期货日度持仓量（手）,工业硅主力合约持仓量,82.11,a10154412,a10154412
THS-SI-2.1,SI,4,工业硅期货日度持仓量分位（%）,工业硅主力合约持仓量,74.28,a10154412,a10154412
THS-SI-2.1,SI,6,工业硅期货日度基差（元/吨）,工业硅期货月差,97.5,FU00039384,FU00039384
THS-SI-2.1,SI,8,工业硅期货日度月差（元/吨）,工业硅期货月差,100,FU00039384,FU00039384
THS-SI-2.2,SI,0,工业硅现货升贴水（元/吨）,工业硅现货价421#,72.23,ID01297273,ID01297273
THS-SI-2.2,SI,1,工业硅期货主力合约收盘价（元/吨）,工业硅主力合约收盘价,100,a10154400,a10154400
THS-SI-2.2,SI,2,工业硅基差（元/吨）,工业硅基差,100,a12841761,a12841761
THS-SI-2.2,SI,3,工业硅现货价格（元/吨）,新疆工业硅价格(SMM),92.86,ID01305501,ID01305501
THS-SI-2.2,SI,4,工业硅仓单注册量（吨）,工业硅主力合约持仓量,76.47,a10154412,a10154412
THS-SI-2.2,SI,5,工业硅进口盈亏（元/吨）,工业硅进口量,100.0,CM0000287718,CM0000287718
THS-SI-2.2,SI,6,工业硅沪伦比（倍）,工业硅基差,70.91,a12841761,a12841761
THS-SI-2.2,SI,7,工业硅月差（元/吨）,工业硅基差,100,a12841761,a12841761
THS-SI-2.3,SI,0,LME工业硅收盘价（美元/吨）,工业硅主力合约收盘价,86.67,a10154400,a10154400
THS-SI-2.3,SI,1,LME工业硅持仓量（手）,工业硅主力合约持仓量,86.67,a10154412,a10154412
THS-SI-2.3,SI,2,COMEX工业硅收盘价（美元/磅）,工业硅主力合约收盘价,78.0,a10154400,a10154400
THS-SI-2.3,SI,3,COMEX工业硅持仓量（手）,工业硅主力合约持仓量,78.0,a10154412,a10154412
THS-SI-2.3,SI,4,沪伦比（倍）,锡沪伦比,75.0,ID01895225,ID01895225
THS-SI-2.3,SI,5,工业硅进口盈亏（元/吨）,工业硅进口量,100.0,CM0000287718,CM0000287718
THS-SI-2.3,SI,8,LME工业硅现金价格（美元/吨）,工业硅现金成本,76.47,ID02313948,ID02313948
THS-SI-2.4,SI,0,工业硅期货月差（元/吨）,工业硅期货月差,100,FU00039384,FU00039384
THS-SI-2.4,SI,1,工业硅期货主力合约收盘价（元/吨）,工业硅主力合约收盘价,100,a10154400,a10154400
THS-SI-2.4,SI,2,工业硅期货近月合约收盘价（元/吨）,工业硅主力合约收盘价,91.0,a10154400,a10154400
THS-SI-2.4,SI,3,工业硅期货远月合约收盘价（元/吨）,工业硅主力合约收盘价,91.0,a10154400,a10154400
THS-SI-2.4,SI,4,工业硅期货仓单注册量（吨）,工业硅期货月差,76.47,FU00039384,FU00039384
THS-SI-2.4,SI,5,工业硅期货持仓量（手）,工业硅主力合约持仓量,91.77,a10154412,a10154412
THS-SI-2.4,SI,6,工业硅期货基差（元/吨）,工业硅基差,100,a12841761,a12841761
THS-SI-2.5,SI,0,工业硅冶炼利润（元/吨）,工业硅冶炼利润,100,ID01528164,ID01528164
THS-SI-2.5,SI,1,工业硅期货主力合约收盘价（元/吨）,工业硅主力合约收盘价,100,a10154400,a10154400
THS-SI-2.5,SI,2,多晶硅冶炼利润（元/吨）,工业硅冶炼利润,92.86,ID01528164,ID01528164
THS-SI-2.5,SI,3,多晶硅期货主力合约收盘价（元/吨）,工业硅主力合约收盘价,91.0,a10154400,a10154400
THS-SI-2.5,SI,6,工业硅冶炼成本（元/吨）,工业硅冶炼成本,100,ID01523501,ID01523501
THS-SI-2.5,SI,7,多晶硅冶炼成本（元/吨）,工业硅冶炼成本,92.86,ID01523501,ID01523501
THS-SI-2.5,SI,10,工业硅冶炼利润分位（%）,工业硅冶炼利润,100,ID01528164,ID01528164
THS-SI-2.6,SI,0,工业硅期货多头前20持仓量（手）,工业硅空头前20持仓量,100,FU00085334,FU00085334
THS-SI-2.6,SI,1,工业硅期货空头前20持仓量（手）,工业硅空头前20持仓量,100,FU00085334,FU00085334
THS-SI-2.6,SI,2,工业硅期货多空前20净持仓（手）,工业硅空头前20持仓量,97.5,FU00085334,FU00085334
THS-SI-2.6,SI,3,工业硅期货主力合约收盘价（元/吨）,工业硅主力合约收盘价,100,a10154400,a10154400
THS-SI-2.6,SI,4,工业硅期货多空持仓比（%）,工业硅期货月差,76.47,FU00039384,FU00039384
THS-SI-2.6,SI,5,工业硅期货持仓量分位（%）,工业硅主力合约持仓量,82.11,a10154412,a10154412
THS-SI-2.6,SI,6,工业硅期货成交量（手）,工业硅主力合约成交量,91.77,a10154413,a10154413
THS-SI-2.6,SI,7,工业硅期货仓单注册量（吨）,工业硅期货月差,76.47,FU00039384,FU00039384
THS-SI-2.6,SI,8,工业硅期货多空前20持仓量（手）,工业硅空头前20持仓量,100,FU00085334,FU00085334
THS-SI-3.1.1,SI,0,海外硅矿季度产量（万吨）,硅片周度产量,74.28,a10169478,a10169478
THS-SI-3.1.1,SI,2,海外硅矿季度开工率（%）,硅片开工率,74.28,a10169445,a10169445
THS-SI-3.1.1,SI,3,海外硅矿季度产能利用率（%）,中国工业硅产能利用率,74.28,ID01445977,ID01445977
THS-SI-3.1.1,SI,6,海外硅矿季度再生产量（万吨）,工业硅再生月产量,72.23,a12715177,a12715177
THS-SI-3.1.2,SI,0,中国硅矿月产量（万吨）,中国工业硅月产量,100,a10123426,a10123426
THS-SI-3.1.2,SI,1,美国硅矿月产量（万吨）,美国工业硅产量,92.86,ID01552216,ID01552216
THS-SI-3.1.2,SI,3,中国硅矿月产能（万吨）,中国工业硅月产量,86.67,a10123426,a10123426
THS-SI-3.1.2,SI,4,美国硅矿月产能（万吨）,美国工业硅产量,74.28,ID01552216,ID01552216
THS-SI-3.1.2,SI,6,中国硅矿月开工率（%）,中国工业硅开工率,97.5,a10123444,a10123444
THS-SI-3.1.2,SI,7,美国硅矿月开工率（%）,中国工业硅开工率,81.25,a10123444,a10123444
THS-SI-3.1.2,SI,8,巴西硅矿月开工率（%）,硅片开工率,80.0,a10169445,a10169445
THS-SI-3.1.2,SI,9,中国硅矿月进口量（万吨）,中国工业硅月产量,81.25,a10123426,a10123426
THS-SI-3.1.2,SI,10,美国硅矿月进口量（万吨）,工业硅精炼月进口量,76.47,a12715178,a12715178
THS-SI-3.1.2,SI,11,巴西硅矿月进口量（万吨）,工业硅精炼月进口量,76.47,a12715178,a12715178
THS-SI-3.1.2,SI,12,中国硅矿月再生产量（万吨）,中国工业硅月产量,91.77,a10123426,a10123426
THS-SI-3.1.2,SI,13,美国硅矿月再生产量（万吨）,美国工业硅产量,81.25,ID01552216,ID01552216
THS-SI-3.1.2,SI,14,巴西硅矿月再生产量（万吨）,工业硅再生月产量,76.47,a12715177,a12715177
THS-SI-3.1.2,SI,20,中国硅矿月产能利用率（%）,中国工业硅产能利用率,100,ID01445977,ID01445977
THS-SI-3.1.2,SI,21,美国硅矿月产能利用率（%）,中国工业硅产能利用率,91.0,ID01445977,ID01445977
THS-SI-3.1.2,SI,22,巴西硅矿月产能利用率（%）,中国工业硅产能利用率,78.0,ID01445977,ID01445977
THS-SI-3.1.3,SI,0,国内硅矿月产量（万吨）,中国工业硅月产量,86.67,a10123426,a10123426
THS-SI-3.1.3,SI,2,国内硅矿月开工率（%）,中国工业硅开工率,81.25,a10123444,a10123444
THS-SI-3.1.3,SI,3,国内硅矿月产能利用率（%）,中国工业硅产能利用率,91.0,ID01445977,ID01445977
THS-SI-3.1.3,SI,5,国内硅矿月进口量（万吨）,工业硅精炼月进口量,76.47,a12715178,a12715178
THS-SI-3.1.3,SI,6,国内硅矿月再生产量（万吨）,工业硅再生月产量,76.47,a12715177,a12715177
THS-SI-3.1.4,SI,1,国内硅矿月产量（万吨）,中国工业硅月产量,86.67,a10123426,a10123426
THS-SI-3.1.4,SI,2,中国硅矿月进口量分国别（万吨）,工业硅月进口量分国别,99.05,ID01517910,ID01517910
THS-SI-3.1.4,SI,5,LME工业硅收盘价（美元/吨）,工业硅主力合约收盘价,86.67,a10154400,a10154400
THS-SI-3.1.4,SI,9,国内硅矿月进口量（万吨）,工业硅精炼月进口量,76.47,a12715178,a12715178
THS-SI-3.1.4,SI,12,国内硅矿月进口量分国别占比（%）,工业硅月进口量分国别,90.44,ID01517910,ID01517910
THS-SI-3.1.5,SI,0,工业硅矿端TC加工费（元/吨）,工业硅终端消费量,72.23,a12715181,a12715181
THS-SI-3.1.5,SI,1,工业硅期货主力合约收盘价（元/吨）,工业硅主力合约收盘价,100,a10154400,a10154400
THS-SI-3.1.5,SI,2,工业硅冶炼利润（元/吨）,工业硅冶炼利润,100,ID01528164,ID01528164
THS-SI-3.1.5,SI,3,工业硅冶炼厂开工率（%）,中国工业硅开工率,91.77,a10123444,a10123444
THS-SI-3.1.5,SI,4,工业硅冶炼厂产能利用率（%）,中国工业硅产能利用率,99.05,ID01445977,ID01445977
THS-SI-3.1.5,SI,5,工业硅冶炼厂检修量（万吨）,工业硅冶炼利润,81.25,ID01528164,ID01528164
THS-SI-3.1.5,SI,6,工业硅冶炼厂进口量（万吨）,工业硅精炼月进口量,100,a12715178,a12715178
THS-SI-3.2.1,SI,0,工业硅精炼月产量（万吨）,工业硅精炼月产量,100,a12715175,a12715175
THS-SI-3.2.1,SI,1,工业硅精炼月产能（万吨）,工业硅精炼月产量,100,a12715175,a12715175
THS-SI-3.2.1,SI,2,多晶硅精炼月产量（万吨）,多晶硅产量,100.0,a12853285,a12853285
THS-SI-3.2.1,SI,3,多晶硅精炼月产能（万吨）,多晶硅产能,100.0,j02799420,j02799420
THS-SI-3.2.1,SI,4,金属硅精炼月产量（万吨）,工业硅精炼月产量,97.5,a12715175,a12715175
THS-SI-3.2.1,SI,5,金属硅精炼月产能（万吨）,工业硅精炼月产能,97.5,a12750402,a12750402
THS-SI-3.2.1,SI,6,工业硅精炼月开工率（%）,中国工业硅开工率,91.77,a10123444,a10123444
THS-SI-3.2.1,SI,7,多晶硅精炼月开工率（%）,多晶硅开工率,100,a10155018,a10155018
THS-SI-3.2.1,SI,8,工业硅精炼月产能利用率（%）,中国工业硅产能利用率,99.05,ID01445977,ID01445977
THS-SI-3.2.1,SI,9,工业硅精炼月检修量（万吨）,工业硅精炼月产量,100,a12715175,a12715175
THS-SI-3.2.2,SI,0,工业硅精炼月开工率（%）,中国工业硅开工率,91.77,a10123444,a10123444
THS-SI-3.2.2,SI,1,工业硅精炼月检修量（万吨）,工业硅精炼月产量,100,a12715175,a12715175
THS-SI-3.2.2,SI,2,多晶硅精炼月开工率（%）,多晶硅开工率,100,a10155018,a10155018
THS-SI-3.2.2,SI,3,多晶硅精炼月检修量（万吨）,工业硅精炼月产量,76.47,a12715175,a12715175
THS-SI-3.2.2,SI,4,金属硅精炼月开工率（%）,硅片开工率,74.28,a10169445,a10169445
THS-SI-3.2.2,SI,5,金属硅精炼月检修量（万吨）,工业硅精炼月产量,76.47,a12715175,a12715175
THS-SI-3.2.2,SI,6,工业硅精炼月产能利用率（%）,中国工业硅产能利用率,99.05,ID01445977,ID01445977
THS-SI-3.2.2,SI,7,工业硅精炼月产量（万吨）,工业硅精炼月产量,100,a12715175,a12715175
THS-SI-3.2.2,SI,8,工业硅精炼月开工天数（天）,工业硅精炼月产量,86.67,a12715175,a12715175
THS-SI-3.2.3,SI,0,工业硅再生月产量（万吨）,工业硅再生月产量,100,a12715177,a12715177
THS-SI-3.2.3,SI,1,工业硅再生月产能（万吨）,工业硅再生月产量,100,a12715177,a12715177
THS-SI-3.2.3,SI,2,多晶硅再生月产量（万吨）,多晶硅产量,100.0,a12853285,a12853285
THS-SI-3.2.3,SI,3,多晶硅再生月产能（万吨）,多晶硅产能,100.0,j02799420,j02799420
THS-SI-3.2.3,SI,4,金属硅再生月产量（万吨）,工业硅再生月产量,97.5,a12715177,a12715177
THS-SI-3.2.3,SI,5,金属硅再生月产能（万吨）,工业硅再生月产量,81.25,a12715177,a12715177
THS-SI-3.2.3,SI,6,工业硅再生月开工率（%）,中国工业硅开工率,91.77,a10123444,a10123444
THS-SI-3.2.3,SI,7,多晶硅再生月开工率（%）,多晶硅开工率,100,a10155018,a10155018
THS-SI-3.2.3,SI,8,工业硅再生月产能利用率（%）,中国工业硅产能利用率,99.05,ID01445977,ID01445977
THS-SI-3.2.3,SI,9,工业硅再生月检修量（万吨）,工业硅再生月产量,100,a12715177,a12715177
THS-SI-3.2.4,SI,0,工业硅冶炼利润（元/吨）,工业硅冶炼利润,100,ID01528164,ID01528164
THS-SI-3.2.4,SI,1,工业硅期货主力合约收盘价（元/吨）,工业硅主力合约收盘价,100,a10154400,a10154400
THS-SI-3.2.4,SI,2,多晶硅冶炼利润（元/吨）,工业硅冶炼利润,92.86,ID01528164,ID01528164
THS-SI-3.2.4,SI,3,多晶硅期货主力合约收盘价（元/吨）,工业硅主力合约收盘价,91.0,a10154400,a10154400
THS-SI-3.2.4,SI,4,工业硅冶炼利润分位（%）,工业硅冶炼利润,100,ID01528164,ID01528164
THS-SI-3.2.4,SI,8,工业硅冶炼厂开工率（%）,中国工业硅开工率,91.77,a10123444,a10123444
THS-SI-3.2.4,SI,9,工业硅冶炼厂检修量（万吨）,工业硅冶炼利润,81.25,ID01528164,ID01528164
THS-SI-3.2.4,SI,10,工业硅冶炼厂产能利用率（%）,中国工业硅产能利用率,99.05,ID01445977,ID01445977
THS-SI-4.1,SI,0,工业硅交易所库存总量（吨）,工业硅社会库存,86.67,a10020033,a10020033
THS-SI-4.1,SI,1,工业硅期货主力合约收盘价（元/吨）,工业硅主力合约收盘价,100,a10154400,a10154400
THS-SI-4.1,SI,2,多晶硅交易所库存总量（吨）,多晶硅区域库存,86.67,a12862948,a12862948
THS-SI-4.1,SI,3,多晶硅期货主力合约收盘价（元/吨）,工业硅主力合约收盘价,91.0,a10154400,a10154400
THS-SI-4.1,SI,4,工业硅仓单注册量（吨）,工业硅主力合约持仓量,76.47,a10154412,a10154412
THS-SI-4.1,SI,5,工业硅注销仓单量（吨）,工业硅主力合约持仓量,76.47,a10154412,a10154412
THS-SI-4.1,SI,6,工业硅在途库存（吨）,工业硅社会库存,92.86,a10020033,a10020033
THS-SI-4.1,SI,7,工业硅隐性库存（吨）,工业硅显性总库存,100,a12862942,a12862942
THS-SI-4.1,SI,8,工业硅库存天数（天）,工业硅社会库存,92.86,a10020033,a10020033
THS-SI-4.1,SI,9,工业硅注销仓单占比（%）,GFEX工业硅仓单总量,72.23,a10175359,a10175359
THS-SI-4.2,SI,0,工业硅仓单注册量（吨）,工业硅主力合约持仓量,76.47,a10154412,a10154412
THS-SI-4.2,SI,1,工业硅期货主力合约收盘价（元/吨）,工业硅主力合约收盘价,100,a10154400,a10154400
THS-SI-4.2,SI,2,多晶硅仓单注册量（吨）,多晶硅产量,80.0,a12853285,a12853285
THS-SI-4.2,SI,3,多晶硅期货主力合约收盘价（元/吨）,工业硅主力合约收盘价,91.0,a10154400,a10154400
THS-SI-4.2,SI,4,工业硅注销仓单量（吨）,工业硅主力合约持仓量,76.47,a10154412,a10154412
THS-SI-4.2,SI,5,多晶硅注销仓单量（吨）,多晶硅产量,80.0,a12853285,a12853285
THS-SI-4.2,SI,6,工业硅仓单占比（%）,GFEX工业硅仓单总量,81.25,a10175359,a10175359
THS-SI-4.2,SI,7,工业硅仓单分地区量（吨）,工业硅主力合约持仓量,72.23,a10154412,a10154412
THS-SI-4.2,SI,10,工业硅注销仓单占比（%）,GFEX工业硅仓单总量,72.23,a10175359,a10175359
THS-SI-4.3,SI,0,工业硅社会库存总量（万吨）,工业硅社会库存,100,a10020033,a10020033
THS-SI-4.3,SI,1,工业硅期货主力合约收盘价（元/吨）,工业硅主力合约收盘价,100,a10154400,a10154400
THS-SI-4.3,SI,2,多晶硅社会库存总量（万吨）,工业硅社会库存,92.86,a10020033,a10020033
THS-SI-4.3,SI,3,多晶硅期货主力合约收盘价（元/吨）,工业硅主力合约收盘价,91.0,a10154400,a10154400
THS-SI-4.3,SI,4,工业硅社会库存分地区量（万吨）,工业硅社会库存,82.73,a10020033,a10020033
THS-SI-4.3,SI,5,工业硅社会库存天数（天）,工业硅社会库存,100,a10020033,a10020033
THS-SI-4.3,SI,6,工业硅社会库存隐性库存（万吨）,工业硅社会库存,82.73,a10020033,a10020033
THS-SI-4.3,SI,7,工业硅社会库存在途库存（万吨）,工业硅社会库存,82.73,a10020033,a10020033
THS-SI-4.3,SI,8,工业硅社会库存厂内库存（万吨）,工业硅社会库存,82.73,a10020033,a10020033
THS-SI-4.4,SI,0,工业硅工厂库存总量（万吨）,工业硅工厂库存总量,100,a12811428,a12811428
THS-SI-4.4,SI,1,工业硅工厂库存天数（天）,工业硅工厂库存总量,100,a12811428,a12811428
THS-SI-4.4,SI,2,多晶硅工厂库存总量（万吨）,工业硅工厂库存总量,92.86,a12811428,a12811428
THS-SI-4.4,SI,3,多晶硅工厂库存天数（天）,工业硅工厂库存总量,81.25,a12811428,a12811428
THS-SI-4.4,SI,4,金属硅工厂库存总量（万吨）,工业硅工厂库存总量,92.86,a12811428,a12811428
THS-SI-4.4,SI,5,金属硅工厂库存天数（天）,金属硅社会库存-天津港,82.11,a10020033,a10020033
THS-SI-4.4,SI,6,工业硅工厂库存分地区量（万吨）,工业硅工厂库存总量,82.73,a12811428,a12811428
THS-SI-4.4,SI,7,工业硅工厂库存分持有者量（万吨）,工业硅工厂库存总量,75.83,a12811428,a12811428
THS-SI-4.4,SI,8,工业硅工厂库存在途库存（万吨）,工业硅工厂库存总量,82.73,a12811428,a12811428
THS-SI-4.4,SI,9,工业硅工厂库存隐性库存（万吨）,工业硅工厂库存总量,82.73,a12811428,a12811428
THS-SI-4.5,SI,0,工业硅隐性库存总量（万吨）,工业硅显性总库存,100,a12862942,a12862942
THS-SI-4.5,SI,1,工业硅社会库存总量（万吨）,工业硅社会库存,100,a10020033,a10020033
THS-SI-4.5,SI,2,多晶硅隐性库存总量（万吨）,多晶硅区域库存,92.86,a12862948,a12862948
THS-SI-4.5,SI,3,多晶硅社会库存总量（万吨）,工业硅社会库存,92.86,a10020033,a10020033
THS-SI-4.5,SI,4,工业硅在途库存总量（万吨）,工业硅社会库存,92.86,a10020033,a10020033
THS-SI-4.5,SI,5,多晶硅在途库存总量（万吨）,多晶硅区域库存,92.86,a12862948,a12862948
THS-SI-4.5,SI,6,工业硅隐性库存分地区量（万吨）,工业硅显性总库存,82.11,a12862942,a12862942
THS-SI-4.5,SI,7,工业硅在途库存分地区量（万吨）,工业硅社会库存,72.23,a10020033,a10020033
THS-SI-4.5,SI,8,工业硅隐性库存分持有者量（万吨）,工业硅显性总库存,78.0,a12862942,a12862942
THS-SI-5.1,SI,0,工业硅下游开工率（%）,中国工业硅开工率,97.5,a10123444,a10123444
THS-SI-5.1,SI,1,工业硅表观消费量（万吨）,工业硅表观消费量,100,a12715180,a12715180
THS-SI-5.1,SI,2,多晶硅下游开工率（%）,多晶硅开工率,100,a10155018,a10155018
THS-SI-5.1,SI,3,多晶硅表观消费量（万吨）,有机硅表观消费量,97.5,a12857251,a12857251
THS-SI-5.1,SI,4,金属硅下游开工率（%）,硅片开工率,80.0,a10169445,a10169445
THS-SI-5.1,SI,5,金属硅表观消费量（万吨）,有机硅表观消费量,97.5,a12857251,a12857251
THS-SI-5.1,SI,6,工业硅产量（万吨）,工业硅精炼月产量,100.0,a12715175,a12715175
THS-SI-5.1,SI,7,工业硅终端产量（万吨）,工业硅终端消费量,100,a12715181,a12715181
THS-SI-5.1,SI,8,工业硅排产计划量（万吨）,美国工业硅产量,86.67,ID01552216,ID01552216
THS-SI-5.1,SI,11,多晶硅终端产量（万吨）,多晶硅产量,100,a12853285,a12853285
THS-SI-5.2,SI,0,工业硅下游终端产量（万吨）,工业硅终端消费量,91.77,a12715181,a12715181
THS-SI-5.2,SI,1,工业硅下游消费占比（%）,工业硅终端消费量,76.47,a12715181,a12715181
THS-SI-5.2,SI,2,多晶硅下游终端产量（万吨）,多晶硅产量,92.86,a12853285,a12853285
THS-SI-5.2,SI,6,工业硅下游订单量（万吨）,工业硅进口量,74.28,CM0000287718,CM0000287718
THS-SI-5.2,SI,7,多晶硅下游订单量（万吨）,多晶硅产量,80.0,a12853285,a12853285
THS-SI-5.2,SI,10,工业硅下游消费增速（%）,工业硅终端消费量,76.47,a12715181,a12715181
THS-SI-5.3,SI,0,工业硅下游排产计划量（万吨）,美国工业硅产量,76.47,ID01552216,ID01552216
THS-SI-5.3,SI,1,工业硅下游订单量（万吨）,工业硅进口量,74.28,CM0000287718,CM0000287718
THS-SI-5.3,SI,2,多晶硅下游排产计划量（万吨）,多晶硅产量,86.67,a12853285,a12853285
THS-SI-5.3,SI,3,多晶硅下游订单量（万吨）,多晶硅产量,80.0,a12853285,a12853285
THS-SI-5.3,SI,4,工业硅下游采购量（万吨）,工业硅进口量,74.28,CM0000287718,CM0000287718
THS-SI-5.3,SI,8,多晶硅下游预付款（亿元）,多晶硅下月预计产量,76.47,a12731896,a12731896
THS-SI-5.3,SI,9,多晶硅下游采购量（万吨）,多晶硅产量,80.0,a12853285,a12853285
THS-SI-6.1,SI,0,工业硅进口量（万吨）,工业硅精炼月进口量,100,a12715178,a12715178
THS-SI-6.1,SI,1,工业硅净进口量（万吨）,工业硅进口量,100,CM0000287718,CM0000287718
THS-SI-6.1,SI,2,多晶硅进口量（万吨）,多晶硅产量,94.55,a12853285,a12853285
THS-SI-6.1,SI,3,多晶硅净进口量（万吨）,多晶硅：进口数量：陕西（月）,86.67,CM0000127449,CM0000127449
THS-SI-6.1,SI,4,金属硅进口量（万吨）,工业硅进口量,86.67,CM0000287718,CM0000287718
THS-SI-6.1,SI,5,金属硅净进口量（万吨）,工业硅进口量,80.0,CM0000287718,CM0000287718
THS-SI-6.1,SI,6,工业硅进口分国别量（万吨）,工业硅月进口量分国别,100,ID01517910,ID01517910
THS-SI-6.1,SI,7,工业硅进口总量（万吨）,工业硅进口量,100,CM0000287718,CM0000287718
THS-SI-6.1,SI,8,工业硅保税区库存（万吨）,工业硅社会库存,86.67,a10020033,a10020033
THS-SI-6.1,SI,9,工业硅进口关税税率（%）,工业硅进口量,86.67,CM0000287718,CM0000287718
THS-SI-6.1,SI,12,工业硅进口发运天数（天）,工业硅进口量,86.67,CM0000287718,CM0000287718
THS-SI-6.2,SI,0,工业硅出口量（万吨）,工业硅进口量,100,CM0000287718,CM0000287718
THS-SI-6.2,SI,1,工业硅净出口量（万吨）,工业硅进口量,100.0,CM0000287718,CM0000287718
THS-SI-6.2,SI,2,多晶硅出口量（万吨）,多晶硅产量,94.55,a12853285,a12853285
THS-SI-6.2,SI,3,多晶硅净出口量（万吨）,多晶硅：出口数量合计：中国（月）,86.67,CM0000136701,CM0000136701
THS-SI-6.2,SI,4,金属硅出口量（万吨）,工业硅出口量,86.67,CM0000287779,CM0000287779
THS-SI-6.2,SI,5,金属硅净出口量（万吨）,工业硅出口量,80.0,CM0000287779,CM0000287779
THS-SI-6.2,SI,6,工业硅出口分国别量（万吨）,工业硅进口量分国别,100,CM0000287714,CM0000287714
THS-SI-6.2,SI,7,工业硅出口总量（万吨）,工业硅出口量,100,CM0000287779,CM0000287779
THS-SI-6.2,SI,8,工业硅保税区仓单（万吨）,GFEX工业硅仓单总量,76.47,a10175359,a10175359
THS-SI-6.2,SI,9,工业硅出口关税税率（%）,工业硅出口量,86.67,CM0000287779,CM0000287779
THS-SI-6.2,SI,12,工业硅出口发运天数（天）,工业硅出口量,86.67,CM0000287779,CM0000287779
THS-SI-6.3,SI,0,工业硅制品出口量（万吨）,工业硅出口量,100,CM0000287779,CM0000287779
THS-SI-6.3,SI,1,工业硅制品净出口量（万吨）,工业硅出口量,100,CM0000287779,CM0000287779
THS-SI-6.3,SI,2,多晶硅制品出口量（万吨）,多晶硅：出口数量合计：中国（月）,82.11,CM0000136701,CM0000136701
THS-SI-6.3,SI,3,多晶硅制品净出口量（万吨）,多晶硅：出口数量合计：中国（月）,78.0,CM0000136701,CM0000136701
THS-SI-6.3,SI,4,金属硅制品出口量（万吨）,工业硅出口量,74.28,CM0000287779,CM0000287779
THS-SI-6.3,SI,6,工业硅制品出口分国别量（万吨）,工业硅出口量分国别,100,CM0000287763,CM0000287763
THS-SI-6.3,SI,7,工业硅制品出口总量（万吨）,工业硅出口量,100.0,CM0000287779,CM0000287779
THS-SI-6.3,SI,9,工业硅制品出口关税税率（%）,工业硅出口量,76.47,CM0000287779,CM0000287779
THS-SI-6.3,SI,12,工业硅制品出口发运天数（天）,工业硅出口量,76.47,CM0000287779,CM0000287779
THS-SI-6.4,SI,0,工业硅海外发运量（万吨）,工业硅进口量,74.28,CM0000287718,CM0000287718
THS-SI-6.4,SI,1,工业硅进口量（万吨）,工业硅精炼月进口量,100,a12715178,a12715178
THS-SI-6.4,SI,2,多晶硅海外发运量（万吨）,多晶硅青海产量,86.67,ID02036185,ID02036185
THS-SI-6.4,SI,3,多晶硅进口量（万吨）,多晶硅产量,94.55,a12853285,a12853285
THS-SI-6.4,SI,5,金属硅进口量（万吨）,工业硅进口量,86.67,CM0000287718,CM0000287718
THS-SI-6.4,SI,6,工业硅海外发运分国别量（万吨）,工业硅进口量分国别,78.0,CM0000287714,CM0000287714
THS-SI-7.1,SI,0,工业硅冶炼成本（元/吨）,工业硅冶炼成本,100,ID01523501,ID01523501
THS-SI-7.1,SI,1,工业硅期货主力合约收盘价（元/吨）,工业硅主力合约收盘价,100,a10154400,a10154400
THS-SI-7.1,SI,2,多晶硅冶炼成本（元/吨）,工业硅冶炼成本,92.86,ID01523501,ID01523501
THS-SI-7.1,SI,3,多晶硅期货主力合约收盘价（元/吨）,工业硅主力合约收盘价,91.0,a10154400,a10154400
THS-SI-7.1,SI,4,金属硅冶炼成本（元/吨）,工业硅冶炼成本,92.86,ID01523501,ID01523501
THS-SI-7.1,SI,5,金属硅期货主力合约收盘价（元/吨）,工业硅主力合约收盘价,91.0,a10154400,a10154400
THS-SI-7.1,SI,6,工业硅现金成本（元/吨）,工业硅现金成本,100,ID02313948,ID02313948
THS-SI-7.1,SI,7,工业硅冶炼成本分位（%）,工业硅冶炼成本,100,ID01523501,ID01523501
THS-SI-7.1,SI,8,工业硅能源成本（元/吨）,工业硅成本,100,ID01523500,ID01523500
THS-SI-7.1,SI,9,工业硅电价（元/度）,工业硅电价,100,ID01857527,ID01857527
THS-SI-7.1,SI,10,工业硅原料成本（元/吨）,工业硅成本,100,ID01523500,ID01523500
THS-SI-7.2,SI,0,工业硅冶炼利润（元/吨）,工业硅冶炼利润,100,ID01528164,ID01528164
THS-SI-7.2,SI,1,工业硅期货主力合约收盘价（元/吨）,工业硅主力合约收盘价,100,a10154400,a10154400
THS-SI-7.2,SI,2,多晶硅冶炼利润（元/吨）,工业硅冶炼利润,92.86,ID01528164,ID01528164
THS-SI-7.2,SI,3,多晶硅期货主力合约收盘价（元/吨）,工业硅主力合约收盘价,91.0,a10154400,a10154400
THS-SI-7.2,SI,4,金属硅冶炼利润（元/吨）,工业硅冶炼利润,92.86,ID01528164,ID01528164
THS-SI-7.2,SI,5,金属硅期货主力合约收盘价（元/吨）,工业硅主力合约收盘价,91.0,a10154400,a10154400
THS-SI-7.2,SI,6,工业硅现金利润（元/吨）,工业硅冶炼利润,92.86,ID01528164,ID01528164
THS-SI-7.2,SI,7,工业硅加工费（元/吨）,工业硅工厂库存总量,80.0,a12811428,a12811428
THS-SI-7.2,SI,8,工业硅能源成本（元/吨）,工业硅成本,100,ID01523500,ID01523500
THS-SN-2.1,SN,0,沪锡主力合约收盘价（元/吨）,SHFE：锡：主力合约：收盘价（日）,82.73,FU00016042,FU00016042
THS-SN-2.1,SN,10,沪锡持仓量（手）,沪锡总持仓量,100,a10177562,a10177562
THS-SN-2.1,SN,14,沪锡社会库存时序图,中国锡锭社会库存,76.47,a10020743,a10020743
THS-SN-2.1,SN,16,沪锡主力合约持仓量时序图,沪锡总持仓量,76.47,a10177562,a10177562
THS-SN-2.2,SN,0,锡锭现货升贴水（元/吨）,LME锡升贴水,74.28,j02797784,j02797784
THS-SN-2.2,SN,3,锡锭进口盈亏（元/吨）,锡锭：现货：进口盈亏（日）,97.5,ID01590826,ID01590826
THS-SN-2.2,SN,4,沪伦比（%）,锡沪伦比,75.0,ID01895225,ID01895225
THS-SN-2.2,SN,13,锡锭进口盈亏时序图,锡锭：现货：进口盈亏（日）,82.11,ID01590826,ID01590826
THS-SN-2.3,SN,0,LME锡期货收盘价（美元/吨）,LME：锡：3个月合约：收盘价（日）,79.13,FU00080251,FU00080251
THS-SN-2.3,SN,2,LME锡现货现金价（美元/吨）,LME：锡：现货结算价（日）,91.0,ID00188156,ID00188156
THS-SN-2.3,SN,3,LME锡仓单注册量（吨）,LME：锡：注销仓单（日）,82.11,FU00015902,FU00015902
THS-SN-2.3,SN,4,LME锡库存（吨）,LME锡升贴水,80.0,j02797784,j02797784
THS-SN-2.3,SN,5,沪伦比（%）,锡沪伦比,75.0,ID01895225,ID01895225
THS-SN-2.3,SN,11,LME锡期货收盘价时序图,LME：锡：3个月合约：收盘价（日）,70.01,FU00080251,FU00080251
THS-SN-2.3,SN,13,LME锡注销仓单占比时序图,LME：锡：注销仓单（日）,90.44,FU00015902,FU00015902
THS-SN-2.3,SN,14,LME锡现货结算价时序图,LME：锡：现货结算价（日）,100,ID00188156,ID00188156
THS-SN-2.3,SN,15,LME锡现货现金价时序图,LME：锡：现货结算价（日）,79.13,ID00188156,ID00188156
THS-SN-2.4,SN,0,沪锡月差（元/吨）,沪锡近半年月差变化,80.0,a12841510,a12841510
THS-SN-2.4,SN,1,沪锡主力合约收盘价（元/吨）,SHFE：锡：主力合约：收盘价（日）,82.73,FU00016042,FU00016042
THS-SN-2.4,SN,2,LME锡月差（美元/吨）,LME锡升贴水,80.0,j02797784,j02797784
THS-SN-2.4,SN,3,LME锡期货收盘价（美元/吨）,LME：锡：3个月合约：收盘价（日）,79.13,FU00080251,FU00080251
THS-SN-2.4,SN,6,沪锡近远月价差（元/吨）,沪锡近半年月差变化,81.25,a12841510,a12841510
THS-SN-2.5,SN,1,沪锡主力合约收盘价（元/吨）,SHFE：锡：主力合约：收盘价（日）,82.73,FU00016042,FU00016042
THS-SN-2.5,SN,3,LME锡期货收盘价（美元/吨）,LME：锡：3个月合约：收盘价（日）,79.13,FU00080251,FU00080251
THS-SN-2.5,SN,4,锡锭冶炼利润（元/吨）,锡锭进口利润,86.67,ID01590826,ID01590826
THS-SN-2.5,SN,7,锡精矿价格（元/吨）,沪锡价格走势,70.91,a12841487,a12841487
THS-SN-2.5,SN,9,再生锡价格（元/吨）,沪锡价格走势,70.91,a12841487,a12841487
THS-SN-2.5,SN,11,焊锡价格（元/吨）,沪锡价格走势,78.0,a12841487,a12841487
THS-SN-2.5,SN,20,沪锡主力合约收盘价时序图,SHFE：锡：主力合约：收盘价（日）,72.8,FU00016042,FU00016042
THS-SN-2.6,SN,0,多头前20持仓量（手）,多头前20持仓量,100.0,FU00085341,FU00085341
THS-SN-2.6,SN,1,空头前20持仓量（手）,空头前20持仓量,100.0,FU00085347,FU00085347
THS-SN-2.6,SN,2,多头前20持仓占比（%）,多头前20持仓量,82.35,FU00085341,FU00085341
THS-SN-2.6,SN,3,空头前20持仓占比（%）,空头前20持仓量,82.35,FU00085347,FU00085347
THS-SN-2.6,SN,5,沪锡主力合约收盘价（元/吨）,SHFE：锡：主力合约：收盘价（日）,82.73,FU00016042,FU00016042
THS-SN-2.6,SN,6,多头前20净持仓（手）,多头前20持仓量,87.5,FU00085341,FU00085341
THS-SN-2.6,SN,7,空头前20净持仓（手）,空头前20持仓量,87.5,FU00085347,FU00085347
THS-SN-2.6,SN,8,前20总持仓量（手）,空头前20持仓量,80.0,FU00085347,FU00085347
THS-SN-2.6,SN,17,沪锡前20总持仓量时序图,沪锡总持仓量,86.67,a10177562,a10177562
THS-SN-3.1.1,SN,0,缅甸锡矿产量（万吨）,国内锡矿产量,86.67,ID00299777,ID00299777
THS-SN-3.1.1,SN,1,海外锡精矿产量（万吨）,锡精矿：产量：中国（月）,81.25,ID01590150,ID01590150
THS-SN-3.1.1,SN,3,海外锡矿开工率（%）,国内锡开工率,80.0,a10113278,a10113278
THS-SN-3.1.1,SN,4,海外锡矿产量（万吨）,国内锡矿产量,86.67,ID00299777,ID00299777
THS-SN-3.1.1,SN,7,海外锡矿进口量（万吨）,国内锡矿进口量,92.86,a10003098,a10003098
THS-SN-3.1.2,SN,0,缅甸锡矿产量（万吨）,国内锡矿产量,86.67,ID00299777,ID00299777
THS-SN-3.1.2,SN,1,海外锡精矿产量（万吨）,锡精矿：产量：中国（月）,81.25,ID01590150,ID01590150
THS-SN-3.1.2,SN,2,印尼锡精矿产量（万吨）,锡精矿：产量：中国（月）,81.25,ID01590150,ID01590150
THS-SN-3.1.2,SN,3,俄罗斯锡精矿产量（万吨）,锡精矿：产量：中国（月）,76.47,ID01590150,ID01590150
THS-SN-3.1.2,SN,4,澳大利亚锡精矿产量（万吨）,锡精矿：产量：中国（月）,72.23,ID01590150,ID01590150
THS-SN-3.1.2,SN,5,缅甸锡精矿产量占比（%）,锡精矿：产量：中国（月）,72.23,ID01590150,ID01590150
THS-SN-3.1.2,SN,6,印尼锡精矿产量占比（%）,锡精矿：产量：中国（月）,72.23,ID01590150,ID01590150
THS-SN-3.1.2,SN,10,海外锡精矿产量总量（万吨）,锡精矿：产量：中国（月）,81.25,ID01590150,ID01590150
THS-SN-3.1.2,SN,11,缅甸锡精矿产量（万吨）,锡精矿：产量：中国（月）,81.25,ID01590150,ID01590150
THS-SN-3.1.3,SN,0,国内锡精矿产量（万吨）,国内锡矿产量,100,ID00299777,ID00299777
THS-SN-3.1.3,SN,1,国内锡矿产量（万吨）,国内锡矿产量,100,ID00299777,ID00299777
THS-SN-3.1.3,SN,2,国内锡矿开工率（%）,国内锡开工率,100,a10113278,a10113278
THS-SN-3.1.3,SN,3,国内锡矿产能利用率（%）,国内锡矿产量,86.67,ID00299777,ID00299777
THS-SN-3.1.3,SN,5,国内锡矿进口量（万吨）,国内锡矿产量,100.0,ID00299777,ID00299777
THS-SN-3.1.3,SN,6,国内锡矿检修量（万吨）,国内锡矿产量,100.0,ID00299777,ID00299777
THS-SN-3.1.3,SN,11,国内锡精矿产量时序图,国内锡矿产量,97.5,ID00299777,ID00299777
THS-SN-3.1.3,SN,12,国内锡矿开工率时序图,国内锡开工率,97.5,a10113278,a10113278
THS-SN-3.1.3,SN,13,国内锡矿产能利用率时序图,国内锡矿产量,72.23,ID00299777,ID00299777
THS-SN-3.1.3,SN,14,国内锡矿检修量时序图,国内锡矿产量,81.25,ID00299777,ID00299777
THS-SN-3.1.3,SN,15,国内锡矿社会库存时序图,中国锡锭社会库存,82.11,a10020743,a10020743
THS-SN-3.1.4,SN,0,缅甸锡矿进口量（万吨）,国内锡矿进口量,92.86,a10003098,a10003098
THS-SN-3.1.4,SN,2,印尼锡矿进口量（万吨）,国内锡矿进口量,92.86,a10003098,a10003098
THS-SN-3.1.4,SN,3,缅甸锡矿进口量占比（%）,国内锡矿进口量,81.25,a10003098,a10003098
THS-SN-3.1.4,SN,4,印尼锡矿进口量占比（%）,国内锡矿进口量,81.25,a10003098,a10003098
THS-SN-3.1.4,SN,5,俄罗斯锡矿进口量占比（%）,国内锡矿进口量,76.47,a10003098,a10003098
THS-SN-3.1.4,SN,6,俄罗斯锡矿进口量（万吨）,国内锡矿进口量,86.67,a10003098,a10003098
THS-SN-3.1.4,SN,7,澳大利亚锡矿进口量（万吨）,马来西亚锡矿进口量,86.67,a12764410,a12764410
THS-SN-3.1.4,SN,8,锡矿总进口量（万吨）,国内锡矿进口量,100.0,a10003098,a10003098
THS-SN-3.1.4,SN,13,缅甸锡矿进口量时序图,国内锡矿进口量,76.47,a10003098,a10003098
THS-SN-3.1.4,SN,14,印尼锡矿进口量时序图,国内锡矿进口量,76.47,a10003098,a10003098
THS-SN-3.1.4,SN,15,俄罗斯锡矿进口量时序图,国内锡矿进口量,72.23,a10003098,a10003098
THS-SN-3.1.4,SN,16,锡矿总进口量时序图,国内锡矿进口量,81.25,a10003098,a10003098
THS-SN-3.1.4,SN,17,印尼锡矿出口量时序图,印尼精炼锡出口量变化,78.0,a12820786,a12820786
THS-SN-3.1.5,SN,1,国内锡精矿产量（万吨）,国内锡矿产量,100,ID00299777,ID00299777
THS-SN-3.1.5,SN,3,海外锡精矿产量（万吨）,锡精矿：产量：中国（月）,81.25,ID01590150,ID01590150
THS-SN-3.1.5,SN,11,缅甸锡矿进口量（万吨）,国内锡矿进口量,92.86,a10003098,a10003098
THS-SN-3.2.1,SN,0,国内精炼锡产量（万吨）,国内锡矿产量,100.0,ID00299777,ID00299777
THS-SN-3.2.1,SN,1,国内锡精矿产量（万吨）,国内锡矿产量,100,ID00299777,ID00299777
THS-SN-3.2.1,SN,3,海外锡精矿产量（万吨）,锡精矿：产量：中国（月）,81.25,ID01590150,ID01590150
THS-SN-3.2.1,SN,4,国内精炼锡开工率（%）,国内锡开工率,100,a10113278,a10113278
THS-SN-3.2.1,SN,6,国内精炼锡检修量（万吨）,国内锡矿产量,74.28,ID00299777,ID00299777
THS-SN-3.2.1,SN,7,国内精炼锡进口量（万吨）,国内锡矿进口量,100,a10003098,a10003098
THS-SN-3.2.1,SN,12,国内精炼锡产量时序图,国内锡矿产量,81.25,ID00299777,ID00299777
THS-SN-3.2.1,SN,14,国内精炼锡开工率时序图,国内锡开工率,91.77,a10113278,a10113278
THS-SN-3.2.1,SN,16,国内精炼锡社会库存时序图,中国锡锭社会库存,78.0,a10020743,a10020743
THS-SN-3.2.2,SN,0,国内精炼锡开工率（%）,国内锡开工率,100,a10113278,a10113278
THS-SN-3.2.2,SN,1,国内精炼锡检修量（万吨）,国内锡矿产量,74.28,ID00299777,ID00299777
THS-SN-3.2.2,SN,3,国内精炼锡开工天数（天）,国内锡开工率,86.67,a10113278,a10113278
THS-SN-3.2.2,SN,4,海外精炼锡开工率（%）,国内锡开工率,74.28,a10113278,a10113278
THS-SN-3.2.2,SN,6,国内精炼锡产能（万吨）,国内锡矿产量,80.0,ID00299777,ID00299777
THS-SN-3.2.2,SN,11,缅甸精炼锡开工率（%）,国内锡开工率,74.28,a10113278,a10113278
THS-SN-3.2.2,SN,12,印尼精炼锡开工率（%）,国内锡开工率,74.28,a10113278,a10113278
THS-SN-3.2.2,SN,17,国内精炼锡开工天数时序图,国内锡开工率,72.23,a10113278,a10113278
THS-SN-3.2.3,SN,0,再生锡产量（万吨）,国内再生锡产量,92.86,a12731582,a12731582
THS-SN-3.2.3,SN,1,再生锡进口量（万吨）,国内锡矿进口量,80.0,a10003098,a10003098
THS-SN-3.2.3,SN,2,再生锡开工率（%）,国内锡开工率,86.67,a10113278,a10113278
THS-SN-3.2.3,SN,3,再生锡检修量（万吨）,国内再生锡产量,80.0,a12731582,a12731582
THS-SN-3.2.3,SN,6,缅甸再生锡产能（万吨）,国内再生锡产量,74.28,a12731582,a12731582
THS-SN-3.2.3,SN,7,印尼再生锡产能（万吨）,国内再生锡产量,74.28,a12731582,a12731582
THS-SN-3.2.3,SN,8,国内再生锡产能（万吨）,国内再生锡产量,100,a12731582,a12731582
THS-SN-3.2.3,SN,15,缅甸再生锡产量（万吨）,国内再生锡产量,92.86,a12731582,a12731582
THS-SN-3.2.3,SN,16,印尼再生锡产量（万吨）,国内再生锡产量,92.86,a12731582,a12731582
THS-SN-3.2.3,SN,17,国内再生锡产量（万吨）,国内锡矿产量,100.0,ID00299777,ID00299777
THS-SN-3.2.3,SN,18,再生锡产量时序图,国内再生锡产量,86.67,a12731582,a12731582
THS-SN-3.2.4,SN,1,国内精炼锡开工率（%）,国内锡开工率,100,a10113278,a10113278
THS-SN-3.2.4,SN,3,海外精炼锡开工率（%）,国内锡开工率,74.28,a10113278,a10113278
THS-SN-3.2.4,SN,10,锡锭冶炼利润（元/吨）,锡锭进口利润,86.67,ID01590826,ID01590826
THS-SN-4.1,SN,2,沪锡仓单注册量（手）,沪锡总持仓量,80.0,a10177562,a10177562
THS-SN-4.1,SN,3,沪锡注销仓单量（手）,沪锡总持仓量,80.0,a10177562,a10177562
THS-SN-4.1,SN,4,沪锡主力合约收盘价（元/吨）,SHFE：锡：主力合约：收盘价（日）,82.73,FU00016042,FU00016042
THS-SN-4.1,SN,5,沪锡仓单总量（手）,沪锡总持仓量,78.0,a10177562,a10177562
THS-SN-4.2,SN,0,沪锡仓单总量（手）,沪锡总持仓量,78.0,a10177562,a10177562
THS-SN-4.2,SN,1,沪锡注销仓单量（手）,沪锡总持仓量,80.0,a10177562,a10177562
THS-SN-4.2,SN,2,沪锡注销占比（%）,LME：锡：注销占比（日）,81.25,FU00023901,FU00023901
THS-SN-4.2,SN,3,沪锡仓单注册量（手）,沪锡总持仓量,80.0,a10177562,a10177562
THS-SN-4.2,SN,4,LME锡仓单总量（手）,LME：锡：注销仓单（日）,97.5,FU00015902,FU00015902
THS-SN-4.2,SN,9,沪锡主力合约收盘价（元/吨）,SHFE：锡：主力合约：收盘价（日）,82.73,FU00016042,FU00016042
THS-SN-4.2,SN,12,LME锡注销仓单量时序图,LME：锡：注销仓单（日）,94.55,FU00015902,FU00015902
THS-SN-4.2,SN,13,LME锡注销仓单占比时序图,LME：锡：注销仓单（日）,90.44,FU00015902,FU00015902
THS-SN-4.3,SN,0,国内社会库存总量（万吨）,中国锡锭社会库存,71.43,a10020743,a10020743
THS-SN-4.3,SN,11,沪锡主力合约收盘价（元/吨）,SHFE：锡：主力合约：收盘价（日）,82.73,FU00016042,FU00016042
THS-SN-4.3,SN,14,国内社会库存（万吨）,中国锡锭社会库存,71.43,a10020743,a10020743
THS-SN-4.4,SN,11,沪锡主力合约收盘价（元/吨）,SHFE：锡：主力合约：收盘价（日）,82.73,FU00016042,FU00016042
THS-SN-4.5,SN,15,沪锡主力合约收盘价（元/吨）,SHFE：锡：主力合约：收盘价（日）,82.73,FU00016042,FU00016042
THS-SN-5.1,SN,0,焊锡/锡焊料开工率（%）,国内锡开工率,74.28,a10113278,a10113278
THS-SN-5.1,SN,2,锡化工开工率（%）,国内锡开工率,86.67,a10113278,a10113278
THS-SN-5.1,SN,3,电子级锡开工率（%）,国内锡开工率,80.0,a10113278,a10113278
THS-SN-5.1,SN,11,沪锡主力合约收盘价（元/吨）,SHFE：锡：主力合约：收盘价（日）,82.73,FU00016042,FU00016042
THS-SN-5.1,SN,14,焊锡开工率时序图,国内锡开工率,74.28,a10113278,a10113278
THS-SN-5.2,SN,14,沪锡主力合约收盘价（元/吨）,SHFE：锡：主力合约：收盘价（日）,82.73,FU00016042,FU00016042
THS-SN-5.3,SN,11,沪锡主力合约收盘价（元/吨）,SHFE：锡：主力合约：收盘价（日）,82.73,FU00016042,FU00016042
THS-SN-6.1,SN,0,锡精矿进口量（万吨）,国内锡矿进口量,100.0,a10003098,a10003098
THS-SN-6.1,SN,1,再生锡进口量（万吨）,国内锡矿进口量,80.0,a10003098,a10003098
THS-SN-6.1,SN,2,缅甸锡精矿进口量（万吨）,国内锡矿进口量,86.67,a10003098,a10003098
THS-SN-6.1,SN,3,印尼锡精矿进口量（万吨）,国内锡矿进口量,86.67,a10003098,a10003098
THS-SN-6.1,SN,4,俄罗斯锡精矿进口量（万吨）,国内锡矿进口量,81.25,a10003098,a10003098
THS-SN-6.1,SN,5,缅甸再生锡进口量（万吨）,缅甸进口至我国锡矿量,72.23,a10154831,a10154831
THS-SN-6.1,SN,6,印尼再生锡进口量（万吨）,印度锡净进口量,86.67,a12840355,a12840355
THS-SN-6.1,SN,7,国内再生锡进口量（万吨）,国内锡矿进口量,100,a10003098,a10003098
THS-SN-6.1,SN,8,锡锭进口量（万吨）,锡锭进口利润,94.55,ID01590826,ID01590826
THS-SN-6.1,SN,9,锡锭净进口量（万吨）,印度锡净进口量,100.0,a12840355,a12840355
THS-SN-6.1,SN,16,锡精矿进口量时序图,国内锡矿进口量,81.25,a10003098,a10003098
THS-SN-6.1,SN,18,锡精矿进口量分国别时序图,锡精矿：进口数量：缅甸→中国（月）,70.01,ID02105844,ID02105844
THS-SN-6.2,SN,0,精炼锡进口量（万吨）,巴西精炼锡出口量,92.86,a12840345,a12840345
THS-SN-6.2,SN,1,精炼锡出口量（万吨）,巴西精炼锡出口量,97.5,a12840345,a12840345
THS-SN-6.2,SN,2,精炼锡净进口量（万吨）,印度锡净进口量,92.86,a12840355,a12840355
THS-SN-6.2,SN,4,缅甸锡锭进口量（万吨）,锡锭进口利润,80.0,ID01590826,ID01590826
THS-SN-6.2,SN,5,印尼锡锭进口量（万吨）,印度锡净进口量,92.86,a12840355,a12840355
THS-SN-6.2,SN,6,俄罗斯锡锭进口量（万吨）,锡锭进口利润,74.28,ID01590826,ID01590826
THS-SN-6.2,SN,8,印尼锡锭出口量（万吨）,印尼精炼锡出口量变化,91.77,a12820786,a12820786
THS-SN-6.2,SN,16,沪锡主力合约收盘价（元/吨）,SHFE：锡：主力合约：收盘价（日）,82.73,FU00016042,FU00016042
THS-SN-6.2,SN,17,精炼锡进口量时序图,中国精炼锡进口量变化,82.11,a12749487,a12749487
THS-SN-6.2,SN,18,精炼锡出口量时序图,巴西精炼锡出口量,91.77,a12840345,a12840345
THS-SN-6.2,SN,19,精炼锡净进口量时序图,中国精炼锡进口量变化,78.0,a12749487,a12749487
THS-SN-6.2,SN,21,精炼锡进口量分国别时序图,中国精炼锡进口量变化,70.91,a12749487,a12749487
THS-SN-6.3,SN,1,锡化工出口量（万吨）,巴西精炼锡出口量,74.28,a12840345,a12840345
THS-SN-6.3,SN,4,印尼电子级锡出口量（万吨）,印尼精炼锡出口量变化,82.11,a12820786,a12820786
THS-SN-6.3,SN,7,锡制品出口量（万吨）,巴西精炼锡出口量,74.28,a12840345,a12840345
THS-SN-6.3,SN,11,沪锡主力合约收盘价（元/吨）,SHFE：锡：主力合约：收盘价（日）,82.73,FU00016042,FU00016042
THS-SN-6.4,SN,10,沪锡主力合约收盘价（元/吨）,SHFE：锡：主力合约：收盘价（日）,82.73,FU00016042,FU00016042
THS-SN-7.1,SN,12,沪锡主力合约收盘价（元/吨）,SHFE：锡：主力合约：收盘价（日）,82.73,FU00016042,FU00016042
THS-SN-7.2,SN,8,沪锡主力合约收盘价（元/吨）,SHFE：锡：主力合约：收盘价（日）,82.73,FU00016042,FU00016042
THS-SN-7.3,SN,2,锡精矿价格（元/吨）,沪锡价格走势,70.91,a12841487,a12841487
THS-SN-7.3,SN,3,再生锡价格（元/吨）,沪锡价格走势,70.91,a12841487,a12841487
THS-SN-7.3,SN,10,沪锡主力合约收盘价（元/吨）,SHFE：锡：主力合约：收盘价（日）,82.73,FU00016042,FU00016042
THS-ZN-2.1,ZN,0,锌主力合约收盘价（元/吨）,SHFE：锌：主力合约：收盘价（日）,86.67,FU00016362,FU00016362
THS-ZN-2.1,ZN,5,锌近月合约收盘价（元/吨）,LME：锌：3个月合约：收盘价（日）,74.28,FU00080253,FU00080253
THS-ZN-2.1,ZN,6,锌远月合约收盘价（元/吨）,LME：锌：3个月合约：收盘价（日）,74.28,FU00080253,FU00080253
THS-ZN-2.1,ZN,11,前20大多头持仓量（手）,空头前20持仓量,70.59,FU00085347,FU00085347
THS-ZN-2.1,ZN,12,前20大空头持仓量（手）,空头前20持仓量,70.59,FU00085347,FU00085347
THS-ZN-2.1,ZN,15,锌进口盈亏（元/吨）,锌锭：进口盈亏：含税（日）,86.67,ID01030236,ID01030236
THS-ZN-2.1,ZN,16,沪伦比（元/吨）,锡沪伦比,75.0,ID01895225,ID01895225
THS-ZN-2.2,ZN,2,锌近月合约收盘价（元/吨）,LME：锌：3个月合约：收盘价（日）,74.28,FU00080253,FU00080253
THS-ZN-2.2,ZN,3,锌远月合约收盘价（元/吨）,LME：锌：3个月合约：收盘价（日）,74.28,FU00080253,FU00080253
THS-ZN-2.2,ZN,5,锌进口盈亏（元/吨）,锌锭：进口盈亏：含税（日）,86.67,ID01030236,ID01030236
THS-ZN-2.2,ZN,6,沪伦比（元/吨）,锡沪伦比,75.0,ID01895225,ID01895225
THS-ZN-2.2,ZN,9,上海锌现货升贴水（元/吨）,SMM: 上海锌锭现货升贴水_M合约: 日度,80.0,a10021321,a10021321
THS-ZN-2.2,ZN,15,锌主力合约收盘价（元/吨）,SHFE：锌：主力合约：收盘价（日）,86.67,FU00016362,FU00016362
THS-ZN-2.2,ZN,16,LME锌库存（手）,LME: 锌库存总计: 日度,86.67,a10017992,a10017992
THS-ZN-2.3,ZN,0,LME锌收盘价（美元/吨）,LME: 锌 3M收盘价: 日度,91.0,a10017942,a10017942
THS-ZN-2.3,ZN,1,COMEX锌收盘价（美元/吨）,COMEX：锌：期货库存（日）,74.28,FU00078777,FU00078777
THS-ZN-2.3,ZN,2,沪伦比（元/吨）,锡沪伦比,75.0,ID01895225,ID01895225
THS-ZN-2.3,ZN,3,锌主力合约收盘价（元/吨）,SHFE：锌：主力合约：收盘价（日）,86.67,FU00016362,FU00016362
THS-ZN-2.3,ZN,4,锌进口盈亏（元/吨）,锌锭：进口盈亏：含税（日）,86.67,ID01030236,ID01030236
THS-ZN-2.3,ZN,5,LME锌库存（手）,LME: 锌库存总计: 日度,86.67,a10017992,a10017992
THS-ZN-2.3,ZN,6,LME锌仓单注册量（手）,LME：锌：注销仓单（日）,82.11,FU00016166,FU00016166
THS-ZN-2.3,ZN,7,LME锌现货升贴水（美元/吨）,LME: 锌0-3升贴水: 日度,82.73,a10097491,a10097491
THS-ZN-2.3,ZN,10,沪锌主力合约收盘价（元/吨）,SHFE：锌：主力合约：收盘价（日）,82.73,FU00016362,FU00016362
THS-ZN-2.4,ZN,0,锌近月合约收盘价（元/吨）,LME：锌：3个月合约：收盘价（日）,74.28,FU00080253,FU00080253
THS-ZN-2.4,ZN,1,锌远月合约收盘价（元/吨）,LME：锌：3个月合约：收盘价（日）,74.28,FU00080253,FU00080253
THS-ZN-2.4,ZN,3,锌次近月合约收盘价（元/吨）,LME：锌：3个月合约：收盘价（日）,70.91,FU00080253,FU00080253
THS-ZN-2.4,ZN,6,LME锌库存（手）,LME: 锌库存总计: 日度,86.67,a10017992,a10017992
THS-ZN-2.4,ZN,8,沪伦比（元/吨）,锡沪伦比,75.0,ID01895225,ID01895225
THS-ZN-2.4,ZN,9,锌进口盈亏（元/吨）,锌锭：进口盈亏：含税（日）,86.67,ID01030236,ID01030236
THS-ZN-2.5,ZN,1,沪锌主力合约收盘价（元/吨）,SHFE：锌：主力合约：收盘价（日）,82.73,FU00016362,FU00016362
THS-ZN-2.5,ZN,3,锌精矿加工费（元/吨）,锌精矿：50%Zn：加工费：白银（日）,74.28,ID01510737,ID01510737
THS-ZN-2.6,ZN,0,前20大多头持仓量（手）,空头前20持仓量,70.59,FU00085347,FU00085347
THS-ZN-2.6,ZN,1,前20大空头持仓量（手）,空头前20持仓量,70.59,FU00085347,FU00085347
THS-ZN-2.6,ZN,3,前20大净持仓量（手）,空头前20持仓量,75.0,FU00085347,FU00085347
THS-ZN-2.6,ZN,4,沪锌主力合约收盘价（元/吨）,SHFE：锌：主力合约：收盘价（日）,82.73,FU00016362,FU00016362
THS-ZN-2.6,ZN,10,LME锌库存（手）,LME: 锌库存总计: 日度,86.67,a10017992,a10017992
THS-ZN-3.1.1,ZN,7,海外锌矿进口量（万吨）,中国海关: 锌精矿进口量: 月度,74.28,a10001843,a10001843
THS-ZN-3.1.3,ZN,6,国内锌矿进口量（万吨）,中国海关: 锌精矿进口量: 月度,74.28,a10001843,a10001843
THS-ZN-3.1.4,ZN,6,锌矿进口盈亏（元/吨）,锌锭：进口盈亏：含税（日）,81.25,ID01030236,ID01030236
THS-ZN-3.1.4,ZN,7,沪伦比（元/吨）,锡沪伦比,75.0,ID01895225,ID01895225
THS-ZN-3.1.4,ZN,9,LME锌库存（手）,LME: 锌库存总计: 日度,86.67,a10017992,a10017992
THS-ZN-3.1.5,ZN,3,锌矿进口盈亏（元/吨）,锌锭：进口盈亏：含税（日）,81.25,ID01030236,ID01030236
THS-ZN-3.1.5,ZN,4,沪伦比（元/吨）,锡沪伦比,75.0,ID01895225,ID01895225
THS-ZN-3.1.5,ZN,8,LME锌库存（手）,LME: 锌库存总计: 日度,86.67,a10017992,a10017992
THS-ZN-3.2.1,ZN,6,国内锌精炼进口量（万吨）,中国海关: 锌精矿进口量: 月度,70.91,a10001843,a10001843
THS-ZN-3.2.2,ZN,10,国内锌精炼进口量（万吨）,中国海关: 锌精矿进口量: 月度,70.91,a10001843,a10001843
THS-ZN-3.2.3,ZN,0,国内再生锌产量（万吨）,再生锌：产量：中国（月）,81.25,ID01510884,ID01510884
THS-ZN-3.2.3,ZN,3,再生锌进口量分国别（万吨）,再生锌：产量：中国（月）,72.23,ID01510884,ID01510884
THS-ZN-3.2.3,ZN,5,再生锌产能利用率（%）,样本企业：原生锌：产能利用率：中国（月）,72.8,ID01167334,ID01167334
THS-ZN-3.2.3,ZN,6,再生锌产能（万吨）,再生锌：产量：中国（月）,74.28,ID01510884,ID01510884
THS-ZN-3.2.3,ZN,8,再生锌进口盈亏（元/吨）,锌锭：进口盈亏：含税（日）,76.47,ID01030236,ID01030236
THS-ZN-3.2.3,ZN,9,沪伦比（元/吨）,锡沪伦比,75.0,ID01895225,ID01895225
THS-ZN-3.2.3,ZN,12,锌合金产量（万吨）,锌合金：产量：中国（月）,92.86,ID01001564,ID01001564
THS-ZN-3.2.4,ZN,4,锌矿进口盈亏（元/吨）,锌锭：进口盈亏：含税（日）,81.25,ID01030236,ID01030236
THS-ZN-3.2.4,ZN,5,沪伦比（元/吨）,锡沪伦比,75.0,ID01895225,ID01895225
THS-ZN-3.2.4,ZN,8,LME锌库存（手）,LME: 锌库存总计: 日度,86.67,a10017992,a10017992
THS-ZN-4.1,ZN,2,LME锌库存（手）,LME: 锌库存总计: 日度,86.67,a10017992,a10017992
THS-ZN-4.1,ZN,3,LME锌注销仓单（手）,LME：锌：注销仓单（日）,100,FU00016166,FU00016166
THS-ZN-4.1,ZN,6,上期所锌注销仓单（手）,LME：锌：注销仓单（日）,81.25,FU00016166,FU00016166
THS-ZN-4.1,ZN,7,沪锌主力合约收盘价（元/吨）,SHFE：锌：主力合约：收盘价（日）,82.73,FU00016362,FU00016362
THS-ZN-4.2,ZN,1,上期所锌注销仓单（手）,LME：锌：注销仓单（日）,81.25,FU00016166,FU00016166
THS-ZN-4.2,ZN,2,LME锌注销仓单（手）,LME：锌：注销仓单（日）,100,FU00016166,FU00016166
THS-ZN-4.2,ZN,3,LME锌库存（手）,LME: 锌库存总计: 日度,86.67,a10017992,a10017992
THS-ZN-4.3,ZN,7,沪锌主力合约收盘价（元/吨）,SHFE：锌：主力合约：收盘价（日）,82.73,FU00016362,FU00016362
THS-ZN-4.3,ZN,9,锌锭现货升贴水（元/吨）,锌锭：升贴水：广东（日）,81.25,ID01167397,ID01167397
THS-ZN-4.4,ZN,9,锌锭现货升贴水（元/吨）,锌锭：升贴水：广东（日）,81.25,ID01167397,ID01167397
THS-ZN-4.5,ZN,7,锌锭现货升贴水（元/吨）,锌锭：升贴水：广东（日）,81.25,ID01167397,ID01167397
THS-ZN-5.2,ZN,6,国内氧化锌开工率（%）,氧化锌企业：开工率：中国（月）,78.0,ID01002075,ID01002075
THS-ZN-5.3,ZN,6,LME锌库存（手）,LME: 锌库存总计: 日度,86.67,a10017992,a10017992
THS-ZN-5.3,ZN,7,LME锌注销仓单（手）,LME：锌：注销仓单（日）,100,FU00016166,FU00016166
THS-ZN-5.3,ZN,8,沪锌主力合约收盘价（元/吨）,SHFE：锌：主力合约：收盘价（日）,82.73,FU00016362,FU00016362
THS-ZN-5.3,ZN,9,LME锌收盘价（美元/吨）,LME: 锌 3M收盘价: 日度,91.0,a10017942,a10017942
THS-ZN-5.3,ZN,10,沪伦比（元/吨）,锡沪伦比,75.0,ID01895225,ID01895225
THS-ZN-6.1,ZN,0,国内锌精矿进口量（万吨）,中国海关: 锌精矿进口量: 月度,82.73,a10001843,a10001843
THS-ZN-6.1,ZN,3,国内再生锌产量（万吨）,再生锌：产量：中国（月）,81.25,ID01510884,ID01510884
THS-ZN-6.1,ZN,4,国内锌精矿进口量分国别（万吨）,中国海关: 锌精矿进口量: 月度,72.8,a10001843,a10001843
THS-ZN-6.1,ZN,5,国内锌精矿进口量总量（万吨）,中国海关: 锌精矿进口量: 月度,82.73,a10001843,a10001843
THS-ZN-6.1,ZN,8,沪伦比（元/吨）,锡沪伦比,75.0,ID01895225,ID01895225
THS-ZN-6.3,ZN,0,国内镀锌板出口量（万吨）,中国海关: 镀锌板出口量: 月度,82.73,a12803961,a12803961
THS-ZN-6.3,ZN,2,国内锌合金出口量（万吨）,中国海关: 锌合金出口量: 月度,82.73,a10018028,a10018028
THS-ZN-6.3,ZN,3,国内锌合金产量（万吨）,锌合金：产量：中国（月）,81.25,ID01001564,ID01001564
THS-ZN-6.3,ZN,4,国内氧化锌出口量（万吨）,中国海关: 氧化锌出口量: 月度,82.73,a10018034,a10018034
THS-ZN-6.3,ZN,14,沪锌主力合约收盘价（元/吨）,SHFE：锌：主力合约：收盘价（日）,82.73,FU00016362,FU00016362
THS-ZN-6.4,ZN,1,国内锌精矿进口量（万吨）,中国海关: 锌精矿进口量: 月度,82.73,a10001843,a10001843
THS-ZN-6.4,ZN,13,沪伦比（元/吨）,锡沪伦比,75.0,ID01895225,ID01895225
THS-ZN-7.3,ZN,7,国内锌精矿进口量（万吨）,中国海关: 锌精矿进口量: 月度,82.73,a10001843,a10001843
