ambig_id,indicator_name,indicator_norm,variety,candidate_match,candidate_norm,ambiguity_source,risk_level,blacklist_rule,blacklist_name,conflict_type,conflict_reason,dice_score,template_id,origin_source,review_priority,review_action
AMB-0243,LME：锌：其他报告头寸多头持仓量：投资基金（周）,LME:锌:其他报告头寸多头持仓量:投资基金(周,ZN,LME：锡：其他报告头寸多头持仓量：投资基金（周）,LME:锡:其他报告头寸多头持仓量:投资基金(周,IV1_NEAR_PAIR,P0,,算法高风险,算法高风险,dice=0.958,0.9583,,IV1,P0_manual,"同度量词不同品种, 属正常区分项: 验证R-01品种锚点能拦截跨品种匹配, 无需新增黑名单 (建议不建规则)"
AMB-0244,LME：锌：其他报告头寸多头持仓量：投资基金（周）,LME:锌:其他报告头寸多头持仓量:投资基金(周,ZN,LME：镍：其他报告头寸多头持仓量：投资基金（周）,LME:镍:其他报告头寸多头持仓量:投资基金(周,IV1_NEAR_PAIR,P0,,算法高风险,算法高风险,dice=0.958,0.9583,,IV1,P0_manual,"同度量词不同品种, 属正常区分项: 验证R-01品种锚点能拦截跨品种匹配, 无需新增黑名单 (建议不建规则)"
AMB-0245,LME：锡：其他报告头寸多头持仓量：投资基金（周）,LME:锡:其他报告头寸多头持仓量:投资基金(周,SN,LME：镍：其他报告头寸多头持仓量：投资基金（周）,LME:镍:其他报告头寸多头持仓量:投资基金(周,IV1_NEAR_PAIR,P0,,算法高风险,算法高风险,dice=0.958,0.9583,,IV1,P0_manual,"同度量词不同品种, 属正常区分项: 验证R-01品种锚点能拦截跨品种匹配, 无需新增黑名单 (建议不建规则)"
AMB-0246,SMM: 进口盈亏: 锡: 现货: LME价格: 日度,SMM:进口盈亏:锡:现货:LME价格:日度,SN,SMM: 进口盈亏: 镍: 现货: LME价格: 日度,SMM:进口盈亏:镍:现货:LME价格:日度,IV1_NEAR_PAIR,P0,,算法高风险,算法高风险,dice=0.955,0.9545,,IV1,P0_manual,"同度量词不同品种, 属正常区分项: 验证R-01品种锚点能拦截跨品种匹配, 无需新增黑名单 (建议不建规则)"
AMB-0247,SHFE：锡：主力合约：单边交易：成交量（日）,SHFE:锡:主力合约:单边交易:成交量(日,SN,SHFE：镍：主力合约：单边交易：成交量（日）,SHFE:镍:主力合约:单边交易:成交量(日,IV1_NEAR_PAIR,P0,,算法高风险,算法高风险,dice=0.955,0.9545,,IV1,P0_manual,"同度量词不同品种, 属正常区分项: 验证R-01品种锚点能拦截跨品种匹配, 无需新增黑名单 (建议不建规则)"
AMB-0248,SHFE：锡：主力合约：单边交易：持仓量（日）,SHFE:锡:主力合约:单边交易:持仓量(日,SN,SHFE：镍：主力合约：单边交易：持仓量（日）,SHFE:镍:主力合约:单边交易:持仓量(日,IV1_NEAR_PAIR,P0,,算法高风险,算法高风险,dice=0.955,0.9545,,IV1,P0_manual,"同度量词不同品种, 属正常区分项: 验证R-01品种锚点能拦截跨品种匹配, 无需新增黑名单 (建议不建规则)"
AMB-0249,SMM: 沪铅期现价差: 当月合约: 开盘价: 日度,SMM:沪铅期现价差:当月合约:开盘价:日度,PB,SMM: 沪锌期现价差: 当月合约: 开盘价: 日度,SMM:沪锌期现价差:当月合约:开盘价:日度,IV1_NEAR_PAIR,P0,,算法高风险,算法高风险,dice=0.955,0.9545,,IV1,P0_manual,"同度量词不同品种, 属正常区分项: 验证R-01品种锚点能拦截跨品种匹配, 无需新增黑名单 (建议不建规则)"
AMB-0250,SMM: 沪铅期现价差: 当月合约: 开盘价: 日度,SMM:沪铅期现价差:当月合约:开盘价:日度,PB,SMM: 沪铝期现价差: 当月合约: 开盘价: 日度,SMM:沪铝期现价差:当月合约:开盘价:日度,IV1_NEAR_PAIR,P0,,算法高风险,算法高风险,dice=0.955,0.9545,,IV1,P0_manual,"同度量词不同品种, 属正常区分项: 验证R-01品种锚点能拦截跨品种匹配, 无需新增黑名单 (建议不建规则)"
AMB-0251,SMM: 进口盈亏: 铅: 现货: LME价格: 日度,SMM:进口盈亏:铅:现货:LME价格:日度,PB,SMM: 进口盈亏: 锡: 现货: LME价格: 日度,SMM:进口盈亏:锡:现货:LME价格:日度,IV1_NEAR_PAIR,P0,,算法高风险,算法高风险,dice=0.955,0.9545,,IV1,P0_manual,"同度量词不同品种, 属正常区分项: 验证R-01品种锚点能拦截跨品种匹配, 无需新增黑名单 (建议不建规则)"
AMB-0252,SMM: 进口盈亏: 铅: 现货: LME价格: 日度,SMM:进口盈亏:铅:现货:LME价格:日度,PB,SMM: 进口盈亏: 镍: 现货: LME价格: 日度,SMM:进口盈亏:镍:现货:LME价格:日度,IV1_NEAR_PAIR,P0,,算法高风险,算法高风险,dice=0.955,0.9545,,IV1,P0_manual,"同度量词不同品种, 属正常区分项: 验证R-01品种锚点能拦截跨品种匹配, 无需新增黑名单 (建议不建规则)"
AMB-0253,LME：铅：CASH-3M合约：结算价差（日）,LME:铅:CASH-3M合约:结算价差(日,PB,LME：铝：CASH-3M合约：结算价差（日）,LME:铝:CASH-3M合约:结算价差(日,IV1_NEAR_PAIR,P0,,算法高风险,算法高风险,dice=0.955,0.9545,,IV1,P0_manual,"同度量词不同品种, 属正常区分项: 验证R-01品种锚点能拦截跨品种匹配, 无需新增黑名单 (建议不建规则)"
AMB-0254,SMM: 沪铝期现价差: 当月合约: 开盘价: 日度,SMM:沪铝期现价差:当月合约:开盘价:日度,AL,SMM: 沪锌期现价差: 当月合约: 开盘价: 日度,SMM:沪锌期现价差:当月合约:开盘价:日度,IV1_NEAR_PAIR,P0,,算法高风险,算法高风险,dice=0.955,0.9545,,IV1,P0_manual,"同度量词不同品种, 属正常区分项: 验证R-01品种锚点能拦截跨品种匹配, 无需新增黑名单 (建议不建规则)"
AMB-0255,SHFE：铝：主力合约：单边交易：成交量（日）,SHFE:铝:主力合约:单边交易:成交量(日,AL,SHFE：锡：主力合约：单边交易：成交量（日）,SHFE:锡:主力合约:单边交易:成交量(日,IV1_NEAR_PAIR,P0,,算法高风险,算法高风险,dice=0.955,0.9545,,IV1,P0_manual,"同度量词不同品种, 属正常区分项: 验证R-01品种锚点能拦截跨品种匹配, 无需新增黑名单 (建议不建规则)"
AMB-0256,SHFE：铝：主力合约：单边交易：成交量（日）,SHFE:铝:主力合约:单边交易:成交量(日,AL,SHFE：镍：主力合约：单边交易：成交量（日）,SHFE:镍:主力合约:单边交易:成交量(日,IV1_NEAR_PAIR,P0,,算法高风险,算法高风险,dice=0.955,0.9545,,IV1,P0_manual,"同度量词不同品种, 属正常区分项: 验证R-01品种锚点能拦截跨品种匹配, 无需新增黑名单 (建议不建规则)"
AMB-0257,SHFE：铝：主力合约：单边交易：持仓量（日）,SHFE:铝:主力合约:单边交易:持仓量(日,AL,SHFE：锡：主力合约：单边交易：持仓量（日）,SHFE:锡:主力合约:单边交易:持仓量(日,IV1_NEAR_PAIR,P0,,算法高风险,算法高风险,dice=0.955,0.9545,,IV1,P0_manual,"同度量词不同品种, 属正常区分项: 验证R-01品种锚点能拦截跨品种匹配, 无需新增黑名单 (建议不建规则)"
AMB-0258,SHFE：铝：主力合约：单边交易：持仓量（日）,SHFE:铝:主力合约:单边交易:持仓量(日,AL,SHFE：镍：主力合约：单边交易：持仓量（日）,SHFE:镍:主力合约:单边交易:持仓量(日,IV1_NEAR_PAIR,P0,,算法高风险,算法高风险,dice=0.955,0.9545,,IV1,P0_manual,"同度量词不同品种, 属正常区分项: 验证R-01品种锚点能拦截跨品种匹配, 无需新增黑名单 (建议不建规则)"
AMB-0259,SHFE: 铅: 库存周报: 本周库存期货: 周度,SHFE:铅:库存周报:本周库存期货:周度,PB,SHFE: 锌: 库存周报: 本周库存期货: 周度,SHFE:锌:库存周报:本周库存期货:周度,IV1_NEAR_PAIR,P0,,算法高风险,算法高风险,dice=0.952,0.9524,,IV1,P0_manual,"同度量词不同品种, 属正常区分项: 验证R-01品种锚点能拦截跨品种匹配, 无需新增黑名单 (建议不建规则)"
AMB-0260,SHFE：锌：单边交易：持仓量（日）,SHFE:锌:单边交易:持仓量(日,ZN,SHFE：锡：单边交易：持仓量（日）,SHFE:锡:单边交易:持仓量(日,IV1_NEAR_PAIR,P0,,算法高风险,算法高风险,dice=0.941,0.9412,,IV1,P0_manual,"同度量词不同品种, 属正常区分项: 验证R-01品种锚点能拦截跨品种匹配, 无需新增黑名单 (建议不建规则)"
AMB-0261,SHFE：锌：单边交易：持仓量（日）,SHFE:锌:单边交易:持仓量(日,ZN,SHFE：镍：单边交易：持仓量（日）,SHFE:镍:单边交易:持仓量(日,IV1_NEAR_PAIR,P0,,算法高风险,算法高风险,dice=0.941,0.9412,,IV1,P0_manual,"同度量词不同品种, 属正常区分项: 验证R-01品种锚点能拦截跨品种匹配, 无需新增黑名单 (建议不建规则)"
AMB-0262,SHFE: 锌: 仓单日报: 期货: 日度,SHFE:锌:仓单日报:期货:日度,ZN,SHFE: 镍: 仓单日报: 期货: 日度,SHFE:镍:仓单日报:期货:日度,IV1_NEAR_PAIR,P0,,算法高风险,算法高风险,dice=0.941,0.9412,,IV1,P0_manual,"同度量词不同品种, 属正常区分项: 验证R-01品种锚点能拦截跨品种匹配, 无需新增黑名单 (建议不建规则)"
AMB-0263,SHFE：锡：单边交易：持仓量（日）,SHFE:锡:单边交易:持仓量(日,SN,SHFE：镍：单边交易：持仓量（日）,SHFE:镍:单边交易:持仓量(日,IV1_NEAR_PAIR,P0,,算法高风险,算法高风险,dice=0.941,0.9412,,IV1,P0_manual,"同度量词不同品种, 属正常区分项: 验证R-01品种锚点能拦截跨品种匹配, 无需新增黑名单 (建议不建规则)"
AMB-0264,SHFE：铅：单边交易：持仓量（日）,SHFE:铅:单边交易:持仓量(日,PB,SHFE：锌：单边交易：持仓量（日）,SHFE:锌:单边交易:持仓量(日,IV1_NEAR_PAIR,P0,,算法高风险,算法高风险,dice=0.941,0.9412,,IV1,P0_manual,"同度量词不同品种, 属正常区分项: 验证R-01品种锚点能拦截跨品种匹配, 无需新增黑名单 (建议不建规则)"
AMB-0265,SHFE：铅：单边交易：持仓量（日）,SHFE:铅:单边交易:持仓量(日,PB,SHFE：锡：单边交易：持仓量（日）,SHFE:锡:单边交易:持仓量(日,IV1_NEAR_PAIR,P0,,算法高风险,算法高风险,dice=0.941,0.9412,,IV1,P0_manual,"同度量词不同品种, 属正常区分项: 验证R-01品种锚点能拦截跨品种匹配, 无需新增黑名单 (建议不建规则)"
AMB-0266,SHFE：铅：单边交易：持仓量（日）,SHFE:铅:单边交易:持仓量(日,PB,SHFE：镍：单边交易：持仓量（日）,SHFE:镍:单边交易:持仓量(日,IV1_NEAR_PAIR,P0,,算法高风险,算法高风险,dice=0.941,0.9412,,IV1,P0_manual,"同度量词不同品种, 属正常区分项: 验证R-01品种锚点能拦截跨品种匹配, 无需新增黑名单 (建议不建规则)"
AMB-0267,LME：铜：3个月合约：结算价（日）,LME:铜:3个月合约:结算价(日,CU,LME：铝：3个月合约：结算价（日）,LME:铝:3个月合约:结算价(日,IV1_NEAR_PAIR,P0,,算法高风险,算法高风险,dice=0.941,0.9412,,IV1,P0_manual,"同度量词不同品种, 属正常区分项: 验证R-01品种锚点能拦截跨品种匹配, 无需新增黑名单 (建议不建规则)"
AMB-0268,LME：铝：3个月合约：成交量（日）,LME:铝:3个月合约:成交量(日,AL,LME：镍：3个月合约：成交量（日）,LME:镍:3个月合约:成交量(日,IV1_NEAR_PAIR,P0,,算法高风险,算法高风险,dice=0.941,0.9412,,IV1,P0_manual,"同度量词不同品种, 属正常区分项: 验证R-01品种锚点能拦截跨品种匹配, 无需新增黑名单 (建议不建规则)"
AMB-0269,LME：锡：原产国库存：埃及（月）,LME:锡:原产国库存:埃及(月,SN,LME：镍：原产国库存：埃及（月）,LME:镍:原产国库存:埃及(月,IV1_NEAR_PAIR,P0,,算法高风险,算法高风险,dice=0.938,0.9375,,IV1,P0_manual,"同度量词不同品种, 属正常区分项: 验证R-01品种锚点能拦截跨品种匹配, 无需新增黑名单 (建议不建规则)"
AMB-0270,CAAM: 中国汽车月度销量: 月度,CAAM:中国汽车月度销量:月度,通用,CAAM: 中国汽车销量: 月度,CAAM:中国汽车销量:月度,IV1_NEAR_PAIR,P0,,算法高风险,算法高风险,dice=0.933,0.9333,,IV1,P0_manual,"同族近义名: 确认是否应合并为同一canonical, 否则加入R-01b白名单"
AMB-0271,中国海关: 铅合金出口量: 月度,中国海关:铅合金出口量:月度,PB,中国海关: 锌合金出口量: 月度,中国海关:锌合金出口量:月度,IV1_NEAR_PAIR,P0,,算法高风险,算法高风险,dice=0.929,0.9286,,IV1,P0_manual,"同度量词不同品种, 属正常区分项: 验证R-01品种锚点能拦截跨品种匹配, 无需新增黑名单 (建议不建规则)"
AMB-0272,COMEX：铜：期货库存（日）,COMEX:铜:期货库存(日,CU,COMEX：锌：期货库存（日）,COMEX:锌:期货库存(日,IV1_NEAR_PAIR,P0,,算法高风险,算法高风险,dice=0.929,0.9286,,IV1,P0_manual,"同度量词不同品种, 属正常区分项: 验证R-01品种锚点能拦截跨品种匹配, 无需新增黑名单 (建议不建规则)"
AMB-0273,COMEX：铜：期货库存（日）,COMEX:铜:期货库存(日,CU,COMEX：铝：期货库存（日）,COMEX:铝:期货库存(日,IV1_NEAR_PAIR,P0,,算法高风险,算法高风险,dice=0.929,0.9286,,IV1,P0_manual,"同度量词不同品种, 属正常区分项: 验证R-01品种锚点能拦截跨品种匹配, 无需新增黑名单 (建议不建规则)"
AMB-0274,COMEX：铝：期货库存（日）,COMEX:铝:期货库存(日,AL,COMEX：锌：期货库存（日）,COMEX:锌:期货库存(日,IV1_NEAR_PAIR,P0,,算法高风险,算法高风险,dice=0.929,0.9286,,IV1,P0_manual,"同度量词不同品种, 属正常区分项: 验证R-01品种锚点能拦截跨品种匹配, 无需新增黑名单 (建议不建规则)"
AMB-0275,SMM: 云南地区冶炼酸(硫酸)价格(出厂价) - 涨跌: 日度,SMM:云南地区冶炼酸(硫酸)价格(出厂价)-涨跌:日度,通用,SMM: 广西地区冶炼酸(硫酸)价格(出厂价) - 涨跌: 日度,SMM:广西地区冶炼酸(硫酸)价格(出厂价)-涨跌:日度,IV1_NEAR_PAIR,P0,,算法高风险,算法高风险,dice=0.905,0.9286,,IV1,P0_manual,"同族近义名: 确认是否应合并为同一canonical, 否则加入R-01b白名单"
AMB-0276,铜精矿：港口库存：中国（周）,铜精矿:港口库存:中国(周,CU,锌精矿：港口库存：中国（周）,锌精矿:港口库存:中国(周,IV1_NEAR_PAIR,P0,,算法高风险,算法高风险,dice=0.923,0.9231,,IV1,P0_manual,"同度量词不同品种, 属正常区分项: 验证R-01品种锚点能拦截跨品种匹配, 无需新增黑名单 (建议不建规则)"
AMB-0277,铜精矿：产量：澳大利亚（季）,铜精矿:产量:澳大利亚(季,CU,锌精矿：产量：澳大利亚（季）,锌精矿:产量:澳大利亚(季,IV1_NEAR_PAIR,P0,,算法高风险,算法高风险,dice=0.923,0.9231,,IV1,P0_manual,"同度量词不同品种, 属正常区分项: 验证R-01品种锚点能拦截跨品种匹配, 无需新增黑名单 (建议不建规则)"
AMB-0278,铜：矿山产量：澳大利亚（季）,铜:矿山产量:澳大利亚(季,CU,锌：矿山产量：澳大利亚（季）,锌:矿山产量:澳大利亚(季,IV1_NEAR_PAIR,P0,,算法高风险,算法高风险,dice=0.923,0.9231,,IV1,P0_manual,"同度量词不同品种, 属正常区分项: 验证R-01品种锚点能拦截跨品种匹配, 无需新增黑名单 (建议不建规则)"
AMB-0279,LME：锌：注销仓单（日）,LME:锌:注销仓单(日,ZN,LME：锡：注销仓单（日）,LME:锡:注销仓单(日,IV1_NEAR_PAIR,P0,,算法高风险,算法高风险,dice=0.917,0.9167,,IV1,P0_manual,"同度量词不同品种, 属正常区分项: 验证R-01品种锚点能拦截跨品种匹配, 无需新增黑名单 (建议不建规则)"
AMB-0280,LME：锌：注销仓单（日）,LME:锌:注销仓单(日,ZN,LME：镍：注销仓单（日）,LME:镍:注销仓单(日,IV1_NEAR_PAIR,P0,,算法高风险,算法高风险,dice=0.917,0.9167,,IV1,P0_manual,"同度量词不同品种, 属正常区分项: 验证R-01品种锚点能拦截跨品种匹配, 无需新增黑名单 (建议不建规则)"
AMB-0281,LME：锡：注销仓单（日）,LME:锡:注销仓单(日,SN,LME：镍：注销仓单（日）,LME:镍:注销仓单(日,IV1_NEAR_PAIR,P0,,算法高风险,算法高风险,dice=0.917,0.9167,,IV1,P0_manual,"同度量词不同品种, 属正常区分项: 验证R-01品种锚点能拦截跨品种匹配, 无需新增黑名单 (建议不建规则)"
AMB-0282,LME：铜：注册仓单（日）,LME:铜:注册仓单(日,CU,LME：锡：注册仓单（日）,LME:锡:注册仓单(日,IV1_NEAR_PAIR,P0,,算法高风险,算法高风险,dice=0.917,0.9167,,IV1,P0_manual,"同度量词不同品种, 属正常区分项: 验证R-01品种锚点能拦截跨品种匹配, 无需新增黑名单 (建议不建规则)"
AMB-0283,LME：铜：注册仓单（日）,LME:铜:注册仓单(日,CU,LME：铝：注册仓单（日）,LME:铝:注册仓单(日,IV1_NEAR_PAIR,P0,,算法高风险,算法高风险,dice=0.917,0.9167,,IV1,P0_manual,"同度量词不同品种, 属正常区分项: 验证R-01品种锚点能拦截跨品种匹配, 无需新增黑名单 (建议不建规则)"
AMB-0284,LME：铜：注销仓单（日）,LME:铜:注销仓单(日,CU,LME：锌：注销仓单（日）,LME:锌:注销仓单(日,IV1_NEAR_PAIR,P0,,算法高风险,算法高风险,dice=0.917,0.9167,,IV1,P0_manual,"同度量词不同品种, 属正常区分项: 验证R-01品种锚点能拦截跨品种匹配, 无需新增黑名单 (建议不建规则)"
AMB-0285,LME：铜：注销仓单（日）,LME:铜:注销仓单(日,CU,LME：锡：注销仓单（日）,LME:锡:注销仓单(日,IV1_NEAR_PAIR,P0,,算法高风险,算法高风险,dice=0.917,0.9167,,IV1,P0_manual,"同度量词不同品种, 属正常区分项: 验证R-01品种锚点能拦截跨品种匹配, 无需新增黑名单 (建议不建规则)"
AMB-0286,LME：铜：注销仓单（日）,LME:铜:注销仓单(日,CU,LME：镍：注销仓单（日）,LME:镍:注销仓单(日,IV1_NEAR_PAIR,P0,,算法高风险,算法高风险,dice=0.917,0.9167,,IV1,P0_manual,"同度量词不同品种, 属正常区分项: 验证R-01品种锚点能拦截跨品种匹配, 无需新增黑名单 (建议不建规则)"
AMB-0287,LME：铜：注销仓单（日）,LME:铜:注销仓单(日,CU,LME：铝：注销仓单（日）,LME:铝:注销仓单(日,IV1_NEAR_PAIR,P0,,算法高风险,算法高风险,dice=0.917,0.9167,,IV1,P0_manual,"同度量词不同品种, 属正常区分项: 验证R-01品种锚点能拦截跨品种匹配, 无需新增黑名单 (建议不建规则)"
AMB-0288,LME：铝：注销仓单（日）,LME:铝:注销仓单(日,AL,LME：锌：注销仓单（日）,LME:锌:注销仓单(日,IV1_NEAR_PAIR,P0,,算法高风险,算法高风险,dice=0.917,0.9167,,IV1,P0_manual,"同度量词不同品种, 属正常区分项: 验证R-01品种锚点能拦截跨品种匹配, 无需新增黑名单 (建议不建规则)"
AMB-0289,LME：铝：注销仓单（日）,LME:铝:注销仓单(日,AL,LME：锡：注销仓单（日）,LME:锡:注销仓单(日,IV1_NEAR_PAIR,P0,,算法高风险,算法高风险,dice=0.917,0.9167,,IV1,P0_manual,"同度量词不同品种, 属正常区分项: 验证R-01品种锚点能拦截跨品种匹配, 无需新增黑名单 (建议不建规则)"
AMB-0290,LME：铝：注销仓单（日）,LME:铝:注销仓单(日,AL,LME：镍：注销仓单（日）,LME:镍:注销仓单(日,IV1_NEAR_PAIR,P0,,算法高风险,算法高风险,dice=0.917,0.9167,,IV1,P0_manual,"同度量词不同品种, 属正常区分项: 验证R-01品种锚点能拦截跨品种匹配, 无需新增黑名单 (建议不建规则)"
AMB-0291,LME：铝：注销占比（日）,LME:铝:注销占比(日,AL,LME：锡：注销占比（日）,LME:锡:注销占比(日,IV1_NEAR_PAIR,P0,,算法高风险,算法高风险,dice=0.917,0.9167,,IV1,P0_manual,"同度量词不同品种, 属正常区分项: 验证R-01品种锚点能拦截跨品种匹配, 无需新增黑名单 (建议不建规则)"
AMB-0292,LME：铝：注册仓单（日）,LME:铝:注册仓单(日,AL,LME：锡：注册仓单（日）,LME:锡:注册仓单(日,IV1_NEAR_PAIR,P0,,算法高风险,算法高风险,dice=0.917,0.9167,,IV1,P0_manual,"同度量词不同品种, 属正常区分项: 验证R-01品种锚点能拦截跨品种匹配, 无需新增黑名单 (建议不建规则)"
AMB-0293,锌精矿：产量：中国（月）,锌精矿:产量:中国(月,ZN,锡精矿：产量：中国（月）,锡精矿:产量:中国(月,IV1_NEAR_PAIR,P0,,算法高风险,算法高风险,dice=0.909,0.9091,,IV1,P0_manual,"同度量词不同品种, 属正常区分项: 验证R-01品种锚点能拦截跨品种匹配, 无需新增黑名单 (建议不建规则)"
AMB-0294,SHFE：锌：基差（日）,SHFE:锌:基差(日,ZN,SHFE：锡：基差（日）,SHFE:锡:基差(日,IV1_NEAR_PAIR,P0,,算法高风险,算法高风险,dice=0.909,0.9091,,IV1,P0_manual,"同度量词不同品种, 属正常区分项: 验证R-01品种锚点能拦截跨品种匹配, 无需新增黑名单 (建议不建规则)"
AMB-0295,SHFE：锌：基差（日）,SHFE:锌:基差(日,ZN,SHFE：镍：基差（日）,SHFE:镍:基差(日,IV1_NEAR_PAIR,P0,,算法高风险,算法高风险,dice=0.909,0.9091,,IV1,P0_manual,"同度量词不同品种, 属正常区分项: 验证R-01品种锚点能拦截跨品种匹配, 无需新增黑名单 (建议不建规则)"
AMB-0296,SHFE：锡：基差（日）,SHFE:锡:基差(日,SN,SHFE：镍：基差（日）,SHFE:镍:基差(日,IV1_NEAR_PAIR,P0,,算法高风险,算法高风险,dice=0.909,0.9091,,IV1,P0_manual,"同度量词不同品种, 属正常区分项: 验证R-01品种锚点能拦截跨品种匹配, 无需新增黑名单 (建议不建规则)"
AMB-0297,SMM: 沪铅期现价差: 当月合约: 开盘价: 日度,SMM:沪铅期现价差:当月合约:开盘价:日度,PB,SMM: 沪铜期现价差-当月合约: 开盘价: 日度,SMM:沪铜期现价差-当月合约:开盘价:日度,IV1_NEAR_PAIR,P0,,算法高风险,算法高风险,dice=0.909,0.9091,,IV1,P0_manual,"同度量词不同品种, 属正常区分项: 验证R-01品种锚点能拦截跨品种匹配, 无需新增黑名单 (建议不建规则)"
AMB-0298,SMM: 沪铜期现价差-当月合约: 开盘价: 日度,SMM:沪铜期现价差-当月合约:开盘价:日度,CU,SMM: 沪锌期现价差: 当月合约: 开盘价: 日度,SMM:沪锌期现价差:当月合约:开盘价:日度,IV1_NEAR_PAIR,P0,,算法高风险,算法高风险,dice=0.909,0.9091,,IV1,P0_manual,"同度量词不同品种, 属正常区分项: 验证R-01品种锚点能拦截跨品种匹配, 无需新增黑名单 (建议不建规则)"
AMB-0299,SMM: 沪铜期现价差-当月合约: 开盘价: 日度,SMM:沪铜期现价差-当月合约:开盘价:日度,CU,SMM: 沪铝期现价差: 当月合约: 开盘价: 日度,SMM:沪铝期现价差:当月合约:开盘价:日度,IV1_NEAR_PAIR,P0,,算法高风险,算法高风险,dice=0.909,0.9091,,IV1,P0_manual,"同度量词不同品种, 属正常区分项: 验证R-01品种锚点能拦截跨品种匹配, 无需新增黑名单 (建议不建规则)"
AMB-0300,SHFE：铝：基差（日）,SHFE:铝:基差(日,AL,SHFE：锌：基差（日）,SHFE:锌:基差(日,IV1_NEAR_PAIR,P0,,算法高风险,算法高风险,dice=0.909,0.9091,,IV1,P0_manual,"同度量词不同品种, 属正常区分项: 验证R-01品种锚点能拦截跨品种匹配, 无需新增黑名单 (建议不建规则)"
AMB-0301,SHFE：铝：基差（日）,SHFE:铝:基差(日,AL,SHFE：锡：基差（日）,SHFE:锡:基差(日,IV1_NEAR_PAIR,P0,,算法高风险,算法高风险,dice=0.909,0.9091,,IV1,P0_manual,"同度量词不同品种, 属正常区分项: 验证R-01品种锚点能拦截跨品种匹配, 无需新增黑名单 (建议不建规则)"
AMB-0302,SHFE：铝：基差（日）,SHFE:铝:基差(日,AL,SHFE：镍：基差（日）,SHFE:镍:基差(日,IV1_NEAR_PAIR,P0,,算法高风险,算法高风险,dice=0.909,0.9091,,IV1,P0_manual,"同度量词不同品种, 属正常区分项: 验证R-01品种锚点能拦截跨品种匹配, 无需新增黑名单 (建议不建规则)"
AMB-0303,LME库存,LME库存,通用,LME镍库存,LME镍库存,IV1_NEAR_PAIR,P0,,算法高风险,算法高风险,dice=0.909,0.9091,,IV1,P0_manual,"同族近义名: 确认是否应合并为同一canonical, 否则加入R-01b白名单"
AMB-0304,LME库存,LME库存,通用,LME铅库存,LME铅库存,IV1_NEAR_PAIR,P0,,算法高风险,算法高风险,dice=0.909,0.9091,,IV1,P0_manual,"同族近义名: 确认是否应合并为同一canonical, 否则加入R-01b白名单"
AMB-0305,USGS：锌矿：含锌：产量：澳大利亚（年）,USGS:锌矿:含锌:产量:澳大利亚(年,ZN,USGS：镍矿：含镍：产量：澳大利亚（年）,USGS:镍矿:含镍:产量:澳大利亚(年,IV1_NEAR_PAIR,P0,,算法高风险,算法高风险,dice=0.900,0.9,,IV1,P0_manual,"同度量词不同品种, 属正常区分项: 验证R-01品种锚点能拦截跨品种匹配, 无需新增黑名单 (建议不建规则)"
AMB-0306,USGS：锂矿：含锂：产量：澳大利亚（年）,USGS:锂矿:含锂:产量:澳大利亚(年,LI,USGS：锌矿：含锌：产量：澳大利亚（年）,USGS:锌矿:含锌:产量:澳大利亚(年,IV1_NEAR_PAIR,P0,,算法高风险,算法高风险,dice=0.900,0.9,,IV1,P0_manual,"同度量词不同品种, 属正常区分项: 验证R-01品种锚点能拦截跨品种匹配, 无需新增黑名单 (建议不建规则)"
AMB-0307,USGS：锂矿：含锂：产量：澳大利亚（年）,USGS:锂矿:含锂:产量:澳大利亚(年,LI,USGS：镍矿：含镍：产量：澳大利亚（年）,USGS:镍矿:含镍:产量:澳大利亚(年,IV1_NEAR_PAIR,P0,,算法高风险,算法高风险,dice=0.900,0.9,,IV1,P0_manual,"同度量词不同品种, 属正常区分项: 验证R-01品种锚点能拦截跨品种匹配, 无需新增黑名单 (建议不建规则)"
AMB-0308,SHFE：电解铜：07合约：空单持仓合计：前20期货公司（日）,SHFE:电解铜:07合约:空单持仓合计:前20期货公司(日,CU,SHFE：铝：08合约：空单持仓合计：前20期货公司（日）,SHFE:铝:08合约:空单持仓合计:前20期货公司(日,IV1_NEAR_PAIR,P0,,算法高风险,算法高风险,dice=0.897,0.8966,,IV1,P0_manual,"同度量词不同品种, 属正常区分项: 验证R-01品种锚点能拦截跨品种匹配, 无需新增黑名单 (建议不建规则)"
AMB-0309,SHFE: 锌: 仓单日报: 期货增减: 日度,SHFE:锌:仓单日报:期货增减:日度,ZN,SHFE: 镍: 仓单日报: 期货: 日度,SHFE:镍:仓单日报:期货:日度,IV1_NEAR_PAIR,P0,,算法高风险,算法高风险,dice=0.889,0.8889,,IV1,P0_manual,"同度量词不同品种, 属正常区分项: 验证R-01品种锚点能拦截跨品种匹配, 无需新增黑名单 (建议不建规则)"
AMB-0310,USGS：锡矿：含锡：产量：印尼（年）,USGS:锡矿:含锡:产量:印尼(年,SN,USGS：镍矿：含镍：产量：印尼（年）,USGS:镍矿:含镍:产量:印尼(年,IV1_NEAR_PAIR,P0,,算法高风险,算法高风险,dice=0.889,0.8889,,IV1,P0_manual,"同度量词不同品种, 属正常区分项: 验证R-01品种锚点能拦截跨品种匹配, 无需新增黑名单 (建议不建规则)"
AMB-0311,中国海关: 铅板出口量: 月度,中国海关:铅板出口量:月度,PB,中国海关: 镀锌板出口量: 月度,中国海关:镀锌板出口量:月度,IV1_NEAR_PAIR,P0,,算法高风险,算法高风险,dice=0.889,0.8889,,IV1,P0_manual,"同度量词不同品种, 属正常区分项: 验证R-01品种锚点能拦截跨品种匹配, 无需新增黑名单 (建议不建规则)"
AMB-0312,中国海关: 铅板出口量: 月度,中国海关:铅板出口量:月度,PB,中国海关: 铜板带出口量: 月度,中国海关:铜板带出口量:月度,IV1_NEAR_PAIR,P0,,算法高风险,算法高风险,dice=0.889,0.8889,,IV1,P0_manual,"同度量词不同品种, 属正常区分项: 验证R-01品种锚点能拦截跨品种匹配, 无需新增黑名单 (建议不建规则)"
AMB-0313,SHFE: 铅: 一月合约: 持仓量: 日度,SHFE:铅:一月合约:持仓量:日度,PB,SHFE: 锌: 六月合约: 持仓量: 日度,SHFE:锌:六月合约:持仓量:日度,IV1_NEAR_PAIR,P0,,算法高风险,算法高风险,dice=0.889,0.8889,,IV1,P0_manual,"同度量词不同品种, 属正常区分项: 验证R-01品种锚点能拦截跨品种匹配, 无需新增黑名单 (建议不建规则)"
AMB-0314,SHFE: 铅: 六月合约: 成交量: 日度,SHFE:铅:六月合约:成交量:日度,PB,SHFE: 锌: 一月合约: 成交量: 日度,SHFE:锌:一月合约:成交量:日度,IV1_NEAR_PAIR,P0,,算法高风险,算法高风险,dice=0.889,0.8889,,IV1,P0_manual,"同度量词不同品种, 属正常区分项: 验证R-01品种锚点能拦截跨品种匹配, 无需新增黑名单 (建议不建规则)"
AMB-0315,SMM: 铅锭五地社会库存: 上海: 周度,SMM:铅锭五地社会库存:上海:周度,PB,SMM: 锡锭社会库存: 上海: 周度,SMM:锡锭社会库存:上海:周度,IV1_NEAR_PAIR,P0,,算法高风险,算法高风险,dice=0.882,0.8824,,IV1,P0_manual,"同度量词不同品种, 属正常区分项: 验证R-01品种锚点能拦截跨品种匹配, 无需新增黑名单 (建议不建规则)"
AMB-0316,锌精矿：产量：澳大利亚（季）,锌精矿:产量:澳大利亚(季,ZN,锡矿：产量：澳大利亚（季）,锡矿:产量:澳大利亚(季,IV1_NEAR_PAIR,P0,,算法高风险,算法高风险,dice=0.880,0.88,,IV1,P0_manual,"同度量词不同品种, 属正常区分项: 验证R-01品种锚点能拦截跨品种匹配, 无需新增黑名单 (建议不建规则)"
AMB-0317,锌：矿山产量：澳大利亚（季）,锌:矿山产量:澳大利亚(季,ZN,锡矿：产量：澳大利亚（季）,锡矿:产量:澳大利亚(季,IV1_NEAR_PAIR,P0,,算法高风险,算法高风险,dice=0.880,0.88,,IV1,P0_manual,"同度量词不同品种, 属正常区分项: 验证R-01品种锚点能拦截跨品种匹配, 无需新增黑名单 (建议不建规则)"
AMB-0318,铜精矿：产量：澳大利亚（季）,铜精矿:产量:澳大利亚(季,CU,锡矿：产量：澳大利亚（季）,锡矿:产量:澳大利亚(季,IV1_NEAR_PAIR,P0,,算法高风险,算法高风险,dice=0.880,0.88,,IV1,P0_manual,"同度量词不同品种, 属正常区分项: 验证R-01品种锚点能拦截跨品种匹配, 无需新增黑名单 (建议不建规则)"
AMB-0319,铜：矿山产量：澳大利亚（季）,铜:矿山产量:澳大利亚(季,CU,锡矿：产量：澳大利亚（季）,锡矿:产量:澳大利亚(季,IV1_NEAR_PAIR,P0,,算法高风险,算法高风险,dice=0.880,0.88,,IV1,P0_manual,"同度量词不同品种, 属正常区分项: 验证R-01品种锚点能拦截跨品种匹配, 无需新增黑名单 (建议不建规则)"
AMB-0320,铝土矿：产量：澳大利亚（季）,铝土矿:产量:澳大利亚(季,AL|AO,锡矿：产量：澳大利亚（季）,锡矿:产量:澳大利亚(季,IV1_NEAR_PAIR,P0,,算法高风险,算法高风险,dice=0.880,0.88,,IV1,P0_manual,"同度量词不同品种, 属正常区分项: 验证R-01品种锚点能拦截跨品种匹配, 无需新增黑名单 (建议不建规则)"
AMB-0321,GFEX：工业硅：主力合约：单边交易：持仓量（日）,GFEX:工业硅:主力合约:单边交易:持仓量(日,SI,GFEX：碳酸锂：主力合约：单边交易：持仓量（日）,GFEX:碳酸锂:主力合约:单边交易:持仓量(日,IV1_NEAR_PAIR,P0,,算法高风险,算法高风险,dice=0.875,0.875,,IV1,P0_manual,"同度量词不同品种, 属正常区分项: 验证R-01品种锚点能拦截跨品种匹配, 无需新增黑名单 (建议不建规则)"
AMB-0322,多头前20持仓量,多头前20持仓量,通用,空头前20持仓量,空头前20持仓量,IV1_NEAR_PAIR,P0,,算法高风险,算法高风险,dice=0.875,0.875,,IV1,P0_manual,"同族近义名: 确认是否应合并为同一canonical, 否则加入R-01b白名单"
AMB-0323,SMM: 电解铜供需平衡表: 终端消费量: 月度,SMM:电解铜供需平衡表:终端消费量:月度,CU,SMM: 电解铝平衡: 终端消费量: 月度,SMM:电解铝平衡:终端消费量:月度,IV1_NEAR_PAIR,P0,,算法高风险,算法高风险,dice=0.872,0.8718,,IV1,P0_manual,"同度量词不同品种, 属正常区分项: 验证R-01品种锚点能拦截跨品种匹配, 无需新增黑名单 (建议不建规则)"
AMB-0324,SMM: 沪铅期现价差: 连二合约: 开盘价: 日度,SMM:沪铅期现价差:连二合约:开盘价:日度,PB,SMM: 沪锌期现价差: 当月合约: 开盘价: 日度,SMM:沪锌期现价差:当月合约:开盘价:日度,IV1_NEAR_PAIR,P0,,算法高风险,算法高风险,dice=0.864,0.8636,,IV1,P0_manual,"同度量词不同品种, 属正常区分项: 验证R-01品种锚点能拦截跨品种匹配, 无需新增黑名单 (建议不建规则)"
AMB-0325,SMM: 沪铅期现价差: 连二合约: 开盘价: 日度,SMM:沪铅期现价差:连二合约:开盘价:日度,PB,SMM: 沪铝期现价差: 当月合约: 开盘价: 日度,SMM:沪铝期现价差:当月合约:开盘价:日度,IV1_NEAR_PAIR,P0,,算法高风险,算法高风险,dice=0.864,0.8636,,IV1,P0_manual,"同度量词不同品种, 属正常区分项: 验证R-01品种锚点能拦截跨品种匹配, 无需新增黑名单 (建议不建规则)"
AMB-0326,SHFE：电解铜：07合约：空单持仓合计：前20期货公司（日）,SHFE:电解铜:07合约:空单持仓合计:前20期货公司(日,CU,SHFE：铝：08合约：多单持仓合计：前20期货公司（日）,SHFE:铝:08合约:多单持仓合计:前20期货公司(日,IV1_NEAR_PAIR,P0,,算法高风险,算法高风险,dice=0.862,0.8621,,IV1,P0_manual,"同度量词不同品种, 属正常区分项: 验证R-01品种锚点能拦截跨品种匹配, 无需新增黑名单 (建议不建规则)"
AMB-0327,中国海关: 铜板带出口量: 月度,中国海关:铜板带出口量:月度,CU,中国海关: 镀锌板出口量: 月度,中国海关:镀锌板出口量:月度,IV1_NEAR_PAIR,P0,,算法高风险,算法高风险,dice=0.857,0.8571,,IV1,P0_manual,"同度量词不同品种, 属正常区分项: 验证R-01品种锚点能拦截跨品种匹配, 无需新增黑名单 (建议不建规则)"
AMB-0328,中国海关: 铝土矿进口量: 月度,中国海关:铝土矿进口量:月度,AL|AO,中国海关: 锌精矿进口量: 月度,中国海关:锌精矿进口量:月度,IV1_NEAR_PAIR,P0,,算法高风险,算法高风险,dice=0.857,0.8571,,IV1,P0_manual,"同度量词不同品种, 属正常区分项: 验证R-01品种锚点能拦截跨品种匹配, 无需新增黑名单 (建议不建规则)"
AMB-0042,场内库存,场内库存,通用,厂内库存,厂内库存,BLACKLIST_RULE,P0,BL-005,库存口径,库存口径,"规则声明互斥, 但字符Dice=0.750",0.75,,RULE,P0_manual,确认短语边界增强(整词匹配)后不再误触发
AMB-0043,注册仓单库存,注册仓单库存,通用,非仓单库存,非仓单库存,BLACKLIST_RULE,P0,BL-005,库存口径,库存口径,"规则声明互斥, 但字符Dice=0.727",0.7273,,RULE,P0_manual,确认短语边界增强(整词匹配)后不再误触发
AMB-0045,电解镍,电解镍,NI,电解铜,电解铜,BLACKLIST_RULE,P0,BL-022,品种口径,品种口径,"规则声明互斥, 但字符Dice=0.667",0.6667,,RULE,P0_manual,确认短语边界增强(整词匹配)后不再误触发
AMB-0009,COMEX镍持仓量（手）,COMEX镍持仓量(手,NI,COMEX：铜：主力合约：持仓量（日）,COMEX:铜:主力合约:持仓量(日,RISK_DB,P0,BL-022,镍与铜跨品种禁止,跨品种,BL-022(镍与铜跨品种禁止),0.6207,THS-NI-2.3,THS,P0_manual,人工裁定: 确认正确匹配目标并回填别名库
AMB-0018,印尼锡精矿产量（万吨）,印尼锡精矿产量(万吨,SN,印尼精炼镍产量,印尼精炼镍产量,RISK_DB,P0,BL-018,跨品种匹配禁止,跨品种,BL-018(跨品种匹配禁止),0.5882,THS-SN-3.1.2,THS,P0_manual,人工裁定: 确认正确匹配目标并回填别名库
AMB-0020,印尼锡精矿产量时序图,印尼锡精矿产量时序图,SN,印尼精炼镍产量,印尼精炼镍产量,RISK_DB,P0,BL-018,跨品种匹配禁止,跨品种,BL-018(跨品种匹配禁止),0.5882,THS-SN-3.1.2,THS,P0_manual,人工裁定: 确认正确匹配目标并回填别名库
AMB-0005,新能源乘用车 产量,新能源乘用车产量,LC,SMM: 国产乘用车销量-新能源汽车: 周度,SMM:国产乘用车销量-新能源汽车:周度,RISK_DB,P0,BL-002,产量与销量互斥,互斥,产量与销量互斥,0.5714,TPL-LC-091,PDF,P0_manual,人工裁定: 确认正确匹配目标并回填别名库
AMB-0047,注册仓单,注册仓单,通用,非仓单,非仓单,BLACKLIST_RULE,P0,BL-005,库存口径,库存口径,"规则声明互斥, 但字符Dice=0.571",0.5714,,RULE,P0_manual,确认短语边界增强(整词匹配)后不再误触发
AMB-0019,印尼锡精矿产量占比（%）,印尼锡精矿产量占比(%,SN,印尼精炼镍产量,印尼精炼镍产量,RISK_DB,P0,BL-018,跨品种匹配禁止,跨品种,BL-018(跨品种匹配禁止),0.5556,THS-SN-3.1.2,THS,P0_manual,人工裁定: 确认正确匹配目标并回填别名库
AMB-0025,国内锌锭消费量（万吨）,国内锌锭消费量(万吨,ZN,国内锡锭产量,国内锡锭产量,RISK_DB,P0,BL-025,消费量与产量互斥(反向),口径冲突,BL-025(消费量与产量互斥(反向)),0.5,THS-ZN-5.2,THS,P0_manual,人工裁定: 确认正确匹配目标并回填别名库
AMB-0049,产量,产量,通用,销量,销量,BLACKLIST_RULE,P0,BL-002,供需口径,供需口径,"规则声明互斥, 但字符Dice=0.500",0.5,,RULE,P0_manual,确认短语边界增强(整词匹配)后不再误触发
AMB-0050,销量,销量,通用,产量,产量,BLACKLIST_RULE,P0,BL-003,供需口径,供需口径,"规则声明互斥, 但字符Dice=0.500",0.5,,RULE,P0_manual,确认短语边界增强(整词匹配)后不再误触发
AMB-0051,场内库存,场内库存,通用,社会库存,社会库存,BLACKLIST_RULE,P0,BL-005,库存口径,库存口径,"规则声明互斥, 但字符Dice=0.500",0.5,,RULE,P0_manual,确认短语边界增强(整词匹配)后不再误触发
AMB-0052,期货库存,期货库存,通用,社会库存,社会库存,BLACKLIST_RULE,P0,BL-005,库存口径,库存口径,"规则声明互斥, 但字符Dice=0.500",0.5,,RULE,P0_manual,确认短语边界增强(整词匹配)后不再误触发
AMB-0053,期货库存,期货库存,通用,厂内库存,厂内库存,BLACKLIST_RULE,P0,BL-005,库存口径,库存口径,"规则声明互斥, 但字符Dice=0.500",0.5,,RULE,P0_manual,确认短语边界增强(整词匹配)后不再误触发
AMB-0054,注册仓单库存,注册仓单库存,通用,社会仓库库存,社会仓库库存,BLACKLIST_RULE,P0,BL-005,库存口径,库存口径,"规则声明互斥, 但字符Dice=0.500",0.5,,RULE,P0_manual,确认短语边界增强(整词匹配)后不再误触发
AMB-0056,锡矿,锡矿,SN,镍矿,镍矿,BLACKLIST_RULE,P0,BL-018,品种口径,品种口径,"规则声明互斥, 但字符Dice=0.500",0.5,,RULE,P0_manual,确认短语边界增强(整词匹配)后不再误触发
AMB-0001,LME主要仓库场内库存,LME主要仓库场内库存,AL,LME：非仓单库存：欧洲（日）,LME:非仓单库存:欧洲(日,RISK_DB,P0,BL-005,场内库存与非仓单库存互斥,互斥,场内库存与非仓单库存互斥,0.48,TPL-AL-013,PDF,P0_manual,人工裁定: 确认正确匹配目标并回填别名库
AMB-0060,场内库存,场内库存,通用,非仓单库存,非仓单库存,BLACKLIST_RULE,P0,BL-005,库存口径,库存口径,"规则声明互斥, 但字符Dice=0.444",0.4444,,RULE,P0_manual,确认短语边界增强(整词匹配)后不再误触发
AMB-0061,注册仓单,注册仓单,通用,非仓单库存,非仓单库存,BLACKLIST_RULE,P0,BL-005,库存口径,库存口径,"规则声明互斥, 但字符Dice=0.444",0.4444,,RULE,P0_manual,确认短语边界增强(整词匹配)后不再误触发
AMB-0062,期货库存,期货库存,通用,非仓单库存,非仓单库存,BLACKLIST_RULE,P0,BL-005,库存口径,库存口径,"规则声明互斥, 但字符Dice=0.444",0.4444,,RULE,P0_manual,确认短语边界增强(整词匹配)后不再误触发
AMB-0063,注册仓单库存,注册仓单库存,通用,非仓单,非仓单,BLACKLIST_RULE,P0,BL-005,库存口径,库存口径,"规则声明互斥, 但字符Dice=0.444",0.4444,,RULE,P0_manual,确认短语边界增强(整词匹配)后不再误触发
AMB-0064,场内库存,场内库存,通用,社会库存量,社会库存量,BLACKLIST_RULE,P0,BL-006,库存口径,库存口径,"规则声明互斥, 但字符Dice=0.444",0.4444,,RULE,P0_manual,确认短语边界增强(整词匹配)后不再误触发
AMB-0065,场内库存,场内库存,通用,社会总库存,社会总库存,BLACKLIST_RULE,P0,BL-006,库存口径,库存口径,"规则声明互斥, 但字符Dice=0.444",0.4444,,RULE,P0_manual,确认短语边界增强(整词匹配)后不再误触发
AMB-0066,期货库存,期货库存,通用,社会库存量,社会库存量,BLACKLIST_RULE,P0,BL-006,库存口径,库存口径,"规则声明互斥, 但字符Dice=0.444",0.4444,,RULE,P0_manual,确认短语边界增强(整词匹配)后不再误触发
AMB-0067,期货库存,期货库存,通用,社会总库存,社会总库存,BLACKLIST_RULE,P0,BL-006,库存口径,库存口径,"规则声明互斥, 但字符Dice=0.444",0.4444,,RULE,P0_manual,确认短语边界增强(整词匹配)后不再误触发
AMB-0011,印尼镍精矿TC（美元/吨干矿）,印尼镍精矿TC(美元/吨干矿,NI,铜精矿：长单TC价（年）,铜精矿:长单TC价(年,RISK_DB,P0,BL-022,镍与铜跨品种禁止,跨品种,BL-022(镍与铜跨品种禁止),0.4,THS-NI-3.1,THS,P0_manual,人工裁定: 确认正确匹配目标并回填别名库
AMB-0016,LME锡库存（吨）,LME锡库存(吨,SN,LME：镍：注册仓单（日）,LME:镍:注册仓单(日,RISK_DB,P0,BL-018,跨品种匹配禁止,跨品种,BL-018(跨品种匹配禁止),0.4,THS-SN-2.3,THS,P0_manual,人工裁定: 确认正确匹配目标并回填别名库
AMB-0069,产量,产量,通用,消费量,消费量,BLACKLIST_RULE,P0,BL-001,供需口径,供需口径,"规则声明互斥, 但字符Dice=0.400",0.4,,RULE,P0_manual,确认短语边界增强(整词匹配)后不再误触发
AMB-0070,产量,产量,通用,销售量,销售量,BLACKLIST_RULE,P0,BL-002,供需口径,供需口径,"规则声明互斥, 但字符Dice=0.400",0.4,,RULE,P0_manual,确认短语边界增强(整词匹配)后不再误触发
AMB-0071,生产量,生产量,通用,销量,销量,BLACKLIST_RULE,P0,BL-002,供需口径,供需口径,"规则声明互斥, 但字符Dice=0.400",0.4,,RULE,P0_manual,确认短语边界增强(整词匹配)后不再误触发
AMB-0072,销量,销量,通用,生产量,生产量,BLACKLIST_RULE,P0,BL-003,供需口径,供需口径,"规则声明互斥, 但字符Dice=0.400",0.4,,RULE,P0_manual,确认短语边界增强(整词匹配)后不再误触发
AMB-0073,销售量,销售量,通用,产量,产量,BLACKLIST_RULE,P0,BL-003,供需口径,供需口径,"规则声明互斥, 但字符Dice=0.400",0.4,,RULE,P0_manual,确认短语边界增强(整词匹配)后不再误触发
AMB-0075,场内库存,场内库存,通用,社会仓库库存,社会仓库库存,BLACKLIST_RULE,P0,BL-005,库存口径,库存口径,"规则声明互斥, 但字符Dice=0.400",0.4,,RULE,P0_manual,确认短语边界增强(整词匹配)后不再误触发
AMB-0076,期货库存,期货库存,通用,社会仓库库存,社会仓库库存,BLACKLIST_RULE,P0,BL-005,库存口径,库存口径,"规则声明互斥, 但字符Dice=0.400",0.4,,RULE,P0_manual,确认短语边界增强(整词匹配)后不再误触发
AMB-0077,注册仓单库存,注册仓单库存,通用,社会库存,社会库存,BLACKLIST_RULE,P0,BL-005,库存口径,库存口径,"规则声明互斥, 但字符Dice=0.400",0.4,,RULE,P0_manual,确认短语边界增强(整词匹配)后不再误触发
AMB-0078,注册仓单库存,注册仓单库存,通用,厂内库存,厂内库存,BLACKLIST_RULE,P0,BL-005,库存口径,库存口径,"规则声明互斥, 但字符Dice=0.400",0.4,,RULE,P0_manual,确认短语边界增强(整词匹配)后不再误触发
AMB-0080,金属硅,金属硅,SI,黄金,黄金,BLACKLIST_RULE,P0,BL-021,品种口径,品种口径,"规则声明互斥, 但字符Dice=0.400",0.4,,RULE,P0_manual,确认短语边界增强(整词匹配)后不再误触发
AMB-0084,消费量,消费量,通用,产量,产量,BLACKLIST_RULE,P0,BL-025,供需口径,供需口径,"规则声明互斥, 但字符Dice=0.400",0.4,,RULE,P0_manual,确认短语边界增强(整词匹配)后不再误触发
AMB-0012,菲律宾镍精矿TC（美元/吨干矿）,菲律宾镍精矿TC(美元/吨干矿,NI,铜精矿：长单TC价（年）,铜精矿:长单TC价(年,RISK_DB,P0,BL-022,镍与铜跨品种禁止,跨品种,BL-022(镍与铜跨品种禁止),0.3846,THS-NI-3.1,THS,P0_manual,人工裁定: 确认正确匹配目标并回填别名库
AMB-0003,其他电池(磷酸铁锂) 销量,其他电池(磷酸铁锂)销量,LC,SMM: 境内其他电池产量: 月度,SMM:境内其他电池产量:月度,RISK_DB,P0,BL-003,销量与产量互斥,互斥,销量与产量互斥,0.3704,TPL-LC-084,PDF,P0_manual,人工裁定: 确认正确匹配目标并回填别名库
AMB-0021,LME锡交易所库存（手）,LME锡交易所库存(手,SN,LME：镍：注册仓单（日）,LME:镍:注册仓单(日,RISK_DB,P0,BL-018,跨品种匹配禁止,跨品种,BL-018(跨品种匹配禁止),0.3478,THS-SN-4.1,THS,P0_manual,人工裁定: 确认正确匹配目标并回填别名库
AMB-0015,国内硅矿月加工费TC（元/吨）,国内硅矿月加工费TC(元/吨,SI,铜管：H62：加工费：安徽（月）,铜管:H62:加工费:安徽(月,RISK_DB,P0,BL-019,硅与铜跨品种禁止,跨品种,BL-019(硅与铜跨品种禁止),0.3448,THS-SI-3.1.3,THS,P0_manual,人工裁定: 确认正确匹配目标并回填别名库
AMB-0085,生产量,生产量,通用,消费量,消费量,BLACKLIST_RULE,P0,BL-001,供需口径,供需口径,"规则声明互斥, 但字符Dice=0.333",0.3333,,RULE,P0_manual,确认短语边界增强(整词匹配)后不再误触发
AMB-0086,产出量,产出量,通用,消费量,消费量,BLACKLIST_RULE,P0,BL-001,供需口径,供需口径,"规则声明互斥, 但字符Dice=0.333",0.3333,,RULE,P0_manual,确认短语边界增强(整词匹配)后不再误触发
AMB-0087,生产量,生产量,通用,销售量,销售量,BLACKLIST_RULE,P0,BL-002,供需口径,供需口径,"规则声明互斥, 但字符Dice=0.333",0.3333,,RULE,P0_manual,确认短语边界增强(整词匹配)后不再误触发
AMB-0088,销售量,销售量,通用,生产量,生产量,BLACKLIST_RULE,P0,BL-003,供需口径,供需口径,"规则声明互斥, 但字符Dice=0.333",0.3333,,RULE,P0_manual,确认短语边界增强(整词匹配)后不再误触发
AMB-0090,消费量,消费量,通用,生产量,生产量,BLACKLIST_RULE,P0,BL-025,供需口径,供需口径,"规则声明互斥, 但字符Dice=0.333",0.3333,,RULE,P0_manual,确认短语边界增强(整词匹配)后不再误触发
AMB-0010,LME镍现金价格（美元/吨）、LME镍3个月期货价格（美元/吨）、现金-3个月月差（美元/吨）,"LME镍现金价格(美元/吨),LME镍3个月期货价格(美元/吨),现金-3个月月差(美元/吨",NI,LME：铜：期货价格：全球（月）,LME:铜:期货价格:全球(月,RISK_DB,P0,BL-022,镍与铜跨品种禁止,跨品种,BL-022(镍与铜跨品种禁止),0.2951,THS-NI-2.3,THS,P0_manual,人工裁定: 确认正确匹配目标并回填别名库
AMB-0017,LME锡库存时序图,LME锡库存时序图,SN,LME：镍：注册仓单（日）,LME:镍:注册仓单(日,RISK_DB,P0,BL-018,跨品种匹配禁止,跨品种,BL-018(跨品种匹配禁止),0.2857,THS-SN-2.3,THS,P0_manual,人工裁定: 确认正确匹配目标并回填别名库
AMB-0091,出口量,出口量,通用,国内销量,国内销量,BLACKLIST_RULE,P0,BL-008,贸易口径,贸易口径,"规则声明互斥, 但字符Dice=0.286",0.2857,,RULE,P0_manual,确认短语边界增强(整词匹配)后不再误触发
AMB-0092,国内销量,国内销量,通用,出口量,出口量,BLACKLIST_RULE,P0,BL-015,贸易口径,贸易口径,"规则声明互斥, 但字符Dice=0.286",0.2857,,RULE,P0_manual,确认短语边界增强(整词匹配)后不再误触发
AMB-0002,碳酸锂 三元523需求,碳酸锂三元523需求,LC,SMM: 碳酸锂现金生产利润: 外购三元极片黑粉（Li: 5.5%-6.5%）:,SMM:碳酸锂现金生产利润:外购三元极片黑粉(Li:5.5%-6.5%,RISK_DB,P0,BL-009,利润与需求互斥,口径冲突,利润与需求口径冲突,0.2667,TPL-LC-054,PDF,P0_manual,人工裁定: 确认正确匹配目标并回填别名库
AMB-0022,LME锡交易所库存时序图,LME锡交易所库存时序图,SN,LME：镍：注册仓单（日）,LME:镍:注册仓单(日,RISK_DB,P0,BL-018,跨品种匹配禁止,跨品种,BL-018(跨品种匹配禁止),0.25,THS-SN-4.1,THS,P0_manual,人工裁定: 确认正确匹配目标并回填别名库
AMB-0013,Mysteel镍精矿TC、Mysteel镍厂库存总量,"Mysteel镍精矿TC,Mysteel镍厂库存总量",NI,铜精矿：长单TC价（年）,铜精矿:长单TC价(年,RISK_DB,P0,BL-022,镍与铜跨品种禁止,跨品种,BL-022(镍与铜跨品种禁止),0.2162,THS-NI-4.4,THS,P0_manual,人工裁定: 确认正确匹配目标并回填别名库
AMB-0014,Mysteel镍精矿TC、Mysteel中国精炼镍在途库存,"Mysteel镍精矿TC,Mysteel中国精炼镍在途库存",NI,铜精矿：长单TC价（年）,铜精矿:长单TC价(年,RISK_DB,P0,BL-022,镍与铜跨品种禁止,跨品种,BL-022(镍与铜跨品种禁止),0.2,THS-NI-4.5,THS,P0_manual,人工裁定: 确认正确匹配目标并回填别名库
AMB-0093,注册仓单,注册仓单,通用,社会仓库库存,社会仓库库存,BLACKLIST_RULE,P0,BL-005,库存口径,库存口径,"规则声明互斥, 但字符Dice=0.200",0.2,,RULE,P0_manual,确认短语边界增强(整词匹配)后不再误触发
AMB-0023,锡表观消费量（万吨）,锡表观消费量(万吨,SN,镀锌板卷：钢铁企业：产量：中国（周）,镀锌板卷:钢铁企业:产量:中国(周,RISK_DB,P0,BL-025,消费量与产量互斥(反向),口径冲突,BL-025(消费量与产量互斥(反向)),0.1538,THS-SN-5.1,THS,P0_manual,人工裁定: 确认正确匹配目标并回填别名库
AMB-0024,焊锡表观消费量时序图,焊锡表观消费量时序图,SN,镀锌板卷：钢铁企业：产量：中国（周）,镀锌板卷:钢铁企业:产量:中国(周,RISK_DB,P0,BL-025,消费量与产量互斥(反向),口径冲突,BL-025(消费量与产量互斥(反向)),0.0741,THS-SN-5.1,THS,P0_manual,人工裁定: 确认正确匹配目标并回填别名库
AMB-0004,磷酸铁锂 电池 国内销量,磷酸铁锂电池国内销量,LC,,,RISK_DB,P0,BL-015,国内销量与出口互斥(反向),互斥,国内销量与出口互斥(反向),,TPL-LC-087,PDF,P0_manual,人工裁定: 确认正确匹配目标并回填别名库
AMB-0006,中国电解镍净进口量,中国电解镍净进口量,NI,,,RISK_DB,P0,BL-022,镍与铜跨品种禁止,跨品种,镍与铜跨品种禁止,,TPL-NI-008,PDF,P0_manual,人工裁定: 确认正确匹配目标并回填别名库
AMB-0007,工业硅样本工厂库存(SMM),工业硅样本工厂库存(SMM,SI,,,RISK_DB,P0,BL-020,硅与苯乙烯跨品种禁止,跨品种,硅与苯乙烯跨品种禁止,,TPL-SI-014,PDF,P0_manual,人工裁定: 确认正确匹配目标并回填别名库
AMB-0008,工业硅供需平衡,工业硅供需平衡,SI,,,RISK_DB,P0,BL-021,硅与黄金跨品种禁止,跨品种,硅与黄金跨品种禁止,,TPL-SI-019,PDF,P0_manual,人工裁定: 确认正确匹配目标并回填别名库
AMB-0094,产量,产量,通用,消费,消费,BLACKLIST_RULE,P0,BL-001,供需口径,供需口径,"规则声明互斥, 但字符Dice=0.000",0.0,,RULE,P0_manual,确认短语边界增强(整词匹配)后不再误触发
AMB-0095,产量,产量,通用,消费额,消费额,BLACKLIST_RULE,P0,BL-001,供需口径,供需口径,"规则声明互斥, 但字符Dice=0.000",0.0,,RULE,P0_manual,确认短语边界增强(整词匹配)后不再误触发
AMB-0096,产出,产出,通用,消费量,消费量,BLACKLIST_RULE,P0,BL-001,供需口径,供需口径,"规则声明互斥, 但字符Dice=0.000",0.0,,RULE,P0_manual,确认短语边界增强(整词匹配)后不再误触发
AMB-0097,产出,产出,通用,消费,消费,BLACKLIST_RULE,P0,BL-001,供需口径,供需口径,"规则声明互斥, 但字符Dice=0.000",0.0,,RULE,P0_manual,确认短语边界增强(整词匹配)后不再误触发
AMB-0098,产出,产出,通用,消费额,消费额,BLACKLIST_RULE,P0,BL-001,供需口径,供需口径,"规则声明互斥, 但字符Dice=0.000",0.0,,RULE,P0_manual,确认短语边界增强(整词匹配)后不再误触发
AMB-0099,生产量,生产量,通用,消费,消费,BLACKLIST_RULE,P0,BL-001,供需口径,供需口径,"规则声明互斥, 但字符Dice=0.000",0.0,,RULE,P0_manual,确认短语边界增强(整词匹配)后不再误触发
AMB-0100,生产量,生产量,通用,消费额,消费额,BLACKLIST_RULE,P0,BL-001,供需口径,供需口径,"规则声明互斥, 但字符Dice=0.000",0.0,,RULE,P0_manual,确认短语边界增强(整词匹配)后不再误触发
AMB-0101,产出量,产出量,通用,消费,消费,BLACKLIST_RULE,P0,BL-001,供需口径,供需口径,"规则声明互斥, 但字符Dice=0.000",0.0,,RULE,P0_manual,确认短语边界增强(整词匹配)后不再误触发
AMB-0102,产出量,产出量,通用,消费额,消费额,BLACKLIST_RULE,P0,BL-001,供需口径,供需口径,"规则声明互斥, 但字符Dice=0.000",0.0,,RULE,P0_manual,确认短语边界增强(整词匹配)后不再误触发
AMB-0103,产量,产量,通用,销售金额,销售金额,BLACKLIST_RULE,P0,BL-002,供需口径,供需口径,"规则声明互斥, 但字符Dice=0.000",0.0,,RULE,P0_manual,确认短语边界增强(整词匹配)后不再误触发
AMB-0104,产出,产出,通用,销量,销量,BLACKLIST_RULE,P0,BL-002,供需口径,供需口径,"规则声明互斥, 但字符Dice=0.000",0.0,,RULE,P0_manual,确认短语边界增强(整词匹配)后不再误触发
AMB-0105,产出,产出,通用,销售量,销售量,BLACKLIST_RULE,P0,BL-002,供需口径,供需口径,"规则声明互斥, 但字符Dice=0.000",0.0,,RULE,P0_manual,确认短语边界增强(整词匹配)后不再误触发
AMB-0106,产出,产出,通用,销售金额,销售金额,BLACKLIST_RULE,P0,BL-002,供需口径,供需口径,"规则声明互斥, 但字符Dice=0.000",0.0,,RULE,P0_manual,确认短语边界增强(整词匹配)后不再误触发
AMB-0107,生产量,生产量,通用,销售金额,销售金额,BLACKLIST_RULE,P0,BL-002,供需口径,供需口径,"规则声明互斥, 但字符Dice=0.000",0.0,,RULE,P0_manual,确认短语边界增强(整词匹配)后不再误触发
AMB-0108,销量,销量,通用,产出,产出,BLACKLIST_RULE,P0,BL-003,供需口径,供需口径,"规则声明互斥, 但字符Dice=0.000",0.0,,RULE,P0_manual,确认短语边界增强(整词匹配)后不再误触发
AMB-0109,销售量,销售量,通用,产出,产出,BLACKLIST_RULE,P0,BL-003,供需口径,供需口径,"规则声明互斥, 但字符Dice=0.000",0.0,,RULE,P0_manual,确认短语边界增强(整词匹配)后不再误触发
AMB-0112,场内库存,场内库存,通用,非仓单,非仓单,BLACKLIST_RULE,P0,BL-005,库存口径,库存口径,"规则声明互斥, 但字符Dice=0.000",0.0,,RULE,P0_manual,确认短语边界增强(整词匹配)后不再误触发
AMB-0113,注册仓单,注册仓单,通用,社会库存,社会库存,BLACKLIST_RULE,P0,BL-005,库存口径,库存口径,"规则声明互斥, 但字符Dice=0.000",0.0,,RULE,P0_manual,确认短语边界增强(整词匹配)后不再误触发
AMB-0114,注册仓单,注册仓单,通用,厂内库存,厂内库存,BLACKLIST_RULE,P0,BL-005,库存口径,库存口径,"规则声明互斥, 但字符Dice=0.000",0.0,,RULE,P0_manual,确认短语边界增强(整词匹配)后不再误触发
AMB-0115,期货库存,期货库存,通用,非仓单,非仓单,BLACKLIST_RULE,P0,BL-005,库存口径,库存口径,"规则声明互斥, 但字符Dice=0.000",0.0,,RULE,P0_manual,确认短语边界增强(整词匹配)后不再误触发
AMB-0116,注册仓单,注册仓单,通用,社会库存量,社会库存量,BLACKLIST_RULE,P0,BL-006,库存口径,库存口径,"规则声明互斥, 但字符Dice=0.000",0.0,,RULE,P0_manual,确认短语边界增强(整词匹配)后不再误触发
AMB-0117,注册仓单,注册仓单,通用,社会总库存,社会总库存,BLACKLIST_RULE,P0,BL-006,库存口径,库存口径,"规则声明互斥, 但字符Dice=0.000",0.0,,RULE,P0_manual,确认短语边界增强(整词匹配)后不再误触发
AMB-0120,出口,出口,通用,国内销量,国内销量,BLACKLIST_RULE,P0,BL-008,贸易口径,贸易口径,"规则声明互斥, 但字符Dice=0.000",0.0,,RULE,P0_manual,确认短语边界增强(整词匹配)后不再误触发
AMB-0121,出口,出口,通用,内销,内销,BLACKLIST_RULE,P0,BL-008,贸易口径,贸易口径,"规则声明互斥, 但字符Dice=0.000",0.0,,RULE,P0_manual,确认短语边界增强(整词匹配)后不再误触发
AMB-0122,出口,出口,通用,国内销售,国内销售,BLACKLIST_RULE,P0,BL-008,贸易口径,贸易口径,"规则声明互斥, 但字符Dice=0.000",0.0,,RULE,P0_manual,确认短语边界增强(整词匹配)后不再误触发
AMB-0123,出口量,出口量,通用,内销,内销,BLACKLIST_RULE,P0,BL-008,贸易口径,贸易口径,"规则声明互斥, 但字符Dice=0.000",0.0,,RULE,P0_manual,确认短语边界增强(整词匹配)后不再误触发
AMB-0124,出口量,出口量,通用,国内销售,国内销售,BLACKLIST_RULE,P0,BL-008,贸易口径,贸易口径,"规则声明互斥, 但字符Dice=0.000",0.0,,RULE,P0_manual,确认短语边界增强(整词匹配)后不再误触发
AMB-0125,出口额,出口额,通用,国内销量,国内销量,BLACKLIST_RULE,P0,BL-008,贸易口径,贸易口径,"规则声明互斥, 但字符Dice=0.000",0.0,,RULE,P0_manual,确认短语边界增强(整词匹配)后不再误触发
AMB-0126,出口额,出口额,通用,内销,内销,BLACKLIST_RULE,P0,BL-008,贸易口径,贸易口径,"规则声明互斥, 但字符Dice=0.000",0.0,,RULE,P0_manual,确认短语边界增强(整词匹配)后不再误触发
AMB-0127,出口额,出口额,通用,国内销售,国内销售,BLACKLIST_RULE,P0,BL-008,贸易口径,贸易口径,"规则声明互斥, 但字符Dice=0.000",0.0,,RULE,P0_manual,确认短语边界增强(整词匹配)后不再误触发
AMB-0128,利润,利润,通用,需求,需求,BLACKLIST_RULE,P0,BL-009,经济口径,经济口径,"规则声明互斥, 但字符Dice=0.000",0.0,,RULE,P0_manual,确认短语边界增强(整词匹配)后不再误触发
AMB-0129,利润,利润,通用,需求量,需求量,BLACKLIST_RULE,P0,BL-009,经济口径,经济口径,"规则声明互斥, 但字符Dice=0.000",0.0,,RULE,P0_manual,确认短语边界增强(整词匹配)后不再误触发
AMB-0130,利润,利润,通用,需求侧,需求侧,BLACKLIST_RULE,P0,BL-009,经济口径,经济口径,"规则声明互斥, 但字符Dice=0.000",0.0,,RULE,P0_manual,确认短语边界增强(整词匹配)后不再误触发
AMB-0131,盈利,盈利,通用,需求,需求,BLACKLIST_RULE,P0,BL-009,经济口径,经济口径,"规则声明互斥, 但字符Dice=0.000",0.0,,RULE,P0_manual,确认短语边界增强(整词匹配)后不再误触发
AMB-0132,盈利,盈利,通用,需求量,需求量,BLACKLIST_RULE,P0,BL-009,经济口径,经济口径,"规则声明互斥, 但字符Dice=0.000",0.0,,RULE,P0_manual,确认短语边界增强(整词匹配)后不再误触发
AMB-0133,盈利,盈利,通用,需求侧,需求侧,BLACKLIST_RULE,P0,BL-009,经济口径,经济口径,"规则声明互斥, 但字符Dice=0.000",0.0,,RULE,P0_manual,确认短语边界增强(整词匹配)后不再误触发
AMB-0134,盈亏,盈亏,通用,需求,需求,BLACKLIST_RULE,P0,BL-009,经济口径,经济口径,"规则声明互斥, 但字符Dice=0.000",0.0,,RULE,P0_manual,确认短语边界增强(整词匹配)后不再误触发
AMB-0135,盈亏,盈亏,通用,需求量,需求量,BLACKLIST_RULE,P0,BL-009,经济口径,经济口径,"规则声明互斥, 但字符Dice=0.000",0.0,,RULE,P0_manual,确认短语边界增强(整词匹配)后不再误触发
AMB-0136,盈亏,盈亏,通用,需求侧,需求侧,BLACKLIST_RULE,P0,BL-009,经济口径,经济口径,"规则声明互斥, 但字符Dice=0.000",0.0,,RULE,P0_manual,确认短语边界增强(整词匹配)后不再误触发
AMB-0137,毛利,毛利,通用,需求,需求,BLACKLIST_RULE,P0,BL-009,经济口径,经济口径,"规则声明互斥, 但字符Dice=0.000",0.0,,RULE,P0_manual,确认短语边界增强(整词匹配)后不再误触发
AMB-0138,毛利,毛利,通用,需求量,需求量,BLACKLIST_RULE,P0,BL-009,经济口径,经济口径,"规则声明互斥, 但字符Dice=0.000",0.0,,RULE,P0_manual,确认短语边界增强(整词匹配)后不再误触发
AMB-0139,毛利,毛利,通用,需求侧,需求侧,BLACKLIST_RULE,P0,BL-009,经济口径,经济口径,"规则声明互斥, 但字符Dice=0.000",0.0,,RULE,P0_manual,确认短语边界增强(整词匹配)后不再误触发
AMB-0140,库存,库存,通用,产能,产能,BLACKLIST_RULE,P0,BL-010,供需口径,供需口径,"规则声明互斥, 但字符Dice=0.000",0.0,,RULE,P0_manual,确认短语边界增强(整词匹配)后不再误触发
AMB-0141,库存,库存,通用,开工率,开工率,BLACKLIST_RULE,P0,BL-010,供需口径,供需口径,"规则声明互斥, 但字符Dice=0.000",0.0,,RULE,P0_manual,确认短语边界增强(整词匹配)后不再误触发
AMB-0142,库存,库存,通用,运行产能,运行产能,BLACKLIST_RULE,P0,BL-010,供需口径,供需口径,"规则声明互斥, 但字符Dice=0.000",0.0,,RULE,P0_manual,确认短语边界增强(整词匹配)后不再误触发
AMB-0143,库存,库存,通用,建成产能,建成产能,BLACKLIST_RULE,P0,BL-010,供需口径,供需口径,"规则声明互斥, 但字符Dice=0.000",0.0,,RULE,P0_manual,确认短语边界增强(整词匹配)后不再误触发
AMB-0144,库存,库存,通用,产能利用率,产能利用率,BLACKLIST_RULE,P0,BL-010,供需口径,供需口径,"规则声明互斥, 但字符Dice=0.000",0.0,,RULE,P0_manual,确认短语边界增强(整词匹配)后不再误触发
AMB-0145,库存量,库存量,通用,产能,产能,BLACKLIST_RULE,P0,BL-010,供需口径,供需口径,"规则声明互斥, 但字符Dice=0.000",0.0,,RULE,P0_manual,确认短语边界增强(整词匹配)后不再误触发
AMB-0146,库存量,库存量,通用,开工率,开工率,BLACKLIST_RULE,P0,BL-010,供需口径,供需口径,"规则声明互斥, 但字符Dice=0.000",0.0,,RULE,P0_manual,确认短语边界增强(整词匹配)后不再误触发
AMB-0147,库存量,库存量,通用,运行产能,运行产能,BLACKLIST_RULE,P0,BL-010,供需口径,供需口径,"规则声明互斥, 但字符Dice=0.000",0.0,,RULE,P0_manual,确认短语边界增强(整词匹配)后不再误触发
AMB-0148,库存量,库存量,通用,建成产能,建成产能,BLACKLIST_RULE,P0,BL-010,供需口径,供需口径,"规则声明互斥, 但字符Dice=0.000",0.0,,RULE,P0_manual,确认短语边界增强(整词匹配)后不再误触发
AMB-0149,库存量,库存量,通用,产能利用率,产能利用率,BLACKLIST_RULE,P0,BL-010,供需口径,供需口径,"规则声明互斥, 但字符Dice=0.000",0.0,,RULE,P0_manual,确认短语边界增强(整词匹配)后不再误触发
AMB-0150,库存天数,库存天数,通用,产能,产能,BLACKLIST_RULE,P0,BL-010,供需口径,供需口径,"规则声明互斥, 但字符Dice=0.000",0.0,,RULE,P0_manual,确认短语边界增强(整词匹配)后不再误触发
AMB-0151,库存天数,库存天数,通用,开工率,开工率,BLACKLIST_RULE,P0,BL-010,供需口径,供需口径,"规则声明互斥, 但字符Dice=0.000",0.0,,RULE,P0_manual,确认短语边界增强(整词匹配)后不再误触发
AMB-0152,库存天数,库存天数,通用,运行产能,运行产能,BLACKLIST_RULE,P0,BL-010,供需口径,供需口径,"规则声明互斥, 但字符Dice=0.000",0.0,,RULE,P0_manual,确认短语边界增强(整词匹配)后不再误触发
AMB-0153,库存天数,库存天数,通用,建成产能,建成产能,BLACKLIST_RULE,P0,BL-010,供需口径,供需口径,"规则声明互斥, 但字符Dice=0.000",0.0,,RULE,P0_manual,确认短语边界增强(整词匹配)后不再误触发
AMB-0154,库存天数,库存天数,通用,产能利用率,产能利用率,BLACKLIST_RULE,P0,BL-010,供需口径,供需口径,"规则声明互斥, 但字符Dice=0.000",0.0,,RULE,P0_manual,确认短语边界增强(整词匹配)后不再误触发
AMB-0180,国内销量,国内销量,通用,出口,出口,BLACKLIST_RULE,P0,BL-015,贸易口径,贸易口径,"规则声明互斥, 但字符Dice=0.000",0.0,,RULE,P0_manual,确认短语边界增强(整词匹配)后不再误触发
AMB-0181,内销,内销,通用,出口,出口,BLACKLIST_RULE,P0,BL-015,贸易口径,贸易口径,"规则声明互斥, 但字符Dice=0.000",0.0,,RULE,P0_manual,确认短语边界增强(整词匹配)后不再误触发
AMB-0182,内销,内销,通用,出口量,出口量,BLACKLIST_RULE,P0,BL-015,贸易口径,贸易口径,"规则声明互斥, 但字符Dice=0.000",0.0,,RULE,P0_manual,确认短语边界增强(整词匹配)后不再误触发
AMB-0183,国内销售,国内销售,通用,出口,出口,BLACKLIST_RULE,P0,BL-015,贸易口径,贸易口径,"规则声明互斥, 但字符Dice=0.000",0.0,,RULE,P0_manual,确认短语边界增强(整词匹配)后不再误触发
AMB-0184,国内销售,国内销售,通用,出口量,出口量,BLACKLIST_RULE,P0,BL-015,贸易口径,贸易口径,"规则声明互斥, 但字符Dice=0.000",0.0,,RULE,P0_manual,确认短语边界增强(整词匹配)后不再误触发
AMB-0197,锡,锡,SN,镍,镍,BLACKLIST_RULE,P0,BL-018,品种口径,品种口径,"规则声明互斥, 但字符Dice=0.000",0.0,,RULE,P0_manual,确认短语边界增强(整词匹配)后不再误触发
AMB-0198,锡,锡,SN,镍板,镍板,BLACKLIST_RULE,P0,BL-018,品种口径,品种口径,"规则声明互斥, 但字符Dice=0.000",0.0,,RULE,P0_manual,确认短语边界增强(整词匹配)后不再误触发
AMB-0199,锡,锡,SN,镍豆,镍豆,BLACKLIST_RULE,P0,BL-018,品种口径,品种口径,"规则声明互斥, 但字符Dice=0.000",0.0,,RULE,P0_manual,确认短语边界增强(整词匹配)后不再误触发
AMB-0200,锡,锡,SN,镍铁,镍铁,BLACKLIST_RULE,P0,BL-018,品种口径,品种口径,"规则声明互斥, 但字符Dice=0.000",0.0,,RULE,P0_manual,确认短语边界增强(整词匹配)后不再误触发
AMB-0201,锡,锡,SN,镍矿,镍矿,BLACKLIST_RULE,P0,BL-018,品种口径,品种口径,"规则声明互斥, 但字符Dice=0.000",0.0,,RULE,P0_manual,确认短语边界增强(整词匹配)后不再误触发
AMB-0202,锡锭,锡锭,SN,镍,镍,BLACKLIST_RULE,P0,BL-018,品种口径,品种口径,"规则声明互斥, 但字符Dice=0.000",0.0,,RULE,P0_manual,确认短语边界增强(整词匹配)后不再误触发
AMB-0203,锡锭,锡锭,SN,镍板,镍板,BLACKLIST_RULE,P0,BL-018,品种口径,品种口径,"规则声明互斥, 但字符Dice=0.000",0.0,,RULE,P0_manual,确认短语边界增强(整词匹配)后不再误触发
AMB-0204,锡锭,锡锭,SN,镍豆,镍豆,BLACKLIST_RULE,P0,BL-018,品种口径,品种口径,"规则声明互斥, 但字符Dice=0.000",0.0,,RULE,P0_manual,确认短语边界增强(整词匹配)后不再误触发
AMB-0205,锡锭,锡锭,SN,镍铁,镍铁,BLACKLIST_RULE,P0,BL-018,品种口径,品种口径,"规则声明互斥, 但字符Dice=0.000",0.0,,RULE,P0_manual,确认短语边界增强(整词匹配)后不再误触发
AMB-0206,锡锭,锡锭,SN,镍矿,镍矿,BLACKLIST_RULE,P0,BL-018,品种口径,品种口径,"规则声明互斥, 但字符Dice=0.000",0.0,,RULE,P0_manual,确认短语边界增强(整词匹配)后不再误触发
AMB-0207,锡矿,锡矿,SN,镍,镍,BLACKLIST_RULE,P0,BL-018,品种口径,品种口径,"规则声明互斥, 但字符Dice=0.000",0.0,,RULE,P0_manual,确认短语边界增强(整词匹配)后不再误触发
AMB-0208,锡矿,锡矿,SN,镍板,镍板,BLACKLIST_RULE,P0,BL-018,品种口径,品种口径,"规则声明互斥, 但字符Dice=0.000",0.0,,RULE,P0_manual,确认短语边界增强(整词匹配)后不再误触发
AMB-0209,锡矿,锡矿,SN,镍豆,镍豆,BLACKLIST_RULE,P0,BL-018,品种口径,品种口径,"规则声明互斥, 但字符Dice=0.000",0.0,,RULE,P0_manual,确认短语边界增强(整词匹配)后不再误触发
AMB-0210,锡矿,锡矿,SN,镍铁,镍铁,BLACKLIST_RULE,P0,BL-018,品种口径,品种口径,"规则声明互斥, 但字符Dice=0.000",0.0,,RULE,P0_manual,确认短语边界增强(整词匹配)后不再误触发
AMB-0211,工业硅,工业硅,SI,铜,铜,BLACKLIST_RULE,P0,BL-019,品种口径,品种口径,"规则声明互斥, 但字符Dice=0.000",0.0,,RULE,P0_manual,确认短语边界增强(整词匹配)后不再误触发
AMB-0212,工业硅,工业硅,SI,电解铜,电解铜,BLACKLIST_RULE,P0,BL-019,品种口径,品种口径,"规则声明互斥, 但字符Dice=0.000",0.0,,RULE,P0_manual,确认短语边界增强(整词匹配)后不再误触发
AMB-0213,工业硅,工业硅,SI,铜锭,铜锭,BLACKLIST_RULE,P0,BL-019,品种口径,品种口径,"规则声明互斥, 但字符Dice=0.000",0.0,,RULE,P0_manual,确认短语边界增强(整词匹配)后不再误触发
AMB-0214,工业硅,工业硅,SI,铜矿,铜矿,BLACKLIST_RULE,P0,BL-019,品种口径,品种口径,"规则声明互斥, 但字符Dice=0.000",0.0,,RULE,P0_manual,确认短语边界增强(整词匹配)后不再误触发
AMB-0215,金属硅,金属硅,SI,铜,铜,BLACKLIST_RULE,P0,BL-019,品种口径,品种口径,"规则声明互斥, 但字符Dice=0.000",0.0,,RULE,P0_manual,确认短语边界增强(整词匹配)后不再误触发
AMB-0216,金属硅,金属硅,SI,电解铜,电解铜,BLACKLIST_RULE,P0,BL-019,品种口径,品种口径,"规则声明互斥, 但字符Dice=0.000",0.0,,RULE,P0_manual,确认短语边界增强(整词匹配)后不再误触发
AMB-0217,金属硅,金属硅,SI,铜锭,铜锭,BLACKLIST_RULE,P0,BL-019,品种口径,品种口径,"规则声明互斥, 但字符Dice=0.000",0.0,,RULE,P0_manual,确认短语边界增强(整词匹配)后不再误触发
AMB-0218,金属硅,金属硅,SI,铜矿,铜矿,BLACKLIST_RULE,P0,BL-019,品种口径,品种口径,"规则声明互斥, 但字符Dice=0.000",0.0,,RULE,P0_manual,确认短语边界增强(整词匹配)后不再误触发
AMB-0219,硅,硅,SI,铜,铜,BLACKLIST_RULE,P0,BL-019,品种口径,品种口径,"规则声明互斥, 但字符Dice=0.000",0.0,,RULE,P0_manual,确认短语边界增强(整词匹配)后不再误触发
AMB-0220,硅,硅,SI,电解铜,电解铜,BLACKLIST_RULE,P0,BL-019,品种口径,品种口径,"规则声明互斥, 但字符Dice=0.000",0.0,,RULE,P0_manual,确认短语边界增强(整词匹配)后不再误触发
AMB-0221,硅,硅,SI,铜锭,铜锭,BLACKLIST_RULE,P0,BL-019,品种口径,品种口径,"规则声明互斥, 但字符Dice=0.000",0.0,,RULE,P0_manual,确认短语边界增强(整词匹配)后不再误触发
AMB-0222,硅,硅,SI,铜矿,铜矿,BLACKLIST_RULE,P0,BL-019,品种口径,品种口径,"规则声明互斥, 但字符Dice=0.000",0.0,,RULE,P0_manual,确认短语边界增强(整词匹配)后不再误触发
AMB-0223,工业硅,工业硅,SI,苯乙烯,苯乙烯,BLACKLIST_RULE,P0,BL-020,品种口径,品种口径,"规则声明互斥, 但字符Dice=0.000",0.0,,RULE,P0_manual,确认短语边界增强(整词匹配)后不再误触发
AMB-0224,工业硅,工业硅,SI,苯乙烯库存,苯乙烯库存,BLACKLIST_RULE,P0,BL-020,品种口径,品种口径,"规则声明互斥, 但字符Dice=0.000",0.0,,RULE,P0_manual,确认短语边界增强(整词匹配)后不再误触发
AMB-0225,金属硅,金属硅,SI,苯乙烯,苯乙烯,BLACKLIST_RULE,P0,BL-020,品种口径,品种口径,"规则声明互斥, 但字符Dice=0.000",0.0,,RULE,P0_manual,确认短语边界增强(整词匹配)后不再误触发
AMB-0226,金属硅,金属硅,SI,苯乙烯库存,苯乙烯库存,BLACKLIST_RULE,P0,BL-020,品种口径,品种口径,"规则声明互斥, 但字符Dice=0.000",0.0,,RULE,P0_manual,确认短语边界增强(整词匹配)后不再误触发
AMB-0227,工业硅,工业硅,SI,黄金,黄金,BLACKLIST_RULE,P0,BL-021,品种口径,品种口径,"规则声明互斥, 但字符Dice=0.000",0.0,,RULE,P0_manual,确认短语边界增强(整词匹配)后不再误触发
AMB-0228,镍,镍,NI,铜,铜,BLACKLIST_RULE,P0,BL-022,品种口径,品种口径,"规则声明互斥, 但字符Dice=0.000",0.0,,RULE,P0_manual,确认短语边界增强(整词匹配)后不再误触发
AMB-0229,镍,镍,NI,电解铜,电解铜,BLACKLIST_RULE,P0,BL-022,品种口径,品种口径,"规则声明互斥, 但字符Dice=0.000",0.0,,RULE,P0_manual,确认短语边界增强(整词匹配)后不再误触发
AMB-0230,电解镍,电解镍,NI,铜,铜,BLACKLIST_RULE,P0,BL-022,品种口径,品种口径,"规则声明互斥, 但字符Dice=0.000",0.0,,RULE,P0_manual,确认短语边界增强(整词匹配)后不再误触发
AMB-0231,精炼镍,精炼镍,NI,铜,铜,BLACKLIST_RULE,P0,BL-022,品种口径,品种口径,"规则声明互斥, 但字符Dice=0.000",0.0,,RULE,P0_manual,确认短语边界增强(整词匹配)后不再误触发
AMB-0232,精炼镍,精炼镍,NI,电解铜,电解铜,BLACKLIST_RULE,P0,BL-022,品种口径,品种口径,"规则声明互斥, 但字符Dice=0.000",0.0,,RULE,P0_manual,确认短语边界增强(整词匹配)后不再误触发
AMB-0239,消费量,消费量,通用,产出,产出,BLACKLIST_RULE,P0,BL-025,供需口径,供需口径,"规则声明互斥, 但字符Dice=0.000",0.0,,RULE,P0_manual,确认短语边界增强(整词匹配)后不再误触发
AMB-0240,消费,消费,通用,产量,产量,BLACKLIST_RULE,P0,BL-025,供需口径,供需口径,"规则声明互斥, 但字符Dice=0.000",0.0,,RULE,P0_manual,确认短语边界增强(整词匹配)后不再误触发
AMB-0241,消费,消费,通用,产出,产出,BLACKLIST_RULE,P0,BL-025,供需口径,供需口径,"规则声明互斥, 但字符Dice=0.000",0.0,,RULE,P0_manual,确认短语边界增强(整词匹配)后不再误触发
AMB-0242,消费,消费,通用,生产量,生产量,BLACKLIST_RULE,P0,BL-025,供需口径,供需口径,"规则声明互斥, 但字符Dice=0.000",0.0,,RULE,P0_manual,确认短语边界增强(整词匹配)后不再误触发
AMB-0329,精炼锌：产量：澳大利亚（季）,精炼锌:产量:澳大利亚(季,ZN,铜精矿：产量：澳大利亚（季）,铜精矿:产量:澳大利亚(季,IV1_NEAR_PAIR,P1,,算法高风险,算法高风险,dice=0.846,0.8462,,IV1,P1_manual,"同度量词不同品种, 属正常区分项: 验证R-01品种锚点能拦截跨品种匹配, 无需新增黑名单 (建议不建规则)"
AMB-0330,中国海关: 铅板出口量: 月度,中国海关:铅板出口量:月度,PB,中国海关: 铜材出口量: 月度,中国海关:铜材出口量:月度,IV1_NEAR_PAIR,P1,,算法高风险,算法高风险,dice=0.846,0.8462,,IV1,P1_manual,"同度量词不同品种, 属正常区分项: 验证R-01品种锚点能拦截跨品种匹配, 无需新增黑名单 (建议不建规则)"
AMB-0331,SHFE：铅：期货库存（周）,SHFE:铅:期货库存(周,PB,SHFE：锡：期货库存（日）,SHFE:锡:期货库存(日,IV1_NEAR_PAIR,P1,,算法高风险,算法高风险,dice=0.846,0.8462,,IV1,P1_manual,"同度量词不同品种, 属正常区分项: 验证R-01品种锚点能拦截跨品种匹配, 无需新增黑名单 (建议不建规则)"
AMB-0332,铜精矿：产量：澳大利亚（季）,铜精矿:产量:澳大利亚(季,CU,锌：矿山产量：澳大利亚（季）,锌:矿山产量:澳大利亚(季,IV1_NEAR_PAIR,P1,,算法高风险,算法高风险,dice=0.846,0.8462,,IV1,P1_manual,"同度量词不同品种, 属正常区分项: 验证R-01品种锚点能拦截跨品种匹配, 无需新增黑名单 (建议不建规则)"
AMB-0333,铜精矿：产量：澳大利亚（季）,铜精矿:产量:澳大利亚(季,CU,铝土矿：产量：澳大利亚（季）,铝土矿:产量:澳大利亚(季,IV1_NEAR_PAIR,P1,,算法高风险,算法高风险,dice=0.846,0.8462,,IV1,P1_manual,"同度量词不同品种, 属正常区分项: 验证R-01品种锚点能拦截跨品种匹配, 无需新增黑名单 (建议不建规则)"
AMB-0334,铜：矿山产量：澳大利亚（季）,铜:矿山产量:澳大利亚(季,CU,锌精矿：产量：澳大利亚（季）,锌精矿:产量:澳大利亚(季,IV1_NEAR_PAIR,P1,,算法高风险,算法高风险,dice=0.846,0.8462,,IV1,P1_manual,"同度量词不同品种, 属正常区分项: 验证R-01品种锚点能拦截跨品种匹配, 无需新增黑名单 (建议不建规则)"
AMB-0335,铜：矿山产量：澳大利亚（季）,铜:矿山产量:澳大利亚(季,CU,铝土矿：产量：澳大利亚（季）,铝土矿:产量:澳大利亚(季,IV1_NEAR_PAIR,P1,,算法高风险,算法高风险,dice=0.846,0.8462,,IV1,P1_manual,"同度量词不同品种, 属正常区分项: 验证R-01品种锚点能拦截跨品种匹配, 无需新增黑名单 (建议不建规则)"
AMB-0336,铝土矿：产量：澳大利亚（季）,铝土矿:产量:澳大利亚(季,AL|AO,锌精矿：产量：澳大利亚（季）,锌精矿:产量:澳大利亚(季,IV1_NEAR_PAIR,P1,,算法高风险,算法高风险,dice=0.846,0.8462,,IV1,P1_manual,"同度量词不同品种, 属正常区分项: 验证R-01品种锚点能拦截跨品种匹配, 无需新增黑名单 (建议不建规则)"
AMB-0337,铝土矿：产量：澳大利亚（季）,铝土矿:产量:澳大利亚(季,AL|AO,锌：矿山产量：澳大利亚（季）,锌:矿山产量:澳大利亚(季,IV1_NEAR_PAIR,P1,,算法高风险,算法高风险,dice=0.846,0.8462,,IV1,P1_manual,"同度量词不同品种, 属正常区分项: 验证R-01品种锚点能拦截跨品种匹配, 无需新增黑名单 (建议不建规则)"
AMB-0338,GFEX：工业硅：单边交易：成交量（日）,GFEX:工业硅:单边交易:成交量(日,SI,GFEX：碳酸锂：单边交易：成交量（日）,GFEX:碳酸锂:单边交易:成交量(日,IV1_NEAR_PAIR,P1,,算法高风险,算法高风险,dice=0.842,0.8421,,IV1,P1_manual,"同度量词不同品种, 属正常区分项: 验证R-01品种锚点能拦截跨品种匹配, 无需新增黑名单 (建议不建规则)"
AMB-0339,工业硅空头前20持仓量,工业硅空头前20持仓量,SI,空头前20持仓量,空头前20持仓量,IV1_NEAR_PAIR,P1,,算法高风险,算法高风险,dice=0.842,0.8421,,IV1,P1_manual,"同族近义名: 确认是否应合并为同一canonical, 否则加入R-01b白名单"
AMB-0340,GFEX：工业硅：单边交易：持仓量（日）,GFEX:工业硅:单边交易:持仓量(日,SI,GFEX：碳酸锂：单边交易：持仓量（日）,GFEX:碳酸锂:单边交易:持仓量(日,IV1_NEAR_PAIR,P1,,算法高风险,算法高风险,dice=0.842,0.8421,,IV1,P1_manual,"同度量词不同品种, 属正常区分项: 验证R-01品种锚点能拦截跨品种匹配, 无需新增黑名单 (建议不建规则)"
AMB-0341,多头前20持仓量,多头前20持仓量,通用,工业硅多头前20持仓量,工业硅多头前20持仓量,IV1_NEAR_PAIR,P1,,算法高风险,算法高风险,dice=0.842,0.8421,,IV1,P1_manual,"同族近义名: 确认是否应合并为同一canonical, 否则加入R-01b白名单"
AMB-0342,中国有色金属工业年鉴：锡精矿：含锡：产量：云南（年）,中国有色金属工业年鉴:锡精矿:含锡:产量:云南(年,SN,中国有色金属工业年鉴：镍精矿：含镍：产量：新疆（年）,中国有色金属工业年鉴:镍精矿:含镍:产量:新疆(年,IV1_NEAR_PAIR,P1,,算法高风险,算法高风险,dice=0.840,0.84,,IV1,P1_manual,"同度量词不同品种, 属正常区分项: 验证R-01品种锚点能拦截跨品种匹配, 无需新增黑名单 (建议不建规则)"
AMB-0343,中国有色金属工业年鉴：铜精矿：含铜：产量：中国（年）,中国有色金属工业年鉴:铜精矿:含铜:产量:中国(年,CU,中国有色金属工业年鉴：锡精矿：含锡：产量：云南（年）,中国有色金属工业年鉴:锡精矿:含锡:产量:云南(年,IV1_NEAR_PAIR,P1,,算法高风险,算法高风险,dice=0.840,0.84,,IV1,P1_manual,"同度量词不同品种, 属正常区分项: 验证R-01品种锚点能拦截跨品种匹配, 无需新增黑名单 (建议不建规则)"
AMB-0344,中国有色金属工业年鉴：铜精矿：含铜：产量：中国（年）,中国有色金属工业年鉴:铜精矿:含铜:产量:中国(年,CU,中国有色金属工业年鉴：镍精矿：含镍：产量：新疆（年）,中国有色金属工业年鉴:镍精矿:含镍:产量:新疆(年,IV1_NEAR_PAIR,P1,,算法高风险,算法高风险,dice=0.840,0.84,,IV1,P1_manual,"同度量词不同品种, 属正常区分项: 验证R-01品种锚点能拦截跨品种匹配, 无需新增黑名单 (建议不建规则)"
AMB-0345,中国海关: 铅合金出口量: 累计: 月度,中国海关:铅合金出口量:累计:月度,PB,中国海关: 锌合金出口量: 月度,中国海关:锌合金出口量:月度,IV1_NEAR_PAIR,P1,,算法高风险,算法高风险,dice=0.839,0.8387,,IV1,P1_manual,"同度量词不同品种, 属正常区分项: 验证R-01品种锚点能拦截跨品种匹配, 无需新增黑名单 (建议不建规则)"
AMB-0346,中国海关: 其他精炼铜丝进口量: 月度,中国海关:其他精炼铜丝进口量:月度,CU,中国海关: 精炼锌进口量: 月度,中国海关:精炼锌进口量:月度,IV1_NEAR_PAIR,P1,,算法高风险,算法高风险,dice=0.839,0.8387,,IV1,P1_manual,"同度量词不同品种, 属正常区分项: 验证R-01品种锚点能拦截跨品种匹配, 无需新增黑名单 (建议不建规则)"
AMB-0347,LME：锌：注销仓单（日）,LME:锌:注销仓单(日,ZN,LME：锡：注册仓单（日）,LME:锡:注册仓单(日,IV1_NEAR_PAIR,P1,,算法高风险,算法高风险,dice=0.833,0.8333,,IV1,P1_manual,"同度量词不同品种, 属正常区分项: 验证R-01品种锚点能拦截跨品种匹配, 无需新增黑名单 (建议不建规则)"
AMB-0348,USGS：锌矿：含锌：产量：印度（年）,USGS:锌矿:含锌:产量:印度(年,ZN,USGS：锡矿：含锡：产量：印尼（年）,USGS:锡矿:含锡:产量:印尼(年,IV1_NEAR_PAIR,P1,,算法高风险,算法高风险,dice=0.833,0.8333,,IV1,P1_manual,"同度量词不同品种, 属正常区分项: 验证R-01品种锚点能拦截跨品种匹配, 无需新增黑名单 (建议不建规则)"
AMB-0349,USGS：锌矿：含锌：产量：印度（年）,USGS:锌矿:含锌:产量:印度(年,ZN,USGS：镍矿：含镍：产量：印尼（年）,USGS:镍矿:含镍:产量:印尼(年,IV1_NEAR_PAIR,P1,,算法高风险,算法高风险,dice=0.833,0.8333,,IV1,P1_manual,"同度量词不同品种, 属正常区分项: 验证R-01品种锚点能拦截跨品种匹配, 无需新增黑名单 (建议不建规则)"
AMB-0350,SMM-四川样本周度库存,SMM-四川样本周度库存,通用,SMM-新疆样本周度库存,SMM-新疆样本周度库存,IV1_NEAR_PAIR,P1,,算法高风险,算法高风险,dice=0.833,0.8333,,IV1,P1_manual,"同族近义名: 确认是否应合并为同一canonical, 否则加入R-01b白名单"
AMB-0351,SMM-云南样本周度库存,SMM-云南样本周度库存,通用,SMM-新疆样本周度库存,SMM-新疆样本周度库存,IV1_NEAR_PAIR,P1,,算法高风险,算法高风险,dice=0.833,0.8333,,IV1,P1_manual,"同族近义名: 确认是否应合并为同一canonical, 否则加入R-01b白名单"
AMB-0352,SMM-云南样本周度库存,SMM-云南样本周度库存,通用,SMM-四川样本周度库存,SMM-四川样本周度库存,IV1_NEAR_PAIR,P1,,算法高风险,算法高风险,dice=0.833,0.8333,,IV1,P1_manual,"同族近义名: 确认是否应合并为同一canonical, 否则加入R-01b白名单"
AMB-0353,LME：锡：注册仓单（日）,LME:锡:注册仓单(日,SN,LME：镍：注销仓单（日）,LME:镍:注销仓单(日,IV1_NEAR_PAIR,P1,,算法高风险,算法高风险,dice=0.833,0.8333,,IV1,P1_manual,"同度量词不同品种, 属正常区分项: 验证R-01品种锚点能拦截跨品种匹配, 无需新增黑名单 (建议不建规则)"
AMB-0354,SHFE: 铅: 主力合约: 持仓量: 日度,SHFE:铅:主力合约:持仓量:日度,PB,SHFE: 锌: 六月合约: 持仓量: 日度,SHFE:锌:六月合约:持仓量:日度,IV1_NEAR_PAIR,P1,,算法高风险,算法高风险,dice=0.833,0.8333,,IV1,P1_manual,"同度量词不同品种, 属正常区分项: 验证R-01品种锚点能拦截跨品种匹配, 无需新增黑名单 (建议不建规则)"
AMB-0355,注册仓单(日),注册仓单(日,通用,注销仓单(日),注销仓单(日,IV1_NEAR_PAIR,P1,,算法高风险,算法高风险,dice=0.833,0.8333,,IV1,P1_manual,"同族近义名: 确认是否应合并为同一canonical, 否则加入R-01b白名单"
AMB-0356,LME铅库存,LME铅库存,PB,LME镍库存,LME镍库存,IV1_NEAR_PAIR,P1,,算法高风险,算法高风险,dice=0.833,0.8333,,IV1,P1_manual,"同度量词不同品种, 属正常区分项: 验证R-01品种锚点能拦截跨品种匹配, 无需新增黑名单 (建议不建规则)"
AMB-0357,LME：铜：注册仓单（日）,LME:铜:注册仓单(日,CU,LME：锌：注销仓单（日）,LME:锌:注销仓单(日,IV1_NEAR_PAIR,P1,,算法高风险,算法高风险,dice=0.833,0.8333,,IV1,P1_manual,"同度量词不同品种, 属正常区分项: 验证R-01品种锚点能拦截跨品种匹配, 无需新增黑名单 (建议不建规则)"
AMB-0358,LME：铜：注册仓单（日）,LME:铜:注册仓单(日,CU,LME：锡：注销仓单（日）,LME:锡:注销仓单(日,IV1_NEAR_PAIR,P1,,算法高风险,算法高风险,dice=0.833,0.8333,,IV1,P1_manual,"同度量词不同品种, 属正常区分项: 验证R-01品种锚点能拦截跨品种匹配, 无需新增黑名单 (建议不建规则)"
AMB-0359,LME：铜：注册仓单（日）,LME:铜:注册仓单(日,CU,LME：镍：注销仓单（日）,LME:镍:注销仓单(日,IV1_NEAR_PAIR,P1,,算法高风险,算法高风险,dice=0.833,0.8333,,IV1,P1_manual,"同度量词不同品种, 属正常区分项: 验证R-01品种锚点能拦截跨品种匹配, 无需新增黑名单 (建议不建规则)"
AMB-0360,LME：铜：注册仓单（日）,LME:铜:注册仓单(日,CU,LME：铝：注销仓单（日）,LME:铝:注销仓单(日,IV1_NEAR_PAIR,P1,,算法高风险,算法高风险,dice=0.833,0.8333,,IV1,P1_manual,"同度量词不同品种, 属正常区分项: 验证R-01品种锚点能拦截跨品种匹配, 无需新增黑名单 (建议不建规则)"
AMB-0361,LME：铜：注销仓单（日）,LME:铜:注销仓单(日,CU,LME：锡：注册仓单（日）,LME:锡:注册仓单(日,IV1_NEAR_PAIR,P1,,算法高风险,算法高风险,dice=0.833,0.8333,,IV1,P1_manual,"同度量词不同品种, 属正常区分项: 验证R-01品种锚点能拦截跨品种匹配, 无需新增黑名单 (建议不建规则)"
AMB-0362,LME：铜：注销仓单（日）,LME:铜:注销仓单(日,CU,LME：铝：注册仓单（日）,LME:铝:注册仓单(日,IV1_NEAR_PAIR,P1,,算法高风险,算法高风险,dice=0.833,0.8333,,IV1,P1_manual,"同度量词不同品种, 属正常区分项: 验证R-01品种锚点能拦截跨品种匹配, 无需新增黑名单 (建议不建规则)"
AMB-0363,LME：铝：注销仓单（日）,LME:铝:注销仓单(日,AL,LME：锡：注册仓单（日）,LME:锡:注册仓单(日,IV1_NEAR_PAIR,P1,,算法高风险,算法高风险,dice=0.833,0.8333,,IV1,P1_manual,"同度量词不同品种, 属正常区分项: 验证R-01品种锚点能拦截跨品种匹配, 无需新增黑名单 (建议不建规则)"
AMB-0364,LME：铝：注册仓单（日）,LME:铝:注册仓单(日,AL,LME：锌：注销仓单（日）,LME:锌:注销仓单(日,IV1_NEAR_PAIR,P1,,算法高风险,算法高风险,dice=0.833,0.8333,,IV1,P1_manual,"同度量词不同品种, 属正常区分项: 验证R-01品种锚点能拦截跨品种匹配, 无需新增黑名单 (建议不建规则)"
AMB-0365,LME：铝：注册仓单（日）,LME:铝:注册仓单(日,AL,LME：锡：注销仓单（日）,LME:锡:注销仓单(日,IV1_NEAR_PAIR,P1,,算法高风险,算法高风险,dice=0.833,0.8333,,IV1,P1_manual,"同度量词不同品种, 属正常区分项: 验证R-01品种锚点能拦截跨品种匹配, 无需新增黑名单 (建议不建规则)"
AMB-0366,LME：铝：注册仓单（日）,LME:铝:注册仓单(日,AL,LME：镍：注销仓单（日）,LME:镍:注销仓单(日,IV1_NEAR_PAIR,P1,,算法高风险,算法高风险,dice=0.833,0.8333,,IV1,P1_manual,"同度量词不同品种, 属正常区分项: 验证R-01品种锚点能拦截跨品种匹配, 无需新增黑名单 (建议不建规则)"
AMB-0367,中国海关: 锌精矿进口量: 月度,中国海关:锌精矿进口量:月度,ZN,中国海关: 镍矿进口量: 总: 月度,中国海关:镍矿进口量:总:月度,IV1_NEAR_PAIR,P1,,算法高风险,算法高风险,dice=0.828,0.8276,,IV1,P1_manual,"同度量词不同品种, 属正常区分项: 验证R-01品种锚点能拦截跨品种匹配, 无需新增黑名单 (建议不建规则)"
AMB-0368,精炼锌：产量：澳大利亚（季）,精炼锌:产量:澳大利亚(季,ZN,精炼镍：二级：产量：澳大利亚（季）,精炼镍:二级:产量:澳大利亚(季,IV1_NEAR_PAIR,P1,,算法高风险,算法高风险,dice=0.828,0.8276,,IV1,P1_manual,"同度量词不同品种, 属正常区分项: 验证R-01品种锚点能拦截跨品种匹配, 无需新增黑名单 (建议不建规则)"
AMB-0369,工业硅：产能利用率：中国（月）,工业硅:产能利用率:中国(月,SI,铜管企业：产能利用率：中国（月）,铜管企业:产能利用率:中国(月,IV1_NEAR_PAIR,P1,,算法高风险,算法高风险,dice=0.828,0.8276,,IV1,P1_manual,"同度量词不同品种, 属正常区分项: 验证R-01品种锚点能拦截跨品种匹配, 无需新增黑名单 (建议不建规则)"
AMB-0370,SHFE：铅：期货库存：上海（日）,SHFE:铅:期货库存:上海(日,PB,SHFE：锡：期货库存（日）,SHFE:锡:期货库存(日,IV1_NEAR_PAIR,P1,,算法高风险,算法高风险,dice=0.828,0.8276,,IV1,P1_manual,"同度量词不同品种, 属正常区分项: 验证R-01品种锚点能拦截跨品种匹配, 无需新增黑名单 (建议不建规则)"
AMB-0371,中国海关: 铜材出口量: 月度,中国海关:铜材出口量:月度,CU,中国海关: 铝材出口量: 环比: 月度,中国海关:铝材出口量:环比:月度,IV1_NEAR_PAIR,P1,,算法高风险,算法高风险,dice=0.828,0.8276,,IV1,P1_manual,"同度量词不同品种, 属正常区分项: 验证R-01品种锚点能拦截跨品种匹配, 无需新增黑名单 (建议不建规则)"
AMB-0372,中国海关: 铝土矿进口量: 月度,中国海关:铝土矿进口量:月度,AL|AO,中国海关: 镍矿进口量: 总: 月度,中国海关:镍矿进口量:总:月度,IV1_NEAR_PAIR,P1,,算法高风险,算法高风险,dice=0.828,0.8276,,IV1,P1_manual,"同度量词不同品种, 属正常区分项: 验证R-01品种锚点能拦截跨品种匹配, 无需新增黑名单 (建议不建规则)"
AMB-0373,GFEX：工业硅：主力合约：单边交易：持仓量（日）,GFEX:工业硅:主力合约:单边交易:持仓量(日,SI,SHFE：锡：主力合约：单边交易：持仓量（日）,SHFE:锡:主力合约:单边交易:持仓量(日,IV1_NEAR_PAIR,P1,,算法高风险,算法高风险,dice=0.826,0.8261,,IV1,P1_manual,"同度量词不同品种, 属正常区分项: 验证R-01品种锚点能拦截跨品种匹配, 无需新增黑名单 (建议不建规则)"
AMB-0374,GFEX：工业硅：主力合约：单边交易：持仓量（日）,GFEX:工业硅:主力合约:单边交易:持仓量(日,SI,SHFE：镍：主力合约：单边交易：持仓量（日）,SHFE:镍:主力合约:单边交易:持仓量(日,IV1_NEAR_PAIR,P1,,算法高风险,算法高风险,dice=0.826,0.8261,,IV1,P1_manual,"同度量词不同品种, 属正常区分项: 验证R-01品种锚点能拦截跨品种匹配, 无需新增黑名单 (建议不建规则)"
AMB-0375,GFEX：工业硅：主力合约：单边交易：持仓量（日）,GFEX:工业硅:主力合约:单边交易:持仓量(日,SI,SHFE：铝：主力合约：单边交易：持仓量（日）,SHFE:铝:主力合约:单边交易:持仓量(日,IV1_NEAR_PAIR,P1,,算法高风险,算法高风险,dice=0.826,0.8261,,IV1,P1_manual,"同度量词不同品种, 属正常区分项: 验证R-01品种锚点能拦截跨品种匹配, 无需新增黑名单 (建议不建规则)"
AMB-0376,GFEX：工业硅：主力合约：单边交易：成交量（日）,GFEX:工业硅:主力合约:单边交易:成交量(日,SI,SHFE：锡：主力合约：单边交易：成交量（日）,SHFE:锡:主力合约:单边交易:成交量(日,IV1_NEAR_PAIR,P1,,算法高风险,算法高风险,dice=0.826,0.8261,,IV1,P1_manual,"同度量词不同品种, 属正常区分项: 验证R-01品种锚点能拦截跨品种匹配, 无需新增黑名单 (建议不建规则)"
AMB-0377,GFEX：工业硅：主力合约：单边交易：成交量（日）,GFEX:工业硅:主力合约:单边交易:成交量(日,SI,SHFE：镍：主力合约：单边交易：成交量（日）,SHFE:镍:主力合约:单边交易:成交量(日,IV1_NEAR_PAIR,P1,,算法高风险,算法高风险,dice=0.826,0.8261,,IV1,P1_manual,"同度量词不同品种, 属正常区分项: 验证R-01品种锚点能拦截跨品种匹配, 无需新增黑名单 (建议不建规则)"
AMB-0378,GFEX：工业硅：主力合约：单边交易：成交量（日）,GFEX:工业硅:主力合约:单边交易:成交量(日,SI,SHFE：铝：主力合约：单边交易：成交量（日）,SHFE:铝:主力合约:单边交易:成交量(日,IV1_NEAR_PAIR,P1,,算法高风险,算法高风险,dice=0.826,0.8261,,IV1,P1_manual,"同度量词不同品种, 属正常区分项: 验证R-01品种锚点能拦截跨品种匹配, 无需新增黑名单 (建议不建规则)"
AMB-0379,GFEX：碳酸锂：主力合约：单边交易：持仓量（日）,GFEX:碳酸锂:主力合约:单边交易:持仓量(日,LI,SHFE：锡：主力合约：单边交易：持仓量（日）,SHFE:锡:主力合约:单边交易:持仓量(日,IV1_NEAR_PAIR,P1,,算法高风险,算法高风险,dice=0.826,0.8261,,IV1,P1_manual,"同度量词不同品种, 属正常区分项: 验证R-01品种锚点能拦截跨品种匹配, 无需新增黑名单 (建议不建规则)"
AMB-0380,GFEX：碳酸锂：主力合约：单边交易：持仓量（日）,GFEX:碳酸锂:主力合约:单边交易:持仓量(日,LI,SHFE：镍：主力合约：单边交易：持仓量（日）,SHFE:镍:主力合约:单边交易:持仓量(日,IV1_NEAR_PAIR,P1,,算法高风险,算法高风险,dice=0.826,0.8261,,IV1,P1_manual,"同度量词不同品种, 属正常区分项: 验证R-01品种锚点能拦截跨品种匹配, 无需新增黑名单 (建议不建规则)"
AMB-0381,GFEX：碳酸锂：主力合约：单边交易：持仓量（日）,GFEX:碳酸锂:主力合约:单边交易:持仓量(日,LI,SHFE：铝：主力合约：单边交易：持仓量（日）,SHFE:铝:主力合约:单边交易:持仓量(日,IV1_NEAR_PAIR,P1,,算法高风险,算法高风险,dice=0.826,0.8261,,IV1,P1_manual,"同度量词不同品种, 属正常区分项: 验证R-01品种锚点能拦截跨品种匹配, 无需新增黑名单 (建议不建规则)"
AMB-0382,铅锭：进口盈亏（日）,铅锭:进口盈亏(日,PB,铜：进口盈亏（日）,铜:进口盈亏(日,IV1_NEAR_PAIR,P1,,算法高风险,算法高风险,dice=0.824,0.8235,,IV1,P1_manual,"同度量词不同品种, 属正常区分项: 验证R-01品种锚点能拦截跨品种匹配, 无需新增黑名单 (建议不建规则)"
AMB-0383,铜：进口盈亏（日）,铜:进口盈亏(日,CU,镍豆：进口盈亏（日）,镍豆:进口盈亏(日,IV1_NEAR_PAIR,P1,,算法高风险,算法高风险,dice=0.824,0.8235,,IV1,P1_manual,"同度量词不同品种, 属正常区分项: 验证R-01品种锚点能拦截跨品种匹配, 无需新增黑名单 (建议不建规则)"
AMB-0384,SHFE：锌：单边交易：持仓量（日）,SHFE:锌:单边交易:持仓量(日,ZN,SHFE：锡：主力合约：单边交易：持仓量（日）,SHFE:锡:主力合约:单边交易:持仓量(日,IV1_NEAR_PAIR,P1,,算法高风险,算法高风险,dice=0.821,0.8205,,IV1,P1_manual,"同度量词不同品种, 属正常区分项: 验证R-01品种锚点能拦截跨品种匹配, 无需新增黑名单 (建议不建规则)"
AMB-0385,SHFE：锌：单边交易：持仓量（日）,SHFE:锌:单边交易:持仓量(日,ZN,SHFE：镍：主力合约：单边交易：持仓量（日）,SHFE:镍:主力合约:单边交易:持仓量(日,IV1_NEAR_PAIR,P1,,算法高风险,算法高风险,dice=0.821,0.8205,,IV1,P1_manual,"同度量词不同品种, 属正常区分项: 验证R-01品种锚点能拦截跨品种匹配, 无需新增黑名单 (建议不建规则)"
AMB-0386,SHFE：锡：单边交易：持仓量（日）,SHFE:锡:单边交易:持仓量(日,SN,SHFE：镍：主力合约：单边交易：持仓量（日）,SHFE:镍:主力合约:单边交易:持仓量(日,IV1_NEAR_PAIR,P1,,算法高风险,算法高风险,dice=0.821,0.8205,,IV1,P1_manual,"同度量词不同品种, 属正常区分项: 验证R-01品种锚点能拦截跨品种匹配, 无需新增黑名单 (建议不建规则)"
AMB-0387,SHFE：锡：主力合约：单边交易：持仓量（日）,SHFE:锡:主力合约:单边交易:持仓量(日,SN,SHFE：镍：单边交易：持仓量（日）,SHFE:镍:单边交易:持仓量(日,IV1_NEAR_PAIR,P1,,算法高风险,算法高风险,dice=0.821,0.8205,,IV1,P1_manual,"同度量词不同品种, 属正常区分项: 验证R-01品种锚点能拦截跨品种匹配, 无需新增黑名单 (建议不建规则)"
AMB-0388,SHFE：铅：单边交易：持仓量（日）,SHFE:铅:单边交易:持仓量(日,PB,SHFE：锡：主力合约：单边交易：持仓量（日）,SHFE:锡:主力合约:单边交易:持仓量(日,IV1_NEAR_PAIR,P1,,算法高风险,算法高风险,dice=0.821,0.8205,,IV1,P1_manual,"同度量词不同品种, 属正常区分项: 验证R-01品种锚点能拦截跨品种匹配, 无需新增黑名单 (建议不建规则)"
AMB-0389,SHFE：铅：单边交易：持仓量（日）,SHFE:铅:单边交易:持仓量(日,PB,SHFE：镍：主力合约：单边交易：持仓量（日）,SHFE:镍:主力合约:单边交易:持仓量(日,IV1_NEAR_PAIR,P1,,算法高风险,算法高风险,dice=0.821,0.8205,,IV1,P1_manual,"同度量词不同品种, 属正常区分项: 验证R-01品种锚点能拦截跨品种匹配, 无需新增黑名单 (建议不建规则)"
AMB-0390,SHFE：铅：单边交易：持仓量（日）,SHFE:铅:单边交易:持仓量(日,PB,SHFE：铝：主力合约：单边交易：持仓量（日）,SHFE:铝:主力合约:单边交易:持仓量(日,IV1_NEAR_PAIR,P1,,算法高风险,算法高风险,dice=0.821,0.8205,,IV1,P1_manual,"同度量词不同品种, 属正常区分项: 验证R-01品种锚点能拦截跨品种匹配, 无需新增黑名单 (建议不建规则)"
AMB-0391,SHFE：铅：单边交易：成交量（日）,SHFE:铅:单边交易:成交量(日,PB,SHFE：锡：主力合约：单边交易：成交量（日）,SHFE:锡:主力合约:单边交易:成交量(日,IV1_NEAR_PAIR,P1,,算法高风险,算法高风险,dice=0.821,0.8205,,IV1,P1_manual,"同度量词不同品种, 属正常区分项: 验证R-01品种锚点能拦截跨品种匹配, 无需新增黑名单 (建议不建规则)"
AMB-0392,SHFE：铅：单边交易：成交量（日）,SHFE:铅:单边交易:成交量(日,PB,SHFE：镍：主力合约：单边交易：成交量（日）,SHFE:镍:主力合约:单边交易:成交量(日,IV1_NEAR_PAIR,P1,,算法高风险,算法高风险,dice=0.821,0.8205,,IV1,P1_manual,"同度量词不同品种, 属正常区分项: 验证R-01品种锚点能拦截跨品种匹配, 无需新增黑名单 (建议不建规则)"
AMB-0393,SHFE：铅：单边交易：成交量（日）,SHFE:铅:单边交易:成交量(日,PB,SHFE：铝：主力合约：单边交易：成交量（日）,SHFE:铝:主力合约:单边交易:成交量(日,IV1_NEAR_PAIR,P1,,算法高风险,算法高风险,dice=0.821,0.8205,,IV1,P1_manual,"同度量词不同品种, 属正常区分项: 验证R-01品种锚点能拦截跨品种匹配, 无需新增黑名单 (建议不建规则)"
AMB-0394,SHFE：铝：主力合约：单边交易：持仓量（日）,SHFE:铝:主力合约:单边交易:持仓量(日,AL,SHFE：锌：单边交易：持仓量（日）,SHFE:锌:单边交易:持仓量(日,IV1_NEAR_PAIR,P1,,算法高风险,算法高风险,dice=0.821,0.8205,,IV1,P1_manual,"同度量词不同品种, 属正常区分项: 验证R-01品种锚点能拦截跨品种匹配, 无需新增黑名单 (建议不建规则)"
AMB-0395,SHFE：铝：主力合约：单边交易：持仓量（日）,SHFE:铝:主力合约:单边交易:持仓量(日,AL,SHFE：锡：单边交易：持仓量（日）,SHFE:锡:单边交易:持仓量(日,IV1_NEAR_PAIR,P1,,算法高风险,算法高风险,dice=0.821,0.8205,,IV1,P1_manual,"同度量词不同品种, 属正常区分项: 验证R-01品种锚点能拦截跨品种匹配, 无需新增黑名单 (建议不建规则)"
AMB-0396,SHFE：铝：主力合约：单边交易：持仓量（日）,SHFE:铝:主力合约:单边交易:持仓量(日,AL,SHFE：镍：单边交易：持仓量（日）,SHFE:镍:单边交易:持仓量(日,IV1_NEAR_PAIR,P1,,算法高风险,算法高风险,dice=0.821,0.8205,,IV1,P1_manual,"同度量词不同品种, 属正常区分项: 验证R-01品种锚点能拦截跨品种匹配, 无需新增黑名单 (建议不建规则)"
AMB-0397,精炼锌：产量：中国（周）,精炼锌:产量:中国(周,ZN,精炼镍：产量：中国（月）,精炼镍:产量:中国(月,IV1_NEAR_PAIR,P1,,算法高风险,算法高风险,dice=0.818,0.8182,,IV1,P1_manual,"同度量词不同品种, 属正常区分项: 验证R-01品种锚点能拦截跨品种匹配, 无需新增黑名单 (建议不建规则)"
AMB-0398,SMM: 沪铅期现价差: 连二合约: 开盘价: 日度,SMM:沪铅期现价差:连二合约:开盘价:日度,PB,SMM: 沪铜期现价差-当月合约: 开盘价: 日度,SMM:沪铜期现价差-当月合约:开盘价:日度,IV1_NEAR_PAIR,P1,,算法高风险,算法高风险,dice=0.818,0.8182,,IV1,P1_manual,"同度量词不同品种, 属正常区分项: 验证R-01品种锚点能拦截跨品种匹配, 无需新增黑名单 (建议不建规则)"
AMB-0399,精炼镍：产量：中国（月）,精炼镍:产量:中国(月,NI,锌精矿：产量：中国（月）,锌精矿:产量:中国(月,IV1_NEAR_PAIR,P1,,算法高风险,算法高风险,dice=0.818,0.8182,,IV1,P1_manual,"同度量词不同品种, 属正常区分项: 验证R-01品种锚点能拦截跨品种匹配, 无需新增黑名单 (建议不建规则)"
AMB-0400,精炼镍：产量：中国（月）,精炼镍:产量:中国(月,NI,锡精矿：产量：中国（月）,锡精矿:产量:中国(月,IV1_NEAR_PAIR,P1,,算法高风险,算法高风险,dice=0.818,0.8182,,IV1,P1_manual,"同度量词不同品种, 属正常区分项: 验证R-01品种锚点能拦截跨品种匹配, 无需新增黑名单 (建议不建规则)"
AMB-0401,精炼镍：产量：中国（月）,精炼镍:产量:中国(月,NI,精铜杆：产量：中国（月）,精铜杆:产量:中国(月,IV1_NEAR_PAIR,P1,,算法高风险,算法高风险,dice=0.818,0.8182,,IV1,P1_manual,"同度量词不同品种, 属正常区分项: 验证R-01品种锚点能拦截跨品种匹配, 无需新增黑名单 (建议不建规则)"
AMB-0402,精铜杆：产量：中国（月）,精铜杆:产量:中国(月,CU,锌精矿：产量：中国（月）,锌精矿:产量:中国(月,IV1_NEAR_PAIR,P1,,算法高风险,算法高风险,dice=0.818,0.8182,,IV1,P1_manual,"同度量词不同品种, 属正常区分项: 验证R-01品种锚点能拦截跨品种匹配, 无需新增黑名单 (建议不建规则)"
AMB-0403,精铜杆：产量：中国（月）,精铜杆:产量:中国(月,CU,锡精矿：产量：中国（月）,锡精矿:产量:中国(月,IV1_NEAR_PAIR,P1,,算法高风险,算法高风险,dice=0.818,0.8182,,IV1,P1_manual,"同度量词不同品种, 属正常区分项: 验证R-01品种锚点能拦截跨品种匹配, 无需新增黑名单 (建议不建规则)"
AMB-0404,中国海关: 氧化锌出口量: 月度,中国海关:氧化锌出口量:月度,ZN,中国海关: 铅板出口量: 月度,中国海关:铅板出口量:月度,IV1_NEAR_PAIR,P1,,算法高风险,算法高风险,dice=0.815,0.8148,,IV1,P1_manual,"同度量词不同品种, 属正常区分项: 验证R-01品种锚点能拦截跨品种匹配, 无需新增黑名单 (建议不建规则)"
AMB-0405,中国海关: 氧化锌出口量: 月度,中国海关:氧化锌出口量:月度,ZN,中国海关: 铜材出口量: 月度,中国海关:铜材出口量:月度,IV1_NEAR_PAIR,P1,,算法高风险,算法高风险,dice=0.815,0.8148,,IV1,P1_manual,"同度量词不同品种, 属正常区分项: 验证R-01品种锚点能拦截跨品种匹配, 无需新增黑名单 (建议不建规则)"
AMB-0406,中国海关: 精炼锌进口量: 月度,中国海关:精炼锌进口量:月度,ZN,中国海关: 铅板进口量: 月度,中国海关:铅板进口量:月度,IV1_NEAR_PAIR,P1,,算法高风险,算法高风险,dice=0.815,0.8148,,IV1,P1_manual,"同度量词不同品种, 属正常区分项: 验证R-01品种锚点能拦截跨品种匹配, 无需新增黑名单 (建议不建规则)"
AMB-0407,中国海关: 精炼锌出口量: 月度,中国海关:精炼锌出口量:月度,ZN,中国海关: 铅板出口量: 月度,中国海关:铅板出口量:月度,IV1_NEAR_PAIR,P1,,算法高风险,算法高风险,dice=0.815,0.8148,,IV1,P1_manual,"同度量词不同品种, 属正常区分项: 验证R-01品种锚点能拦截跨品种匹配, 无需新增黑名单 (建议不建规则)"
AMB-0408,中国海关: 精炼锌出口量: 月度,中国海关:精炼锌出口量:月度,ZN,中国海关: 铜材出口量: 月度,中国海关:铜材出口量:月度,IV1_NEAR_PAIR,P1,,算法高风险,算法高风险,dice=0.815,0.8148,,IV1,P1_manual,"同度量词不同品种, 属正常区分项: 验证R-01品种锚点能拦截跨品种匹配, 无需新增黑名单 (建议不建规则)"
AMB-0409,LME：锡：注销占比（日）,LME:锡:注销占比(日,SN,LME：镍：注销占比：香港（日）,LME:镍:注销占比:香港(日,IV1_NEAR_PAIR,P1,,算法高风险,算法高风险,dice=0.815,0.8148,,IV1,P1_manual,"同度量词不同品种, 属正常区分项: 验证R-01品种锚点能拦截跨品种匹配, 无需新增黑名单 (建议不建规则)"
AMB-0410,工业硅：开工率：中国（月）,工业硅:开工率:中国(月,SI,锡：加工企业：开工率：中国（月）,锡:加工企业:开工率:中国(月,IV1_NEAR_PAIR,P1,,算法高风险,算法高风险,dice=0.815,0.8148,,IV1,P1_manual,"同度量词不同品种, 属正常区分项: 验证R-01品种锚点能拦截跨品种匹配, 无需新增黑名单 (建议不建规则)"
AMB-0411,中国海关: 铅合金出口量: 月度,中国海关:铅合金出口量:月度,PB,中国海关: 铜材出口量: 月度,中国海关:铜材出口量:月度,IV1_NEAR_PAIR,P1,,算法高风险,算法高风险,dice=0.815,0.8148,,IV1,P1_manual,"同度量词不同品种, 属正常区分项: 验证R-01品种锚点能拦截跨品种匹配, 无需新增黑名单 (建议不建规则)"
AMB-0412,中国海关: 铅板进口量: 月度,中国海关:铅板进口量:月度,PB,中国海关: 锌精矿进口量: 月度,中国海关:锌精矿进口量:月度,IV1_NEAR_PAIR,P1,,算法高风险,算法高风险,dice=0.815,0.8148,,IV1,P1_manual,"同度量词不同品种, 属正常区分项: 验证R-01品种锚点能拦截跨品种匹配, 无需新增黑名单 (建议不建规则)"
AMB-0413,中国海关: 铅板进口量: 月度,中国海关:铅板进口量:月度,PB,中国海关: 阳极铜进口量: 月度,中国海关:阳极铜进口量:月度,IV1_NEAR_PAIR,P1,,算法高风险,算法高风险,dice=0.815,0.8148,,IV1,P1_manual,"同度量词不同品种, 属正常区分项: 验证R-01品种锚点能拦截跨品种匹配, 无需新增黑名单 (建议不建规则)"
AMB-0414,中国海关: 铅板进口量: 月度,中国海关:铅板进口量:月度,PB,中国海关: 铝土矿进口量: 月度,中国海关:铝土矿进口量:月度,IV1_NEAR_PAIR,P1,,算法高风险,算法高风险,dice=0.815,0.8148,,IV1,P1_manual,"同度量词不同品种, 属正常区分项: 验证R-01品种锚点能拦截跨品种匹配, 无需新增黑名单 (建议不建规则)"
AMB-0415,中国海关: 铅板出口量: 月度,中国海关:铅板出口量:月度,PB,中国海关: 锌合金出口量: 月度,中国海关:锌合金出口量:月度,IV1_NEAR_PAIR,P1,,算法高风险,算法高风险,dice=0.815,0.8148,,IV1,P1_manual,"同度量词不同品种, 属正常区分项: 验证R-01品种锚点能拦截跨品种匹配, 无需新增黑名单 (建议不建规则)"
AMB-0416,中国海关: 铅板出口量: 月度,中国海关:铅板出口量:月度,PB,中国海关: 铜杆线出口量: 月度,中国海关:铜杆线出口量:月度,IV1_NEAR_PAIR,P1,,算法高风险,算法高风险,dice=0.815,0.8148,,IV1,P1_manual,"同度量词不同品种, 属正常区分项: 验证R-01品种锚点能拦截跨品种匹配, 无需新增黑名单 (建议不建规则)"
AMB-0417,中国海关: 电解镍出口量: 月度,中国海关:电解镍出口量:月度,NI,中国海关: 铅板出口量: 月度,中国海关:铅板出口量:月度,IV1_NEAR_PAIR,P1,,算法高风险,算法高风险,dice=0.815,0.8148,,IV1,P1_manual,"同度量词不同品种, 属正常区分项: 验证R-01品种锚点能拦截跨品种匹配, 无需新增黑名单 (建议不建规则)"
AMB-0418,中国海关: 电解镍出口量: 月度,中国海关:电解镍出口量:月度,NI,中国海关: 铜材出口量: 月度,中国海关:铜材出口量:月度,IV1_NEAR_PAIR,P1,,算法高风险,算法高风险,dice=0.815,0.8148,,IV1,P1_manual,"同度量词不同品种, 属正常区分项: 验证R-01品种锚点能拦截跨品种匹配, 无需新增黑名单 (建议不建规则)"
AMB-0419,中国海关: 铜材出口量: 月度,中国海关:铜材出口量:月度,CU,中国海关: 镀锌板出口量: 月度,中国海关:镀锌板出口量:月度,IV1_NEAR_PAIR,P1,,算法高风险,算法高风险,dice=0.815,0.8148,,IV1,P1_manual,"同度量词不同品种, 属正常区分项: 验证R-01品种锚点能拦截跨品种匹配, 无需新增黑名单 (建议不建规则)"
AMB-0420,中国海关: 铜材出口量: 月度,中国海关:铜材出口量:月度,CU,中国海关: 锌合金出口量: 月度,中国海关:锌合金出口量:月度,IV1_NEAR_PAIR,P1,,算法高风险,算法高风险,dice=0.815,0.8148,,IV1,P1_manual,"同度量词不同品种, 属正常区分项: 验证R-01品种锚点能拦截跨品种匹配, 无需新增黑名单 (建议不建规则)"
AMB-0421,LME：铜：期货库存（日）,LME:铜:期货库存(日,CU,LME：镍：期货库存：迪拜（日）,LME:镍:期货库存:迪拜(日,IV1_NEAR_PAIR,P1,,算法高风险,算法高风险,dice=0.815,0.8148,,IV1,P1_manual,"同度量词不同品种, 属正常区分项: 验证R-01品种锚点能拦截跨品种匹配, 无需新增黑名单 (建议不建规则)"
AMB-0422,LME：铝：注销占比（日）,LME:铝:注销占比(日,AL,LME：镍：注销占比：香港（日）,LME:镍:注销占比:香港(日,IV1_NEAR_PAIR,P1,,算法高风险,算法高风险,dice=0.815,0.8148,,IV1,P1_manual,"同度量词不同品种, 属正常区分项: 验证R-01品种锚点能拦截跨品种匹配, 无需新增黑名单 (建议不建规则)"
AMB-0423,中国海关: 氧化铝进口量: 月度,中国海关:氧化铝进口量:月度,AL|AO,中国海关: 铅板进口量: 月度,中国海关:铅板进口量:月度,IV1_NEAR_PAIR,P1,,算法高风险,算法高风险,dice=0.815,0.8148,,IV1,P1_manual,"同度量词不同品种, 属正常区分项: 验证R-01品种锚点能拦截跨品种匹配, 无需新增黑名单 (建议不建规则)"
AMB-0424,铝土矿：产量：西澳大利亚州（季）,铝土矿:产量:西澳大利亚州(季,AL|AO,锡矿：产量：澳大利亚（季）,锡矿:产量:澳大利亚(季,IV1_NEAR_PAIR,P1,,算法高风险,算法高风险,dice=0.815,0.8148,,IV1,P1_manual,"同度量词不同品种, 属正常区分项: 验证R-01品种锚点能拦截跨品种匹配, 无需新增黑名单 (建议不建规则)"
AMB-0425,中国海关: 精炼铅进口量: 俄罗斯: 月度,中国海关:精炼铅进口量:俄罗斯:月度,PB,中国海关: 精炼锌进口量: 月度,中国海关:精炼锌进口量:月度,IV1_NEAR_PAIR,P1,,算法高风险,算法高风险,dice=0.812,0.8125,,IV1,P1_manual,"同度量词不同品种, 属正常区分项: 验证R-01品种锚点能拦截跨品种匹配, 无需新增黑名单 (建议不建规则)"
AMB-0426,中国海关: 其他精炼铜丝进口量: 月度,中国海关:其他精炼铜丝进口量:月度,CU,中国海关: 其他铅材进口量: 月度,中国海关:其他铅材进口量:月度,IV1_NEAR_PAIR,P1,,算法高风险,算法高风险,dice=0.812,0.8125,,IV1,P1_manual,"同度量词不同品种, 属正常区分项: 验证R-01品种锚点能拦截跨品种匹配, 无需新增黑名单 (建议不建规则)"
AMB-0427,LME：原铝：原产国库存：巴林（月）,LME:原铝:原产国库存:巴林(月,AL,LME：锌：特高级：原产国库存：巴林（月）,LME:锌:特高级:原产国库存:巴林(月,IV1_NEAR_PAIR,P1,,算法高风险,算法高风险,dice=0.811,0.8108,,IV1,P1_manual,"同度量词不同品种, 属正常区分项: 验证R-01品种锚点能拦截跨品种匹配, 无需新增黑名单 (建议不建规则)"
AMB-0428,SHFE: 锌: 仓单日报分地区_上海: 期货: 日度,SHFE:锌:仓单日报分地区_上海:期货:日度,ZN,SHFE: 镍: 仓单日报: 期货: 日度,SHFE:镍:仓单日报:期货:日度,IV1_NEAR_PAIR,P1,,算法高风险,算法高风险,dice=0.800,0.8,,IV1,P1_manual,"同度量词不同品种, 属正常区分项: 验证R-01品种锚点能拦截跨品种匹配, 无需新增黑名单 (建议不建规则)"
AMB-0429,精炼锌：产量：澳大利亚（季）,精炼锌:产量:澳大利亚(季,ZN,锡矿：产量：澳大利亚（季）,锡矿:产量:澳大利亚(季,IV1_NEAR_PAIR,P1,,算法高风险,算法高风险,dice=0.800,0.8,,IV1,P1_manual,"同度量词不同品种, 属正常区分项: 验证R-01品种锚点能拦截跨品种匹配, 无需新增黑名单 (建议不建规则)"
AMB-0430,USGS：锌矿：产量：印度（年）,USGS:锌矿:产量:印度(年,ZN,USGS：锡矿：产量：缅甸（年）,USGS:锡矿:产量:缅甸(年,IV1_NEAR_PAIR,P1,,算法高风险,算法高风险,dice=0.800,0.8,,IV1,P1_manual,"同度量词不同品种, 属正常区分项: 验证R-01品种锚点能拦截跨品种匹配, 无需新增黑名单 (建议不建规则)"
AMB-0431,USGS：锌矿：产量：秘鲁（年）,USGS:锌矿:产量:秘鲁(年,ZN,USGS：锡矿：产量：缅甸（年）,USGS:锡矿:产量:缅甸(年,IV1_NEAR_PAIR,P1,,算法高风险,算法高风险,dice=0.800,0.8,,IV1,P1_manual,"同度量词不同品种, 属正常区分项: 验证R-01品种锚点能拦截跨品种匹配, 无需新增黑名单 (建议不建规则)"
AMB-0432,ILZSG：锌矿：产量：全球（月）,ILZSG:锌矿:产量:全球(月,ZN,ILZSG 全球铅矿产量: 月度,ILZSG全球铅矿产量:月度,IV1_NEAR_PAIR,P1,,算法高风险,算法高风险,dice=0.800,0.8,,IV1,P1_manual,"同度量词不同品种, 属正常区分项: 验证R-01品种锚点能拦截跨品种匹配, 无需新增黑名单 (建议不建规则)"
AMB-0433,GFEX：工业硅：仓单数量（日）,GFEX:工业硅:仓单数量(日,SI,GFEX：碳酸锂：仓单数量（日）,GFEX:碳酸锂:仓单数量(日,IV1_NEAR_PAIR,P1,,算法高风险,算法高风险,dice=0.800,0.8,,IV1,P1_manual,"同度量词不同品种, 属正常区分项: 验证R-01品种锚点能拦截跨品种匹配, 无需新增黑名单 (建议不建规则)"
AMB-0434,GFEX：多晶硅：仓单数量（日）,GFEX:多晶硅:仓单数量(日,SI,GFEX：碳酸锂：仓单数量（日）,GFEX:碳酸锂:仓单数量(日,IV1_NEAR_PAIR,P1,,算法高风险,算法高风险,dice=0.800,0.8,,IV1,P1_manual,"同度量词不同品种, 属正常区分项: 验证R-01品种锚点能拦截跨品种匹配, 无需新增黑名单 (建议不建规则)"
AMB-0435,SHFE: 铅: 主力合约: 持仓量: 日度,SHFE:铅:主力合约:持仓量:日度,PB,SHFE：锡：主力合约：单边交易：持仓量（日）,SHFE:锡:主力合约:单边交易:持仓量(日,IV1_NEAR_PAIR,P1,,算法高风险,算法高风险,dice=0.800,0.8,,IV1,P1_manual,"同度量词不同品种, 属正常区分项: 验证R-01品种锚点能拦截跨品种匹配, 无需新增黑名单 (建议不建规则)"
AMB-0436,SHFE: 铅: 主力合约: 持仓量: 日度,SHFE:铅:主力合约:持仓量:日度,PB,SHFE：镍：主力合约：单边交易：持仓量（日）,SHFE:镍:主力合约:单边交易:持仓量(日,IV1_NEAR_PAIR,P1,,算法高风险,算法高风险,dice=0.800,0.8,,IV1,P1_manual,"同度量词不同品种, 属正常区分项: 验证R-01品种锚点能拦截跨品种匹配, 无需新增黑名单 (建议不建规则)"
AMB-0437,SHFE: 铅: 主力合约: 持仓量: 日度,SHFE:铅:主力合约:持仓量:日度,PB,SHFE：铝：主力合约：单边交易：持仓量（日）,SHFE:铝:主力合约:单边交易:持仓量(日,IV1_NEAR_PAIR,P1,,算法高风险,算法高风险,dice=0.800,0.8,,IV1,P1_manual,"同度量词不同品种, 属正常区分项: 验证R-01品种锚点能拦截跨品种匹配, 无需新增黑名单 (建议不建规则)"
AMB-0438,SHFE：铅：期货库存（周）,SHFE:铅:期货库存(周,PB,SHFE：铜（BC）：期货库存（周）,SHFE:铜(BC):期货库存(周,IV1_NEAR_PAIR,P1,,算法高风险,算法高风险,dice=0.800,0.8,,IV1,P1_manual,"同度量词不同品种, 属正常区分项: 验证R-01品种锚点能拦截跨品种匹配, 无需新增黑名单 (建议不建规则)"
AMB-0439,USGS：锂矿：产量：智利（年）,USGS:锂矿:产量:智利(年,LI,USGS：锌矿：产量：印度（年）,USGS:锌矿:产量:印度(年,IV1_NEAR_PAIR,P1,,算法高风险,算法高风险,dice=0.800,0.8,,IV1,P1_manual,"同度量词不同品种, 属正常区分项: 验证R-01品种锚点能拦截跨品种匹配, 无需新增黑名单 (建议不建规则)"
AMB-0440,USGS：锂矿：产量：智利（年）,USGS:锂矿:产量:智利(年,LI,USGS：锌矿：产量：秘鲁（年）,USGS:锌矿:产量:秘鲁(年,IV1_NEAR_PAIR,P1,,算法高风险,算法高风险,dice=0.800,0.8,,IV1,P1_manual,"同度量词不同品种, 属正常区分项: 验证R-01品种锚点能拦截跨品种匹配, 无需新增黑名单 (建议不建规则)"
AMB-0441,USGS：锂矿：产量：智利（年）,USGS:锂矿:产量:智利(年,LI,USGS：锡矿：产量：缅甸（年）,USGS:锡矿:产量:缅甸(年,IV1_NEAR_PAIR,P1,,算法高风险,算法高风险,dice=0.800,0.8,,IV1,P1_manual,"同度量词不同品种, 属正常区分项: 验证R-01品种锚点能拦截跨品种匹配, 无需新增黑名单 (建议不建规则)"
AMB-0442,锂辉石：产量：澳大利亚（季）,锂辉石:产量:澳大利亚(季,LI,锡矿：产量：澳大利亚（季）,锡矿:产量:澳大利亚(季,IV1_NEAR_PAIR,P1,,算法高风险,算法高风险,dice=0.800,0.8,,IV1,P1_manual,"同度量词不同品种, 属正常区分项: 验证R-01品种锚点能拦截跨品种匹配, 无需新增黑名单 (建议不建规则)"
AMB-0443,SMM: 电解铝平衡: 终端消费量: 月度,SMM:电解铝平衡:终端消费量:月度,AL,SMM: 铜产业链平衡: 电解铜终端消费量: 季度,SMM:铜产业链平衡:电解铜终端消费量:季度,IV1_NEAR_PAIR,P1,,算法高风险,算法高风险,dice=0.800,0.8,,IV1,P1_manual,"同度量词不同品种, 属正常区分项: 验证R-01品种锚点能拦截跨品种匹配, 无需新增黑名单 (建议不建规则)"
AMB-0444,USGS：铜矿：产量：波兰（年）,USGS:铜矿:产量:波兰(年,CU,USGS：锌矿：产量：印度（年）,USGS:锌矿:产量:印度(年,IV1_NEAR_PAIR,P1,,算法高风险,算法高风险,dice=0.800,0.8,,IV1,P1_manual,"同度量词不同品种, 属正常区分项: 验证R-01品种锚点能拦截跨品种匹配, 无需新增黑名单 (建议不建规则)"
AMB-0445,USGS：铜矿：产量：波兰（年）,USGS:铜矿:产量:波兰(年,CU,USGS：锌矿：产量：秘鲁（年）,USGS:锌矿:产量:秘鲁(年,IV1_NEAR_PAIR,P1,,算法高风险,算法高风险,dice=0.800,0.8,,IV1,P1_manual,"同度量词不同品种, 属正常区分项: 验证R-01品种锚点能拦截跨品种匹配, 无需新增黑名单 (建议不建规则)"
AMB-0446,USGS：铜矿：产量：波兰（年）,USGS:铜矿:产量:波兰(年,CU,USGS：锡矿：产量：缅甸（年）,USGS:锡矿:产量:缅甸(年,IV1_NEAR_PAIR,P1,,算法高风险,算法高风险,dice=0.800,0.8,,IV1,P1_manual,"同度量词不同品种, 属正常区分项: 验证R-01品种锚点能拦截跨品种匹配, 无需新增黑名单 (建议不建规则)"
AMB-0447,USGS：铜矿：产量：波兰（年）,USGS:铜矿:产量:波兰(年,CU,USGS：锂矿：产量：智利（年）,USGS:锂矿:产量:智利(年,IV1_NEAR_PAIR,P1,,算法高风险,算法高风险,dice=0.800,0.8,,IV1,P1_manual,"同度量词不同品种, 属正常区分项: 验证R-01品种锚点能拦截跨品种匹配, 无需新增黑名单 (建议不建规则)"
AMB-0448,SHFE：铜（BC）：年成交量（日）,SHFE:铜(BC):年成交量(日,CU,SHFE：锡：年成交量（日）,SHFE:锡:年成交量(日,IV1_NEAR_PAIR,P1,,算法高风险,算法高风险,dice=0.800,0.8,,IV1,P1_manual,"同度量词不同品种, 属正常区分项: 验证R-01品种锚点能拦截跨品种匹配, 无需新增黑名单 (建议不建规则)"
AMB-0037,工厂库存天数（天）,工厂库存天数(天,SN,碳酸锂工厂库存天数,碳酸锂工厂库存天数,RISK_DB,P1,BL-012,库存天数与库存量互斥,警告,BL-012(库存天数与库存量互斥),0.7059,THS-SN-4.4,THS,P1_manual,人工裁定: 确认正确匹配目标并回填别名库
AMB-0038,工厂库存天数时序图,工厂库存天数时序图,SN,碳酸锂工厂库存天数,碳酸锂工厂库存天数,RISK_DB,P1,BL-012,库存天数与库存量互斥,警告,BL-012(库存天数与库存量互斥),0.6667,THS-SN-4.4,THS,P1_manual,人工裁定: 确认正确匹配目标并回填别名库
AMB-0044,库存天数,库存天数,通用,库存,库存,BLACKLIST_RULE,P1,BL-012,库存口径,库存口径,"规则声明互斥, 但字符Dice=0.667",0.6667,,RULE,P1_manual,确认短语边界增强(整词匹配)后不再误触发
AMB-0046,出库量,出库量,通用,库存量,库存量,BLACKLIST_RULE,P1,BL-024,库存口径,库存口径,"规则声明互斥, 但字符Dice=0.667",0.6667,,RULE,P1_manual,确认短语边界增强(整词匹配)后不再误触发
AMB-0027,工业级碳酸锂利润（元/吨）,工业级碳酸锂利润(元/吨,LI,工业级碳酸锂产量,工业级碳酸锂产量,RISK_DB,P1,BL-016,利润与产量互斥,警告,BL-016(利润与产量互斥),0.6,THS-LI-2.5,THS,P1_manual,人工裁定: 确认正确匹配目标并回填别名库
AMB-0028,电池级碳酸锂利润（元/吨）,电池级碳酸锂利润(元/吨,LI,电池级碳酸锂产量,电池级碳酸锂产量,RISK_DB,P1,BL-016,利润与产量互斥,警告,BL-016(利润与产量互斥),0.6,THS-LI-2.5,THS,P1_manual,人工裁定: 确认正确匹配目标并回填别名库
AMB-0034,多晶硅工厂库存天数（天）,多晶硅工厂库存天数(天,SI,碳酸锂工厂库存天数,碳酸锂工厂库存天数,RISK_DB,P1,BL-012,库存天数与库存量互斥,警告,BL-012(库存天数与库存量互斥),0.6,THS-SI-4.4,THS,P1_manual,人工裁定: 确认正确匹配目标并回填别名库
AMB-0035,金属硅工厂库存天数（天）,金属硅工厂库存天数(天,SI,碳酸锂工厂库存天数,碳酸锂工厂库存天数,RISK_DB,P1,BL-012,库存天数与库存量互斥,警告,BL-012(库存天数与库存量互斥),0.6,THS-SI-4.4,THS,P1_manual,人工裁定: 确认正确匹配目标并回填别名库
AMB-0031,厂内库存天数（天）,厂内库存天数(天,LI,碳酸锂工厂库存天数,碳酸锂工厂库存天数,RISK_DB,P1,BL-012,库存天数与库存量互斥,警告,BL-012(库存天数与库存量互斥),0.5882,THS-LI-4.4,THS,P1_manual,人工裁定: 确认正确匹配目标并回填别名库
AMB-0048,库存天数,库存天数,通用,库存量,库存量,BLACKLIST_RULE,P1,BL-012,库存口径,库存口径,"规则声明互斥, 但字符Dice=0.571",0.5714,,RULE,P1_manual,确认短语边界增强(整词匹配)后不再误触发
AMB-0029,电池级碳酸锂冶炼利润（元/吨）,电池级碳酸锂冶炼利润(元/吨,LI,电池级碳酸锂产量,电池级碳酸锂产量,RISK_DB,P1,BL-016,利润与产量互斥,警告,BL-016(利润与产量互斥),0.5455,THS-LI-3.2.4,THS,P1_manual,人工裁定: 确认正确匹配目标并回填别名库
AMB-0030,库存天数（天）,库存天数(天,LI,碳酸锂工厂库存天数,碳酸锂工厂库存天数,RISK_DB,P1,BL-012,库存天数与库存量互斥,警告,BL-012(库存天数与库存量互斥),0.5333,THS-LI-4.3,THS,P1_manual,人工裁定: 确认正确匹配目标并回填别名库
AMB-0040,库存天数（天）,库存天数(天,SN,碳酸锂工厂库存天数,碳酸锂工厂库存天数,RISK_DB,P1,BL-012,库存天数与库存量互斥,警告,BL-012(库存天数与库存量互斥),0.5333,THS-SN-5.1,THS,P1_manual,人工裁定: 确认正确匹配目标并回填别名库
AMB-0032,电解镍厂库存天数（天）,电解镍厂库存天数(天,NI,碳酸锂工厂库存天数,碳酸锂工厂库存天数,RISK_DB,P1,BL-012,库存天数与库存量互斥,警告,BL-012(库存天数与库存量互斥),0.5263,THS-NI-4.4,THS,P1_manual,人工裁定: 确认正确匹配目标并回填别名库
AMB-0033,高冰镍厂库存天数（天）,高冰镍厂库存天数(天,NI,碳酸锂工厂库存天数,碳酸锂工厂库存天数,RISK_DB,P1,BL-012,库存天数与库存量互斥,警告,BL-012(库存天数与库存量互斥),0.5263,THS-NI-4.4,THS,P1_manual,人工裁定: 确认正确匹配目标并回填别名库
AMB-0026,盐湖提锂利润（元/吨）,盐湖提锂利润(元/吨,LI,盐湖提锂产量,盐湖提锂产量,RISK_DB,P1,BL-016,利润与产量互斥,警告,BL-016(利润与产量互斥),0.5,THS-LI-2.5,THS,P1_manual,人工裁定: 确认正确匹配目标并回填别名库
AMB-0039,在途库存天数（天）,在途库存天数(天,SN,锂矿 外采 在途库存,锂矿外采在途库存,RISK_DB,P1,BL-012,库存天数与库存量互斥,警告,BL-012(库存天数与库存量互斥),0.5,THS-SN-4.5,THS,P1_manual,人工裁定: 确认正确匹配目标并回填别名库
AMB-0041,国内锌厂内库存天数（天）,国内锌厂内库存天数(天,ZN,碳酸锂工厂库存天数,碳酸锂工厂库存天数,RISK_DB,P1,BL-012,库存天数与库存量互斥,警告,BL-012(库存天数与库存量互斥),0.5,THS-ZN-4.4,THS,P1_manual,人工裁定: 确认正确匹配目标并回填别名库
AMB-0055,库存天数,库存天数,通用,库存总计,库存总计,BLACKLIST_RULE,P1,BL-012,库存口径,库存口径,"规则声明互斥, 但字符Dice=0.500",0.5,,RULE,P1_manual,确认短语边界增强(整词匹配)后不再误触发
AMB-0059,出库,出库,通用,库存,库存,BLACKLIST_RULE,P1,BL-024,库存口径,库存口径,"规则声明互斥, 但字符Dice=0.500",0.5,,RULE,P1_manual,确认短语边界增强(整词匹配)后不再误触发
AMB-0068,非仓单库存,非仓单库存,通用,社会库存,社会库存,BLACKLIST_RULE,P1,BL-007,库存口径,库存口径,"规则声明互斥, 但字符Dice=0.444",0.4444,,RULE,P1_manual,确认短语边界增强(整词匹配)后不再误触发
AMB-0074,消费量,消费量,通用,销量,销量,BLACKLIST_RULE,P1,BL-004,供需口径,供需口径,"规则声明互斥, 但字符Dice=0.400",0.4,,RULE,P1_manual,确认短语边界增强(整词匹配)后不再误触发
AMB-0079,非仓单库存,非仓单库存,通用,社会库存量,社会库存量,BLACKLIST_RULE,P1,BL-007,库存口径,库存口径,"规则声明互斥, 但字符Dice=0.400",0.4,,RULE,P1_manual,确认短语边界增强(整词匹配)后不再误触发
AMB-0082,出库,出库,通用,库存量,库存量,BLACKLIST_RULE,P1,BL-024,库存口径,库存口径,"规则声明互斥, 但字符Dice=0.400",0.4,,RULE,P1_manual,确认短语边界增强(整词匹配)后不再误触发
AMB-0083,出库量,出库量,通用,库存,库存,BLACKLIST_RULE,P1,BL-024,库存口径,库存口径,"规则声明互斥, 但字符Dice=0.400",0.4,,RULE,P1_manual,确认短语边界增强(整词匹配)后不再误触发
AMB-0036,社会库存天数（天）,社会库存天数(天,SN,锡锭：库存：中国（周）,锡锭:库存:中国(周,RISK_DB,P1,BL-012,库存天数与库存量互斥,警告,BL-012(库存天数与库存量互斥),0.3333,THS-SN-4.3,THS,P1_manual,人工裁定: 确认正确匹配目标并回填别名库
AMB-0089,消费量,消费量,通用,销售量,销售量,BLACKLIST_RULE,P1,BL-004,供需口径,供需口径,"规则声明互斥, 但字符Dice=0.333",0.3333,,RULE,P1_manual,确认短语边界增强(整词匹配)后不再误触发
AMB-0110,消费,消费,通用,销量,销量,BLACKLIST_RULE,P1,BL-004,供需口径,供需口径,"规则声明互斥, 但字符Dice=0.000",0.0,,RULE,P1_manual,确认短语边界增强(整词匹配)后不再误触发
AMB-0111,消费,消费,通用,销售量,销售量,BLACKLIST_RULE,P1,BL-004,供需口径,供需口径,"规则声明互斥, 但字符Dice=0.000",0.0,,RULE,P1_manual,确认短语边界增强(整词匹配)后不再误触发
AMB-0118,非仓单,非仓单,通用,社会库存,社会库存,BLACKLIST_RULE,P1,BL-007,库存口径,库存口径,"规则声明互斥, 但字符Dice=0.000",0.0,,RULE,P1_manual,确认短语边界增强(整词匹配)后不再误触发
AMB-0119,非仓单,非仓单,通用,社会库存量,社会库存量,BLACKLIST_RULE,P1,BL-007,库存口径,库存口径,"规则声明互斥, 但字符Dice=0.000",0.0,,RULE,P1_manual,确认短语边界增强(整词匹配)后不再误触发
AMB-0155,价格,价格,通用,库存,库存,BLACKLIST_RULE,P1,BL-011,基本面口径,基本面口径,"规则声明互斥, 但字符Dice=0.000",0.0,,RULE,P1_manual,确认短语边界增强(整词匹配)后不再误触发
AMB-0156,价格,价格,通用,库存量,库存量,BLACKLIST_RULE,P1,BL-011,基本面口径,基本面口径,"规则声明互斥, 但字符Dice=0.000",0.0,,RULE,P1_manual,确认短语边界增强(整词匹配)后不再误触发
AMB-0157,价格,价格,通用,库存天数,库存天数,BLACKLIST_RULE,P1,BL-011,基本面口径,基本面口径,"规则声明互斥, 但字符Dice=0.000",0.0,,RULE,P1_manual,确认短语边界增强(整词匹配)后不再误触发
AMB-0158,均价,均价,通用,库存,库存,BLACKLIST_RULE,P1,BL-011,基本面口径,基本面口径,"规则声明互斥, 但字符Dice=0.000",0.0,,RULE,P1_manual,确认短语边界增强(整词匹配)后不再误触发
AMB-0159,均价,均价,通用,库存量,库存量,BLACKLIST_RULE,P1,BL-011,基本面口径,基本面口径,"规则声明互斥, 但字符Dice=0.000",0.0,,RULE,P1_manual,确认短语边界增强(整词匹配)后不再误触发
AMB-0160,均价,均价,通用,库存天数,库存天数,BLACKLIST_RULE,P1,BL-011,基本面口径,基本面口径,"规则声明互斥, 但字符Dice=0.000",0.0,,RULE,P1_manual,确认短语边界增强(整词匹配)后不再误触发
AMB-0161,市场价,市场价,通用,库存,库存,BLACKLIST_RULE,P1,BL-011,基本面口径,基本面口径,"规则声明互斥, 但字符Dice=0.000",0.0,,RULE,P1_manual,确认短语边界增强(整词匹配)后不再误触发
AMB-0162,市场价,市场价,通用,库存量,库存量,BLACKLIST_RULE,P1,BL-011,基本面口径,基本面口径,"规则声明互斥, 但字符Dice=0.000",0.0,,RULE,P1_manual,确认短语边界增强(整词匹配)后不再误触发
AMB-0163,市场价,市场价,通用,库存天数,库存天数,BLACKLIST_RULE,P1,BL-011,基本面口径,基本面口径,"规则声明互斥, 但字符Dice=0.000",0.0,,RULE,P1_manual,确认短语边界增强(整词匹配)后不再误触发
AMB-0164,结算价,结算价,通用,库存,库存,BLACKLIST_RULE,P1,BL-011,基本面口径,基本面口径,"规则声明互斥, 但字符Dice=0.000",0.0,,RULE,P1_manual,确认短语边界增强(整词匹配)后不再误触发
AMB-0165,结算价,结算价,通用,库存量,库存量,BLACKLIST_RULE,P1,BL-011,基本面口径,基本面口径,"规则声明互斥, 但字符Dice=0.000",0.0,,RULE,P1_manual,确认短语边界增强(整词匹配)后不再误触发
AMB-0166,结算价,结算价,通用,库存天数,库存天数,BLACKLIST_RULE,P1,BL-011,基本面口径,基本面口径,"规则声明互斥, 但字符Dice=0.000",0.0,,RULE,P1_manual,确认短语边界增强(整词匹配)后不再误触发
AMB-0167,现货价格,现货价格,通用,库存,库存,BLACKLIST_RULE,P1,BL-011,基本面口径,基本面口径,"规则声明互斥, 但字符Dice=0.000",0.0,,RULE,P1_manual,确认短语边界增强(整词匹配)后不再误触发
AMB-0168,现货价格,现货价格,通用,库存量,库存量,BLACKLIST_RULE,P1,BL-011,基本面口径,基本面口径,"规则声明互斥, 但字符Dice=0.000",0.0,,RULE,P1_manual,确认短语边界增强(整词匹配)后不再误触发
AMB-0169,现货价格,现货价格,通用,库存天数,库存天数,BLACKLIST_RULE,P1,BL-011,基本面口径,基本面口径,"规则声明互斥, 但字符Dice=0.000",0.0,,RULE,P1_manual,确认短语边界增强(整词匹配)后不再误触发
AMB-0170,加工费,加工费,通用,完全成本,完全成本,BLACKLIST_RULE,P1,BL-013,成本口径,成本口径,"规则声明互斥, 但字符Dice=0.000",0.0,,RULE,P1_manual,确认短语边界增强(整词匹配)后不再误触发
AMB-0171,加工费,加工费,通用,生产成本,生产成本,BLACKLIST_RULE,P1,BL-013,成本口径,成本口径,"规则声明互斥, 但字符Dice=0.000",0.0,,RULE,P1_manual,确认短语边界增强(整词匹配)后不再误触发
AMB-0172,加工费,加工费,通用,总成本,总成本,BLACKLIST_RULE,P1,BL-013,成本口径,成本口径,"规则声明互斥, 但字符Dice=0.000",0.0,,RULE,P1_manual,确认短语边界增强(整词匹配)后不再误触发
AMB-0173,加工费,加工费,通用,单位成本,单位成本,BLACKLIST_RULE,P1,BL-013,成本口径,成本口径,"规则声明互斥, 但字符Dice=0.000",0.0,,RULE,P1_manual,确认短语边界增强(整词匹配)后不再误触发
AMB-0185,利润,利润,通用,产量,产量,BLACKLIST_RULE,P1,BL-016,经济口径,经济口径,"规则声明互斥, 但字符Dice=0.000",0.0,,RULE,P1_manual,确认短语边界增强(整词匹配)后不再误触发
AMB-0186,利润,利润,通用,产出,产出,BLACKLIST_RULE,P1,BL-016,经济口径,经济口径,"规则声明互斥, 但字符Dice=0.000",0.0,,RULE,P1_manual,确认短语边界增强(整词匹配)后不再误触发
AMB-0187,盈利,盈利,通用,产量,产量,BLACKLIST_RULE,P1,BL-016,经济口径,经济口径,"规则声明互斥, 但字符Dice=0.000",0.0,,RULE,P1_manual,确认短语边界增强(整词匹配)后不再误触发
AMB-0188,盈利,盈利,通用,产出,产出,BLACKLIST_RULE,P1,BL-016,经济口径,经济口径,"规则声明互斥, 但字符Dice=0.000",0.0,,RULE,P1_manual,确认短语边界增强(整词匹配)后不再误触发
AMB-0189,盈亏,盈亏,通用,产量,产量,BLACKLIST_RULE,P1,BL-016,经济口径,经济口径,"规则声明互斥, 但字符Dice=0.000",0.0,,RULE,P1_manual,确认短语边界增强(整词匹配)后不再误触发
AMB-0190,盈亏,盈亏,通用,产出,产出,BLACKLIST_RULE,P1,BL-016,经济口径,经济口径,"规则声明互斥, 但字符Dice=0.000",0.0,,RULE,P1_manual,确认短语边界增强(整词匹配)后不再误触发
AMB-0057,溢价,溢价,通用,价格,价格,BLACKLIST_RULE,P2,BL-023,基本面口径,基本面口径,"规则声明互斥, 但字符Dice=0.500",0.5,,RULE,P2_auto,确认短语边界增强(整词匹配)后不再误触发
AMB-0058,溢价,溢价,通用,均价,均价,BLACKLIST_RULE,P2,BL-023,基本面口径,基本面口径,"规则声明互斥, 但字符Dice=0.500",0.5,,RULE,P2_auto,确认短语边界增强(整词匹配)后不再误触发
AMB-0081,溢价,溢价,通用,市场价,市场价,BLACKLIST_RULE,P2,BL-023,基本面口径,基本面口径,"规则声明互斥, 但字符Dice=0.400",0.4,,RULE,P2_auto,确认短语边界增强(整词匹配)后不再误触发
AMB-0174,供需平衡,供需平衡,通用,价格,价格,BLACKLIST_RULE,P2,BL-014,基本面口径,基本面口径,"规则声明互斥, 但字符Dice=0.000",0.0,,RULE,P2_auto,确认短语边界增强(整词匹配)后不再误触发
AMB-0175,供需平衡,供需平衡,通用,均价,均价,BLACKLIST_RULE,P2,BL-014,基本面口径,基本面口径,"规则声明互斥, 但字符Dice=0.000",0.0,,RULE,P2_auto,确认短语边界增强(整词匹配)后不再误触发
AMB-0176,供需平衡,供需平衡,通用,市场价,市场价,BLACKLIST_RULE,P2,BL-014,基本面口径,基本面口径,"规则声明互斥, 但字符Dice=0.000",0.0,,RULE,P2_auto,确认短语边界增强(整词匹配)后不再误触发
AMB-0177,平衡表,平衡表,通用,价格,价格,BLACKLIST_RULE,P2,BL-014,基本面口径,基本面口径,"规则声明互斥, 但字符Dice=0.000",0.0,,RULE,P2_auto,确认短语边界增强(整词匹配)后不再误触发
AMB-0178,平衡表,平衡表,通用,均价,均价,BLACKLIST_RULE,P2,BL-014,基本面口径,基本面口径,"规则声明互斥, 但字符Dice=0.000",0.0,,RULE,P2_auto,确认短语边界增强(整词匹配)后不再误触发
AMB-0179,平衡表,平衡表,通用,市场价,市场价,BLACKLIST_RULE,P2,BL-014,基本面口径,基本面口径,"规则声明互斥, 但字符Dice=0.000",0.0,,RULE,P2_auto,确认短语边界增强(整词匹配)后不再误触发
AMB-0191,价格,价格,通用,利润,利润,BLACKLIST_RULE,P2,BL-017,基本面口径,基本面口径,"规则声明互斥, 但字符Dice=0.000",0.0,,RULE,P2_auto,确认短语边界增强(整词匹配)后不再误触发
AMB-0192,价格,价格,通用,盈利,盈利,BLACKLIST_RULE,P2,BL-017,基本面口径,基本面口径,"规则声明互斥, 但字符Dice=0.000",0.0,,RULE,P2_auto,确认短语边界增强(整词匹配)后不再误触发
AMB-0193,均价,均价,通用,利润,利润,BLACKLIST_RULE,P2,BL-017,基本面口径,基本面口径,"规则声明互斥, 但字符Dice=0.000",0.0,,RULE,P2_auto,确认短语边界增强(整词匹配)后不再误触发
AMB-0194,均价,均价,通用,盈利,盈利,BLACKLIST_RULE,P2,BL-017,基本面口径,基本面口径,"规则声明互斥, 但字符Dice=0.000",0.0,,RULE,P2_auto,确认短语边界增强(整词匹配)后不再误触发
AMB-0195,市场价,市场价,通用,利润,利润,BLACKLIST_RULE,P2,BL-017,基本面口径,基本面口径,"规则声明互斥, 但字符Dice=0.000",0.0,,RULE,P2_auto,确认短语边界增强(整词匹配)后不再误触发
AMB-0196,市场价,市场价,通用,盈利,盈利,BLACKLIST_RULE,P2,BL-017,基本面口径,基本面口径,"规则声明互斥, 但字符Dice=0.000",0.0,,RULE,P2_auto,确认短语边界增强(整词匹配)后不再误触发
AMB-0233,升贴水,升贴水,通用,价格,价格,BLACKLIST_RULE,P2,BL-023,基本面口径,基本面口径,"规则声明互斥, 但字符Dice=0.000",0.0,,RULE,P2_auto,确认短语边界增强(整词匹配)后不再误触发
AMB-0234,升贴水,升贴水,通用,均价,均价,BLACKLIST_RULE,P2,BL-023,基本面口径,基本面口径,"规则声明互斥, 但字符Dice=0.000",0.0,,RULE,P2_auto,确认短语边界增强(整词匹配)后不再误触发
AMB-0235,升贴水,升贴水,通用,市场价,市场价,BLACKLIST_RULE,P2,BL-023,基本面口径,基本面口径,"规则声明互斥, 但字符Dice=0.000",0.0,,RULE,P2_auto,确认短语边界增强(整词匹配)后不再误触发
AMB-0236,贴水,贴水,通用,价格,价格,BLACKLIST_RULE,P2,BL-023,基本面口径,基本面口径,"规则声明互斥, 但字符Dice=0.000",0.0,,RULE,P2_auto,确认短语边界增强(整词匹配)后不再误触发
AMB-0237,贴水,贴水,通用,均价,均价,BLACKLIST_RULE,P2,BL-023,基本面口径,基本面口径,"规则声明互斥, 但字符Dice=0.000",0.0,,RULE,P2_auto,确认短语边界增强(整词匹配)后不再误触发
AMB-0238,贴水,贴水,通用,市场价,市场价,BLACKLIST_RULE,P2,BL-023,基本面口径,基本面口径,"规则声明互斥, 但字符Dice=0.000",0.0,,RULE,P2_auto,确认短语边界增强(整词匹配)后不再误触发
