left,right,variety_left,variety_right,cross_variety,dice,evidence,category,severity,extra
LME：锌：其他报告头寸多头持仓量：投资基金（周）,LME：锡：其他报告头寸多头持仓量：投资基金（周）,ZN,SN,YES,0.9583,IV1_NEAR key=zn_21_openinterest vs sn_21_openinterest_4,算法高风险,P0,dice=0.958
LME：锌：其他报告头寸多头持仓量：投资基金（周）,LME：镍：其他报告头寸多头持仓量：投资基金（周）,ZN,NI,YES,0.9583,IV1_NEAR key=zn_21_openinterest vs ni_21_percentile_openinterest,算法高风险,P0,dice=0.958
LME：锡：其他报告头寸多头持仓量：投资基金（周）,LME：镍：其他报告头寸多头持仓量：投资基金（周）,SN,NI,YES,0.9583,IV1_NEAR key=sn_21_openinterest_4 vs ni_21_percentile_openinterest,算法高风险,P0,dice=0.958
SMM: 进口盈亏: 锡: 现货: LME价格: 日度,SMM: 进口盈亏: 镍: 现货: LME价格: 日度,SN,NI,YES,0.9545,IV1_NEAR key=sn_22_price vs ni_21_lme_price,算法高风险,P0,dice=0.955
SHFE：锡：主力合约：单边交易：成交量（日）,SHFE：镍：主力合约：单边交易：成交量（日）,SN,NI,YES,0.9545,IV1_NEAR key=sn_21_shfe_volume_front vs ni_21_volume_front,算法高风险,P0,dice=0.955
SHFE：锡：主力合约：单边交易：持仓量（日）,SHFE：镍：主力合约：单边交易：持仓量（日）,SN,NI,YES,0.9545,IV1_NEAR key=sn_21_shfe_openinterest_front vs ni_26_openinterest_top20_front_2,算法高风险,P0,dice=0.955
SMM: 沪铅期现价差: 当月合约: 开盘价: 日度,SMM: 沪锌期现价差: 当月合约: 开盘价: 日度,PB,ZN,YES,0.9545,IV1_NEAR key=pb_24_cash_fut vs zn_24_cash_fut,算法高风险,P0,dice=0.955
SMM: 沪铅期现价差: 当月合约: 开盘价: 日度,SMM: 沪铝期现价差: 当月合约: 开盘价: 日度,PB,AL,YES,0.9545,IV1_NEAR key=pb_24_cash_fut vs al_22_open_spread,算法高风险,P0,dice=0.955
SMM: 进口盈亏: 铅: 现货: LME价格: 日度,SMM: 进口盈亏: 锡: 现货: LME价格: 日度,PB,SN,YES,0.9545,IV1_NEAR key=pb_23_aux_4 vs sn_22_price,算法高风险,P0,dice=0.955
SMM: 进口盈亏: 铅: 现货: LME价格: 日度,SMM: 进口盈亏: 镍: 现货: LME价格: 日度,PB,NI,YES,0.9545,IV1_NEAR key=pb_23_aux_4 vs ni_21_lme_price,算法高风险,P0,dice=0.955
LME：铅：CASH-3M合约：结算价差（日）,LME：铝：CASH-3M合约：结算价差（日）,PB,AL,YES,0.9545,IV1_NEAR key=pb_23_aux_2 vs al_2_lme_settle,算法高风险,P0,dice=0.955
SMM: 沪铝期现价差: 当月合约: 开盘价: 日度,SMM: 沪锌期现价差: 当月合约: 开盘价: 日度,AL,ZN,YES,0.9545,IV1_NEAR key=al_22_open_spread vs zn_24_cash_fut,算法高风险,P0,dice=0.955
SHFE：铝：主力合约：单边交易：成交量（日）,SHFE：锡：主力合约：单边交易：成交量（日）,AL,SN,YES,0.9545,IV1_NEAR key=al_00_volume_front vs sn_21_shfe_volume_front,算法高风险,P0,dice=0.955
SHFE：铝：主力合约：单边交易：成交量（日）,SHFE：镍：主力合约：单边交易：成交量（日）,AL,NI,YES,0.9545,IV1_NEAR key=al_00_volume_front vs ni_21_volume_front,算法高风险,P0,dice=0.955
SHFE：铝：主力合约：单边交易：持仓量（日）,SHFE：锡：主力合约：单边交易：持仓量（日）,AL,SN,YES,0.9545,IV1_NEAR key=al_00_openinterest_front vs sn_21_shfe_openinterest_front,算法高风险,P0,dice=0.955
SHFE：铝：主力合约：单边交易：持仓量（日）,SHFE：镍：主力合约：单边交易：持仓量（日）,AL,NI,YES,0.9545,IV1_NEAR key=al_00_openinterest_front vs ni_26_openinterest_top20_front_2,算法高风险,P0,dice=0.955
SHFE: 铅: 库存周报: 本周库存期货: 周度,SHFE: 锌: 库存周报: 本周库存期货: 周度,PB,ZN,YES,0.9524,IV1_NEAR key=i28 vs zn_41_aux,算法高风险,P0,dice=0.952
SHFE：锌：单边交易：持仓量（日）,SHFE：锡：单边交易：持仓量（日）,ZN,SN,YES,0.9412,IV1_NEAR key=zn_26_openinterest_top20 vs sn_26_openinterest_top20_5,算法高风险,P0,dice=0.941
SHFE：锌：单边交易：持仓量（日）,SHFE：镍：单边交易：持仓量（日）,ZN,NI,YES,0.9412,IV1_NEAR key=zn_26_openinterest_top20 vs ni_26_percentile_openinterest_top2,算法高风险,P0,dice=0.941
SHFE: 锌: 仓单日报: 期货: 日度,SHFE: 镍: 仓单日报: 期货: 日度,ZN,NI,YES,0.9412,IV1_NEAR key=zn_21_warrant vs ni_21_warrant,算法高风险,P0,dice=0.941
SHFE：锡：单边交易：持仓量（日）,SHFE：镍：单边交易：持仓量（日）,SN,NI,YES,0.9412,IV1_NEAR key=sn_26_openinterest_top20_5 vs ni_26_percentile_openinterest_top2,算法高风险,P0,dice=0.941
SHFE：铅：单边交易：持仓量（日）,SHFE：锌：单边交易：持仓量（日）,PB,ZN,YES,0.9412,IV1_NEAR key=pb_21_aux_7 vs zn_26_openinterest_top20,算法高风险,P0,dice=0.941
SHFE：铅：单边交易：持仓量（日）,SHFE：锡：单边交易：持仓量（日）,PB,SN,YES,0.9412,IV1_NEAR key=pb_21_aux_7 vs sn_26_openinterest_top20_5,算法高风险,P0,dice=0.941
SHFE：铅：单边交易：持仓量（日）,SHFE：镍：单边交易：持仓量（日）,PB,NI,YES,0.9412,IV1_NEAR key=pb_21_aux_7 vs ni_26_percentile_openinterest_top2,算法高风险,P0,dice=0.941
LME：铜：3个月合约：结算价（日）,LME：铝：3个月合约：结算价（日）,CU,AL,YES,0.9412,IV1_NEAR key=cu_23_lme_settle vs al_24_lme_settle,算法高风险,P0,dice=0.941
LME：铝：3个月合约：成交量（日）,LME：镍：3个月合约：成交量（日）,AL,NI,YES,0.9412,IV1_NEAR key=al_23_lme_volume vs ni_21_volume_top20,算法高风险,P0,dice=0.941
LME：锡：原产国库存：埃及（月）,LME：镍：原产国库存：埃及（月）,SN,NI,YES,0.9375,IV1_NEAR key=sn_41_lme_inv vs ni_43_inv_percentile,算法高风险,P0,dice=0.938
中国海关: 铅合金出口量: 月度,中国海关: 锌合金出口量: 月度,PB,ZN,YES,0.9286,IV1_NEAR key=pb_63_alloy_export vs zn_53_alloy_export,算法高风险,P0,dice=0.929
COMEX：铜：期货库存（日）,COMEX：锌：期货库存（日）,CU,ZN,YES,0.9286,IV1_NEAR key=cu_41_comex_inv vs zn_23_comex,算法高风险,P0,dice=0.929
COMEX：铜：期货库存（日）,COMEX：铝：期货库存（日）,CU,AL,YES,0.9286,IV1_NEAR key=cu_41_comex_inv vs al_00_comex_inv,算法高风险,P0,dice=0.929
COMEX：铝：期货库存（日）,COMEX：锌：期货库存（日）,AL,ZN,YES,0.9286,IV1_NEAR key=al_00_comex_inv vs zn_23_comex,算法高风险,P0,dice=0.929
铜精矿：港口库存：中国（周）,锌精矿：港口库存：中国（周）,CU,ZN,YES,0.9231,IV1_NEAR key=cu_64_cu_conc_port_inv vs zn_312_port_inv,算法高风险,P0,dice=0.923
铜精矿：产量：澳大利亚（季）,锌精矿：产量：澳大利亚（季）,CU,ZN,YES,0.9231,IV1_NEAR key=cu_312_output_conc vs zn_312_output_2,算法高风险,P0,dice=0.923
铜：矿山产量：澳大利亚（季）,锌：矿山产量：澳大利亚（季）,CU,ZN,YES,0.9231,IV1_NEAR key=cu_311_output vs zn_311_aux,算法高风险,P0,dice=0.923
LME：锌：注销仓单（日）,LME：锡：注销仓单（日）,ZN,SN,YES,0.9167,IV1_NEAR key=zn_41_lme_warrant vs sn_41_warrant,算法高风险,P0,dice=0.917
LME：锌：注销仓单（日）,LME：镍：注销仓单（日）,ZN,NI,YES,0.9167,IV1_NEAR key=zn_41_lme_warrant vs ni_42_lme_warrant,算法高风险,P0,dice=0.917
LME：锡：注销仓单（日）,LME：镍：注销仓单（日）,SN,NI,YES,0.9167,IV1_NEAR key=sn_41_warrant vs ni_42_lme_warrant,算法高风险,P0,dice=0.917
LME：铜：注册仓单（日）,LME：锡：注册仓单（日）,CU,SN,YES,0.9167,IV1_NEAR key=cu_42_warrant_reg vs sn_42_warrant_2,算法高风险,P0,dice=0.917
LME：铜：注册仓单（日）,LME：铝：注册仓单（日）,CU,AL,YES,0.9167,IV1_NEAR key=cu_42_warrant_reg vs al_3_lme_warrant,算法高风险,P0,dice=0.917
LME：铜：注销仓单（日）,LME：锌：注销仓单（日）,CU,ZN,YES,0.9167,IV1_NEAR key=cu_42_warrant_cancel vs zn_41_lme_warrant,算法高风险,P0,dice=0.917
LME：铜：注销仓单（日）,LME：锡：注销仓单（日）,CU,SN,YES,0.9167,IV1_NEAR key=cu_42_warrant_cancel vs sn_41_warrant,算法高风险,P0,dice=0.917
LME：铜：注销仓单（日）,LME：镍：注销仓单（日）,CU,NI,YES,0.9167,IV1_NEAR key=cu_42_warrant_cancel vs ni_42_lme_warrant,算法高风险,P0,dice=0.917
LME：铜：注销仓单（日）,LME：铝：注销仓单（日）,CU,AL,YES,0.9167,IV1_NEAR key=cu_42_warrant_cancel vs al_41_warrant_ratio,算法高风险,P0,dice=0.917
LME：铝：注销仓单（日）,LME：锌：注销仓单（日）,AL,ZN,YES,0.9167,IV1_NEAR key=al_41_warrant_ratio vs zn_41_lme_warrant,算法高风险,P0,dice=0.917
LME：铝：注销仓单（日）,LME：锡：注销仓单（日）,AL,SN,YES,0.9167,IV1_NEAR key=al_41_warrant_ratio vs sn_41_warrant,算法高风险,P0,dice=0.917
LME：铝：注销仓单（日）,LME：镍：注销仓单（日）,AL,NI,YES,0.9167,IV1_NEAR key=al_41_warrant_ratio vs ni_42_lme_warrant,算法高风险,P0,dice=0.917
LME：铝：注销占比（日）,LME：锡：注销占比（日）,AL,SN,YES,0.9167,IV1_NEAR key=al_41_lme_warrant_ratio vs sn_43_ratio,算法高风险,P0,dice=0.917
LME：铝：注册仓单（日）,LME：锡：注册仓单（日）,AL,SN,YES,0.9167,IV1_NEAR key=al_3_lme_warrant vs sn_42_warrant_2,算法高风险,P0,dice=0.917
锌精矿：产量：中国（月）,锡精矿：产量：中国（月）,ZN,SN,YES,0.9091,IV1_NEAR key=zn_313_output_2 vs sn_312_output_ratio_3,算法高风险,P0,dice=0.909
SHFE：锌：基差（日）,SHFE：锡：基差（日）,ZN,SN,YES,0.9091,IV1_NEAR key=zn_21_basis vs sn_21_basis,算法高风险,P0,dice=0.909
SHFE：锌：基差（日）,SHFE：镍：基差（日）,ZN,NI,YES,0.9091,IV1_NEAR key=zn_21_basis vs ni_22_basis,算法高风险,P0,dice=0.909
SHFE：锡：基差（日）,SHFE：镍：基差（日）,SN,NI,YES,0.9091,IV1_NEAR key=sn_21_basis vs ni_22_basis,算法高风险,P0,dice=0.909
SMM: 沪铅期现价差: 当月合约: 开盘价: 日度,SMM: 沪铜期现价差-当月合约: 开盘价: 日度,PB,CU,YES,0.9091,IV1_NEAR key=pb_24_cash_fut vs cu_24_open_spread,算法高风险,P0,dice=0.909
SMM: 沪铜期现价差-当月合约: 开盘价: 日度,SMM: 沪锌期现价差: 当月合约: 开盘价: 日度,CU,ZN,YES,0.9091,IV1_NEAR key=cu_24_open_spread vs zn_24_cash_fut,算法高风险,P0,dice=0.909
SMM: 沪铜期现价差-当月合约: 开盘价: 日度,SMM: 沪铝期现价差: 当月合约: 开盘价: 日度,CU,AL,YES,0.9091,IV1_NEAR key=cu_24_open_spread vs al_22_open_spread,算法高风险,P0,dice=0.909
SHFE：铝：基差（日）,SHFE：锌：基差（日）,AL,ZN,YES,0.9091,IV1_NEAR key=al_00_basis vs zn_21_basis,算法高风险,P0,dice=0.909
SHFE：铝：基差（日）,SHFE：锡：基差（日）,AL,SN,YES,0.9091,IV1_NEAR key=al_00_basis vs sn_21_basis,算法高风险,P0,dice=0.909
SHFE：铝：基差（日）,SHFE：镍：基差（日）,AL,NI,YES,0.9091,IV1_NEAR key=al_00_basis vs ni_22_basis,算法高风险,P0,dice=0.909
USGS：锌矿：含锌：产量：澳大利亚（年）,USGS：镍矿：含镍：产量：澳大利亚（年）,ZN,NI,YES,0.9,IV1_NEAR key=zn_312_output_recycle_2 vs ni_312_output_nickel_ore,算法高风险,P0,dice=0.900
USGS：锂矿：含锂：产量：澳大利亚（年）,USGS：锌矿：含锌：产量：澳大利亚（年）,LI,ZN,YES,0.9,IV1_NEAR key=li_312_output vs zn_312_output_recycle_2,算法高风险,P0,dice=0.900
USGS：锂矿：含锂：产量：澳大利亚（年）,USGS：镍矿：含镍：产量：澳大利亚（年）,LI,NI,YES,0.9,IV1_NEAR key=li_312_output vs ni_312_output_nickel_ore,算法高风险,P0,dice=0.900
SHFE：电解铜：07合约：空单持仓合计：前20期货公司（日）,SHFE：铝：08合约：空单持仓合计：前20期货公司（日）,CU,AL,YES,0.8966,IV1_NEAR key=cu_26_openinterest_top20_front vs al_26_short_top20,算法高风险,P0,dice=0.897
SHFE: 锌: 仓单日报: 期货增减: 日度,SHFE: 镍: 仓单日报: 期货: 日度,ZN,NI,YES,0.8889,IV1_NEAR key=zn_42_warrant_cancel vs ni_21_warrant,算法高风险,P0,dice=0.889
USGS：锡矿：含锡：产量：印尼（年）,USGS：镍矿：含镍：产量：印尼（年）,SN,NI,YES,0.8889,IV1_NEAR key=sn_31_usgs_output_tin_ore vs ni_311_output_nickel_ore_3,算法高风险,P0,dice=0.889
中国海关: 铅板出口量: 月度,中国海关: 镀锌板出口量: 月度,PB,ZN,YES,0.8889,IV1_NEAR key=pb_62_plate_export vs zn_63_coated_export,算法高风险,P0,dice=0.889
中国海关: 铅板出口量: 月度,中国海关: 铜板带出口量: 月度,PB,CU,YES,0.8889,IV1_NEAR key=pb_62_plate_export vs cu_6_3_export_7,算法高风险,P0,dice=0.889
SHFE: 铅: 一月合约: 持仓量: 日度,SHFE: 锌: 六月合约: 持仓量: 日度,PB,ZN,YES,0.8889,IV1_NEAR key=pb_21_aux_6 vs zn_21_openinterest_2,算法高风险,P0,dice=0.889
SHFE: 铅: 六月合约: 成交量: 日度,SHFE: 锌: 一月合约: 成交量: 日度,PB,ZN,YES,0.8889,IV1_NEAR key=pb_21_aux_4 vs zn_21_aux,算法高风险,P0,dice=0.889
SMM: 铅锭五地社会库存: 上海: 周度,SMM: 锡锭社会库存: 上海: 周度,PB,SN,YES,0.8824,IV1_NEAR key=i36 vs sn_43_inv_2,算法高风险,P0,dice=0.882
锌精矿：产量：澳大利亚（季）,锡矿：产量：澳大利亚（季）,ZN,SN,YES,0.88,IV1_NEAR key=zn_312_output_2 vs sn_312_output_3,算法高风险,P0,dice=0.880
锌：矿山产量：澳大利亚（季）,锡矿：产量：澳大利亚（季）,ZN,SN,YES,0.88,IV1_NEAR key=zn_311_aux vs sn_312_output_3,算法高风险,P0,dice=0.880
铜精矿：产量：澳大利亚（季）,锡矿：产量：澳大利亚（季）,CU,SN,YES,0.88,IV1_NEAR key=cu_312_output_conc vs sn_312_output_3,算法高风险,P0,dice=0.880
铜：矿山产量：澳大利亚（季）,锡矿：产量：澳大利亚（季）,CU,SN,YES,0.88,IV1_NEAR key=cu_311_output vs sn_312_output_3,算法高风险,P0,dice=0.880
铝土矿：产量：澳大利亚（季）,锡矿：产量：澳大利亚（季）,AL|AO,SN,YES,0.88,IV1_NEAR key=al_3_1_2_output vs sn_312_output_3,算法高风险,P0,dice=0.880
GFEX：工业硅：主力合约：单边交易：持仓量（日）,GFEX：碳酸锂：主力合约：单边交易：持仓量（日）,SI,LI,YES,0.875,IV1_NEAR key=si_26_openinterest_top20_industria_2 vs li_26_openinterest_top20_4,算法高风险,P0,dice=0.875
SMM: 电解铜供需平衡表: 终端消费量: 月度,SMM: 电解铝平衡: 终端消费量: 月度,CU,AL,YES,0.8718,IV1_NEAR key=cu_5_2_consumption vs cu_5_2_consumption_4,算法高风险,P0,dice=0.872
SMM: 沪铅期现价差: 连二合约: 开盘价: 日度,SMM: 沪锌期现价差: 当月合约: 开盘价: 日度,PB,ZN,YES,0.8636,IV1_NEAR key=pb_24_cash_fut_2 vs zn_24_cash_fut,算法高风险,P0,dice=0.864
SMM: 沪铅期现价差: 连二合约: 开盘价: 日度,SMM: 沪铝期现价差: 当月合约: 开盘价: 日度,PB,AL,YES,0.8636,IV1_NEAR key=pb_24_cash_fut_2 vs al_22_open_spread,算法高风险,P0,dice=0.864
SHFE：电解铜：07合约：空单持仓合计：前20期货公司（日）,SHFE：铝：08合约：多单持仓合计：前20期货公司（日）,CU,AL,YES,0.8621,IV1_NEAR key=cu_26_openinterest_top20_front vs al_26_long_top20,算法高风险,P0,dice=0.862
中国海关: 铜板带出口量: 月度,中国海关: 镀锌板出口量: 月度,CU,ZN,YES,0.8571,IV1_NEAR key=cu_6_3_export_7 vs zn_63_coated_export,算法高风险,P0,dice=0.857
中国海关: 铝土矿进口量: 月度,中国海关: 锌精矿进口量: 月度,AL|AO,ZN,YES,0.8571,IV1_NEAR key=al_6_1_import_8 vs zn_61_conc_import,算法高风险,P0,dice=0.857
精炼锌：产量：澳大利亚（季）,铜精矿：产量：澳大利亚（季）,ZN,CU,YES,0.8462,IV1_NEAR key=zn_312_output_5 vs cu_312_output_conc,算法高风险,P1,dice=0.846
中国海关: 铅板出口量: 月度,中国海关: 铜材出口量: 月度,PB,CU,YES,0.8462,IV1_NEAR key=pb_62_plate_export vs cu_6_3_export_4,算法高风险,P1,dice=0.846
SHFE：铅：期货库存（周）,SHFE：锡：期货库存（日）,PB,SN,YES,0.8462,IV1_NEAR key=pb_41_aux vs sn_23_shfe_inv,算法高风险,P1,dice=0.846
铜精矿：产量：澳大利亚（季）,锌：矿山产量：澳大利亚（季）,CU,ZN,YES,0.8462,IV1_NEAR key=cu_312_output_conc vs zn_311_aux,算法高风险,P1,dice=0.846
铜精矿：产量：澳大利亚（季）,铝土矿：产量：澳大利亚（季）,CU,AL|AO,YES,0.8462,IV1_NEAR key=cu_312_output_conc vs al_3_1_2_output,算法高风险,P1,dice=0.846
铜：矿山产量：澳大利亚（季）,锌精矿：产量：澳大利亚（季）,CU,ZN,YES,0.8462,IV1_NEAR key=cu_311_output vs zn_312_output_2,算法高风险,P1,dice=0.846
铜：矿山产量：澳大利亚（季）,铝土矿：产量：澳大利亚（季）,CU,AL|AO,YES,0.8462,IV1_NEAR key=cu_311_output vs al_3_1_2_output,算法高风险,P1,dice=0.846
铝土矿：产量：澳大利亚（季）,锌精矿：产量：澳大利亚（季）,AL|AO,ZN,YES,0.8462,IV1_NEAR key=al_3_1_2_output vs zn_312_output_2,算法高风险,P1,dice=0.846
铝土矿：产量：澳大利亚（季）,锌：矿山产量：澳大利亚（季）,AL|AO,ZN,YES,0.8462,IV1_NEAR key=al_3_1_2_output vs zn_311_aux,算法高风险,P1,dice=0.846
GFEX：工业硅：单边交易：成交量（日）,GFEX：碳酸锂：单边交易：成交量（日）,SI,LI,YES,0.8421,IV1_NEAR key=si_26_volume_industrial_si vs li_21_volume,算法高风险,P1,dice=0.842
GFEX：工业硅：单边交易：持仓量（日）,GFEX：碳酸锂：单边交易：持仓量（日）,SI,LI,YES,0.8421,IV1_NEAR key=si_26_percentile_openinterest_indu vs li_21_openinterest_3,算法高风险,P1,dice=0.842
中国有色金属工业年鉴：锡精矿：含锡：产量：云南（年）,中国有色金属工业年鉴：镍精矿：含镍：产量：新疆（年）,SN,NI,YES,0.84,IV1_NEAR key=sn_313_output vs ni_31_output,算法高风险,P1,dice=0.840
中国有色金属工业年鉴：铜精矿：含铜：产量：中国（年）,中国有色金属工业年鉴：锡精矿：含锡：产量：云南（年）,CU,SN,YES,0.84,IV1_NEAR key=cu_311_output_conc vs sn_313_output,算法高风险,P1,dice=0.840
中国有色金属工业年鉴：铜精矿：含铜：产量：中国（年）,中国有色金属工业年鉴：镍精矿：含镍：产量：新疆（年）,CU,NI,YES,0.84,IV1_NEAR key=cu_311_output_conc vs ni_31_output,算法高风险,P1,dice=0.840
中国海关: 铅合金出口量: 累计: 月度,中国海关: 锌合金出口量: 月度,PB,ZN,YES,0.8387,IV1_NEAR key=pb_63_alloy_export_2 vs zn_53_alloy_export,算法高风险,P1,dice=0.839
中国海关: 其他精炼铜丝进口量: 月度,中国海关: 精炼锌进口量: 月度,CU,ZN,YES,0.8387,IV1_NEAR key=cu_6_4_import_5 vs zn_62_import_4,算法高风险,P1,dice=0.839
LME：锌：注销仓单（日）,LME：锡：注册仓单（日）,ZN,SN,YES,0.8333,IV1_NEAR key=zn_41_lme_warrant vs sn_42_warrant_2,算法高风险,P1,dice=0.833
USGS：锌矿：含锌：产量：印度（年）,USGS：锡矿：含锡：产量：印尼（年）,ZN,SN,YES,0.8333,IV1_NEAR key=zn_312_output_recycle_3 vs sn_31_usgs_output_tin_ore,算法高风险,P1,dice=0.833
USGS：锌矿：含锌：产量：印度（年）,USGS：镍矿：含镍：产量：印尼（年）,ZN,NI,YES,0.8333,IV1_NEAR key=zn_312_output_recycle_3 vs ni_311_output_nickel_ore_3,算法高风险,P1,dice=0.833
LME：锡：注册仓单（日）,LME：镍：注销仓单（日）,SN,NI,YES,0.8333,IV1_NEAR key=sn_42_warrant_2 vs ni_42_lme_warrant,算法高风险,P1,dice=0.833
SHFE: 铅: 主力合约: 持仓量: 日度,SHFE: 锌: 六月合约: 持仓量: 日度,PB,ZN,YES,0.8333,IV1_NEAR key=pb_41_aux_7 vs zn_21_openinterest_2,算法高风险,P1,dice=0.833
LME铅库存,LME镍库存,PB,NI,YES,0.8333,IV1_NEAR key=i1 vs wr260,算法高风险,P1,dice=0.833
LME：铜：注册仓单（日）,LME：锌：注销仓单（日）,CU,ZN,YES,0.8333,IV1_NEAR key=cu_42_warrant_reg vs zn_41_lme_warrant,算法高风险,P1,dice=0.833
LME：铜：注册仓单（日）,LME：锡：注销仓单（日）,CU,SN,YES,0.8333,IV1_NEAR key=cu_42_warrant_reg vs sn_41_warrant,算法高风险,P1,dice=0.833
LME：铜：注册仓单（日）,LME：镍：注销仓单（日）,CU,NI,YES,0.8333,IV1_NEAR key=cu_42_warrant_reg vs ni_42_lme_warrant,算法高风险,P1,dice=0.833
LME：铜：注册仓单（日）,LME：铝：注销仓单（日）,CU,AL,YES,0.8333,IV1_NEAR key=cu_42_warrant_reg vs al_41_warrant_ratio,算法高风险,P1,dice=0.833
LME：铜：注销仓单（日）,LME：锡：注册仓单（日）,CU,SN,YES,0.8333,IV1_NEAR key=cu_42_warrant_cancel vs sn_42_warrant_2,算法高风险,P1,dice=0.833
LME：铜：注销仓单（日）,LME：铝：注册仓单（日）,CU,AL,YES,0.8333,IV1_NEAR key=cu_42_warrant_cancel vs al_3_lme_warrant,算法高风险,P1,dice=0.833
LME：铝：注销仓单（日）,LME：锡：注册仓单（日）,AL,SN,YES,0.8333,IV1_NEAR key=al_41_warrant_ratio vs sn_42_warrant_2,算法高风险,P1,dice=0.833
LME：铝：注册仓单（日）,LME：锌：注销仓单（日）,AL,ZN,YES,0.8333,IV1_NEAR key=al_3_lme_warrant vs zn_41_lme_warrant,算法高风险,P1,dice=0.833
LME：铝：注册仓单（日）,LME：锡：注销仓单（日）,AL,SN,YES,0.8333,IV1_NEAR key=al_3_lme_warrant vs sn_41_warrant,算法高风险,P1,dice=0.833
LME：铝：注册仓单（日）,LME：镍：注销仓单（日）,AL,NI,YES,0.8333,IV1_NEAR key=al_3_lme_warrant vs ni_42_lme_warrant,算法高风险,P1,dice=0.833
中国海关: 锌精矿进口量: 月度,中国海关: 镍矿进口量: 总: 月度,ZN,NI,YES,0.8276,IV1_NEAR key=zn_61_conc_import vs ni_61_import_4,算法高风险,P1,dice=0.828
精炼锌：产量：澳大利亚（季）,精炼镍：二级：产量：澳大利亚（季）,ZN,NI,YES,0.8276,IV1_NEAR key=zn_312_output_5 vs ni_312_output,算法高风险,P1,dice=0.828
工业硅：产能利用率：中国（月）,铜管企业：产能利用率：中国（月）,SI,CU,YES,0.8276,IV1_NEAR key=si_323_recycle_capacity_util vs cu_51_capacity_util_copper_tube,算法高风险,P1,dice=0.828
SHFE：铅：期货库存：上海（日）,SHFE：锡：期货库存（日）,PB,SN,YES,0.8276,IV1_NEAR key=pb_42_aux vs sn_23_shfe_inv,算法高风险,P1,dice=0.828
中国海关: 铜材出口量: 月度,中国海关: 铝材出口量: 环比: 月度,CU,AL,YES,0.8276,IV1_NEAR key=cu_6_3_export_4 vs al_53_export,算法高风险,P1,dice=0.828
中国海关: 铝土矿进口量: 月度,中国海关: 镍矿进口量: 总: 月度,AL|AO,NI,YES,0.8276,IV1_NEAR key=al_6_1_import_8 vs ni_61_import_4,算法高风险,P1,dice=0.828
GFEX：工业硅：主力合约：单边交易：持仓量（日）,SHFE：锡：主力合约：单边交易：持仓量（日）,SI,SN,YES,0.8261,IV1_NEAR key=si_26_openinterest_top20_industria_2 vs sn_21_shfe_openinterest_front,算法高风险,P1,dice=0.826
GFEX：工业硅：主力合约：单边交易：持仓量（日）,SHFE：镍：主力合约：单边交易：持仓量（日）,SI,NI,YES,0.8261,IV1_NEAR key=si_26_openinterest_top20_industria_2 vs ni_26_openinterest_top20_front_2,算法高风险,P1,dice=0.826
GFEX：工业硅：主力合约：单边交易：持仓量（日）,SHFE：铝：主力合约：单边交易：持仓量（日）,SI,AL,YES,0.8261,IV1_NEAR key=si_26_openinterest_top20_industria_2 vs al_00_openinterest_front,算法高风险,P1,dice=0.826
GFEX：工业硅：主力合约：单边交易：成交量（日）,SHFE：锡：主力合约：单边交易：成交量（日）,SI,SN,YES,0.8261,IV1_NEAR key=si_21_volume_industrial_si vs sn_21_shfe_volume_front,算法高风险,P1,dice=0.826
GFEX：工业硅：主力合约：单边交易：成交量（日）,SHFE：镍：主力合约：单边交易：成交量（日）,SI,NI,YES,0.8261,IV1_NEAR key=si_21_volume_industrial_si vs ni_21_volume_front,算法高风险,P1,dice=0.826
GFEX：工业硅：主力合约：单边交易：成交量（日）,SHFE：铝：主力合约：单边交易：成交量（日）,SI,AL,YES,0.8261,IV1_NEAR key=si_21_volume_industrial_si vs al_00_volume_front,算法高风险,P1,dice=0.826
GFEX：碳酸锂：主力合约：单边交易：持仓量（日）,SHFE：锡：主力合约：单边交易：持仓量（日）,LI,SN,YES,0.8261,IV1_NEAR key=li_26_openinterest_top20_4 vs sn_21_shfe_openinterest_front,算法高风险,P1,dice=0.826
GFEX：碳酸锂：主力合约：单边交易：持仓量（日）,SHFE：镍：主力合约：单边交易：持仓量（日）,LI,NI,YES,0.8261,IV1_NEAR key=li_26_openinterest_top20_4 vs ni_26_openinterest_top20_front_2,算法高风险,P1,dice=0.826
GFEX：碳酸锂：主力合约：单边交易：持仓量（日）,SHFE：铝：主力合约：单边交易：持仓量（日）,LI,AL,YES,0.8261,IV1_NEAR key=li_26_openinterest_top20_4 vs al_00_openinterest_front,算法高风险,P1,dice=0.826
铅锭：进口盈亏（日）,铜：进口盈亏（日）,PB,CU,YES,0.8235,IV1_NEAR key=pb_23_aux_5 vs cu_21_import,算法高风险,P1,dice=0.824
铜：进口盈亏（日）,镍豆：进口盈亏（日）,CU,NI,YES,0.8235,IV1_NEAR key=cu_21_import vs ni_62_import,算法高风险,P1,dice=0.824
SHFE：锌：单边交易：持仓量（日）,SHFE：锡：主力合约：单边交易：持仓量（日）,ZN,SN,YES,0.8205,IV1_NEAR key=zn_26_openinterest_top20 vs sn_21_shfe_openinterest_front,算法高风险,P1,dice=0.821
SHFE：锌：单边交易：持仓量（日）,SHFE：镍：主力合约：单边交易：持仓量（日）,ZN,NI,YES,0.8205,IV1_NEAR key=zn_26_openinterest_top20 vs ni_26_openinterest_top20_front_2,算法高风险,P1,dice=0.821
SHFE：锡：单边交易：持仓量（日）,SHFE：镍：主力合约：单边交易：持仓量（日）,SN,NI,YES,0.8205,IV1_NEAR key=sn_26_openinterest_top20_5 vs ni_26_openinterest_top20_front_2,算法高风险,P1,dice=0.821
SHFE：锡：主力合约：单边交易：持仓量（日）,SHFE：镍：单边交易：持仓量（日）,SN,NI,YES,0.8205,IV1_NEAR key=sn_21_shfe_openinterest_front vs ni_26_percentile_openinterest_top2,算法高风险,P1,dice=0.821
SHFE：铅：单边交易：持仓量（日）,SHFE：锡：主力合约：单边交易：持仓量（日）,PB,SN,YES,0.8205,IV1_NEAR key=pb_21_aux_7 vs sn_21_shfe_openinterest_front,算法高风险,P1,dice=0.821
SHFE：铅：单边交易：持仓量（日）,SHFE：镍：主力合约：单边交易：持仓量（日）,PB,NI,YES,0.8205,IV1_NEAR key=pb_21_aux_7 vs ni_26_openinterest_top20_front_2,算法高风险,P1,dice=0.821
SHFE：铅：单边交易：持仓量（日）,SHFE：铝：主力合约：单边交易：持仓量（日）,PB,AL,YES,0.8205,IV1_NEAR key=pb_21_aux_7 vs al_00_openinterest_front,算法高风险,P1,dice=0.821
SHFE：铅：单边交易：成交量（日）,SHFE：锡：主力合约：单边交易：成交量（日）,PB,SN,YES,0.8205,IV1_NEAR key=pb_21_aux_5 vs sn_21_shfe_volume_front,算法高风险,P1,dice=0.821
SHFE：铅：单边交易：成交量（日）,SHFE：镍：主力合约：单边交易：成交量（日）,PB,NI,YES,0.8205,IV1_NEAR key=pb_21_aux_5 vs ni_21_volume_front,算法高风险,P1,dice=0.821
SHFE：铅：单边交易：成交量（日）,SHFE：铝：主力合约：单边交易：成交量（日）,PB,AL,YES,0.8205,IV1_NEAR key=pb_21_aux_5 vs al_00_volume_front,算法高风险,P1,dice=0.821
SHFE：铝：主力合约：单边交易：持仓量（日）,SHFE：锌：单边交易：持仓量（日）,AL,ZN,YES,0.8205,IV1_NEAR key=al_00_openinterest_front vs zn_26_openinterest_top20,算法高风险,P1,dice=0.821
SHFE：铝：主力合约：单边交易：持仓量（日）,SHFE：锡：单边交易：持仓量（日）,AL,SN,YES,0.8205,IV1_NEAR key=al_00_openinterest_front vs sn_26_openinterest_top20_5,算法高风险,P1,dice=0.821
SHFE：铝：主力合约：单边交易：持仓量（日）,SHFE：镍：单边交易：持仓量（日）,AL,NI,YES,0.8205,IV1_NEAR key=al_00_openinterest_front vs ni_26_percentile_openinterest_top2,算法高风险,P1,dice=0.821
精炼锌：产量：中国（周）,精炼镍：产量：中国（月）,ZN,NI,YES,0.8182,IV1_NEAR key=zn_314_output_2 vs ni_52_output_2,算法高风险,P1,dice=0.818
SMM: 沪铅期现价差: 连二合约: 开盘价: 日度,SMM: 沪铜期现价差-当月合约: 开盘价: 日度,PB,CU,YES,0.8182,IV1_NEAR key=pb_24_cash_fut_2 vs cu_24_open_spread,算法高风险,P1,dice=0.818
精炼镍：产量：中国（月）,锌精矿：产量：中国（月）,NI,ZN,YES,0.8182,IV1_NEAR key=ni_52_output_2 vs zn_313_output_2,算法高风险,P1,dice=0.818
精炼镍：产量：中国（月）,锡精矿：产量：中国（月）,NI,SN,YES,0.8182,IV1_NEAR key=ni_52_output_2 vs sn_312_output_ratio_3,算法高风险,P1,dice=0.818
精炼镍：产量：中国（月）,精铜杆：产量：中国（月）,NI,CU,YES,0.8182,IV1_NEAR key=ni_52_output_2 vs cu_53_output_copper_rod_2,算法高风险,P1,dice=0.818
精铜杆：产量：中国（月）,锌精矿：产量：中国（月）,CU,ZN,YES,0.8182,IV1_NEAR key=cu_53_output_copper_rod_2 vs zn_313_output_2,算法高风险,P1,dice=0.818
精铜杆：产量：中国（月）,锡精矿：产量：中国（月）,CU,SN,YES,0.8182,IV1_NEAR key=cu_53_output_copper_rod_2 vs sn_312_output_ratio_3,算法高风险,P1,dice=0.818
中国海关: 氧化锌出口量: 月度,中国海关: 铅板出口量: 月度,ZN,PB,YES,0.8148,IV1_NEAR key=zn_63_zno_trade vs pb_62_plate_export,算法高风险,P1,dice=0.815
中国海关: 氧化锌出口量: 月度,中国海关: 铜材出口量: 月度,ZN,CU,YES,0.8148,IV1_NEAR key=zn_63_zno_trade vs cu_6_3_export_4,算法高风险,P1,dice=0.815
中国海关: 精炼锌进口量: 月度,中国海关: 铅板进口量: 月度,ZN,PB,YES,0.8148,IV1_NEAR key=zn_62_import_4 vs pb_62_plate_import,算法高风险,P1,dice=0.815
中国海关: 精炼锌出口量: 月度,中国海关: 铅板出口量: 月度,ZN,PB,YES,0.8148,IV1_NEAR key=zn_53_export vs pb_62_plate_export,算法高风险,P1,dice=0.815
中国海关: 精炼锌出口量: 月度,中国海关: 铜材出口量: 月度,ZN,CU,YES,0.8148,IV1_NEAR key=zn_53_export vs cu_6_3_export_4,算法高风险,P1,dice=0.815
LME：锡：注销占比（日）,LME：镍：注销占比：香港（日）,SN,NI,YES,0.8148,IV1_NEAR key=sn_43_ratio vs ni_42_ratio,算法高风险,P1,dice=0.815
工业硅：开工率：中国（月）,锡：加工企业：开工率：中国（月）,SI,SN,YES,0.8148,IV1_NEAR key=si_323_util_recycle_industrial_si vs sn_321_util_2,算法高风险,P1,dice=0.815
中国海关: 铅合金出口量: 月度,中国海关: 铜材出口量: 月度,PB,CU,YES,0.8148,IV1_NEAR key=pb_63_alloy_export vs cu_6_3_export_4,算法高风险,P1,dice=0.815
中国海关: 铅板进口量: 月度,中国海关: 锌精矿进口量: 月度,PB,ZN,YES,0.8148,IV1_NEAR key=pb_62_plate_import vs zn_61_conc_import,算法高风险,P1,dice=0.815
中国海关: 铅板进口量: 月度,中国海关: 阳极铜进口量: 月度,PB,CU,YES,0.8148,IV1_NEAR key=pb_62_plate_import vs cu_321_import,算法高风险,P1,dice=0.815
中国海关: 铅板进口量: 月度,中国海关: 铝土矿进口量: 月度,PB,AL|AO,YES,0.8148,IV1_NEAR key=pb_62_plate_import vs al_6_1_import_8,算法高风险,P1,dice=0.815
中国海关: 铅板出口量: 月度,中国海关: 锌合金出口量: 月度,PB,ZN,YES,0.8148,IV1_NEAR key=pb_62_plate_export vs zn_53_alloy_export,算法高风险,P1,dice=0.815
中国海关: 铅板出口量: 月度,中国海关: 铜杆线出口量: 月度,PB,CU,YES,0.8148,IV1_NEAR key=pb_62_plate_export vs cu_6_3_export_5,算法高风险,P1,dice=0.815
中国海关: 电解镍出口量: 月度,中国海关: 铅板出口量: 月度,NI,PB,YES,0.8148,IV1_NEAR key=ni_63_export_2 vs pb_62_plate_export,算法高风险,P1,dice=0.815
中国海关: 电解镍出口量: 月度,中国海关: 铜材出口量: 月度,NI,CU,YES,0.8148,IV1_NEAR key=ni_63_export_2 vs cu_6_3_export_4,算法高风险,P1,dice=0.815
中国海关: 铜材出口量: 月度,中国海关: 镀锌板出口量: 月度,CU,ZN,YES,0.8148,IV1_NEAR key=cu_6_3_export_4 vs zn_63_coated_export,算法高风险,P1,dice=0.815
中国海关: 铜材出口量: 月度,中国海关: 锌合金出口量: 月度,CU,ZN,YES,0.8148,IV1_NEAR key=cu_6_3_export_4 vs zn_53_alloy_export,算法高风险,P1,dice=0.815
LME：铜：期货库存（日）,LME：镍：期货库存：迪拜（日）,CU,NI,YES,0.8148,IV1_NEAR key=cu_41_lme_inv vs ni_41_lme_inv,算法高风险,P1,dice=0.815
LME：铝：注销占比（日）,LME：镍：注销占比：香港（日）,AL,NI,YES,0.8148,IV1_NEAR key=al_41_lme_warrant_ratio vs ni_42_ratio,算法高风险,P1,dice=0.815
中国海关: 氧化铝进口量: 月度,中国海关: 铅板进口量: 月度,AL|AO,PB,YES,0.8148,IV1_NEAR key=al_3_import_alumina_2 vs pb_62_plate_import,算法高风险,P1,dice=0.815
铝土矿：产量：西澳大利亚州（季）,锡矿：产量：澳大利亚（季）,AL|AO,SN,YES,0.8148,IV1_NEAR key=al_3_1_2_output_2 vs sn_312_output_3,算法高风险,P1,dice=0.815
中国海关: 精炼铅进口量: 俄罗斯: 月度,中国海关: 精炼锌进口量: 月度,PB,ZN,YES,0.8125,IV1_NEAR key=pb_312_aux vs zn_62_import_4,算法高风险,P1,dice=0.812
中国海关: 其他精炼铜丝进口量: 月度,中国海关: 其他铅材进口量: 月度,CU,PB,YES,0.8125,IV1_NEAR key=cu_6_4_import_5 vs pb_63_other_import,算法高风险,P1,dice=0.812
LME：原铝：原产国库存：巴林（月）,LME：锌：特高级：原产国库存：巴林（月）,AL,ZN,YES,0.8108,IV1_NEAR key=al_2_lme_inv vs zn_22_lme_inv,算法高风险,P1,dice=0.811
SHFE: 锌: 仓单日报分地区_上海: 期货: 日度,SHFE: 镍: 仓单日报: 期货: 日度,ZN,NI,YES,0.8,IV1_NEAR key=zn_42_warrant vs ni_21_warrant,算法高风险,P1,dice=0.800
精炼锌：产量：澳大利亚（季）,锡矿：产量：澳大利亚（季）,ZN,SN,YES,0.8,IV1_NEAR key=zn_312_output_5 vs sn_312_output_3,算法高风险,P1,dice=0.800
USGS：锌矿：产量：印度（年）,USGS：锡矿：产量：缅甸（年）,ZN,SN,YES,0.8,IV1_NEAR key=zn_312_output_3 vs sn_311_output_tin_ore,算法高风险,P1,dice=0.800
USGS：锌矿：产量：秘鲁（年）,USGS：锡矿：产量：缅甸（年）,ZN,SN,YES,0.8,IV1_NEAR key=zn_312_output vs sn_311_output_tin_ore,算法高风险,P1,dice=0.800
ILZSG：锌矿：产量：全球（月）,ILZSG 全球铅矿产量: 月度,ZN,PB,YES,0.8,IV1_NEAR key=zn_311_output vs j311_ilm,算法高风险,P1,dice=0.800
GFEX：工业硅：仓单数量（日）,GFEX：碳酸锂：仓单数量（日）,SI,LI,YES,0.8,IV1_NEAR key=si_64_warrant_shipment_industrial_ vs li_42_warrant_ratio,算法高风险,P1,dice=0.800
GFEX：多晶硅：仓单数量（日）,GFEX：碳酸锂：仓单数量（日）,SI,LI,YES,0.8,IV1_NEAR key=si_42_warrant_polysilicon vs li_42_warrant_ratio,算法高风险,P1,dice=0.800
SHFE: 铅: 主力合约: 持仓量: 日度,SHFE：锡：主力合约：单边交易：持仓量（日）,PB,SN,YES,0.8,IV1_NEAR key=pb_41_aux_7 vs sn_21_shfe_openinterest_front,算法高风险,P1,dice=0.800
SHFE: 铅: 主力合约: 持仓量: 日度,SHFE：镍：主力合约：单边交易：持仓量（日）,PB,NI,YES,0.8,IV1_NEAR key=pb_41_aux_7 vs ni_26_openinterest_top20_front_2,算法高风险,P1,dice=0.800
SHFE: 铅: 主力合约: 持仓量: 日度,SHFE：铝：主力合约：单边交易：持仓量（日）,PB,AL,YES,0.8,IV1_NEAR key=pb_41_aux_7 vs al_00_openinterest_front,算法高风险,P1,dice=0.800
SHFE：铅：期货库存（周）,SHFE：铜（BC）：期货库存（周）,PB,CU,YES,0.8,IV1_NEAR key=pb_41_aux vs cu_41_shfe_bc_inv,算法高风险,P1,dice=0.800
USGS：锂矿：产量：智利（年）,USGS：锌矿：产量：印度（年）,LI,ZN,YES,0.8,IV1_NEAR key=li_31_chile_ore_usgs vs zn_312_output_3,算法高风险,P1,dice=0.800
USGS：锂矿：产量：智利（年）,USGS：锌矿：产量：秘鲁（年）,LI,ZN,YES,0.8,IV1_NEAR key=li_31_chile_ore_usgs vs zn_312_output,算法高风险,P1,dice=0.800
USGS：锂矿：产量：智利（年）,USGS：锡矿：产量：缅甸（年）,LI,SN,YES,0.8,IV1_NEAR key=li_31_chile_ore_usgs vs sn_311_output_tin_ore,算法高风险,P1,dice=0.800
锂辉石：产量：澳大利亚（季）,锡矿：产量：澳大利亚（季）,LI,SN,YES,0.8,IV1_NEAR key=li_313_output_2 vs sn_312_output_3,算法高风险,P1,dice=0.800
SMM: 电解铝平衡: 终端消费量: 月度,SMM: 铜产业链平衡: 电解铜终端消费量: 季度,AL,CU,YES,0.8,IV1_NEAR key=cu_5_2_consumption_4 vs cu_5_2_consumption_2,算法高风险,P1,dice=0.800
USGS：铜矿：产量：波兰（年）,USGS：锌矿：产量：印度（年）,CU,ZN,YES,0.8,IV1_NEAR key=cu_312_output vs zn_312_output_3,算法高风险,P1,dice=0.800
USGS：铜矿：产量：波兰（年）,USGS：锌矿：产量：秘鲁（年）,CU,ZN,YES,0.8,IV1_NEAR key=cu_312_output vs zn_312_output,算法高风险,P1,dice=0.800
USGS：铜矿：产量：波兰（年）,USGS：锡矿：产量：缅甸（年）,CU,SN,YES,0.8,IV1_NEAR key=cu_312_output vs sn_311_output_tin_ore,算法高风险,P1,dice=0.800
USGS：铜矿：产量：波兰（年）,USGS：锂矿：产量：智利（年）,CU,LI,YES,0.8,IV1_NEAR key=cu_312_output vs li_31_chile_ore_usgs,算法高风险,P1,dice=0.800
SHFE：铜（BC）：年成交量（日）,SHFE：锡：年成交量（日）,CU,SN,YES,0.8,IV1_NEAR key=cu_24_openinterest_volume vs sn_21_volume,算法高风险,P1,dice=0.800
SMM: 电解铜供需平衡表-预测值: 终端消费量: 月度,SMM: 电解铝平衡: 终端消费量: 月度,CU,AL,YES,0.7907,IV1_NEAR key=cu_5_2_consumption_3 vs cu_5_2_consumption_4,算法高风险,P1,dice=0.791
中国有色金属工业年鉴：电解铜：产量：中国（年）,中国有色金属工业年鉴：锌锭：产量：秘鲁（年）,CU,ZN,YES,0.7907,IV1_NEAR key=cu_45_output vs zn_312_output_9,算法高风险,P1,dice=0.791
中国有色金属工业年鉴：电解铜：产量：中国（年）,中国有色金属工业年鉴：锌锭：产量：印度（年）,CU,ZN,YES,0.7907,IV1_NEAR key=cu_45_output vs zn_312_output_6,算法高风险,P1,dice=0.791
中国有色金属工业年鉴：再生铜：产量：埃及（年）,中国有色金属工业年鉴：锌锭：产量：秘鲁（年）,CU,ZN,YES,0.7907,IV1_NEAR key=cu_321_output_recycle vs zn_312_output_9,算法高风险,P1,dice=0.791
中国有色金属工业年鉴：再生铜：产量：埃及（年）,中国有色金属工业年鉴：锌锭：产量：印度（年）,CU,ZN,YES,0.7907,IV1_NEAR key=cu_321_output_recycle vs zn_312_output_6,算法高风险,P1,dice=0.791
样本企业：精炼锌：产能利用率：中国（月）,精炼镍：产能利用率：中国（月）,ZN,NI,YES,0.7879,IV1_NEAR key=zn_323_recycle_capacity_util vs ni_321_capacity_util,算法高风险,P1,dice=0.788
USGS：锌矿：产量：印度（年）,USGS：锡矿：含锡：产量：印尼（年）,ZN,SN,YES,0.7879,IV1_NEAR key=zn_312_output_3 vs sn_31_usgs_output_tin_ore,算法高风险,P1,dice=0.788
USGS：锌矿：产量：印度（年）,USGS：镍矿：含镍：产量：印尼（年）,ZN,NI,YES,0.7879,IV1_NEAR key=zn_312_output_3 vs ni_311_output_nickel_ore_3,算法高风险,P1,dice=0.788
中国海关: 精炼铅进口量: 澳大利亚: 月度,中国海关: 精炼锌进口量: 月度,PB,ZN,YES,0.7879,IV1_NEAR key=pb_312_aux_5 vs zn_62_import_4,算法高风险,P1,dice=0.788
LME：原铝：原产国库存：巴林（月）,LME：锡：原产国库存：埃及（月）,AL,SN,YES,0.7879,IV1_NEAR key=al_2_lme_inv vs sn_41_lme_inv,算法高风险,P1,dice=0.788
LME：原铝：原产国库存：巴林（月）,LME：镍：原产国库存：埃及（月）,AL,NI,YES,0.7879,IV1_NEAR key=al_2_lme_inv vs ni_43_inv_percentile,算法高风险,P1,dice=0.788
中国海关: 氧化锌出口量: 月度,中国海关: 铅合金出口量: 月度,ZN,PB,YES,0.7857,IV1_NEAR key=zn_63_zno_trade vs pb_63_alloy_export,算法高风险,P1,dice=0.786
中国海关: 氧化锌出口量: 月度,中国海关: 电解镍出口量: 月度,ZN,NI,YES,0.7857,IV1_NEAR key=zn_63_zno_trade vs ni_63_export_2,算法高风险,P1,dice=0.786
中国海关: 氧化锌出口量: 月度,中国海关: 铜板带出口量: 月度,ZN,CU,YES,0.7857,IV1_NEAR key=zn_63_zno_trade vs cu_6_3_export_7,算法高风险,P1,dice=0.786
中国海关: 氧化锌出口量: 月度,中国海关: 铜杆线出口量: 月度,ZN,CU,YES,0.7857,IV1_NEAR key=zn_63_zno_trade vs cu_6_3_export_5,算法高风险,P1,dice=0.786
中国海关: 精炼锌进口量: 月度,中国海关: 铅合金进口量: 月度,ZN,PB,YES,0.7857,IV1_NEAR key=zn_62_import_4 vs pb_63_alloy_import,算法高风险,P1,dice=0.786
中国海关: 精炼锌进口量: 月度,中国海关: 阳极铜进口量: 月度,ZN,CU,YES,0.7857,IV1_NEAR key=zn_62_import_4 vs cu_321_import,算法高风险,P1,dice=0.786
中国海关: 精炼锌进口量: 月度,中国海关: 铝土矿进口量: 月度,ZN,AL|AO,YES,0.7857,IV1_NEAR key=zn_62_import_4 vs al_6_1_import_8,算法高风险,P1,dice=0.786
中国海关: 锌精矿进口量: 月度,中国海关: 阳极铜进口量: 月度,ZN,CU,YES,0.7857,IV1_NEAR key=zn_61_conc_import vs cu_321_import,算法高风险,P1,dice=0.786
中国海关: 精炼锌出口量: 月度,中国海关: 铅合金出口量: 月度,ZN,PB,YES,0.7857,IV1_NEAR key=zn_53_export vs pb_63_alloy_export,算法高风险,P1,dice=0.786
中国海关: 精炼锌出口量: 月度,中国海关: 铜板带出口量: 月度,ZN,CU,YES,0.7857,IV1_NEAR key=zn_53_export vs cu_6_3_export_7,算法高风险,P1,dice=0.786
中国海关: 精炼锌出口量: 月度,中国海关: 铜杆线出口量: 月度,ZN,CU,YES,0.7857,IV1_NEAR key=zn_53_export vs cu_6_3_export_5,算法高风险,P1,dice=0.786
氧化锌企业：开工率：中国（月）,硫酸镍企业：开工率：中国（月）,ZN,NI,YES,0.7857,IV1_NEAR key=zn_52_util_2 vs ni_322_util_5,算法高风险,P1,dice=0.786
工业硅：产能利用率：中国（月）,精炼镍：产能利用率：中国（月）,SI,NI,YES,0.7857,IV1_NEAR key=si_323_recycle_capacity_util vs ni_321_capacity_util,算法高风险,P1,dice=0.786
多晶硅：产能利用率：中国（月）,精炼镍：产能利用率：中国（月）,SI,NI,YES,0.7857,IV1_NEAR key=si_312_capacity_util_2 vs ni_321_capacity_util,算法高风险,P1,dice=0.786
中国海关: 铅合金进口量: 月度,中国海关: 锌精矿进口量: 月度,PB,ZN,YES,0.7857,IV1_NEAR key=pb_63_alloy_import vs zn_61_conc_import,算法高风险,P1,dice=0.786
中国海关: 铅合金进口量: 月度,中国海关: 阳极铜进口量: 月度,PB,CU,YES,0.7857,IV1_NEAR key=pb_63_alloy_import vs cu_321_import,算法高风险,P1,dice=0.786
中国海关: 铅合金进口量: 月度,中国海关: 铝土矿进口量: 月度,PB,AL|AO,YES,0.7857,IV1_NEAR key=pb_63_alloy_import vs al_6_1_import_8,算法高风险,P1,dice=0.786
中国海关: 铅合金出口量: 月度,中国海关: 镀锌板出口量: 月度,PB,ZN,YES,0.7857,IV1_NEAR key=pb_63_alloy_export vs zn_63_coated_export,算法高风险,P1,dice=0.786
中国海关: 铅合金出口量: 月度,中国海关: 铜板带出口量: 月度,PB,CU,YES,0.7857,IV1_NEAR key=pb_63_alloy_export vs cu_6_3_export_7,算法高风险,P1,dice=0.786
中国海关: 铅合金出口量: 月度,中国海关: 铜杆线出口量: 月度,PB,CU,YES,0.7857,IV1_NEAR key=pb_63_alloy_export vs cu_6_3_export_5,算法高风险,P1,dice=0.786
中国海关: 铅板进口量: 月度,中国海关: 镍矿进口量: 总: 月度,PB,NI,YES,0.7857,IV1_NEAR key=pb_62_plate_import vs ni_61_import_4,算法高风险,P1,dice=0.786
中国海关: 电解镍出口量: 月度,中国海关: 镀锌板出口量: 月度,NI,ZN,YES,0.7857,IV1_NEAR key=ni_63_export_2 vs zn_63_coated_export,算法高风险,P1,dice=0.786
中国海关: 电解镍出口量: 月度,中国海关: 精炼锌出口量: 月度,NI,ZN,YES,0.7857,IV1_NEAR key=ni_63_export_2 vs zn_53_export,算法高风险,P1,dice=0.786
中国海关: 电解镍出口量: 月度,中国海关: 锌合金出口量: 月度,NI,ZN,YES,0.7857,IV1_NEAR key=ni_63_export_2 vs zn_53_alloy_export,算法高风险,P1,dice=0.786
中国海关: 电解镍出口量: 月度,中国海关: 铅合金出口量: 月度,NI,PB,YES,0.7857,IV1_NEAR key=ni_63_export_2 vs pb_63_alloy_export,算法高风险,P1,dice=0.786
中国海关: 电解镍出口量: 月度,中国海关: 铜板带出口量: 月度,NI,CU,YES,0.7857,IV1_NEAR key=ni_63_export_2 vs cu_6_3_export_7,算法高风险,P1,dice=0.786
中国海关: 电解镍出口量: 月度,中国海关: 铜杆线出口量: 月度,NI,CU,YES,0.7857,IV1_NEAR key=ni_63_export_2 vs cu_6_3_export_5,算法高风险,P1,dice=0.786
LME：铅：注销仓单：新加坡（日）,LME：锌：注销仓单（日）,PB,ZN,YES,0.7857,IV1_NEAR key=i20 vs zn_41_lme_warrant,算法高风险,P1,dice=0.786
LME：铅：注销仓单：新加坡（日）,LME：锡：注销仓单（日）,PB,SN,YES,0.7857,IV1_NEAR key=i20 vs sn_41_warrant,算法高风险,P1,dice=0.786
LME：铅：注销仓单：新加坡（日）,LME：镍：注销仓单（日）,PB,NI,YES,0.7857,IV1_NEAR key=i20 vs ni_42_lme_warrant,算法高风险,P1,dice=0.786
LME：铅：注销仓单：新加坡（日）,LME：铜：注销仓单（日）,PB,CU,YES,0.7857,IV1_NEAR key=i20 vs cu_42_warrant_cancel,算法高风险,P1,dice=0.786
LME：铅：注销仓单：新加坡（日）,LME：铝：注销仓单（日）,PB,AL,YES,0.7857,IV1_NEAR key=i20 vs al_41_warrant_ratio,算法高风险,P1,dice=0.786
LME：铅：注册仓单：新加坡（日）,LME：锡：注册仓单（日）,PB,SN,YES,0.7857,IV1_NEAR key=i19 vs sn_42_warrant_2,算法高风险,P1,dice=0.786
LME：铅：注册仓单：新加坡（日）,LME：铜：注册仓单（日）,PB,CU,YES,0.7857,IV1_NEAR key=i19 vs cu_42_warrant_reg,算法高风险,P1,dice=0.786
LME：铅：注册仓单：新加坡（日）,LME：铝：注册仓单（日）,PB,AL,YES,0.7857,IV1_NEAR key=i19 vs al_3_lme_warrant,算法高风险,P1,dice=0.786
中国海关: 铜板带出口量: 月度,中国海关: 锌合金出口量: 月度,CU,ZN,YES,0.7857,IV1_NEAR key=cu_6_3_export_7 vs zn_53_alloy_export,算法高风险,P1,dice=0.786
中国海关: 铜杆线出口量: 月度,中国海关: 镀锌板出口量: 月度,CU,ZN,YES,0.7857,IV1_NEAR key=cu_6_3_export_5 vs zn_63_coated_export,算法高风险,P1,dice=0.786
中国海关: 铜杆线出口量: 月度,中国海关: 锌合金出口量: 月度,CU,ZN,YES,0.7857,IV1_NEAR key=cu_6_3_export_5 vs zn_53_alloy_export,算法高风险,P1,dice=0.786
铜精矿：产量：澳大利亚（季）,铝土矿：产量：西澳大利亚州（季）,CU,AL|AO,YES,0.7857,IV1_NEAR key=cu_312_output_conc vs al_3_1_2_output_2,算法高风险,P1,dice=0.786
铜：矿山产量：澳大利亚（季）,铝土矿：产量：西澳大利亚州（季）,CU,AL|AO,YES,0.7857,IV1_NEAR key=cu_311_output vs al_3_1_2_output_2,算法高风险,P1,dice=0.786
中国海关: 铝土矿进口量: 月度,中国海关: 阳极铜进口量: 月度,AL|AO,CU,YES,0.7857,IV1_NEAR key=al_6_1_import_8 vs cu_321_import,算法高风险,P1,dice=0.786
氧化铝：港口库存：锦州港（周）,锌精矿：港口库存：锦州港（周）,AL|AO,ZN,YES,0.7857,IV1_NEAR key=al_64_alumina_port_inv_jz vs zn_312_port_inv_2,算法高风险,P1,dice=0.786
中国海关: 氧化铝进口量: 月度,中国海关: 精炼锌进口量: 月度,AL|AO,ZN,YES,0.7857,IV1_NEAR key=al_3_import_alumina_2 vs zn_62_import_4,算法高风险,P1,dice=0.786
中国海关: 氧化铝进口量: 月度,中国海关: 锌精矿进口量: 月度,AL|AO,ZN,YES,0.7857,IV1_NEAR key=al_3_import_alumina_2 vs zn_61_conc_import,算法高风险,P1,dice=0.786
中国海关: 氧化铝进口量: 月度,中国海关: 铅合金进口量: 月度,AL|AO,PB,YES,0.7857,IV1_NEAR key=al_3_import_alumina_2 vs pb_63_alloy_import,算法高风险,P1,dice=0.786
中国海关: 氧化铝进口量: 月度,中国海关: 阳极铜进口量: 月度,AL|AO,CU,YES,0.7857,IV1_NEAR key=al_3_import_alumina_2 vs cu_321_import,算法高风险,P1,dice=0.786
铝土矿：产量：西澳大利亚州（季）,锌精矿：产量：澳大利亚（季）,AL|AO,ZN,YES,0.7857,IV1_NEAR key=al_3_1_2_output_2 vs zn_312_output_2,算法高风险,P1,dice=0.786
铝土矿：产量：西澳大利亚州（季）,锌：矿山产量：澳大利亚（季）,AL|AO,ZN,YES,0.7857,IV1_NEAR key=al_3_1_2_output_2 vs zn_311_aux,算法高风险,P1,dice=0.786
铅锭：国产：1#：≥99.994%：升贴水：天津（日）,锌锭：0#：Zn≥99.995%：升贴水：天津（日）,PB,ZN,YES,0.7843,IV1_NEAR key=pb_22_aux_5 vs zn_22_premium_3,算法高风险,P1,dice=0.784
铅锭：国产：1#：≥99.994%：升贴水：广东（日）,锌锭：0#：Zn≥99.995%：升贴水：广东（日）,PB,ZN,YES,0.7843,IV1_NEAR key=pb_22_aux_3 vs zn_43_premium,算法高风险,P1,dice=0.784
氢氧化锂：产量：中国（月）,氧化铝：产量：中国（周）,LI,AL|AO,YES,0.7826,IV1_NEAR key=li_323_output_recycle vs al_2_output_alumina,算法高风险,P1,dice=0.783
矿产粗铜：产量：中国（月）,锌精矿：产量：中国（月）,CU,ZN,YES,0.7826,IV1_NEAR key=cu_321_output vs zn_313_output_2,算法高风险,P1,dice=0.783
矿产粗铜：产量：中国（月）,锡精矿：产量：中国（月）,CU,SN,YES,0.7826,IV1_NEAR key=cu_321_output vs sn_312_output_ratio_3,算法高风险,P1,dice=0.783
USGS：硅铁及金属硅：表观消费量：美国（年）,USGS：精炼锌：表观消费量：美国（年）,SI,ZN,YES,0.7805,IV1_NEAR key=si_51_cons vs zn_51_cons_3,算法高风险,P1,dice=0.780
SMM: 进口盈亏: 铅: 现货: 关税: 日度,SMM: 进口盈亏: 锡: 现货: LME价格: 日度,PB,SN,YES,0.7805,IV1_NEAR key=pb_62_aux_2 vs sn_22_price,算法高风险,P1,dice=0.780
SMM: 进口盈亏: 铅: 现货: 关税: 日度,SMM: 进口盈亏: 镍: 现货: LME价格: 日度,PB,NI,YES,0.7805,IV1_NEAR key=pb_62_aux_2 vs ni_21_lme_price,算法高风险,P1,dice=0.780
SMM: 铅精矿进口盈亏: 盈亏: 日度,SMM: 锌精矿日度进口盈亏: 锌精矿进口盈亏: 日度,PB,ZN,YES,0.7805,IV1_NEAR key=pb_62_aux vs zn_61_conc_imp_pnl,算法高风险,P1,dice=0.780
LME：铜：3个月合约：结算价（日）,LME：铝：3个月合约：结算价（日）· 月差参考锚,CU,AL,YES,0.7805,IV1_NEAR key=cu_23_lme_settle vs al_24_lme_spread,算法高风险,P1,dice=0.780
USGS：锌矿：含锌：产量：印度（年）,USGS：锡矿：含锡：产量：缅甸（年）,ZN,SN,YES,0.7778,IV1_NEAR key=zn_312_output_recycle_3 vs sn_323_output_recycle_2,算法高风险,P1,dice=0.778
USGS：锌矿：含锌：产量：秘鲁（年）,USGS：锡矿：含锡：产量：缅甸（年）,ZN,SN,YES,0.7778,IV1_NEAR key=zn_312_output_recycle vs sn_323_output_recycle_2,算法高风险,P1,dice=0.778
USGS：锌矿：含锌：产量：秘鲁（年）,USGS：锡矿：含锡：产量：印尼（年）,ZN,SN,YES,0.7778,IV1_NEAR key=zn_312_output_recycle vs sn_31_usgs_output_tin_ore,算法高风险,P1,dice=0.778
USGS：锌矿：含锌：产量：秘鲁（年）,USGS：镍矿：含镍：产量：印尼（年）,ZN,NI,YES,0.7778,IV1_NEAR key=zn_312_output_recycle vs ni_311_output_nickel_ore_3,算法高风险,P1,dice=0.778
USGS：锡矿：含锡：产量：缅甸（年）,USGS：镍矿：含镍：产量：印尼（年）,SN,NI,YES,0.7778,IV1_NEAR key=sn_323_output_recycle_2 vs ni_311_output_nickel_ore_3,算法高风险,P1,dice=0.778
GFEX：工业硅：单边交易：成交量（日）,SHFE：铅：单边交易：成交量（日）,SI,PB,YES,0.7778,IV1_NEAR key=si_26_volume_industrial_si vs pb_21_aux_5,算法高风险,P1,dice=0.778
GFEX：工业硅：单边交易：持仓量（日）,SHFE：锌：单边交易：持仓量（日）,SI,ZN,YES,0.7778,IV1_NEAR key=si_26_percentile_openinterest_indu vs zn_26_openinterest_top20,算法高风险,P1,dice=0.778
GFEX：工业硅：单边交易：持仓量（日）,SHFE：锡：单边交易：持仓量（日）,SI,SN,YES,0.7778,IV1_NEAR key=si_26_percentile_openinterest_indu vs sn_26_openinterest_top20_5,算法高风险,P1,dice=0.778
GFEX：工业硅：单边交易：持仓量（日）,SHFE：铅：单边交易：持仓量（日）,SI,PB,YES,0.7778,IV1_NEAR key=si_26_percentile_openinterest_indu vs pb_21_aux_7,算法高风险,P1,dice=0.778
GFEX：工业硅：单边交易：持仓量（日）,SHFE：镍：单边交易：持仓量（日）,SI,NI,YES,0.7778,IV1_NEAR key=si_26_percentile_openinterest_indu vs ni_26_percentile_openinterest_top2,算法高风险,P1,dice=0.778
LME: 铅: 非注册仓单库存: 总计: 日度,LME: 锌仓库注册仓单: 合计: 日度,PB,ZN,YES,0.7778,IV1_NEAR key=pb_45_aux vs zn_64_lme_reg,算法高风险,P1,dice=0.778
铅锭：进口盈亏（日）,镍豆：进口盈亏（日）,PB,NI,YES,0.7778,IV1_NEAR key=pb_23_aux_5 vs ni_62_import,算法高风险,P1,dice=0.778
USGS：锂矿：含锂：产量：全球（年）,USGS：锌矿：含锌：产量：印度（年）,LI,ZN,YES,0.7778,IV1_NEAR key=li_312_output_2 vs zn_312_output_recycle_3,算法高风险,P1,dice=0.778
USGS：锂矿：含锂：产量：全球（年）,USGS：锌矿：含锌：产量：秘鲁（年）,LI,ZN,YES,0.7778,IV1_NEAR key=li_312_output_2 vs zn_312_output_recycle,算法高风险,P1,dice=0.778
USGS：锂矿：含锂：产量：全球（年）,USGS：锡矿：含锡：产量：缅甸（年）,LI,SN,YES,0.7778,IV1_NEAR key=li_312_output_2 vs sn_323_output_recycle_2,算法高风险,P1,dice=0.778
USGS：锂矿：含锂：产量：全球（年）,USGS：锡矿：含锡：产量：印尼（年）,LI,SN,YES,0.7778,IV1_NEAR key=li_312_output_2 vs sn_31_usgs_output_tin_ore,算法高风险,P1,dice=0.778
USGS：锂矿：含锂：产量：全球（年）,USGS：镍矿：含镍：产量：印尼（年）,LI,NI,YES,0.7778,IV1_NEAR key=li_312_output_2 vs ni_311_output_nickel_ore_3,算法高风险,P1,dice=0.778
GFEX：碳酸锂：单边交易：成交量（日）,SHFE：铅：单边交易：成交量（日）,LI,PB,YES,0.7778,IV1_NEAR key=li_21_volume vs pb_21_aux_5,算法高风险,P1,dice=0.778
GFEX：碳酸锂：单边交易：持仓量（日）,SHFE：锌：单边交易：持仓量（日）,LI,ZN,YES,0.7778,IV1_NEAR key=li_21_openinterest_3 vs zn_26_openinterest_top20,算法高风险,P1,dice=0.778
GFEX：碳酸锂：单边交易：持仓量（日）,SHFE：锡：单边交易：持仓量（日）,LI,SN,YES,0.7778,IV1_NEAR key=li_21_openinterest_3 vs sn_26_openinterest_top20_5,算法高风险,P1,dice=0.778
GFEX：碳酸锂：单边交易：持仓量（日）,SHFE：铅：单边交易：持仓量（日）,LI,PB,YES,0.7778,IV1_NEAR key=li_21_openinterest_3 vs pb_21_aux_7,算法高风险,P1,dice=0.778
GFEX：碳酸锂：单边交易：持仓量（日）,SHFE：镍：单边交易：持仓量（日）,LI,NI,YES,0.7778,IV1_NEAR key=li_21_openinterest_3 vs ni_26_percentile_openinterest_top2,算法高风险,P1,dice=0.778
再生铜杆：64家样本企业：产量：中国（月）,样本企业：原生锌：产量：中国（月）,CU,ZN,YES,0.7778,IV1_NEAR key=cu_323_output_recycle vs zn_72_output_3,算法高风险,P1,dice=0.778
中国海关: 铅锭进口量: 累计: 月度,中国海关: 镍矿进口量: 总: 月度,PB,NI,YES,0.7742,IV1_NEAR key=pb_314_aux vs ni_61_import_4,算法高风险,P1,dice=0.774
中国海关: 其他精炼铜丝进口量: 月度,中国海关: 锌精矿进口量: 月度,CU,ZN,YES,0.7742,IV1_NEAR key=cu_6_4_import_5 vs zn_61_conc_import,算法高风险,P1,dice=0.774
精炼锌：产量：澳大利亚（季）,锂辉石：产量：澳大利亚（季）,ZN,LI,YES,0.7692,IV1_NEAR key=zn_312_output_5 vs li_313_output_2,算法高风险,P1,dice=0.769
精炼锌：产量：澳大利亚（季）,铜：矿山产量：澳大利亚（季）,ZN,CU,YES,0.7692,IV1_NEAR key=zn_312_output_5 vs cu_311_output,算法高风险,P1,dice=0.769
精炼锌：产量：澳大利亚（季）,铝土矿：产量：澳大利亚（季）,ZN,AL|AO,YES,0.7692,IV1_NEAR key=zn_312_output_5 vs al_3_1_2_output,算法高风险,P1,dice=0.769
COMEX：锌：期货库存（日）,LME：铜：期货库存（日）,ZN,CU,YES,0.7692,IV1_NEAR key=zn_23_comex vs cu_41_lme_inv,算法高风险,P1,dice=0.769
工业硅：开工率：中国（月）,氧化锌企业：开工率：中国（月）,SI,ZN,YES,0.7692,IV1_NEAR key=si_323_util_recycle_industrial_si vs zn_52_util_2,算法高风险,P1,dice=0.769
工业硅：开工率：中国（月）,硫酸镍企业：开工率：中国（月）,SI,NI,YES,0.7692,IV1_NEAR key=si_323_util_recycle_industrial_si vs ni_322_util_5,算法高风险,P1,dice=0.769
工业硅：产量：东北地区（月）,精炼镍：产量：东北地区（月）,SI,NI,YES,0.7692,IV1_NEAR key=si_312_output_recycle vs ni_45_output,算法高风险,P1,dice=0.769
GFEX：工业硅：基差（日）,GFEX：碳酸锂：基差（日）,SI,LI,YES,0.7692,IV1_NEAR key=si_24_basis_industrial_si vs li_22_basis_carbonate_battery,算法高风险,P1,dice=0.769
精炼镍：开工率：中国（月）,锡：冶炼厂：开工率：中国（月）,NI,SN,YES,0.7692,IV1_NEAR key=ni_53_util vs sn_71_util,算法高风险,P1,dice=0.769
氢氧化锂开工率,氧化铝开工率,LI,AL|AO,YES,0.7692,IV1_NEAR key=li_35_util vs wr57,算法高风险,P1,dice=0.769
锂辉石：产量：澳大利亚（季）,锌精矿：产量：澳大利亚（季）,LI,ZN,YES,0.7692,IV1_NEAR key=li_313_output_2 vs zn_312_output_2,算法高风险,P1,dice=0.769
锂辉石：产量：澳大利亚（季）,锌：矿山产量：澳大利亚（季）,LI,ZN,YES,0.7692,IV1_NEAR key=li_313_output_2 vs zn_311_aux,算法高风险,P1,dice=0.769
电解铜：现货库存：江苏（日）,电解铝：现货库存：天津（日）,CU,AL,YES,0.7692,IV1_NEAR key=cu_43_stock_js vs al_4_inv_aluminum,算法高风险,P1,dice=0.769
电解铜：现货库存：广东（日）,电解铝：现货库存：天津（日）,CU,AL,YES,0.7692,IV1_NEAR key=cu_43_stock_gd vs al_4_inv_aluminum,算法高风险,P1,dice=0.769
铜精矿：产量：澳大利亚（季）,锂辉石：产量：澳大利亚（季）,CU,LI,YES,0.7692,IV1_NEAR key=cu_312_output_conc vs li_313_output_2,算法高风险,P1,dice=0.769
铜：矿山产量：澳大利亚（季）,锂辉石：产量：澳大利亚（季）,CU,LI,YES,0.7692,IV1_NEAR key=cu_311_output vs li_313_output_2,算法高风险,P1,dice=0.769
电解铜：现货库存：中国（日）,电解铝：厂内库存：中国（日）,CU,AL,YES,0.7692,IV1_NEAR key=cu_23_inv vs al_4_inv_aluminum_2,算法高风险,P1,dice=0.769
电解铜：现货库存：中国（日）,电解铝：现货库存：天津（日）,CU,AL,YES,0.7692,IV1_NEAR key=cu_23_inv vs al_4_inv_aluminum,算法高风险,P1,dice=0.769
氧化铝：港口库存：中国（周）,锌精矿：港口库存：中国（周）,AL|AO,ZN,YES,0.7692,IV1_NEAR key=al_61_alumina_port_inv vs zn_312_port_inv,算法高风险,P1,dice=0.769
氧化铝：港口库存：中国（周）,铜精矿：港口库存：中国（周）,AL|AO,CU,YES,0.7692,IV1_NEAR key=al_61_alumina_port_inv vs cu_64_cu_conc_port_inv,算法高风险,P1,dice=0.769
铝土矿：产量：澳大利亚（季）,锂辉石：产量：澳大利亚（季）,AL|AO,LI,YES,0.7692,IV1_NEAR key=al_3_1_2_output vs li_313_output_2,算法高风险,P1,dice=0.769
COMEX：铝：期货库存（日）,LME：铜：期货库存（日）,AL,CU,YES,0.7692,IV1_NEAR key=al_00_comex_inv vs cu_41_lme_inv,算法高风险,P1,dice=0.769
样本企业：精炼锌：产能利用率：中国（月）,铜管企业：产能利用率：中国（月）,ZN,CU,YES,0.7647,IV1_NEAR key=zn_323_recycle_capacity_util vs cu_51_capacity_util_copper_tube,算法高风险,P1,dice=0.765
样本企业：原生锌：产能利用率：中国（月）,铜管企业：产能利用率：中国（月）,ZN,CU,YES,0.7647,IV1_NEAR key=zn_321_capacity_util vs cu_51_capacity_util_copper_tube,算法高风险,P1,dice=0.765
中国海关: 镍矿进口量: 总: 月度,韩国海关: 韩国铅精矿进口量: 总计: 月度,NI,PB,YES,0.7647,IV1_NEAR key=ni_61_import_4 vs pb_314_aux_3,算法高风险,P1,dice=0.765
SMM: 铅锭五地社会库存: 天津: 周度,SMM: 锡锭社会库存: 上海: 周度,PB,SN,YES,0.7647,IV1_NEAR key=i35 vs sn_43_inv_2,算法高风险,P1,dice=0.765
SMM: 铅锭五地社会库存: 浙江: 周度,SMM: 锡锭社会库存: 上海: 周度,PB,SN,YES,0.7647,IV1_NEAR key=i34 vs sn_43_inv_2,算法高风险,P1,dice=0.765
SMM: 铅锭五地社会库存: 江苏: 周度,SMM: 锡锭社会库存: 上海: 周度,PB,SN,YES,0.7647,IV1_NEAR key=i33 vs sn_43_inv_2,算法高风险,P1,dice=0.765
SMM: 铅锭五地社会库存: 广东: 周度,SMM: 锡锭社会库存: 上海: 周度,PB,SN,YES,0.7647,IV1_NEAR key=i32 vs sn_43_inv_2,算法高风险,P1,dice=0.765
再生锌：产量：中国（月）,铜管：产量：中国（月）,ZN,CU,YES,0.7619,IV1_NEAR key=zn_323_output_recycle vs cu_53_output_copper_tube,算法高风险,P1,dice=0.762
再生锌：产量：中国（月）,铜棒：产量：中国（月）,ZN,CU,YES,0.7619,IV1_NEAR key=zn_323_output_recycle vs cu_53_output_copper_rod,算法高风险,P1,dice=0.762
多晶硅：产量：中国（月）,铜管：产量：中国（月）,SI,CU,YES,0.7619,IV1_NEAR key=si_52_output_polysilicon vs cu_53_output_copper_tube,算法高风险,P1,dice=0.762
多晶硅：产量：中国（月）,铜棒：产量：中国（月）,SI,CU,YES,0.7619,IV1_NEAR key=si_52_output_polysilicon vs cu_53_output_copper_rod,算法高风险,P1,dice=0.762
铅锭：进口盈亏（日）,锌锭：进口盈亏：含税（日）,PB,ZN,YES,0.7619,IV1_NEAR key=pb_23_aux_5 vs zn_323_import_recycle_3,算法高风险,P1,dice=0.762
铅锭：进口盈亏（日）,锡锭：现货：进口盈亏（日）,PB,SN,YES,0.7619,IV1_NEAR key=pb_23_aux_5 vs sn_23_import,算法高风险,P1,dice=0.762
精炼镍：产量：中国（月）,铜管：产量：中国（月）,NI,CU,YES,0.7619,IV1_NEAR key=ni_52_output_2 vs cu_53_output_copper_tube,算法高风险,P1,dice=0.762
精炼镍：产量：中国（月）,铜棒：产量：中国（月）,NI,CU,YES,0.7619,IV1_NEAR key=ni_52_output_2 vs cu_53_output_copper_rod,算法高风险,P1,dice=0.762
碳酸锂：产量：中国（月）,铜管：产量：中国（月）,LI,CU,YES,0.7619,IV1_NEAR key=li_323_output_recycle_carbonate vs cu_53_output_copper_tube,算法高风险,P1,dice=0.762
碳酸锂：产量：中国（月）,铜棒：产量：中国（月）,LI,CU,YES,0.7619,IV1_NEAR key=li_323_output_recycle_carbonate vs cu_53_output_copper_rod,算法高风险,P1,dice=0.762
铜管：产量：中国（月）,锌合金：产量：中国（月）,CU,ZN,YES,0.7619,IV1_NEAR key=cu_53_output_copper_tube vs zn_63_output,算法高风险,P1,dice=0.762
铜管：产量：中国（月）,锌精矿：产量：中国（月）,CU,ZN,YES,0.7619,IV1_NEAR key=cu_53_output_copper_tube vs zn_313_output_2,算法高风险,P1,dice=0.762
铜管：产量：中国（月）,锡精矿：产量：中国（月）,CU,SN,YES,0.7619,IV1_NEAR key=cu_53_output_copper_tube vs sn_312_output_ratio_3,算法高风险,P1,dice=0.762
铜棒：产量：中国（月）,锌合金：产量：中国（月）,CU,ZN,YES,0.7619,IV1_NEAR key=cu_53_output_copper_rod vs zn_63_output,算法高风险,P1,dice=0.762
铜棒：产量：中国（月）,锌精矿：产量：中国（月）,CU,ZN,YES,0.7619,IV1_NEAR key=cu_53_output_copper_rod vs zn_313_output_2,算法高风险,P1,dice=0.762
铜棒：产量：中国（月）,锡精矿：产量：中国（月）,CU,SN,YES,0.7619,IV1_NEAR key=cu_53_output_copper_rod vs sn_312_output_ratio_3,算法高风险,P1,dice=0.762
LME：铜：3个月合约：结算价（日）,LME：铝：3个月合约：结算价（日）· 历史估值分位,CU,AL,YES,0.7619,IV1_NEAR key=cu_23_lme_settle vs al_25_lme_quantile,算法高风险,P1,dice=0.762
中国海关: 精炼锌进口量: 月度,中国海关: 铅蓄电池进口量: 月度,ZN,PB,YES,0.7586,IV1_NEAR key=zn_62_import_4 vs pb_63_battery_import,算法高风险,P1,dice=0.759
中国海关: 精炼锌进口量: 月度,中国海关: 镍矿进口量: 总: 月度,ZN,NI,YES,0.7586,IV1_NEAR key=zn_62_import_4 vs ni_61_import_4,算法高风险,P1,dice=0.759
氧化锌企业：开工率：中国（月）,锡：加工企业：开工率：中国（月）,ZN,SN,YES,0.7586,IV1_NEAR key=zn_52_util_2 vs sn_321_util_2,算法高风险,P1,dice=0.759
多晶硅：产能利用率：中国（月）,铜管企业：产能利用率：中国（月）,SI,CU,YES,0.7586,IV1_NEAR key=si_312_capacity_util_2 vs cu_51_capacity_util_copper_tube,算法高风险,P1,dice=0.759
中国海关: 其他铅材进口量: 月度,中国海关: 精炼锌进口量: 月度,PB,ZN,YES,0.7586,IV1_NEAR key=pb_63_other_import vs zn_62_import_4,算法高风险,P1,dice=0.759
中国海关: 其他铅材进口量: 月度,中国海关: 锌精矿进口量: 月度,PB,ZN,YES,0.7586,IV1_NEAR key=pb_63_other_import vs zn_61_conc_import,算法高风险,P1,dice=0.759
中国海关: 其他铅材进口量: 月度,中国海关: 阳极铜进口量: 月度,PB,CU,YES,0.7586,IV1_NEAR key=pb_63_other_import vs cu_321_import,算法高风险,P1,dice=0.759
中国海关: 其他铅材进口量: 月度,中国海关: 铝土矿进口量: 月度,PB,AL|AO,YES,0.7586,IV1_NEAR key=pb_63_other_import vs al_6_1_import_8,算法高风险,P1,dice=0.759
中国海关: 其他铅材进口量: 月度,中国海关: 氧化铝进口量: 月度,PB,AL|AO,YES,0.7586,IV1_NEAR key=pb_63_other_import vs al_3_import_alumina_2,算法高风险,P1,dice=0.759
中国海关: 铅蓄电池进口量: 月度,中国海关: 锌精矿进口量: 月度,PB,ZN,YES,0.7586,IV1_NEAR key=pb_63_battery_import vs zn_61_conc_import,算法高风险,P1,dice=0.759
中国海关: 铅蓄电池进口量: 月度,中国海关: 阳极铜进口量: 月度,PB,CU,YES,0.7586,IV1_NEAR key=pb_63_battery_import vs cu_321_import,算法高风险,P1,dice=0.759
中国海关: 铅蓄电池进口量: 月度,中国海关: 铝土矿进口量: 月度,PB,AL|AO,YES,0.7586,IV1_NEAR key=pb_63_battery_import vs al_6_1_import_8,算法高风险,P1,dice=0.759
中国海关: 铅合金进口量: 月度,中国海关: 镍矿进口量: 总: 月度,PB,NI,YES,0.7586,IV1_NEAR key=pb_63_alloy_import vs ni_61_import_4,算法高风险,P1,dice=0.759
中国海关: 铅板出口量: 月度,中国海关: 铝材出口量: 环比: 月度,PB,AL,YES,0.7586,IV1_NEAR key=pb_62_plate_export vs al_53_export,算法高风险,P1,dice=0.759
中国海关: 镍矿进口量: 总: 月度,中国海关: 阳极铜进口量: 月度,NI,CU,YES,0.7586,IV1_NEAR key=ni_61_import_4 vs cu_321_import,算法高风险,P1,dice=0.759
硫酸镍企业：开工率：中国（月）,锡：加工企业：开工率：中国（月）,NI,SN,YES,0.7586,IV1_NEAR key=ni_322_util_5 vs sn_321_util_2,算法高风险,P1,dice=0.759
精炼镍：产能利用率：中国（月）,铜管企业：产能利用率：中国（月）,NI,CU,YES,0.7586,IV1_NEAR key=ni_321_capacity_util vs cu_51_capacity_util_copper_tube,算法高风险,P1,dice=0.759
精炼镍：二级：产量：澳大利亚（季）,锌精矿：产量：澳大利亚（季）,NI,ZN,YES,0.7586,IV1_NEAR key=ni_312_output vs zn_312_output_2,算法高风险,P1,dice=0.759
精炼镍：二级：产量：澳大利亚（季）,铜精矿：产量：澳大利亚（季）,NI,CU,YES,0.7586,IV1_NEAR key=ni_312_output vs cu_312_output_conc,算法高风险,P1,dice=0.759
铜精矿：港口库存：中国（周）,铝土矿：进口：港口库存：中国（周）,CU,AL|AO,YES,0.7586,IV1_NEAR key=cu_64_cu_conc_port_inv vs al_62_import,算法高风险,P1,dice=0.759
电解铜：表观消费量累计值：中国（月）,电解铝：消费量：中国（月）,CU,AL,YES,0.7586,IV1_NEAR key=cu_51_apparent_cons vs al_52_cons,算法高风险,P1,dice=0.759
电解铜：实际消费量累计值：中国（月）,电解铝：消费量：中国（月）,CU,AL,YES,0.7586,IV1_NEAR key=cu_51_actual_cons vs al_52_cons,算法高风险,P1,dice=0.759
铝土矿：进口：港口库存：中国（周）,锌精矿：港口库存：中国（周）,AL|AO,ZN,YES,0.7586,IV1_NEAR key=al_62_import vs zn_312_port_inv,算法高风险,P1,dice=0.759
中国海关: 氧化铝进口量: 月度,中国海关: 铅蓄电池进口量: 月度,AL|AO,PB,YES,0.7586,IV1_NEAR key=al_3_import_alumina_2 vs pb_63_battery_import,算法高风险,P1,dice=0.759
中国海关: 氧化铝进口量: 月度,中国海关: 镍矿进口量: 总: 月度,AL|AO,NI,YES,0.7586,IV1_NEAR key=al_3_import_alumina_2 vs ni_61_import_4,算法高风险,P1,dice=0.759
USGS：锌矿：含锌：产量：印度（年）,USGS：锡矿：含锡：产量：俄罗斯（年）,ZN,SN,YES,0.7568,IV1_NEAR key=zn_312_output_recycle_3 vs sn_31_usgs_output_tin_ore_2,算法高风险,P1,dice=0.757
USGS：锌矿：含锌：产量：秘鲁（年）,USGS：锡矿：含锡：产量：俄罗斯（年）,ZN,SN,YES,0.7568,IV1_NEAR key=zn_312_output_recycle vs sn_31_usgs_output_tin_ore_2,算法高风险,P1,dice=0.757
USGS：锡矿：含锡：产量：俄罗斯（年）,USGS：镍矿：含镍：产量：印尼（年）,SN,NI,YES,0.7568,IV1_NEAR key=sn_31_usgs_output_tin_ore_2 vs ni_311_output_nickel_ore_3,算法高风险,P1,dice=0.757
USGS：锂矿：含锂：产量：全球（年）,USGS：锡矿：含锡：产量：俄罗斯（年）,LI,SN,YES,0.7568,IV1_NEAR key=li_312_output_2 vs sn_31_usgs_output_tin_ore_2,算法高风险,P1,dice=0.757
有色冶炼企业：样本企业：电解铜：产能利用率：中国（月）,样本企业：精炼锌：产能利用率：中国（月）,CU,ZN,YES,0.7556,IV1_NEAR key=cu_44_capacity_util vs zn_323_recycle_capacity_util,算法高风险,P1,dice=0.756
中国海关: 锌精矿进口量: 月度,中国海关铅精矿进口量,ZN,PB,YES,0.75,IV1_NEAR key=zn_61_conc_import vs i40,算法高风险,P1,dice=0.750
锌锭：进口盈亏：含税（日）,锡锭：现货：进口盈亏（日）,ZN,SN,YES,0.75,IV1_NEAR key=zn_323_import_recycle_3 vs sn_23_import,算法高风险,P1,dice=0.750
USGS：锡矿：含锡：产量：印尼（年）,USGS：镍矿：含镍：产量：新喀里多尼亚（年）,SN,NI,YES,0.75,IV1_NEAR key=sn_31_usgs_output_tin_ore vs ni_311_output_nickel_ore_2,算法高风险,P1,dice=0.750
工业硅：开工率：中国（月）,精炼镍：开工率：中国（月）,SI,NI,YES,0.75,IV1_NEAR key=si_323_util_recycle_industrial_si vs ni_53_util,算法高风险,P1,dice=0.750
中国海关: 精炼铅进口量: 俄罗斯: 月度,中国海关: 锌精矿进口量: 月度,PB,ZN,YES,0.75,IV1_NEAR key=pb_312_aux vs zn_61_conc_import,算法高风险,P1,dice=0.750
ICSG：电解铜：产量：全球（月）,ILZSG：锌矿：产量：全球（月）,CU,ZN,YES,0.75,IV1_NEAR key=cu_322_output vs zn_311_output,算法高风险,P1,dice=0.750
废铝：社会库存：中国（月）,铜杆：社会库存：中国（日）,AL,CU,YES,0.75,IV1_NEAR key=al_323_inv_scrap vs cu_43_social_stock,算法高风险,P1,dice=0.750
工厂库存天数（天）,碳酸锂工厂库存天数,-,LI,YES,0.7059,RISK_DB RISK-045/P1 (BL-012),警告,P1,BL-012(库存天数与库存量互斥)
工厂库存天数时序图,碳酸锂工厂库存天数,-,LI,YES,0.6667,RISK_DB RISK-046/P1 (BL-012),警告,P1,BL-012(库存天数与库存量互斥)
电解镍,电解铜,NI,CU,YES,0.6667,BLACKLIST BL-022(镍与铜跨品种禁止),品种口径,P1,
COMEX镍持仓量（手）,COMEX：铜：主力合约：持仓量（日）,NI,CU,YES,0.6207,RISK_DB RISK-014/P0 (BL-022),跨品种,P0,BL-022(镍与铜跨品种禁止)
多晶硅工厂库存天数（天）,碳酸锂工厂库存天数,SI,LI,YES,0.6,RISK_DB RISK-042/P1 (BL-012),警告,P1,BL-012(库存天数与库存量互斥)
金属硅工厂库存天数（天）,碳酸锂工厂库存天数,SI,LI,YES,0.6,RISK_DB RISK-043/P1 (BL-012),警告,P1,BL-012(库存天数与库存量互斥)
印尼锡精矿产量（万吨）,印尼精炼镍产量,SN,NI,YES,0.5882,RISK_DB RISK-026/P0 (BL-018),跨品种,P0,BL-018(跨品种匹配禁止)
印尼锡精矿产量时序图,印尼精炼镍产量,SN,NI,YES,0.5882,RISK_DB RISK-028/P0 (BL-018),跨品种,P0,BL-018(跨品种匹配禁止)
厂内库存天数（天）,碳酸锂工厂库存天数,-,LI,YES,0.5882,RISK_DB RISK-039/P1 (BL-012),警告,P1,BL-012(库存天数与库存量互斥)
印尼锡精矿产量占比（%）,印尼精炼镍产量,SN,NI,YES,0.5556,RISK_DB RISK-027/P0 (BL-018),跨品种,P0,BL-018(跨品种匹配禁止)
库存天数（天）,碳酸锂工厂库存天数,-,LI,YES,0.5333,RISK_DB RISK-038/P1 (BL-012),警告,P1,BL-012(库存天数与库存量互斥)
电解镍厂库存天数（天）,碳酸锂工厂库存天数,NI,LI,YES,0.5263,RISK_DB RISK-040/P1 (BL-012),警告,P1,BL-012(库存天数与库存量互斥)
高冰镍厂库存天数（天）,碳酸锂工厂库存天数,NI,LI,YES,0.5263,RISK_DB RISK-041/P1 (BL-012),警告,P1,BL-012(库存天数与库存量互斥)
国内锌锭消费量（万吨）,国内锡锭产量,ZN,SN,YES,0.5,RISK_DB RISK-033/P0 (BL-025),口径冲突,P0,BL-025(消费量与产量互斥(反向))
在途库存天数（天）,锂矿 外采 在途库存,-,LI,YES,0.5,RISK_DB RISK-047/P1 (BL-012),警告,P1,BL-012(库存天数与库存量互斥)
国内锌厂内库存天数（天）,碳酸锂工厂库存天数,ZN,LI,YES,0.5,RISK_DB RISK-050/P1 (BL-012),警告,P1,BL-012(库存天数与库存量互斥)
印尼镍精矿TC（美元/吨干矿）,铜精矿：长单TC价（年）,NI,CU,YES,0.4,RISK_DB RISK-016/P0 (BL-022),跨品种,P0,BL-022(镍与铜跨品种禁止)
LME锡库存（吨）,LME：镍：注册仓单（日）,SN,NI,YES,0.4,RISK_DB RISK-024/P0 (BL-018),跨品种,P0,BL-018(跨品种匹配禁止)
菲律宾镍精矿TC（美元/吨干矿）,铜精矿：长单TC价（年）,NI,CU,YES,0.3846,RISK_DB RISK-017/P0 (BL-022),跨品种,P0,BL-022(镍与铜跨品种禁止)
其他电池(磷酸铁锂) 销量,SMM: 境内其他电池产量: 月度,LI,-,YES,0.3704,RISK_DB RISK-003/P0 (BL-003),互斥,P0,销量与产量互斥
LME锡交易所库存（手）,LME：镍：注册仓单（日）,SN,NI,YES,0.3478,RISK_DB RISK-029/P0 (BL-018),跨品种,P0,BL-018(跨品种匹配禁止)
国内硅矿月加工费TC（元/吨）,铜管：H62：加工费：安徽（月）,SI,CU,YES,0.3448,RISK_DB RISK-022/P0 (BL-019),跨品种,P0,BL-019(硅与铜跨品种禁止)
社会库存天数（天）,锡锭：库存：中国（周）,-,SN,YES,0.3333,RISK_DB RISK-044/P1 (BL-012),警告,P1,BL-012(库存天数与库存量互斥)
LME镍现金价格（美元/吨）、LME镍3个月期货价格（美元/吨）、现金-3个月月差（美元/吨）,LME：铜：期货价格：全球（月）,NI,CU,YES,0.2951,RISK_DB RISK-015/P0 (BL-022),跨品种,P0,BL-022(镍与铜跨品种禁止)
LME锡库存时序图,LME：镍：注册仓单（日）,SN,NI,YES,0.2857,RISK_DB RISK-025/P0 (BL-018),跨品种,P0,BL-018(跨品种匹配禁止)
LME锡交易所库存时序图,LME：镍：注册仓单（日）,SN,NI,YES,0.25,RISK_DB RISK-030/P0 (BL-018),跨品种,P0,BL-018(跨品种匹配禁止)
Mysteel镍精矿TC、Mysteel镍厂库存总量,铜精矿：长单TC价（年）,NI,CU,YES,0.2162,RISK_DB RISK-020/P0 (BL-022),跨品种,P0,BL-022(镍与铜跨品种禁止)
Mysteel镍精矿TC、Mysteel中国精炼镍在途库存,铜精矿：长单TC价（年）,NI,CU,YES,0.2,RISK_DB RISK-021/P0 (BL-022),跨品种,P0,BL-022(镍与铜跨品种禁止)
锡表观消费量（万吨）,镀锌板卷：钢铁企业：产量：中国（周）,SN,ZN,YES,0.1538,RISK_DB RISK-031/P0 (BL-025),口径冲突,P0,BL-025(消费量与产量互斥(反向))
焊锡表观消费量时序图,镀锌板卷：钢铁企业：产量：中国（周）,SN,ZN,YES,0.0741,RISK_DB RISK-032/P0 (BL-025),口径冲突,P0,BL-025(消费量与产量互斥(反向))
工业级碳酸锂利润（元/吨）,工业级碳酸锂产量,LI,LI,NO,0.6,RISK_DB RISK-035/P1 (BL-016),警告,P1,BL-016(利润与产量互斥)
电池级碳酸锂利润（元/吨）,电池级碳酸锂产量,LI,LI,NO,0.6,RISK_DB RISK-036/P1 (BL-016),警告,P1,BL-016(利润与产量互斥)
新能源乘用车 产量,SMM: 国产乘用车销量-新能源汽车: 周度,-,-,NO,0.5714,RISK_DB RISK-006/P0 (BL-002),互斥,P0,产量与销量互斥
电池级碳酸锂冶炼利润（元/吨）,电池级碳酸锂产量,LI,LI,NO,0.5455,RISK_DB RISK-037/P1 (BL-016),警告,P1,BL-016(利润与产量互斥)
盐湖提锂利润（元/吨）,盐湖提锂产量,LI,LI,NO,0.5,RISK_DB RISK-034/P1 (BL-016),警告,P1,BL-016(利润与产量互斥)
LME主要仓库场内库存,LME：非仓单库存：欧洲（日）,-,-,NO,0.48,RISK_DB RISK-001/P0 (BL-005),互斥,P0,场内库存与非仓单库存互斥
碳酸锂 三元523需求,SMM: 碳酸锂现金生产利润: 外购三元极片黑粉（Li: 5.5%-6.5%）:,LI,LI,NO,0.2667,RISK_DB RISK-002/P0 (BL-009),口径冲突,P0,利润与需求口径冲突
