template_id,series_name,indicator_key,original_zhiji_id,final_zhiji_id,verify_status,verify_note
TPL-AO-001,三网均价-内蒙古,wr34,ID01721686,ID01721686,VALID,氧化铝：长单均价：内蒙古（月）
TPL-AO-002,东澳氧化铝FOB,wr39,s22801708,s22801708,VALID,
TPL-AO-003,印尼氧化铝FOB,wr41,s22801713,s22801713,VALID,
TPL-AO-004,氧化铝现货vs长协价格,wr43,a12804835,a12804835,VALID,
TPL-AO-005,澳洲氧化铝FOB,wr44,s20016733,s20016733,VALID,
TPL-AO-006,铝土矿产量-山西-SMM,wr77,a10016225,a10016225,VALID,
TPL-AO-007,铝土矿产量-河南-SMM,wr60,a10016226,a10016226,VALID,
TPL-AO-008,铝土矿产量-贵州-SMM,,,a12798728,FILLED,重检索填充: indicators_v1 模糊匹配 (al_3_1_2_output_3)
TPL-AO-009,铝土矿库存-河南-SMM,wr84,a10015882,a10015882,VALID,
TPL-AO-010,国产铝土矿-华北-低品(山西),,,ID01724147,FILLED,"重检索填充: search (score=0.55, name=铝土矿：国产：消费量：河北（月）)"
TPL-AO-011,国产铝土矿-华北-低品(河南),,,ID01724147,FILLED,"重检索填充: search (score=0.55, name=铝土矿：国产：消费量：河北（月）)"
TPL-AO-012,国产铝土矿-华北-高品(山西),,,ID01724147,FILLED,"重检索填充: search (score=0.55, name=铝土矿：国产：消费量：河北（月）)"
TPL-AO-013,国产铝土矿-华北-高品(河南),,,ID01724147,FILLED,"重检索填充: search (score=0.55, name=铝土矿：国产：消费量：河北（月）)"
TPL-AO-014,国产铝土矿-华南-低品(广西),wr61,a12862360,a12862360,VALID,
TPL-AO-015,国产铝土矿-华南-低品(贵州),wr62,a12862475,a12862475,VALID,
TPL-AO-016,国产铝土矿-华南-高品(广西),,,ID01724143,FILLED,"重检索填充: search (score=0.55, name=铝土矿：国产：消费量：河南（月）)"
TPL-AO-017,国产铝土矿-华南-高品(贵州),,,ID01724143,FILLED,"重检索填充: search (score=0.55, name=铝土矿：国产：消费量：河南（月）)"
TPL-AO-018,氧化铝利润,wr45,a12807545,a12807545,VALID,
TPL-AO-019,氧化铝(河南)完全成本,wr58,a12767886,a12767886,VALID,
TPL-AO-020,氧化铝库存-阿拉丁-堆场站台,,,a12857834,FILLED,"重检索填充: search (score=0.57, name=SMM:中国氧化铝在途&站台堆积:库存量:周度)"
TPL-AO-021,氧化铝库存-阿拉丁-总计,,,a10015876,FILLED,"重检索填充: search (score=0.67, name=SMM: 氧化铝厂铝土矿库存: 总计: 月度)"
TPL-AO-022,氧化铝库存-阿拉丁-氧化铝厂,wr56,ID01721691,ID01721691,VALID,氧化铝：厂内库存：中国：电解铝厂（周）
TPL-AO-023,氧化铝库存-阿拉丁-电解铝厂,wr55,a12756244,a12756244,VALID,
TPL-AO-024,氧化铝厂内库存(除新疆)-钢联,wr52,ID01721655,ID01721655,VALID,氧化铝：厂内库存：中国（除新疆）（周）
TPL-AO-025,氧化铝库存-钢联,wr53,a12818113,a12818113,VALID,
TPL-AO-026,氧化铝库存-阿拉丁-堆场站台,,,a12857834,FILLED,"重检索填充: search (score=0.57, name=SMM:中国氧化铝在途&站台堆积:库存量:周度)"
TPL-AO-027,氧化铝库存-阿拉丁-总计,,,a10015876,FILLED,"重检索填充: search (score=0.67, name=SMM: 氧化铝厂铝土矿库存: 总计: 月度)"
TPL-AO-028,氧化铝库存-阿拉丁-电解铝厂,wr55,a12756244,a12756244,VALID,
TPL-AO-029,期货库存:氧化铝,,,a12717300,FILLED,"重检索填充: search (score=1.00, name=SHFE: 氧化铝: 库存周报: 库存增减期货: 周度)"
TPL-AO-030,期货库存:氧化铝-新疆,,,a12717325,FILLED,"重检索填充: search (score=1.00, name=SHFE: 氧化铝: 库存周报分地区_新疆: 库存增减期货: 周度)"
TPL-AO-031,期货库存:氧化铝-广西,,,a12797861,FILLED,"重检索填充: search (score=1.00, name=SHFE: 氧化铝: 库存周报分地区_广西: 库存增减期货: 周度)"
TPL-AO-032,氧化铝建成产能,wr28,ID01001835,ID01001835,VALID,氧化铝：建成产能：中国（月）
TPL-AO-033,氧化铝运行产能-阿拉丁,wr29,a12839459,a12839459,VALID,
TPL-AO-034,SMM中国氧化铝月度产量-山东,wr30,a12792935,a12792935,VALID,
TPL-AO-035,SMM中国氧化铝月度产量-总量,wr31,a10096752,a10096752,VALID,
TPL-AO-036,SMM中国氧化铝月度产量-河南,wr32,ID01001748,ID01001748,VALID,氧化铝：产量：河南（月）
TPL-AO-037,氧化铝出口,wr90,a10167792,a10167792,VALID,
TPL-AO-038,氧化铝净出口,wr89,a10031613,a10031613,VALID,
TPL-AO-038,氧化铝净出口减少30,wr89,a10031613,a10031613,VALID,
TPL-AO-039,氧化铝进口,wr91,a10167790,a10167790,VALID,
TPL-AO-040,氧化铝与刚玉净出口,,,CM0000077816,FILLED,"重检索填充: search (score=0.78, name=氧化铝，除人造刚玉：出口数量：贵州（月）)"
TPL-AO-041,铝土矿库存：总计-SMM,,,a10015876,FILLED,"重检索填充: search (score=0.88, name=SMM: 氧化铝厂铝土矿库存: 总计: 月度)"
TPL-AO-042,海漂库存-全球主要国家-钢联,wr73,ID01201231,,INVALID,API错误: HTTP 500
TPL-AO-043,铝土矿到港量-曹妃甸港,wr79,a10118264,a10118264,VALID,
TPL-AO-044,铝土矿到港量-港口汇总-百川,wr80,a10118269,a10118269,VALID,
TPL-AO-045,铝土矿到港量-烟台港,wr81,a10118270,a10118270,VALID,
TPL-AO-046,铝土矿到港量-青岛港,wr82,a10118268,a10118268,VALID,
TPL-AO-047,铝土矿产量-全国总计-SMM,,,a12798728,FILLED,重检索填充: indicators_v1 模糊匹配 (al_3_1_2_output_3)
TPL-AO-048,铝土矿产量-山西-SMM,wr77,a10016225,a10016225,VALID,
TPL-AO-049,铝土矿产量-广西-SMM,,,a12798728,FILLED,重检索填充: indicators_v1 模糊匹配 (al_3_1_2_output_3)
TPL-AO-050,铝土矿产量-河南-SMM,wr60,a10016226,a10016226,VALID,
TPL-AO-051,铝土矿产量-贵州-SMM,,,a12798728,FILLED,重检索填充: indicators_v1 模糊匹配 (al_3_1_2_output_3)
TPL-AO-052,铝土矿产量-重庆-SMM,wr78,a10016233,a10016233,VALID,
TPL-AO-053,铝土矿库存-总计-SMM,,,a10015876,FILLED,"重检索填充: search (score=1.00, name=SMM: 氧化铝厂铝土矿库存: 总计: 月度)"
TPL-AO-054,铝土矿产量-合计-百川,wr76,a10016229,a10016229,VALID,
TPL-AO-055,铝土矿产量-山西省-百川,,,a10016225,FILLED,"重检索填充: search (score=0.67, name=SMM: 铝土矿产量: 山西: 月度)"
TPL-AO-056,铝土矿产量-河南省-百川,,,a10016226,FILLED,"重检索填充: search (score=0.67, name=SMM: 铝土矿产量: 河南: 月度)"
TPL-AO-057,到港量-海关-几内亚,wr71,a10016313,a10016313,VALID,
TPL-AO-058,发运量-路透-几内亚总和,,,,MISSING,候选ID无效: API错误: HTTP 500
TPL-AO-059,铝土矿进口-总量,wr87,a10016324,a10016324,VALID,
TPL-AO-060,铝土矿进口-澳大利亚,wr88,ID01655446,ID01655446,VALID,铝土矿：进口金额：澳大利亚（季）
TPL-AO-061,铝土矿进口-塞拉利昂,,,a10016313,FILLED,重检索填充: indicators_v1 模糊匹配 (al_3_1_4_import)
TPL-AO-062,到港量-海关-几内亚,wr71,a10016313,a10016313,VALID,
TPL-AO-063,铝土矿产量-全国总计-SMM,,,a12798728,FILLED,重检索填充: indicators_v1 模糊匹配 (al_3_1_2_output_3)
TPL-SI-001,工业硅价格-421#(昆明),wr205,a10154493,a10154493,VALID,
TPL-SI-002,工业硅价格-441#(华东),wr206,a10102016,a10102016,VALID,
TPL-SI-003,工业硅价格-441#(天津港),wr207,ID00258568,ID00258568,VALID,工业硅：441#通氧：市场价：天津（日）
TPL-SI-004,工业硅价格-通氧553#(华东),wr208,s20020311,s20020311,VALID,
TPL-SI-005,新疆工业硅价格(SMM),wr209,ID01305501,ID01305501,VALID,工业硅：421#：汇总价格：新疆（日）
TPL-SI-006,多晶硅月度产量(SMM),,,a10148711,FILLED,"重检索填充: search (score=1.00, name=SMM: 多晶硅产量: 月度)"
TPL-SI-007,硅片月度产量(SMM),,,a10151003,FILLED,"重检索填充: search (score=1.00, name=SMM: 硅片产量: 月度)"
TPL-SI-008,云南木炭工艺生产成本,wr231,ID02313951,ID02313951,VALID,工业硅：421#：生产成本：木炭：云南（周）
TPL-SI-009,工业硅电价成本,si_71_power,ID01857527,ID01857527,VALID,工业硅：生产企业：电价：甘肃（日）
TPL-SI-010,工业硅云南样本周度产量,wr210,ID01877461,ID01877461,VALID,工业硅：产量：云南（周）
TPL-SI-011,多晶硅工厂库存,,,a10169466,FILLED,"重检索填充: search (score=0.86, name=SMM: 多晶硅生产厂家库存: 周度)"
TPL-SI-012,SMM-云南样本周度库存,wr223,a10157304,a10157304,VALID,
TPL-SI-013,SMM-四川样本周度库存,wr224,a12812951,a12812951,VALID,
TPL-SI-014,工业硅样本工厂库存(SMM),,,ID01037467,FILLED,"重检索填充: search (score=0.67, name=苯乙烯：样本工厂：厂内库存：中国（周）)"
TPL-SI-014,中国金属硅周度社会库存：天津港,社库,ID00188319,ID00188319,VALID,电解铜：现货库存：上海（日）
TPL-SI-015,金属硅周度社会库存-合计,社库,ID00188319,ID00188319,VALID,电解铜：现货库存：上海（日）
TPL-SI-016,工业硅显性总库存,wr226,a12862942,a12862942,VALID,
TPL-SI-017,工业硅样本工厂库存(SMM),,,ID01037467,FILLED,"重检索填充: search (score=0.67, name=苯乙烯：样本工厂：厂内库存：中国（周）)"
TPL-SI-018,工业硅社会库存(SMM),wr227,a12811428,a12811428,VALID,
TPL-SI-019,工业硅供需平衡,,,a12868665,FILLED,"重检索填充: search (score=0.86, name=世界黄金协会: 全球黄金供需平衡: 电子工业: 年度)"
TPL-SI-020,中国工业硅周度产量,wr201,a12804276,a12804276,VALID,
TPL-SI-021,工业硅云南样本周度产量,wr210,ID01877461,ID01877461,VALID,工业硅：产量：云南（周）
TPL-SI-022,工业硅周度产量(SMM),,,a12795314,FILLED,"重检索填充: search (score=1.00, name=SMM: 西北工业硅调研样本产量: 周度)"
TPL-SI-022,中国工业硅周度产量（万吨）,wr201,a12804276,a12804276,VALID,
TPL-SI-023,工业硅周度产量(百川),,,a12795314,FILLED,"重检索填充: search (score=1.00, name=SMM: 西北工业硅调研样本产量: 周度)"
TPL-SI-023,中国工业硅周度产量（万吨）,wr201,a12804276,a12804276,VALID,
TPL-SI-024,工业硅云南样本周度产量,wr210,ID01877461,ID01877461,VALID,工业硅：产量：云南（周）
TPL-SI-025,多晶硅工厂库存,,,a10169466,FILLED,"重检索填充: search (score=0.86, name=SMM: 多晶硅生产厂家库存: 周度)"
TPL-SI-026,DMC全国开工率,开工率,ID01448357,,INVALID,API错误: HTTP 500
TPL-SI-026,DMC:全国:开工率,开工率,ID01448357,,INVALID,API错误: HTTP 500
TPL-SI-027,DMC周度产量,,,a10169478,FILLED,"重检索填充: search (score=0.71, name=SMM: 硅片产量: 周度)"
TPL-SI-028,再生铝合金龙头开工率,开工率,ID01448357,,INVALID,API错误: HTTP 500
TPL-SI-029,硅片价格-N型182mm,wr219,ID01994882,ID01994882,VALID,硅片：单晶N型：182-183.75mm：130μm：市场均价：美元计（周）
TPL-SI-030,硅片价格-N型210mm,wr220,ID02048300,ID02048300,VALID,硅片：210单晶N型：210mm/130μm：均价（周）
TPL-SI-031,多晶硅下月预计产量,wr211,a12731896,a12731896,VALID,
TPL-SI-032,多晶硅产能,wr213,j02799420,j02799420,VALID,
TPL-SI-033,多晶硅产量,wr214,a12853285,a12853285,VALID,
TPL-SI-034,多晶硅开工率,wr217,a10155018,a10155018,VALID,
TPL-SI-034,中国多晶硅产能统计,wr213,j02799420,j02799420,VALID,
TPL-SI-034,中国多晶硅开工率,开工率,ID01448357,,INVALID,API错误: HTTP 500
TPL-SI-035,多晶硅月度产量(SMM),,,a10148711,FILLED,"重检索填充: search (score=1.00, name=SMM: 多晶硅产量: 月度)"
TPL-SI-036,多晶硅产量,wr214,a12853285,a12853285,VALID,
TPL-SI-037,多晶硅月度产量(SMM),,,a10148711,FILLED,"重检索填充: search (score=1.00, name=SMM: 多晶硅产量: 月度)"
TPL-SI-038,工业硅云南样本周度产量,wr210,ID01877461,ID01877461,VALID,工业硅：产量：云南（周）
TPL-SI-039,工业硅周度产量(SMM),,,a12795314,FILLED,"重检索填充: search (score=1.00, name=SMM: 西北工业硅调研样本产量: 周度)"
TPL-SI-040,工业硅周度产量(百川),,,a12795314,FILLED,"重检索填充: search (score=1.00, name=SMM: 西北工业硅调研样本产量: 周度)"
TPL-SI-041,硅片月度产量(SMM),,,a10151003,FILLED,"重检索填充: search (score=1.00, name=SMM: 硅片产量: 月度)"
TPL-SI-042,硅片预测月度产量,wr236,a10169448,a10169448,VALID,
TPL-SI-043,工业硅云南样本周度产量,wr210,ID01877461,ID01877461,VALID,工业硅：产量：云南（周）
TPL-SI-043,SMM硅片周度产量(GW),wr234,a10169478,a10169478,VALID,
TPL-SI-044,硅片周度产量,wr234,a10169478,a10169478,VALID,
TPL-SI-044,SMM硅片周度产量(GW),wr234,a10169478,a10169478,VALID,
TPL-SI-044,百川盈孚硅片周度产量(GW),wr234,a10169478,a10169478,VALID,
TPL-SI-045,多晶硅工厂库存,,,a10169466,FILLED,"重检索填充: search (score=0.86, name=SMM: 多晶硅生产厂家库存: 周度)"
TPL-SI-046,硅片企业多晶硅库存,wr221,ID02032074,ID02032074,VALID,多晶硅：库存：中国（周）
TPL-SI-047,多晶硅月度产量(SMM),,,a10148711,FILLED,"重检索填充: search (score=1.00, name=SMM: 多晶硅产量: 月度)"
TPL-SI-048,多晶硅供需平衡,wr222,a10169473,a10169473,VALID,
TPL-LC-001,工业级氢氧化锂 价格,wr109,j00182868,j00182868,VALID,
TPL-LC-002,电池级-工业级碳酸锂 价差,wr111,j00123038,j00123038,VALID,
TPL-LC-003,电池级氢氧化锂(粗颗粒) 价格,wr113,j00182825,j00182825,VALID,
TPL-LC-004,电池级碳酸锂 现货价格,wr114,ID01551919,ID01551919,VALID,碳酸锂：电池级：Li2CO3≥99.5%：早盘市场价格：中国（日）
TPL-LC-005,碳酸锂 出货情绪因子,wr116,a12818046,a12818046,VALID,
TPL-LC-006,碳酸锂 升贴水 主力合约,wr117,a12795869,a12795869,VALID,
TPL-LC-007,碳酸锂 成交情绪因子,wr119,a12818047,a12818047,VALID,
TPL-LC-008,碳酸锂 购货情绪因子,,,a12818048,FILLED,"重检索填充: search (score=1.00, name=SMM: 碳酸锂购货情绪因子: 下游: 日度)"
TPL-LC-009,碳酸锂 月度进口量,wr144,a10006557,a10006557,VALID,
TPL-LC-010,锂精矿进口 尼日利亚,wr154,ID02011553,ID02011553,VALID,锂辉石：进口金额：尼日利亚→中国（月）
TPL-LC-011,锂精矿进口 津巴布韦,wr156,a12805896,a12805896,VALID,
TPL-LC-012,锂精矿进口 澳大利亚,wr157,a10001424,a10001424,VALID,
TPL-LC-013,锂辉石精矿出港:巴西,wr165,a12820239,a12820239,VALID,
TPL-LC-014,锂辉石精矿出港:澳洲,wr166,a12768036,a12768036,VALID,
TPL-LC-015,锂辉石加工费 四川,wr158,ID02067676,ID02067676,VALID,锂辉石：5-5.5%Li2O：加工费：四川（周）
TPL-LC-016,锂辉石加工费 山东,wr159,ID02067672,ID02067672,VALID,锂辉石：5-5.5%Li2O：加工费：山东（周）
TPL-LC-017,锂辉石加工费 江苏,wr160,ID02067673,ID02067673,VALID,锂辉石：5-5.5%Li2O：加工费：江苏（周）
TPL-LC-018,锂辉石加工费 江西,wr161,ID02067677,ID02067677,VALID,锂辉石：5-5.5%Li2O：加工费：江西（周）
TPL-LC-019,锂辉石加工费 河北,wr162,ID02067671,ID02067671,VALID,锂辉石：5-5.5%Li2O：加工费：河北（周）
TPL-LC-020,锂辉石加工费 湖南,wr163,ID02067674,ID02067674,VALID,锂辉石：5-5.5%Li2O：加工费：湖南（周）
TPL-LC-021,锂辉石加工费 辽宁,wr164,ID02067675,ID02067675,VALID,锂辉石：5-5.5%Li2O：加工费：辽宁（周）
TPL-LC-022,碳酸锂 大样本库存,wr129,a12871104,a12871104,VALID,
TPL-LC-023,SMM 锂矿样本库存:矿山,wr147,a12854890,a12854890,VALID,
TPL-LC-023,月度锂矿：外采：在途库存：中国：锂盐厂（月）,,,ID02093014,FILLED,重检索填充: indicators_v1 模糊匹配 (li_41_inv)
TPL-LC-024,SMM 锂矿样本库存:锂盐厂,wr148,a12797968,a12797968,VALID,
TPL-LC-024,SMM:锂矿样本库存:矿山:月度,,,a12854890,FILLED,"重检索填充: search (score=0.83, name=SMM: 锂矿样本库存: 矿山: 月度)"
TPL-LC-024,月度锂矿：外采：在途库存：中国：锂盐厂（月）,,,ID02093014,FILLED,重检索填充: indicators_v1 模糊匹配 (li_41_inv)
TPL-LC-025,锂矿 可售库存,wr150,ID01736015,ID01736015,VALID,锂矿：可售库存：中国（周）
TPL-LC-026,锂矿 外采 厂内库存,wr151,ID02069945,ID02069945,VALID,锂矿：外采：厂内库存：中国：锂盐厂（月）
TPL-LC-026,月度锂矿：外采：在途库存：中国：锂盐厂（月）,,,ID02093014,FILLED,重检索填充: indicators_v1 模糊匹配 (li_41_inv)
TPL-LC-027,锂矿 外采 在途库存,wr152,ID02093014,ID02093014,VALID,锂矿：外采：在途库存：中国：锂盐厂（月）
TPL-LC-028,SMM 碳酸锂 周度产量,wr92,a10181063,a10181063,VALID,
TPL-LC-029,碳酸锂 硫酸法 周度产量,wr106,ID01349541,ID01349541,VALID,碳酸锂：产量：西南地区（月）
TPL-LC-029,中国碳酸锂周度产量（吨）,,,ID01865204,FILLED,"重检索填充: search (score=0.78, name=碳酸锂：产量：中国（月）)"
TPL-LC-030,碳酸锂 硫酸盐法 周度产量,,,a12723867,FILLED,"重检索填充: search (score=0.69, name=SMM: 碳酸锂产量: 盐湖产: 周度)"
TPL-LC-031,三元材料 周度产量,wr133,a12803541,a12803541,VALID,
TPL-LC-031,中国碳酸锂周度产量（吨）,,,ID01865204,FILLED,"重检索填充: search (score=0.78, name=碳酸锂：产量：中国（月）)"
TPL-LC-032,正极材料 周度产量,wr137,a12763977,a12763977,VALID,
TPL-LC-033,SMM 碳酸锂 周度产量,wr92,a10181063,a10181063,VALID,
TPL-LC-033,中国碳酸锂周度产量（吨）,,,ID01865204,FILLED,"重检索填充: search (score=0.78, name=碳酸锂：产量：中国（月）)"
TPL-LC-034,碳酸锂 盐湖产:周度,wr104,a12723867,a12723867,VALID,
TPL-LC-035,碳酸锂 盐湖提锂 产量,wr105,ID01707137,ID01707137,VALID,碳酸锂（原料盐湖卤水）：产量：中国（月）
TPL-LC-036,碳酸锂 硫酸法 周度产量,wr106,ID01349541,ID01349541,VALID,碳酸锂：产量：西南地区（月）
TPL-LC-037,碳酸锂 硫酸盐法 周度产量,,,a12723867,FILLED,"重检索填充: search (score=0.69, name=SMM: 碳酸锂产量: 盐湖产: 周度)"
TPL-LC-038,三元材料 周度产量,wr133,a12803541,a12803541,VALID,
TPL-LC-038,中国碳酸锂周度产量（吨）,,,ID01865204,FILLED,"重检索填充: search (score=0.78, name=碳酸锂：产量：中国（月）)"
TPL-LC-039,正极材料 周度产量,wr137,a12763977,a12763977,VALID,
TPL-LC-040,磷酸铁锂 周度产量,,,a12808743,FILLED,"重检索填充: search (score=1.00, name=SMM: 磷酸铁锂产量: 周度)"
TPL-LC-041,SMM 碳酸锂 月度开工率,wr93,a12715874,a12715874,VALID,
TPL-LC-042,SMM 碳酸锂 周度产量,wr92,a10181063,a10181063,VALID,
TPL-LC-043,碳酸锂 硫酸法 周度产量,wr106,ID01349541,ID01349541,VALID,碳酸锂：产量：西南地区（月）
TPL-LC-044,碳酸锂 硫酸盐法 周度产量,,,a12723867,FILLED,"重检索填充: search (score=0.69, name=SMM: 碳酸锂产量: 盐湖产: 周度)"
TPL-LC-045,三元材料 周度产量,wr133,a12803541,a12803541,VALID,
TPL-LC-045,碳酸锂:周度产量（吨）,,,a12715547,FILLED,"重检索填充: search (score=1.00, name=SMM: 碳酸锂产量: 周度)"
TPL-LC-046,正极材料 周度产量,wr137,a12763977,a12763977,VALID,
TPL-LC-047,SMM 碳酸锂 周度产量,wr92,a10181063,a10181063,VALID,
TPL-LC-048,三元材料 周度产量,wr133,a12803541,a12803541,VALID,
TPL-LC-049,正极材料 周度产量,wr137,a12763977,a12763977,VALID,
TPL-LC-050,磷酸铁锂 周度产量,,,a12808743,FILLED,"重检索填充: search (score=1.00, name=SMM: 磷酸铁锂产量: 周度)"
TPL-LC-051,碳酸锂 月度进口量,wr144,a10006557,a10006557,VALID,
TPL-LC-051,碳酸锂月度进口量(万吨）,,,a12715657,FILLED,"重检索填充: search (score=1.00, name=中国海关: 碳酸锂进口量: 月度)"
TPL-LC-052,碳酸锂 大样本库存,wr129,a12871104,a12871104,VALID,
TPL-LC-052,碳酸锂大样本库存:总计:周度SMM:,,,a12871105,FILLED,"重检索填充: search (score=0.83, name=SMM: 碳酸锂大样本库存: 总计: 周度)"
TPL-LC-053,碳酸锂 工厂库存,wr130,ID01865189,ID01865189,VALID,碳酸锂：库存：中国（月）
TPL-LC-054,碳酸锂 三元523需求,,,a12795955,FILLED,"重检索填充: search (score=0.64, name=SMM: 碳酸锂现金生产利润: 外购三元极片黑粉（Li: 5.5%-6.5%）:)"
TPL-LC-055,碳酸锂 磷酸铁锂需求,wr121,a10006556,a10006556,VALID,
TPL-LC-056,磷酸铁锂 同比增速,,,a12715864,FILLED,"重检索填充: search (score=0.78, name=SMM: 磷酸铁锂产量: 同比: 月度)"
TPL-LC-057,动力电池 出口:磷酸铁锂,,,a12840290,FILLED,"重检索填充: search (score=1.00, name=中国海关: 电池出口量: 磷酸铁锂动力电池: 月度)"
TPL-LC-058,碳酸锂 盐湖总产量,,,a12723867,FILLED,"重检索填充: search (score=0.89, name=SMM: 碳酸锂产量: 盐湖产: 周度)"
TPL-LC-059,碳酸锂 磷酸铁锂需求,wr121,a10006556,a10006556,VALID,
TPL-LC-060,碳酸锂 锂云母产量,wr122,ID01707134,ID01707134,VALID,碳酸锂（原料锂云母）：产量：中国（月）
TPL-LC-061,碳酸锂 锂辉石总产量,wr123,ID01707140,ID01707140,VALID,碳酸锂（原料锂辉石）：产量：中国（月）
TPL-LC-062,动力电池 出口:磷酸铁锂,,,a12840290,FILLED,"重检索填充: search (score=1.00, name=中国海关: 电池出口量: 磷酸铁锂动力电池: 月度)"
TPL-LC-063,三元材料 月度产量,wr136,a10001951,a10001951,VALID,
TPL-LC-064,磷酸铁锂 月度产量,,,a12774864,FILLED,"重检索填充: search (score=1.00, name=SMM: 磷酸锰铁锂产量: 月度)"
TPL-LC-065,钴酸锂 月度产量,wr138,ID01244261,ID01244261,VALID,钴酸锂：产量环比：中国（月）
TPL-LC-066,锰酸锂 月度产量,,,a10006516,FILLED,"重检索填充: search (score=1.00, name=SMM: 锰酸锂产量: 总: 月度)"
TPL-LC-067,SMM 碳酸锂 周度产量,wr92,a10181063,a10181063,VALID,
TPL-LC-068,碳酸锂 硫酸法 周度产量,wr106,ID01349541,ID01349541,VALID,碳酸锂：产量：西南地区（月）
TPL-LC-069,三元材料 周度产量,wr133,a12803541,a12803541,VALID,
TPL-LC-070,正极材料 周度产量,wr137,a12763977,a12763977,VALID,
TPL-LC-071,磷酸铁锂 周度产量,,,a12808743,FILLED,"重检索填充: search (score=1.00, name=SMM: 磷酸铁锂产量: 周度)"
TPL-LC-072,动力电池 出口:三元材料,wr140,a12840292,a12840292,VALID,
TPL-LC-072,三元材料总产量（吨）,,,a10118796,FILLED,"重检索填充: search (score=1.00, name=SMM: 三元材料产量分型号: 总产量: 月度)"
TPL-LC-073,动力电池 出口:磷酸铁锂,,,a12840290,FILLED,"重检索填充: search (score=1.00, name=中国海关: 电池出口量: 磷酸铁锂动力电池: 月度)"
TPL-LC-073,磷酸铁锂总产量（吨）,,,a10001859,FILLED,"重检索填充: search (score=1.00, name=SMM: 磷酸铁锂产量: 总: 月度)"
TPL-LC-074,碳酸锂 工厂库存,wr130,ID01865189,ID01865189,VALID,碳酸锂：库存：中国（月）
TPL-LC-074,磷酸铁锂周度库存：铁锂厂,,,a12750795,FILLED,"重检索填充: search (score=0.75, name=SMM: 磷酸铁锂库存: 铁锂厂: 周度)"
TPL-LC-075,动力电池 出口:三元材料,wr140,a12840292,a12840292,VALID,
TPL-LC-076,动力电池 出口:磷酸铁锂,,,a12840290,FILLED,"重检索填充: search (score=1.00, name=中国海关: 电池出口量: 磷酸铁锂动力电池: 月度)"
TPL-LC-077,动力电池 出口:磷酸铁锂,,,a12840290,FILLED,"重检索填充: search (score=1.00, name=中国海关: 电池出口量: 磷酸铁锂动力电池: 月度)"
TPL-LC-078,磷酸铁锂电池 产量,,,a12842747,FILLED,"重检索填充: search (score=1.00, name=NBS: 锂电池产量-分电池类型-磷酸铁锂电池: 月度)"
TPL-LC-079,动力电池 出口:磷酸铁锂,,,a12840290,FILLED,"重检索填充: search (score=1.00, name=中国海关: 电池出口量: 磷酸铁锂动力电池: 月度)"
TPL-LC-080,磷酸铁锂电池 产量,,,a12842747,FILLED,"重检索填充: search (score=1.00, name=NBS: 锂电池产量-分电池类型-磷酸铁锂电池: 月度)"
TPL-LC-081,三元材料 月度产量,wr136,a10001951,a10001951,VALID,
TPL-LC-082,磷酸铁锂 月度产量,,,a12774864,FILLED,"重检索填充: search (score=1.00, name=SMM: 磷酸锰铁锂产量: 月度)"
TPL-LC-083,钴酸锂 月度产量,wr138,ID01244261,ID01244261,VALID,钴酸锂：产量环比：中国（月）
TPL-LC-084,其他电池(磷酸铁锂) 销量,,,j02799373,FILLED,"重检索填充: search (score=0.86, name=SMM: 境内其他电池产量: 月度)"
TPL-LC-085,动力电池 出口:三元材料,wr140,a12840292,a12840292,VALID,
TPL-LC-086,其他电池(磷酸铁锂) 销量,,,j02799373,FILLED,"重检索填充: search (score=0.86, name=SMM: 境内其他电池产量: 月度)"
TPL-LC-087,磷酸铁锂 电池 国内销量,,,a12840290,FILLED,"重检索填充: search (score=0.75, name=中国海关: 电池出口量: 磷酸铁锂动力电池: 月度)"
TPL-LC-088,其他电池 国内销量,wr139,ID01666080,ID01666080,VALID,产业在线：碳酸锂：销量：中国内地（季）
TPL-LC-089,动力电池 出口:三元材料,wr140,a12840292,a12840292,VALID,
TPL-LC-090,动力电池 装车量:插混乘用车,li_52_idx,ID01660879,ID01660879,VALID,创新联盟：动力电池：装车量：宁德时代（月）
TPL-LC-091,新能源乘用车 产量,,,a12775712,FILLED,"重检索填充: search (score=1.00, name=SMM: 国产乘用车销量-新能源汽车: 周度)"
TPL-LC-092,新能源乘用车 产量,,,a12775712,FILLED,"重检索填充: search (score=1.00, name=SMM: 国产乘用车销量-新能源汽车: 周度)"
TPL-LC-093,动力电池 装车量:插混乘用车,li_52_idx,ID01660879,ID01660879,VALID,创新联盟：动力电池：装车量：宁德时代（月）
TPL-LC-094,动力电池 装车量:纯电动乘用车,li_52_idx,ID01660879,ID01660879,VALID,创新联盟：动力电池：装车量：宁德时代（月）
TPL-LC-095,动力电池 装车量:插混乘用车,li_52_idx,ID01660879,ID01660879,VALID,创新联盟：动力电池：装车量：宁德时代（月）
TPL-LC-096,动力电池 装车量:纯电动乘用车,li_52_idx,ID01660879,ID01660879,VALID,创新联盟：动力电池：装车量：宁德时代（月）
TPL-LC-097,三元材料 月度产量,wr136,a10001951,a10001951,VALID,
TPL-LC-098,磷酸铁锂 月度产量,,,a12774864,FILLED,"重检索填充: search (score=1.00, name=SMM: 磷酸锰铁锂产量: 月度)"
TPL-LC-099,其他电池(磷酸铁锂) 销量,,,j02799373,FILLED,"重检索填充: search (score=0.86, name=SMM: 境内其他电池产量: 月度)"
TPL-LC-100,磷酸铁锂 电池 国内销量,,,a12840290,FILLED,"重检索填充: search (score=0.75, name=中国海关: 电池出口量: 磷酸铁锂动力电池: 月度)"
TPL-AL-001,A00升贴水（上海）,,,ID01319345,FILLED,"重检索填充: search (score=0.83, name=电解铝：A00：Al≥99.7%：升贴水：中国（日）)"
TPL-AL-002,A00升贴水（巩义）,,,ID01319345,FILLED,"重检索填充: search (score=0.83, name=电解铝：A00：Al≥99.7%：升贴水：中国（日）)"
TPL-AL-003,A00升贴水（佛山）,,,ID01319345,FILLED,"重检索填充: search (score=0.83, name=电解铝：A00：Al≥99.7%：升贴水：中国（日）)"
TPL-AL-004,SHFE铝：连一-连二,,,a10030068,FILLED,"重检索填充: search (score=0.82, name=SHFE: 铝: 连二合约: 9: 00-15: 00较前一日涨跌: 日度)"
TPL-AL-005,SHFE铝总持仓,,,FU00039493,FILLED,"重检索填充: search (score=0.88, name=SHFE：铝：持仓市值（日）)"
TPL-AL-006,SHFE铝近3月虚实比,wr21,a12852880,a12852880,VALID,
TPL-AL-007,LME铝,wr20,FU00014801,FU00014801,VALID,LME：铝合金：3个月合约：结算价（日）
TPL-AL-008,欧洲含税溢价(M3),,,s22840303,FILLED,"重检索填充: search (score=0.67, name=SMM: 欧洲P1020A铝锭完税价升贴水 - 涨跌: 周度)"
TPL-AL-009,铝现货升贴水,,,ID00302567,FILLED,"重检索填充: search (score=1.00, name=电解铝：现货升贴水：重庆—SHFE（日）)"
TPL-AL-010,电解铝生产利润,,,a10016174,FILLED,"重检索填充: search (score=0.86, name=SMM: 铝产业链价格预测模型: 电解铝利润: 季度)"
TPL-AL-011,铝材出口利润,wr10,a10015983,a10015983,VALID,
TPL-AL-012,铝板带出口利润,wr11,a10015974,a10015974,VALID,
TPL-AL-013,LME主要仓库场内库存,,,FU00103249,FILLED,"重检索填充: search (score=0.55, name=LME：非仓单库存：欧洲（日）)"
TPL-AL-014,LME主要仓库注销仓单,wr16,FU00014808,FU00014808,VALID,LME：铝合金：注销仓单（日）
TPL-AL-015,期货库存小计:铝,,,a12807515,FILLED,"重检索填充: search (score=0.75, name=印度期货交易所: 电解铜库存总计: 日度)"
TPL-AL-016,铝板带箔-原料库存天数,,,ID01002090,FILLED,重检索填充: indicators_v1 模糊匹配 (al_51_util_capacity)
TPL-AL-017,未锻轧铝进口量,,,a10164825,FILLED,"重检索填充: search (score=1.00, name=中国海关: 未锻轧铝合金进口量: 月度)"
TPL-AL-018,铝合金进口量,wr27,ID01114281,ID01114281,VALID,未锻轧铝合金：进口数量合计：中国（月）
TPL-AL-019,废铝进口总量,,,a10166188,FILLED,"重检索填充: search (score=1.00, name=中国海关: 中国废铝进口量: 总计: 月度)"
TPL-AL-020,铝材进口量,,,CM0000207383,FILLED,"重检索填充: search (score=1.00, name=未锻轧铝及铝材：进口数量终值：中国（月）)"
TPL-AL-021,原铝进口-俄罗斯,wr24,a12724765,a12724765,VALID,
TPL-AL-022,原铝进口-印度,wr25,a10113450,a10113450,VALID,
TPL-AL-023,原铝进口-印度尼西亚,wr26,a10113451,a10113451,VALID,
TPL-AL-024,原铝进口-其他国家,,,a12854829,FILLED,"重检索填充: search (score=0.89, name=泰国海关: 泰国铝制餐桌、厨房或其他家用物品、卫生洁具及其零部件进口量: 月度)"
TPL-AL-025,原生铝合金月产量,,,a10181032,FILLED,"重检索填充: search (score=1.00, name=SMM: 原生铝合金产量: 月度)"
TPL-AL-026,再生铝合金月产量,,,ID01001542,FILLED,"重检索填充: search (score=1.00, name=再生铝合金锭：158家样本企业：产量：中国（月）)"
TPL-AL-027,铝杆开工率,开工率,a10031808,a10031808,VALID,
TPL-AL-028,原生铝合金开工率,wr15,a12799405,a12799405,VALID,
TPL-AL-029,再生铝合金开工率,wr14,a10148951,a10148951,VALID,
TPL-AL-030,电解铝：出库量：中国,,,ID01001760,FILLED,"重检索填充: search (score=0.90, name=电解铝：出库量：中国（日）)"
TPL-AL-031,铝棒：出库量：中国,,,ID01029971,FILLED,"重检索填充: search (score=0.89, name=铝棒：出库量：中国（日）)"
TPL-AL-032,SMM:,i26,a12813406,a12813406,VALID,
TPL-AL-032,1A60铝杆加工费(山东),,,s20016756,FILLED,"重检索填充: search (score=1.00, name=SMM: 1A60铝杆加工费(河南) - 涨跌: 日度)"
TPL-AL-033,SMM:,i26,a12813406,a12813406,VALID,
TPL-AL-033,1A60铝杆加工费(内蒙),,,s20016756,FILLED,"重检索填充: search (score=1.00, name=SMM: 1A60铝杆加工费(河南) - 涨跌: 日度)"
TPL-AL-034,出口-未锻轧铝合金,wr5,ID01114279,ID01114279,VALID,未锻轧铝合金：出口数量合计：中国（月）
TPL-AL-035,铝材出口-东南亚,,,a10096869,FILLED,重检索填充: indicators_v1 模糊匹配 (al_53_export)
TPL-AL-036,铝材出口-北美,wr6,a10015979,a10015979,VALID,
TPL-AL-037,铝材出口-中东,,,a10096869,FILLED,重检索填充: indicators_v1 模糊匹配 (al_53_export)
TPL-AL-038,铝制品出口-北美,,,ID01118283,FILLED,"重检索填充: search (score=0.88, name=铝制品：出口金额合计：中国→北美地区（月）)"
TPL-SN-001,国内再生锡产量,wr196,a12731582,a12731582,VALID,
TPL-SN-002,沪锡近半年月差变化,wr172,a12841510,a12841510,VALID,
TPL-SN-003,锡全球显性库存变化,wr179,a12731428,a12731428,VALID,
TPL-SN-004,国内品牌升贴水,wr169,ID01668719,ID01668719,VALID,锡锭：升贴水：中国：云锡（日）
TPL-SN-005,沪锡总持仓量,wr171,a10177562,a10177562,VALID,
TPL-SN-006,LME锡升贴水,wr168,j02797784,j02797784,VALID,
TPL-SN-007,LME官方三月价,wr167,a10147859,a10147859,VALID,
TPL-SN-008,锡沪伦比,wr173,ID01895225,ID01895225,VALID,锡锭：沪伦比值（日）
TPL-SN-009,锡锭进口利润,wr174,ID01590826,ID01590826,VALID,锡锭：现货：进口盈亏（日）
TPL-SN-010,国内锡矿产量,wr187,ID00299777,ID00299777,VALID,USGS：锡矿：含锡：产量：中国（年）
TPL-SN-011,国内锡矿进口量,wr188,a10003098,a10003098,VALID,
TPL-SN-012,缅甸进口至我国锡矿量,wr189,a10154831,a10154831,VALID,
TPL-SN-013,刚果进口至我国锡矿量,wr186,a12764408,a12764408,VALID,
TPL-SN-014,国内再生锡产量,wr196,a12731582,a12731582,VALID,
TPL-SN-015,国内锡开工率,wr197,a10113278,a10113278,VALID,
TPL-SN-016,国内锡锭产量,wr198,a12731583,a12731583,VALID,
TPL-SN-017,锡冶炼利润,,,ID02105841,FILLED,"重检索填充: search (score=0.80, name=冶炼锡：毛利（日）)"
TPL-SN-017,图、锡冶炼厂加工费,wr199,a10000748,a10000748,VALID,
TPL-SN-018,锡冶炼厂加工费,wr199,a10000748,a10000748,VALID,
TPL-SN-019,中国精炼锡进口量变化,wr195,a12749487,a12749487,VALID,
TPL-SN-019,图、中国净进口量变化,wr194,ID00265351,ID00265351,VALID,电解锡：净进口数量：中国（年）
TPL-SN-020,上期所库存,SHFE库存,FU00014953,FU00014953,VALID,SHFE：镍：交割库库存：浙江：国储837处（周）
TPL-SN-021,中国锡锭社会库存,wr177,a10020743,a10020743,VALID,
TPL-SN-022,SMM工厂库存,,,a12811428,FILLED,重检索填充: indicators_v1 模糊匹配 (si_43_inv)
TPL-SN-023,SMM社会库存,社库,ID01517441,ID01517441,VALID,锡锭：库存：中国（周）
TPL-SN-024,印尼交易所锡锭成交量,wr181,a12755119,a12755119,VALID,
TPL-SN-025,印尼精炼锡出口量变化,wr182,a12820786,a12820786,VALID,
TPL-SN-026,巴西精炼锡出口量,wr183,a12840345,a12840345,VALID,
TPL-SN-027,马来西亚精炼锡出口量,wr184,a10099477,a10099477,VALID,
TPL-SN-028,马来西亚锡矿进口量,wr185,a12764410,a12764410,VALID,
TPL-SN-029,LME库存分布变化,wr176,a10006435,a10006435,VALID,
TPL-SN-030,LME库存变化,LME库存,FU00014817,FU00014817,VALID,LME：镍：注册仓单（日）
TPL-SN-031,国内初级锡材产量,wr200,a10003083,a10003083,VALID,
TPL-SN-032,国内智能手机产量,wr175,a10005270,a10005270,VALID,
TPL-SN-033,光伏消费用锡拟合,wr180,a10005166,a10005166,VALID,
TPL-SN-034,汽车端消费用锡拟合,,,ID01525089,FILLED,"重检索填充: search (score=0.44, name=汽车：消费指数：中国（月）)"
TPL-SN-035,日本锡净进口量,wr191,a12840347,a12840347,VALID,
TPL-SN-036,韩国锡净进口量,wr193,a10173520,a10173520,VALID,
TPL-SN-037,印度锡净进口量图：美国锡净进口量,wr190,a12840355,a12840355,VALID,
TPL-NI-001,上期所镍月间结构,,,FU00112687,FILLED,"重检索填充: search (score=0.62, name=中国期货协会：镍：成交额：上期所（月）)"
TPL-NI-002,上期所不锈钢月间结构,wr250,a10026463,a10026463,VALID,
TPL-NI-003,LME,LME库存,FU00014816,FU00014816,VALID,LME：镍：3个月合约：持仓量（日）
TPL-NI-004,不同镍产品折镍价,,,a12796326,FILLED,"重检索填充: search (score=0.50, name=SMM: 304废不锈钢折合镍铁价格: 日度)"
TPL-NI-005,硫酸镍价格,wr254,ID01722282,ID01722282,VALID,硫酸镍：电池级：22%Ni：成交均价：中国（月）
TPL-NI-006,中国精炼镍产量,wr242,ID01002085,ID01002085,VALID,精炼镍：产量：中国（月）
TPL-NI-007,印尼精炼镍产量,wr247,a12870400,a12870400,VALID,
TPL-NI-008,中国电解镍净进口量,,,ID00265336,FILLED,"重检索填充: search (score=0.89, name=电解铜：净进口数量：中国（年）)"
TPL-NI-009,镍社会库存,社库,ID00185743,ID00185743,VALID,镍生铁：库存合计：中国：实物量（月）
TPL-NI-010,镍板库存,,,ID01366690,FILLED,"重检索填充: search (score=1.00, name=镍板：库存：中国：18家样本仓库（周）)"
TPL-NI-011,镍豆库存,,,ID01366691,FILLED,"重检索填充: search (score=1.00, name=镍豆：库存：中国：18家样本仓库（周）)"
TPL-NI-012,镍全球显性库存,,,ID01601680,FILLED,"重检索填充: search (score=0.71, name=镍：期末库存：全球（年）)"
TPL-NI-013,LME镍库存,wr260,a12764445,a12764445,VALID,
TPL-NI-014,LME镍库存分布：洲,wr262,a12764460,a12764460,VALID,
TPL-NI-015,LME镍库存分布：仓库,wr261,a10018441,a10018441,VALID,
TPL-NI-016,中国硫酸镍产量,wr241,ID01002132,ID01002132,VALID,硫酸镍：实物量：产量：中国（月）
TPL-NI-017,中国硫酸镍企业开工率,wr268,a12839552,a12839552,VALID,
TPL-NI-018,中国硫酸镍进口量,wr274,a10128023,a10128023,VALID,
TPL-NI-019,中国硫酸镍出口量,wr273,a10099193,a10099193,VALID,
TPL-NI-020,中国冰镍进口量,wr271,ID01364207,ID01364207,VALID,冰镍：进口金额合计：中国（月）
TPL-NI-021,中国冰镍进口量：自印尼,wr272,ID01363300,ID01363300,VALID,冰镍：进口金额：印尼→中国（月）
TPL-NI-022,印尼冰镍产量（高冰镍+低冰镍）,wr246,a10193624,a10193624,VALID,
TPL-NI-023,印尼冰镍产量（分品味）,wr245,ID01858105,ID01858105,VALID,冰镍：以金属量计：产量：印尼：老口径（月）
TPL-NI-024,中国动力电池装车量：磷酸铁锂,li_52_idx,ID01660879,ID01660879,VALID,创新联盟：动力电池：装车量：宁德时代（月）
TPL-NI-025,新能源车产量,,,a12870637,FILLED,"重检索填充: search (score=1.00, name=NBS: 中国新能源汽车产量: 月度)"
TPL-NI-026,新能源车销量,,,ID01511962,FILLED,"重检索填充: search (score=1.00, name=新能源汽车：销量累计值：中国（月）)"
TPL-NI-027,不锈钢结构,,,CM0000651342,FILLED,"重检索填充: search (score=1.00, name=美国：进口金额：不锈钢结构管（年）)"
TPL-NI-028,不锈钢基差,wr252,FU00024325,FU00024325,VALID,SHFE：不锈钢：基差（日）
TPL-NI-029,不锈钢冷热轧价差,wr251,a10019183,a10019183,VALID,
TPL-NI-030,菲律宾镍矿价格（1.5%）,,,ID00408151,FILLED,"重检索填充: search (score=1.00, name=红土镍矿：1.3%Ni，15-25%Fe，33-35%含水：菲律宾产：CIF汇总)"
TPL-NI-031,"印尼镍矿价格（HPM,1.6%）",,,ID01737992,FILLED,"重检索填充: search (score=1.00, name=红土镍矿：1.6%Ni，15-20%Fe，35%含水：HPM价格：印尼（日）)"
TPL-NI-032,镍铁价格（江苏，7%≤Ni,,,ID00259602,FILLED,"重检索填充: search (score=0.92, name=镍生铁：4%≤Ni＜7%：到厂价格：江苏（日）)"
TPL-NI-032,元/镍点,,,s22854641,FILLED,"重检索填充: search (score=0.75, name=SMM三元电池粉镍系数指数 - 涨跌值)"
TPL-NI-033,"镍铁理论利润（RKEF,山东）",,,,MISSING,未找到候选ID
TPL-NI-034,铬矿价格（块矿，36-38%Cr，南非产）,wr255,s20148294,s20148294,VALID,
TPL-NI-035,高碳铬铁价格（内蒙古）,wr258,j00182500,j00182500,VALID,
TPL-NI-036,中国高碳铬铁产量,wr244,ID01685008,ID01685008,VALID,高碳铬铁：产量：中国（月）
TPL-NI-037,高碳铬铁进口量,wr276,a10158279,a10158279,VALID,
TPL-NI-038,中国镍铁产量,wr243,ID01002124,ID01002124,VALID,低镍生铁：产量：中国：实物量（月）
TPL-NI-039,镍铁进口量,wr275,CM0000138647,CM0000138647,VALID,镍铁：进口数量合计：中国（月）
TPL-NI-040,不锈钢粗钢产量：300系（中国）,wr238,a12858860,a12858860,VALID,
TPL-NI-041,不锈钢产量：300系（印尼）,wr237,a12748709,a12748709,VALID,
TPL-NI-042,不锈钢进口量,wr270,a10018706,a10018706,VALID,
TPL-NI-043,不锈钢出口量,wr269,a12820603,a12820603,VALID,
TPL-NI-044,不锈钢库存：300系（总）,wr265,a10148155,a10148155,VALID,
TPL-NI-045,不锈钢库存：300系（冷轧）,wr264,ID01379001,ID01379001,VALID,冷轧不锈钢：300：库存：西安（周）
TPL-NI-046,不锈钢库存：300系（热轧）,wr266,ID01378994,ID01378994,VALID,热轧不锈钢：300：库存：西安（周）
TPL-NI-047,不锈钢仓单,wr263,a12805275,a12805275,VALID,
