template_id,source,variety,chart_type,title,series_count,risk_level,routed_group,alias_match,alias_recommendation,confusion_hit,blacklist_hit,whitelist_status,manual_zhiji_id,decision,remark,reviewer,review_time
TPL-AO-001,PDF,AO,单折线,,1,CLEAN,can_render,无,,无,,无,,,,,
TPL-AO-010,PDF,AO,单折线,,1,CLEAN,can_render,无,,无,,无,,,,,
TPL-AO-011,PDF,AO,单折线,,1,CLEAN,can_render,无,,无,,无,,,,,
TPL-AO-012,PDF,AO,单折线,,1,CLEAN,can_render,无,,无,,无,,,,,
TPL-AO-013,PDF,AO,单折线,,1,CLEAN,can_render,无,,无,,无,,,,,
TPL-AO-016,PDF,AO,单折线,,1,CLEAN,can_render,无,,无,,无,,,,,
TPL-AO-017,PDF,AO,单折线,,1,CLEAN,can_render,无,,无,,无,,,,,
TPL-AO-022,PDF,AO,单折线,,1,CLEAN,can_render,无,,无,,无,,,,,
TPL-AO-024,PDF,AO,单折线,,1,CLEAN,can_render,无,,无,,无,,,,,
TPL-AO-032,PDF,AO,单折线,,1,CLEAN,can_render,无,,无,,无,,,,,
TPL-AO-036,PDF,AO,单折线,,1,CLEAN,can_render,无,,无,,无,,,,,
TPL-AO-060,PDF,AO,单折线,,1,CLEAN,can_render,无,,无,,无,,,,,
TPL-SI-003,PDF,SI,单折线,,1,CLEAN,can_render,无,,无,,无,,,,,
TPL-SI-005,PDF,SI,单折线,,1,CLEAN,can_render,无,,无,,无,,,,,
TPL-SI-008,PDF,SI,单折线,,1,CLEAN,can_render,无,,无,,无,,,,,
TPL-SI-009,PDF,SI,单折线,,1,CLEAN,can_render,无,,无,,无,,,,,
TPL-SI-010,PDF,SI,单折线,,1,CLEAN,can_render,无,,无,,无,,,,,
TPL-SI-014,PDF,SI,堆叠柱状,,2,CLEAN,can_render,无,,无,,无,,,,,
TPL-SI-015,PDF,SI,单折线,,1,CLEAN,can_render,无,,无,,无,,,,,
TPL-SI-017,PDF,SI,单折线,,1,CLEAN,can_render,无,,无,,无,,,,,
TPL-SI-021,PDF,SI,单折线,,1,CLEAN,can_render,无,,无,,无,,,,,
TPL-SI-024,PDF,SI,单折线,,1,CLEAN,can_render,无,,无,,无,,,,,
TPL-SI-029,PDF,SI,单折线,,1,CLEAN,can_render,无,,P1,,无,,,,,
TPL-SI-030,PDF,SI,单折线,,1,CLEAN,can_render,无,,P1,,无,,,,,
TPL-SI-038,PDF,SI,单折线,,1,CLEAN,can_render,无,,无,,无,,,,,
TPL-SI-043,PDF,SI,单折线,,2,P0,partial_render,无,,无,P0命中,无,,,,,
TPL-SI-046,PDF,SI,单折线,,1,CLEAN,can_render,无,,无,,无,,,,,
TPL-LC-004,PDF,LC,单折线,,1,CLEAN,can_render,无,,无,,无,,,,,
TPL-LC-010,PDF,LC,单折线,,1,CLEAN,can_render,无,,无,,无,,,,,
TPL-LC-015,PDF,LC,单折线,,1,CLEAN,can_render,无,,无,,无,,,,,
TPL-LC-016,PDF,LC,单折线,,1,CLEAN,can_render,无,,无,,无,,,,,
TPL-LC-017,PDF,LC,单折线,,1,CLEAN,can_render,无,,无,,无,,,,,
TPL-LC-018,PDF,LC,单折线,,1,CLEAN,can_render,无,,无,,无,,,,,
TPL-LC-019,PDF,LC,单折线,,1,CLEAN,can_render,无,,无,,无,,,,,
TPL-LC-020,PDF,LC,单折线,,1,CLEAN,can_render,无,,无,,无,,,,,
TPL-LC-021,PDF,LC,单折线,,1,CLEAN,can_render,无,,无,,无,,,,,
TPL-LC-025,PDF,LC,单折线,,1,CLEAN,can_render,无,,无,,无,,,,,
TPL-LC-026,PDF,LC,堆叠柱状,,2,CLEAN,can_render,无,,无,,无,,,,,
TPL-LC-027,PDF,LC,单折线,,1,CLEAN,can_render,无,,无,,无,,,,,
TPL-LC-029,PDF,LC,复合混合(折线+柱状),,2,CLEAN,can_render,无,,无,,无,,,,,
TPL-LC-031,PDF,LC,单折线,,2,P0,partial_render,无,,无,P0命中,无,,,,,
TPL-LC-033,PDF,LC,复合混合(折线+柱状),,2,P0,partial_render,无,,无,P0命中,无,,,,,
TPL-LC-035,PDF,LC,单折线,,1,CLEAN,can_render,无,,无,,无,,,,,
TPL-LC-036,PDF,LC,单折线,,1,CLEAN,can_render,无,,无,,无,,,,,
TPL-LC-038,PDF,LC,单折线,,2,P0,partial_render,无,,无,P0命中,无,,,,,
TPL-LC-043,PDF,LC,单折线,,1,CLEAN,can_render,无,,无,,无,,,,,
TPL-LC-053,PDF,LC,单折线,,1,CLEAN,can_render,无,,无,,无,,,,,
TPL-LC-060,PDF,LC,单折线,,1,CLEAN,can_render,无,,无,,无,,,,,
TPL-LC-061,PDF,LC,单折线,,1,CLEAN,can_render,无,,无,,无,,,,,
TPL-LC-065,PDF,LC,单折线,,1,CLEAN,can_render,无,,无,,无,,,,,
TPL-LC-068,PDF,LC,单折线,,1,CLEAN,can_render,无,,无,,无,,,,,
TPL-LC-074,PDF,LC,单折线,,2,P0,partial_render,无,,无,P0命中,无,,,,,
TPL-LC-083,PDF,LC,单折线,,1,CLEAN,can_render,无,,无,,无,,,,,
TPL-LC-088,PDF,LC,单折线,,1,CLEAN,can_render,无,,无,,无,,,,,
TPL-LC-090,PDF,LC,单折线,,1,CLEAN,can_render,无,,无,,无,,,,,
TPL-LC-093,PDF,LC,单折线,,1,CLEAN,can_render,无,,无,,无,,,,,
TPL-LC-094,PDF,LC,单折线,,1,CLEAN,can_render,无,,无,,无,,,,,
TPL-LC-095,PDF,LC,单折线,,1,CLEAN,can_render,无,,无,,无,,,,,
TPL-LC-096,PDF,LC,单折线,,1,CLEAN,can_render,无,,无,,无,,,,,
TPL-AL-001,PDF,AL,单折线,,1,CLEAN,can_render,无,,无,,无,,,,,
TPL-AL-002,PDF,AL,单折线,,1,CLEAN,can_render,无,,无,,无,,,,,
TPL-AL-003,PDF,AL,单折线,,1,CLEAN,can_render,无,,无,,无,,,,,
TPL-AL-009,PDF,AL,单折线,,1,CLEAN,can_render,无,,无,,无,,,,,
TPL-AL-016,PDF,AL,单折线,,1,CLEAN,can_render,无,,无,,无,,,,,
TPL-AL-018,PDF,AL,单折线,,1,CLEAN,can_render,无,,无,,无,,,,,
TPL-AL-026,PDF,AL,单折线,,1,CLEAN,can_render,无,,无,,无,,,,,
TPL-AL-030,PDF,AL,单折线,,1,CLEAN,can_render,无,,无,,无,,,,,
TPL-AL-031,PDF,AL,单折线,,1,CLEAN,can_render,无,,无,,无,,,,,
TPL-AL-034,PDF,AL,单折线,,1,CLEAN,can_render,无,,无,,无,,,,,
TPL-AL-038,PDF,AL,单折线,,1,CLEAN,can_render,无,,无,,无,,,,,
TPL-SN-004,PDF,SN,单折线,,1,CLEAN,can_render,无,,无,,无,,,,,
TPL-SN-008,PDF,SN,单折线,,1,CLEAN,can_render,无,,无,,无,,,,,
TPL-SN-009,PDF,SN,单折线,,1,CLEAN,can_render,无,,无,,无,,,,,
TPL-SN-010,PDF,SN,单折线,,1,CLEAN,can_render,无,,无,,无,,,,,
TPL-SN-017,PDF,SN,单折线,,2,P0,partial_render,无,,无,P0命中,无,,,,,
TPL-SN-019,PDF,SN,单折线,,2,P0,partial_render,无,,无,P0命中,无,,,,,
TPL-SN-023,PDF,SN,单折线,,1,CLEAN,can_render,无,,无,,无,,,,,
TPL-NI-005,PDF,NI,单折线,,1,CLEAN,can_render,无,,P1,,无,,,,,
TPL-NI-006,PDF,NI,单折线,,1,CLEAN,can_render,无,,无,,无,,,,,
TPL-NI-008,PDF,NI,单折线,,1,CLEAN,can_render,无,,无,,无,,,,,
TPL-NI-009,PDF,NI,单折线,,1,CLEAN,can_render,无,,无,,无,,,,,
TPL-NI-010,PDF,NI,单折线,,1,CLEAN,can_render,无,,无,,无,,,,,
TPL-NI-011,PDF,NI,单折线,,1,CLEAN,can_render,无,,无,,无,,,,,
TPL-NI-012,PDF,NI,单折线,,1,CLEAN,can_render,无,,无,,无,,,,,
TPL-NI-016,PDF,NI,单折线,,1,CLEAN,can_render,无,,无,,无,,,,,
TPL-NI-020,PDF,NI,单折线,,1,CLEAN,can_render,无,,无,,无,,,,,
TPL-NI-021,PDF,NI,单折线,,1,CLEAN,can_render,无,,无,,无,,,,,
TPL-NI-023,PDF,NI,单折线,,1,CLEAN,can_render,无,,无,,无,,,,,
TPL-NI-024,PDF,NI,单折线,,1,CLEAN,can_render,无,,无,,无,,,,,
TPL-NI-026,PDF,NI,单折线,,1,CLEAN,can_render,无,,无,,无,,,,,
TPL-NI-030,PDF,NI,单折线,,1,CLEAN,can_render,无,,无,,无,,,,,
TPL-NI-031,PDF,NI,单折线,,1,CLEAN,can_render,无,,无,,无,,,,,
TPL-NI-032,PDF,NI,单折线,,2,P0,partial_render,无,,无,P0命中,无,,,,,
TPL-NI-036,PDF,NI,单折线,,1,CLEAN,can_render,无,,无,,无,,,,,
TPL-NI-038,PDF,NI,单折线,,1,CLEAN,can_render,无,,无,,无,,,,,
TPL-NI-045,PDF,NI,单折线,,1,CLEAN,can_render,无,,无,,无,,,,,
TPL-NI-046,PDF,NI,单折线,,1,CLEAN,can_render,无,,无,,无,,,,,
